static const uint8_t cs_gpu_particle_simulate_spv[20029] =
{
	0x43, 0x53, 0x48, 0x0b, 0x00, 0x00, 0x00, 0x00, 0x00, 0x00, 0x00, 0x00, 0x06, 0x00, 0x18, 0x75, // CSH............u
	0x5f, 0x67, 0x70, 0x75, 0x50, 0x61, 0x72, 0x74, 0x69, 0x63, 0x6c, 0x65, 0x46, 0x6f, 0x72, 0x63, // _gpuParticleForc
	0x65, 0x46, 0x69, 0x65, 0x6c, 0x64, 0x73, 0x02, 0x10, 0xc0, 0x00, 0x10, 0x00, 0x00, 0x00, 0x00, // eFields.........
	0x00, 0x17, 0x75, 0x5f, 0x67, 0x70, 0x75, 0x50, 0x61, 0x72, 0x74, 0x69, 0x63, 0x6c, 0x65, 0x53, // ..u_gpuParticleS
	0x69, 0x6d, 0x75, 0x6c, 0x61, 0x74, 0x69, 0x6f, 0x6e, 0x02, 0x0c, 0x00, 0x00, 0x0c, 0x00, 0x00, // imulation.......
	0x00, 0x00, 0x00, 0x1c, 0x75, 0x5f, 0x67, 0x70, 0x75, 0x50, 0x61, 0x72, 0x74, 0x69, 0x63, 0x6c, // ....u_gpuParticl
	0x65, 0x49, 0x6e, 0x76, 0x65, 0x72, 0x73, 0x65, 0x52, 0x6f, 0x74, 0x61, 0x74, 0x69, 0x6f, 0x6e, // eInverseRotation
	0x04, 0x01, 0x40, 0x02, 0x04, 0x00, 0x00, 0x00, 0x00, 0x00, 0x12, 0x75, 0x5f, 0x67, 0x70, 0x75, // ..@........u_gpu
	0x50, 0x61, 0x72, 0x74, 0x69, 0x63, 0x6c, 0x65, 0x57, 0x6f, 0x72, 0x6c, 0x64, 0x04, 0x01, 0xc0, // ParticleWorld...
	0x01, 0x04, 0x00, 0x00, 0x00, 0x00, 0x00, 0x15, 0x75, 0x5f, 0x67, 0x70, 0x75, 0x50, 0x61, 0x72, // ........u_gpuPar
	0x74, 0x69, 0x63, 0x6c, 0x65, 0x52, 0x6f, 0x74, 0x61, 0x74, 0x69, 0x6f, 0x6e, 0x04, 0x01, 0x00, // ticleRotation...
	0x02, 0x04, 0x00, 0x00, 0x00, 0x00, 0x00, 0x0b, 0x73, 0x5f, 0x70, 0x61, 0x72, 0x74, 0x69, 0x63, // ........s_partic
	0x6c, 0x65, 0x73, 0x01, 0x00, 0x02, 0x00, 0x07, 0x00, 0x00, 0x00, 0x00, 0x00, 0x68, 0x4d, 0x00, // les..........hM.
	0x00, 0x03, 0x02, 0x23, 0x07, 0x00, 0x00, 0x01, 0x00, 0x0b, 0x00, 0x08, 0x00, 0xb6, 0x0c, 0x00, // ...#............
	0x00, 0x00, 0x00, 0x00, 0x00, 0x11, 0x00, 0x02, 0x00, 0x01, 0x00, 0x00, 0x00, 0x0b, 0x00, 0x06, // ................
	0x00, 0x01, 0x00, 0x00, 0x00, 0x47, 0x4c, 0x53, 0x4c, 0x2e, 0x73, 0x74, 0x64, 0x2e, 0x34, 0x35, // .....GLSL.std.45
	0x30, 0x00, 0x00, 0x00, 0x00, 0x0e, 0x00, 0x03, 0x00, 0x00, 0x00, 0x00, 0x00, 0x01, 0x00, 0x00, // 0...............
	0x00, 0x0f, 0x00, 0x06, 0x00, 0x05, 0x00, 0x00, 0x00, 0x04, 0x00, 0x00, 0x00, 0x6d, 0x61, 0x69, // .............mai
	0x6e, 0x00, 0x00, 0x00, 0x00, 0xa4, 0x04, 0x00, 0x00, 0x10, 0x00, 0x06, 0x00, 0x04, 0x00, 0x00, // n...............
	0x00, 0x11, 0x00, 0x00, 0x00, 0x40, 0x00, 0x00, 0x00, 0x01, 0x00, 0x00, 0x00, 0x01, 0x00, 0x00, // .....@..........
	0x00, 0x03, 0x00, 0x03, 0x00, 0x05, 0x00, 0x00, 0x00, 0xf4, 0x01, 0x00, 0x00, 0x05, 0x00, 0x04, // ................
	0x00, 0x04, 0x00, 0x00, 0x00, 0x6d, 0x61, 0x69, 0x6e, 0x00, 0x00, 0x00, 0x00, 0x05, 0x00, 0x06, // .....main.......
	0x00, 0x8a, 0x01, 0x00, 0x00, 0x55, 0x6e, 0x69, 0x66, 0x6f, 0x72, 0x6d, 0x42, 0x6c, 0x6f, 0x63, // .....UniformBloc
	0x6b, 0x00, 0x00, 0x00, 0x00, 0x06, 0x00, 0x09, 0x00, 0x8a, 0x01, 0x00, 0x00, 0x00, 0x00, 0x00, // k...............
	0x00, 0x75, 0x5f, 0x67, 0x70, 0x75, 0x50, 0x61, 0x72, 0x74, 0x69, 0x63, 0x6c, 0x65, 0x53, 0x69, // .u_gpuParticleSi
	0x6d, 0x75, 0x6c, 0x61, 0x74, 0x69, 0x6f, 0x6e, 0x00, 0x06, 0x00, 0x0a, 0x00, 0x8a, 0x01, 0x00, // mulation........
	0x00, 0x01, 0x00, 0x00, 0x00, 0x75, 0x5f, 0x67, 0x70, 0x75, 0x50, 0x61, 0x72, 0x74, 0x69, 0x63, // .....u_gpuPartic
	0x6c, 0x65, 0x46, 0x6f, 0x72, 0x63, 0x65, 0x46, 0x69, 0x65, 0x6c, 0x64, 0x73, 0x00, 0x00, 0x00, // leForceFields...
	0x00, 0x06, 0x00, 0x08, 0x00, 0x8a, 0x01, 0x00, 0x00, 0x02, 0x00, 0x00, 0x00, 0x75, 0x5f, 0x67, // .............u_g
	0x70, 0x75, 0x50, 0x61, 0x72, 0x74, 0x69, 0x63, 0x6c, 0x65, 0x57, 0x6f, 0x72, 0x6c, 0x64, 0x00, // puParticleWorld.
	0x00, 0x06, 0x00, 0x09, 0x00, 0x8a, 0x01, 0x00, 0x00, 0x03, 0x00, 0x00, 0x00, 0x75, 0x5f, 0x67, // .............u_g
	0x70, 0x75, 0x50, 0x61, 0x72, 0x74, 0x69, 0x63, 0x6c, 0x65, 0x52, 0x6f, 0x74, 0x61, 0x74, 0x69, // puParticleRotati
	0x6f, 0x6e, 0x00, 0x00, 0x00, 0x06, 0x00, 0x0b, 0x00, 0x8a, 0x01, 0x00, 0x00, 0x04, 0x00, 0x00, // on..............
	0x00, 0x75, 0x5f, 0x67, 0x70, 0x75, 0x50, 0x61, 0x72, 0x74, 0x69, 0x63, 0x6c, 0x65, 0x49, 0x6e, // .u_gpuParticleIn
	0x76, 0x65, 0x72, 0x73, 0x65, 0x52, 0x6f, 0x74, 0x61, 0x74, 0x69, 0x6f, 0x6e, 0x00, 0x00, 0x00, // verseRotation...
	0x00, 0x05, 0x00, 0x03, 0x00, 0x8c, 0x01, 0x00, 0x00, 0x00, 0x00, 0x00, 0x00, 0x05, 0x00, 0x05, // ................
	0x00, 0xfc, 0x01, 0x00, 0x00, 0x73, 0x5f, 0x70, 0x61, 0x72, 0x74, 0x69, 0x63, 0x6c, 0x65, 0x73, // .....s_particles
	0x00, 0x06, 0x00, 0x05, 0x00, 0xfc, 0x01, 0x00, 0x00, 0x00, 0x00, 0x00, 0x00, 0x40, 0x64, 0x61, // .............@da
	0x74, 0x61, 0x00, 0x00, 0x00, 0x05, 0x00, 0x05, 0x00, 0xfe, 0x01, 0x00, 0x00, 0x73, 0x5f, 0x70, // ta...........s_p
	0x61, 0x72, 0x74, 0x69, 0x63, 0x6c, 0x65, 0x73, 0x00, 0x05, 0x00, 0x08, 0x00, 0xa4, 0x04, 0x00, // articles........
	0x00, 0x67, 0x6c, 0x5f, 0x47, 0x6c, 0x6f, 0x62, 0x61, 0x6c, 0x49, 0x6e, 0x76, 0x6f, 0x63, 0x61, // .gl_GlobalInvoca
	0x74, 0x69, 0x6f, 0x6e, 0x49, 0x44, 0x00, 0x00, 0x00, 0x47, 0x00, 0x04, 0x00, 0x88, 0x01, 0x00, // tionID...G......
	0x00, 0x06, 0x00, 0x00, 0x00, 0x10, 0x00, 0x00, 0x00, 0x47, 0x00, 0x04, 0x00, 0x89, 0x01, 0x00, // .........G......
	0x00, 0x06, 0x00, 0x00, 0x00, 0x10, 0x00, 0x00, 0x00, 0x47, 0x00, 0x03, 0x00, 0x8a, 0x01, 0x00, // .........G......
	0x00, 0x02, 0x00, 0x00, 0x00, 0x48, 0x00, 0x05, 0x00, 0x8a, 0x01, 0x00, 0x00, 0x00, 0x00, 0x00, // .....H..........
	0x00, 0x23, 0x00, 0x00, 0x00, 0x00, 0x00, 0x00, 0x00, 0x48, 0x00, 0x05, 0x00, 0x8a, 0x01, 0x00, // .#.......H......
	0x00, 0x01, 0x00, 0x00, 0x00, 0x23, 0x00, 0x00, 0x00, 0xc0, 0x00, 0x00, 0x00, 0x48, 0x00, 0x04, // .....#.......H..
	0x00, 0x8a, 0x01, 0x00, 0x00, 0x02, 0x00, 0x00, 0x00, 0x04, 0x00, 0x00, 0x00, 0x48, 0x00, 0x05, // .............H..
	0x00, 0x8a, 0x01, 0x00, 0x00, 0x02, 0x00, 0x00, 0x00, 0x07, 0x00, 0x00, 0x00, 0x10, 0x00, 0x00, // ................
	0x00, 0x48, 0x00, 0x05, 0x00, 0x8a, 0x01, 0x00, 0x00, 0x02, 0x00, 0x00, 0x00, 0x23, 0x00, 0x00, // .H...........#..
	0x00, 0xc0, 0x01, 0x00, 0x00, 0x48, 0x00, 0x04, 0x00, 0x8a, 0x01, 0x00, 0x00, 0x03, 0x00, 0x00, // .....H..........
	0x00, 0x04, 0x00, 0x00, 0x00, 0x48, 0x00, 0x05, 0x00, 0x8a, 0x01, 0x00, 0x00, 0x03, 0x00, 0x00, // .....H..........
	0x00, 0x07, 0x00, 0x00, 0x00, 0x10, 0x00, 0x00, 0x00, 0x48, 0x00, 0x05, 0x00, 0x8a, 0x01, 0x00, // .........H......
	0x00, 0x03, 0x00, 0x00, 0x00, 0x23, 0x00, 0x00, 0x00, 0x00, 0x02, 0x00, 0x00, 0x48, 0x00, 0x04, // .....#.......H..
	0x00, 0x8a, 0x01, 0x00, 0x00, 0x04, 0x00, 0x00, 0x00, 0x04, 0x00, 0x00, 0x00, 0x48, 0x00, 0x05, // .............H..
	0x00, 0x8a, 0x01, 0x00, 0x00, 0x04, 0x00, 0x00, 0x00, 0x07, 0x00, 0x00, 0x00, 0x10, 0x00, 0x00, // ................
	0x00, 0x48, 0x00, 0x05, 0x00, 0x8a, 0x01, 0x00, 0x00, 0x04, 0x00, 0x00, 0x00, 0x23, 0x00, 0x00, // .H...........#..
	0x00, 0x40, 0x02, 0x00, 0x00, 0x47, 0x00, 0x04, 0x00, 0x8c, 0x01, 0x00, 0x00, 0x21, 0x00, 0x00, // .@...G.......!..
	0x00, 0x00, 0x00, 0x00, 0x00, 0x47, 0x00, 0x04, 0x00, 0x8c, 0x01, 0x00, 0x00, 0x22, 0x00, 0x00, // .....G......."..
	0x00, 0x00, 0x00, 0x00, 0x00, 0x47, 0x00, 0x04, 0x00, 0xfb, 0x01, 0x00, 0x00, 0x06, 0x00, 0x00, // .....G..........
	0x00, 0x10, 0x00, 0x00, 0x00, 0x47, 0x00, 0x03, 0x00, 0xfc, 0x01, 0x00, 0x00, 0x03, 0x00, 0x00, // .....G..........
	0x00, 0x48, 0x00, 0x05, 0x00, 0xfc, 0x01, 0x00, 0x00, 0x00, 0x00, 0x00, 0x00, 0x23, 0x00, 0x00, // .H...........#..
	0x00, 0x00, 0x00, 0x00, 0x00, 0x47, 0x00, 0x04, 0x00, 0xfe, 0x01, 0x00, 0x00, 0x21, 0x00, 0x00, // .....G.......!..
	0x00, 0x02, 0x00, 0x00, 0x00, 0x47, 0x00, 0x04, 0x00, 0xfe, 0x01, 0x00, 0x00, 0x22, 0x00, 0x00, // .....G......."..
	0x00, 0x00, 0x00, 0x00, 0x00, 0x47, 0x00, 0x04, 0x00, 0xa4, 0x04, 0x00, 0x00, 0x0b, 0x00, 0x00, // .....G..........
	0x00, 0x1c, 0x00, 0x00, 0x00, 0x13, 0x00, 0x02, 0x00, 0x02, 0x00, 0x00, 0x00, 0x21, 0x00, 0x03, // .............!..
	0x00, 0x03, 0x00, 0x00, 0x00, 0x02, 0x00, 0x00, 0x00, 0x15, 0x00, 0x04, 0x00, 0x06, 0x00, 0x00, // ................
	0x00, 0x20, 0x00, 0x00, 0x00, 0x00, 0x00, 0x00, 0x00, 0x16, 0x00, 0x03, 0x00, 0x08, 0x00, 0x00, // . ..............
	0x00, 0x20, 0x00, 0x00, 0x00, 0x17, 0x00, 0x04, 0x00, 0x18, 0x00, 0x00, 0x00, 0x08, 0x00, 0x00, // . ..............
	0x00, 0x03, 0x00, 0x00, 0x00, 0x17, 0x00, 0x04, 0x00, 0x39, 0x00, 0x00, 0x00, 0x08, 0x00, 0x00, // .........9......
	0x00, 0x04, 0x00, 0x00, 0x00, 0x18, 0x00, 0x04, 0x00, 0x3a, 0x00, 0x00, 0x00, 0x39, 0x00, 0x00, // .........:...9..
	0x00, 0x04, 0x00, 0x00, 0x00, 0x15, 0x00, 0x04, 0x00, 0x49, 0x00, 0x00, 0x00, 0x20, 0x00, 0x00, // .........I... ..
	0x00, 0x01, 0x00, 0x00, 0x00, 0x17, 0x00, 0x04, 0x00, 0x50, 0x00, 0x00, 0x00, 0x49, 0x00, 0x00, // .........P...I..
	0x00, 0x03, 0x00, 0x00, 0x00, 0x2b, 0x00, 0x04, 0x00, 0x06, 0x00, 0x00, 0x00, 0x6f, 0x00, 0x00, // .....+.......o..
	0x00, 0x10, 0x00, 0x00, 0x00, 0x2b, 0x00, 0x04, 0x00, 0x06, 0x00, 0x00, 0x00, 0x73, 0x00, 0x00, // .....+.......s..
	0x00, 0x2d, 0x35, 0xeb, 0x7f, 0x2b, 0x00, 0x04, 0x00, 0x06, 0x00, 0x00, 0x00, 0x77, 0x00, 0x00, // .-5..+.......w..
	0x00, 0x0f, 0x00, 0x00, 0x00, 0x2b, 0x00, 0x04, 0x00, 0x06, 0x00, 0x00, 0x00, 0x7b, 0x00, 0x00, // .....+.......{..
	0x00, 0x8b, 0xa6, 0x6c, 0x84, 0x2b, 0x00, 0x04, 0x00, 0x06, 0x00, 0x00, 0x00, 0x88, 0x00, 0x00, // ...l.+..........
	0x00, 0xff, 0xff, 0xff, 0x00, 0x2b, 0x00, 0x04, 0x00, 0x06, 0x00, 0x00, 0x00, 0x91, 0x00, 0x00, // .....+..........
	0x00, 0x01, 0x00, 0x00, 0x00, 0x2b, 0x00, 0x04, 0x00, 0x08, 0x00, 0x00, 0x00, 0x95, 0x00, 0x00, // .....+..........
	0x00, 0x00, 0x00, 0x00, 0x40, 0x2b, 0x00, 0x04, 0x00, 0x08, 0x00, 0x00, 0x00, 0x97, 0x00, 0x00, // ....@+..........
	0x00, 0x00, 0x00, 0x80, 0x3f, 0x2b, 0x00, 0x04, 0x00, 0x06, 0x00, 0x00, 0x00, 0x9b, 0x00, 0x00, // ....?+..........
	0x00, 0x02, 0x00, 0x00, 0x00, 0x2b, 0x00, 0x04, 0x00, 0x08, 0x00, 0x00, 0x00, 0xa2, 0x00, 0x00, // .....+..........
	0x00, 0x00, 0x00, 0x00, 0x00, 0x2b, 0x00, 0x04, 0x00, 0x08, 0x00, 0x00, 0x00, 0xb9, 0x00, 0x00, // .....+..........
	0x00, 0xac, 0xc5, 0x27, 0x37, 0x14, 0x00, 0x02, 0x00, 0xba, 0x00, 0x00, 0x00, 0x2c, 0x00, 0x06, // ...'7........,..
	0x00, 0x18, 0x00, 0x00, 0x00, 0xc0, 0x00, 0x00, 0x00, 0xa2, 0x00, 0x00, 0x00, 0x97, 0x00, 0x00, // ................
	0x00, 0xa2, 0x00, 0x00, 0x00, 0x17, 0x00, 0x04, 0x00, 0xc1, 0x00, 0x00, 0x00, 0xba, 0x00, 0x00, // ................
	0x00, 0x03, 0x00, 0x00, 0x00, 0x2b, 0x00, 0x04, 0x00, 0x08, 0x00, 0x00, 0x00, 0xce, 0x00, 0x00, // .....+..........
	0x00, 0xa4, 0x70, 0x7d, 0x3f, 0x2c, 0x00, 0x06, 0x00, 0x18, 0x00, 0x00, 0x00, 0xd0, 0x00, 0x00, // ..p}?,..........
	0x00, 0x97, 0x00, 0x00, 0x00, 0xa2, 0x00, 0x00, 0x00, 0xa2, 0x00, 0x00, 0x00, 0x2b, 0x00, 0x04, // .............+..
	0x00, 0x06, 0x00, 0x00, 0x00, 0xe0, 0x00, 0x00, 0x00, 0x03, 0x00, 0x00, 0x00, 0x2b, 0x00, 0x04, // .............+..
	0x00, 0x06, 0x00, 0x00, 0x00, 0xf1, 0x00, 0x00, 0x00, 0x04, 0x00, 0x00, 0x00, 0x2b, 0x00, 0x04, // .............+..
	0x00, 0x06, 0x00, 0x00, 0x00, 0x2e, 0x01, 0x00, 0x00, 0x0c, 0x00, 0x00, 0x00, 0x2b, 0x00, 0x04, // .............+..
	0x00, 0x08, 0x00, 0x00, 0x00, 0x32, 0x01, 0x00, 0x00, 0xab, 0xaa, 0xaa, 0x3e, 0x2b, 0x00, 0x04, // .....2......>+..
	0x00, 0x06, 0x00, 0x00, 0x00, 0x34, 0x01, 0x00, 0x00, 0x00, 0x00, 0x00, 0x00, 0x2b, 0x00, 0x04, // .....4.......+..
	0x00, 0x06, 0x00, 0x00, 0x00, 0x3f, 0x01, 0x00, 0x00, 0x0d, 0x00, 0x00, 0x00, 0x2b, 0x00, 0x04, // .....?.......+..
	0x00, 0x06, 0x00, 0x00, 0x00, 0x44, 0x01, 0x00, 0x00, 0x0e, 0x00, 0x00, 0x00, 0x2b, 0x00, 0x04, // .....D.......+..
	0x00, 0x06, 0x00, 0x00, 0x00, 0x62, 0x01, 0x00, 0x00, 0x11, 0x00, 0x00, 0x00, 0x1c, 0x00, 0x04, // .....b..........
	0x00, 0x88, 0x01, 0x00, 0x00, 0x39, 0x00, 0x00, 0x00, 0x2e, 0x01, 0x00, 0x00, 0x1c, 0x00, 0x04, // .....9..........
	0x00, 0x89, 0x01, 0x00, 0x00, 0x39, 0x00, 0x00, 0x00, 0x6f, 0x00, 0x00, 0x00, 0x1e, 0x00, 0x07, // .....9...o......
	0x00, 0x8a, 0x01, 0x00, 0x00, 0x88, 0x01, 0x00, 0x00, 0x89, 0x01, 0x00, 0x00, 0x3a, 0x00, 0x00, // .............:..
	0x00, 0x3a, 0x00, 0x00, 0x00, 0x3a, 0x00, 0x00, 0x00, 0x20, 0x00, 0x04, 0x00, 0x8b, 0x01, 0x00, // .:...:... ......
	0x00, 0x02, 0x00, 0x00, 0x00, 0x8a, 0x01, 0x00, 0x00, 0x3b, 0x00, 0x04, 0x00, 0x8b, 0x01, 0x00, // .........;......
	0x00, 0x8c, 0x01, 0x00, 0x00, 0x02, 0x00, 0x00, 0x00, 0x2b, 0x00, 0x04, 0x00, 0x49, 0x00, 0x00, // .........+...I..
	0x00, 0x8d, 0x01, 0x00, 0x00, 0x01, 0x00, 0x00, 0x00, 0x2b, 0x00, 0x04, 0x00, 0x49, 0x00, 0x00, // .........+...I..
	0x00, 0x8f, 0x01, 0x00, 0x00, 0x02, 0x00, 0x00, 0x00, 0x20, 0x00, 0x04, 0x00, 0x91, 0x01, 0x00, // ......... ......
	0x00, 0x02, 0x00, 0x00, 0x00, 0x39, 0x00, 0x00, 0x00, 0x2b, 0x00, 0x04, 0x00, 0x49, 0x00, 0x00, // .....9...+...I..
	0x00, 0xeb, 0x01, 0x00, 0x00, 0x00, 0x00, 0x00, 0x00, 0x20, 0x00, 0x04, 0x00, 0xed, 0x01, 0x00, // ......... ......
	0x00, 0x02, 0x00, 0x00, 0x00, 0x08, 0x00, 0x00, 0x00, 0x1d, 0x00, 0x03, 0x00, 0xfb, 0x01, 0x00, // ................
	0x00, 0x39, 0x00, 0x00, 0x00, 0x1e, 0x00, 0x03, 0x00, 0xfc, 0x01, 0x00, 0x00, 0xfb, 0x01, 0x00, // .9..............
	0x00, 0x20, 0x00, 0x04, 0x00, 0xfd, 0x01, 0x00, 0x00, 0x02, 0x00, 0x00, 0x00, 0xfc, 0x01, 0x00, // . ..............
	0x00, 0x3b, 0x00, 0x04, 0x00, 0xfd, 0x01, 0x00, 0x00, 0xfe, 0x01, 0x00, 0x00, 0x02, 0x00, 0x00, // .;..............
	0x00, 0x2b, 0x00, 0x04, 0x00, 0x08, 0x00, 0x00, 0x00, 0x21, 0x02, 0x00, 0x00, 0x00, 0x00, 0x00, // .+.......!......
	0x3f, 0x2a, 0x00, 0x03, 0x00, 0xba, 0x00, 0x00, 0x00, 0x33, 0x02, 0x00, 0x00, 0x2b, 0x00, 0x04, // ?*.......3...+..
	0x00, 0x49, 0x00, 0x00, 0x00, 0x41, 0x02, 0x00, 0x00, 0x04, 0x00, 0x00, 0x00, 0x20, 0x00, 0x04, // .I...A....... ..
	0x00, 0x49, 0x02, 0x00, 0x00, 0x02, 0x00, 0x00, 0x00, 0x3a, 0x00, 0x00, 0x00, 0x2b, 0x00, 0x04, // .I.......:...+..
	0x00, 0x49, 0x00, 0x00, 0x00, 0x50, 0x02, 0x00, 0x00, 0x06, 0x00, 0x00, 0x00, 0x2b, 0x00, 0x04, // .I...P.......+..
	0x00, 0x49, 0x00, 0x00, 0x00, 0x6a, 0x02, 0x00, 0x00, 0x09, 0x00, 0x00, 0x00, 0x2b, 0x00, 0x04, // .I...j.......+..
	0x00, 0x49, 0x00, 0x00, 0x00, 0x77, 0x02, 0x00, 0x00, 0x08, 0x00, 0x00, 0x00, 0x2b, 0x00, 0x04, // .I...w.......+..
	0x00, 0x06, 0x00, 0x00, 0x00, 0xa6, 0x02, 0x00, 0x00, 0xff, 0xff, 0x00, 0x00, 0x2b, 0x00, 0x04, // .............+..
	0x00, 0x08, 0x00, 0x00, 0x00, 0xa9, 0x02, 0x00, 0x00, 0xf7, 0x75, 0x60, 0x3c, 0x2b, 0x00, 0x04, // ..........u`<+..
	0x00, 0x08, 0x00, 0x00, 0x00, 0xbc, 0x02, 0x00, 0x00, 0x9a, 0x99, 0xd9, 0x3f, 0x2b, 0x00, 0x04, // ............?+..
	0x00, 0x08, 0x00, 0x00, 0x00, 0xc6, 0x02, 0x00, 0x00, 0xcd, 0xcc, 0x8c, 0x3f, 0x2b, 0x00, 0x04, // ............?+..
	0x00, 0x08, 0x00, 0x00, 0x00, 0xd7, 0x02, 0x00, 0x00, 0x33, 0x33, 0x33, 0x3f, 0x2b, 0x00, 0x04, // .........333?+..
	0x00, 0x49, 0x00, 0x00, 0x00, 0x1c, 0x03, 0x00, 0x00, 0x07, 0x00, 0x00, 0x00, 0x17, 0x00, 0x04, // .I..............
	0x00, 0x3c, 0x03, 0x00, 0x00, 0x08, 0x00, 0x00, 0x00, 0x02, 0x00, 0x00, 0x00, 0x2b, 0x00, 0x04, // .<...........+..
	0x00, 0x49, 0x00, 0x00, 0x00, 0x7b, 0x03, 0x00, 0x00, 0x03, 0x00, 0x00, 0x00, 0x2b, 0x00, 0x04, // .I...{.......+..
	0x00, 0x49, 0x00, 0x00, 0x00, 0x84, 0x03, 0x00, 0x00, 0x05, 0x00, 0x00, 0x00, 0x2b, 0x00, 0x04, // .I...........+..
	0x00, 0x06, 0x00, 0x00, 0x00, 0x9f, 0x03, 0x00, 0x00, 0x20, 0x00, 0x00, 0x00, 0x2b, 0x00, 0x04, // ......... ...+..
	0x00, 0x08, 0x00, 0x00, 0x00, 0xf6, 0x03, 0x00, 0x00, 0xcd, 0xcc, 0x4c, 0x3d, 0x2b, 0x00, 0x04, // ...........L=+..
	0x00, 0x06, 0x00, 0x00, 0x00, 0xf8, 0x03, 0x00, 0x00, 0x21, 0x00, 0x00, 0x00, 0x2b, 0x00, 0x04, // .........!...+..
	0x00, 0x06, 0x00, 0x00, 0x00, 0x0a, 0x04, 0x00, 0x00, 0x22, 0x00, 0x00, 0x00, 0x2b, 0x00, 0x04, // ........."...+..
	0x00, 0x49, 0x00, 0x00, 0x00, 0x1c, 0x04, 0x00, 0x00, 0x0a, 0x00, 0x00, 0x00, 0x2b, 0x00, 0x04, // .I...........+..
	0x00, 0x49, 0x00, 0x00, 0x00, 0x1d, 0x04, 0x00, 0x00, 0x0b, 0x00, 0x00, 0x00, 0x2b, 0x00, 0x04, // .I...........+..
	0x00, 0x06, 0x00, 0x00, 0x00, 0x1f, 0x04, 0x00, 0x00, 0x23, 0x00, 0x00, 0x00, 0x2b, 0x00, 0x04, // .........#...+..
	0x00, 0x06, 0x00, 0x00, 0x00, 0x24, 0x04, 0x00, 0x00, 0x24, 0x00, 0x00, 0x00, 0x2b, 0x00, 0x04, // .....$...$...+..
	0x00, 0x06, 0x00, 0x00, 0x00, 0x29, 0x04, 0x00, 0x00, 0x25, 0x00, 0x00, 0x00, 0x20, 0x00, 0x04, // .....)...%... ..
	0x00, 0xa3, 0x04, 0x00, 0x00, 0x01, 0x00, 0x00, 0x00, 0x50, 0x00, 0x00, 0x00, 0x3b, 0x00, 0x04, // .........P...;..
	0x00, 0xa3, 0x04, 0x00, 0x00, 0xa4, 0x04, 0x00, 0x00, 0x01, 0x00, 0x00, 0x00, 0x2c, 0x00, 0x06, // .............,..
	0x00, 0x18, 0x00, 0x00, 0x00, 0x56, 0x0c, 0x00, 0x00, 0xa2, 0x00, 0x00, 0x00, 0xa2, 0x00, 0x00, // .....V..........
	0x00, 0xa2, 0x00, 0x00, 0x00, 0x2b, 0x00, 0x04, 0x00, 0x06, 0x00, 0x00, 0x00, 0x57, 0x0c, 0x00, // .....+.......W..
	0x00, 0x15, 0x00, 0x00, 0x00, 0x2b, 0x00, 0x04, 0x00, 0x08, 0x00, 0x00, 0x00, 0x58, 0x0c, 0x00, // .....+.......X..
	0x00, 0x00, 0x00, 0x80, 0x33, 0x2b, 0x00, 0x04, 0x00, 0x06, 0x00, 0x00, 0x00, 0x59, 0x0c, 0x00, // ....3+.......Y..
	0x00, 0x16, 0x00, 0x00, 0x00, 0x2b, 0x00, 0x04, 0x00, 0x08, 0x00, 0x00, 0x00, 0x5a, 0x0c, 0x00, // .....+.......Z..
	0x00, 0xdb, 0x0f, 0xc9, 0x34, 0x2c, 0x00, 0x06, 0x00, 0x18, 0x00, 0x00, 0x00, 0x5b, 0x0c, 0x00, // ....4,.......[..
	0x00, 0x97, 0x00, 0x00, 0x00, 0x97, 0x00, 0x00, 0x00, 0x97, 0x00, 0x00, 0x00, 0x2b, 0x00, 0x04, // .............+..
	0x00, 0x08, 0x00, 0x00, 0x00, 0x5c, 0x0c, 0x00, 0x00, 0x00, 0x00, 0x00, 0x34, 0x36, 0x00, 0x05, // ............46..
	0x00, 0x02, 0x00, 0x00, 0x00, 0x04, 0x00, 0x00, 0x00, 0x00, 0x00, 0x00, 0x00, 0x03, 0x00, 0x00, // ................
	0x00, 0xf8, 0x00, 0x02, 0x00, 0x05, 0x00, 0x00, 0x00, 0x3d, 0x00, 0x04, 0x00, 0x50, 0x00, 0x00, // .........=...P..
	0x00, 0xa5, 0x04, 0x00, 0x00, 0xa4, 0x04, 0x00, 0x00, 0xf7, 0x00, 0x03, 0x00, 0x64, 0x07, 0x00, // .............d..
	0x00, 0x00, 0x00, 0x00, 0x00, 0xfb, 0x00, 0x03, 0x00, 0x34, 0x01, 0x00, 0x00, 0x1f, 0x05, 0x00, // .........4......
	0x00, 0xf8, 0x00, 0x02, 0x00, 0x1f, 0x05, 0x00, 0x00, 0x51, 0x00, 0x05, 0x00, 0x49, 0x00, 0x00, // .........Q...I..
	0x00, 0x21, 0x05, 0x00, 0x00, 0xa5, 0x04, 0x00, 0x00, 0x00, 0x00, 0x00, 0x00, 0x7c, 0x00, 0x04, // .!...........|..
	0x00, 0x06, 0x00, 0x00, 0x00, 0x22, 0x05, 0x00, 0x00, 0x21, 0x05, 0x00, 0x00, 0x41, 0x00, 0x07, // ....."...!...A..
	0x00, 0xed, 0x01, 0x00, 0x00, 0x23, 0x05, 0x00, 0x00, 0x8c, 0x01, 0x00, 0x00, 0xeb, 0x01, 0x00, // .....#..........
	0x00, 0xeb, 0x01, 0x00, 0x00, 0x91, 0x00, 0x00, 0x00, 0x3d, 0x00, 0x04, 0x00, 0x08, 0x00, 0x00, // .........=......
	0x00, 0x24, 0x05, 0x00, 0x00, 0x23, 0x05, 0x00, 0x00, 0x7c, 0x00, 0x04, 0x00, 0x06, 0x00, 0x00, // .$...#...|......
	0x00, 0x68, 0x07, 0x00, 0x00, 0x24, 0x05, 0x00, 0x00, 0xae, 0x00, 0x05, 0x00, 0xba, 0x00, 0x00, // .h...$..........
	0x00, 0x28, 0x05, 0x00, 0x00, 0x22, 0x05, 0x00, 0x00, 0x68, 0x07, 0x00, 0x00, 0xf7, 0x00, 0x03, // .(..."...h......
	0x00, 0x2a, 0x05, 0x00, 0x00, 0x00, 0x00, 0x00, 0x00, 0xfa, 0x00, 0x04, 0x00, 0x28, 0x05, 0x00, // .*...........(..
	0x00, 0x29, 0x05, 0x00, 0x00, 0x2a, 0x05, 0x00, 0x00, 0xf8, 0x00, 0x02, 0x00, 0x29, 0x05, 0x00, // .)...*.......)..
	0x00, 0xf9, 0x00, 0x02, 0x00, 0x64, 0x07, 0x00, 0x00, 0xf8, 0x00, 0x02, 0x00, 0x2a, 0x05, 0x00, // .....d.......*..
	0x00, 0x84, 0x00, 0x05, 0x00, 0x06, 0x00, 0x00, 0x00, 0x2c, 0x05, 0x00, 0x00, 0x22, 0x05, 0x00, // .........,..."..
	0x00, 0xf1, 0x00, 0x00, 0x00, 0x41, 0x00, 0x06, 0x00, 0x91, 0x01, 0x00, 0x00, 0x2e, 0x05, 0x00, // .....A..........
	0x00, 0xfe, 0x01, 0x00, 0x00, 0xeb, 0x01, 0x00, 0x00, 0x2c, 0x05, 0x00, 0x00, 0x3d, 0x00, 0x04, // .........,...=..
	0x00, 0x39, 0x00, 0x00, 0x00, 0x2f, 0x05, 0x00, 0x00, 0x2e, 0x05, 0x00, 0x00, 0x80, 0x00, 0x05, // .9.../..........
	0x00, 0x06, 0x00, 0x00, 0x00, 0x31, 0x05, 0x00, 0x00, 0x2c, 0x05, 0x00, 0x00, 0x91, 0x00, 0x00, // .....1...,......
	0x00, 0x41, 0x00, 0x06, 0x00, 0x91, 0x01, 0x00, 0x00, 0x32, 0x05, 0x00, 0x00, 0xfe, 0x01, 0x00, // .A.......2......
	0x00, 0xeb, 0x01, 0x00, 0x00, 0x31, 0x05, 0x00, 0x00, 0x3d, 0x00, 0x04, 0x00, 0x39, 0x00, 0x00, // .....1...=...9..
	0x00, 0x33, 0x05, 0x00, 0x00, 0x32, 0x05, 0x00, 0x00, 0x80, 0x00, 0x05, 0x00, 0x06, 0x00, 0x00, // .3...2..........
	0x00, 0x35, 0x05, 0x00, 0x00, 0x2c, 0x05, 0x00, 0x00, 0x9b, 0x00, 0x00, 0x00, 0x41, 0x00, 0x06, // .5...,.......A..
	0x00, 0x91, 0x01, 0x00, 0x00, 0x36, 0x05, 0x00, 0x00, 0xfe, 0x01, 0x00, 0x00, 0xeb, 0x01, 0x00, // .....6..........
	0x00, 0x35, 0x05, 0x00, 0x00, 0x3d, 0x00, 0x04, 0x00, 0x39, 0x00, 0x00, 0x00, 0x37, 0x05, 0x00, // .5...=...9...7..
	0x00, 0x36, 0x05, 0x00, 0x00, 0x80, 0x00, 0x05, 0x00, 0x06, 0x00, 0x00, 0x00, 0x39, 0x05, 0x00, // .6...........9..
	0x00, 0x2c, 0x05, 0x00, 0x00, 0xe0, 0x00, 0x00, 0x00, 0x41, 0x00, 0x06, 0x00, 0x91, 0x01, 0x00, // .,.......A......
	0x00, 0x3a, 0x05, 0x00, 0x00, 0xfe, 0x01, 0x00, 0x00, 0xeb, 0x01, 0x00, 0x00, 0x39, 0x05, 0x00, // .:...........9..
	0x00, 0x3d, 0x00, 0x04, 0x00, 0x39, 0x00, 0x00, 0x00, 0x3b, 0x05, 0x00, 0x00, 0x3a, 0x05, 0x00, // .=...9...;...:..
	0x00, 0x41, 0x00, 0x07, 0x00, 0xed, 0x01, 0x00, 0x00, 0x3c, 0x05, 0x00, 0x00, 0x8c, 0x01, 0x00, // .A.......<......
	0x00, 0xeb, 0x01, 0x00, 0x00, 0xeb, 0x01, 0x00, 0x00, 0x34, 0x01, 0x00, 0x00, 0x3d, 0x00, 0x04, // .........4...=..
	0x00, 0x08, 0x00, 0x00, 0x00, 0x3d, 0x05, 0x00, 0x00, 0x3c, 0x05, 0x00, 0x00, 0x0c, 0x00, 0x07, // .....=...<......
	0x00, 0x08, 0x00, 0x00, 0x00, 0x3e, 0x05, 0x00, 0x00, 0x01, 0x00, 0x00, 0x00, 0x28, 0x00, 0x00, // .....>.......(..
	0x00, 0x3d, 0x05, 0x00, 0x00, 0xa2, 0x00, 0x00, 0x00, 0x41, 0x00, 0x07, 0x00, 0xed, 0x01, 0x00, // .=.......A......
	0x00, 0x3f, 0x05, 0x00, 0x00, 0x8c, 0x01, 0x00, 0x00, 0xeb, 0x01, 0x00, 0x00, 0x8d, 0x01, 0x00, // .?..............
	0x00, 0xe0, 0x00, 0x00, 0x00, 0x3d, 0x00, 0x04, 0x00, 0x08, 0x00, 0x00, 0x00, 0x40, 0x05, 0x00, // .....=.......@..
	0x00, 0x3f, 0x05, 0x00, 0x00, 0x7c, 0x00, 0x04, 0x00, 0x06, 0x00, 0x00, 0x00, 0x6c, 0x07, 0x00, // .?...|.......l..
	0x00, 0x40, 0x05, 0x00, 0x00, 0xaa, 0x00, 0x05, 0x00, 0xba, 0x00, 0x00, 0x00, 0x44, 0x05, 0x00, // .@...........D..
	0x00, 0x6c, 0x07, 0x00, 0x00, 0x34, 0x01, 0x00, 0x00, 0x51, 0x00, 0x05, 0x00, 0x08, 0x00, 0x00, // .l...4...Q......
	0x00, 0x46, 0x05, 0x00, 0x00, 0x3b, 0x05, 0x00, 0x00, 0x03, 0x00, 0x00, 0x00, 0xba, 0x00, 0x05, // .F...;..........
	0x00, 0xba, 0x00, 0x00, 0x00, 0x47, 0x05, 0x00, 0x00, 0x46, 0x05, 0x00, 0x00, 0x21, 0x02, 0x00, // .....G...F...!..
	0x00, 0xa7, 0x00, 0x05, 0x00, 0xba, 0x00, 0x00, 0x00, 0x48, 0x05, 0x00, 0x00, 0x44, 0x05, 0x00, // .........H...D..
	0x00, 0x47, 0x05, 0x00, 0x00, 0xf7, 0x00, 0x03, 0x00, 0x57, 0x05, 0x00, 0x00, 0x00, 0x00, 0x00, // .G.......W......
	0x00, 0xfa, 0x00, 0x04, 0x00, 0x48, 0x05, 0x00, 0x00, 0x4a, 0x05, 0x00, 0x00, 0x57, 0x05, 0x00, // .....H...J...W..
	0x00, 0xf8, 0x00, 0x02, 0x00, 0x4a, 0x05, 0x00, 0x00, 0x51, 0x00, 0x05, 0x00, 0x08, 0x00, 0x00, // .....J...Q......
	0x00, 0x4d, 0x05, 0x00, 0x00, 0x2f, 0x05, 0x00, 0x00, 0x03, 0x00, 0x00, 0x00, 0x81, 0x00, 0x05, // .M.../..........
	0x00, 0x08, 0x00, 0x00, 0x00, 0x4e, 0x05, 0x00, 0x00, 0x4d, 0x05, 0x00, 0x00, 0x3e, 0x05, 0x00, // .....N...M...>..
	0x00, 0x52, 0x00, 0x06, 0x00, 0x39, 0x00, 0x00, 0x00, 0xc7, 0x0b, 0x00, 0x00, 0x4e, 0x05, 0x00, // .R...9.......N..
	0x00, 0x2f, 0x05, 0x00, 0x00, 0x03, 0x00, 0x00, 0x00, 0x51, 0x00, 0x05, 0x00, 0x08, 0x00, 0x00, // ./.......Q......
	0x00, 0x53, 0x05, 0x00, 0x00, 0x33, 0x05, 0x00, 0x00, 0x03, 0x00, 0x00, 0x00, 0xbe, 0x00, 0x05, // .S...3..........
	0x00, 0xba, 0x00, 0x00, 0x00, 0x54, 0x05, 0x00, 0x00, 0x4e, 0x05, 0x00, 0x00, 0x53, 0x05, 0x00, // .....T...N...S..
	0x00, 0xa9, 0x00, 0x06, 0x00, 0xba, 0x00, 0x00, 0x00, 0xb3, 0x0c, 0x00, 0x00, 0x54, 0x05, 0x00, // .............T..
	0x00, 0x33, 0x02, 0x00, 0x00, 0x48, 0x05, 0x00, 0x00, 0xf9, 0x00, 0x02, 0x00, 0x57, 0x05, 0x00, // .3...H.......W..
	0x00, 0xf8, 0x00, 0x02, 0x00, 0x57, 0x05, 0x00, 0x00, 0xf5, 0x00, 0x07, 0x00, 0x39, 0x00, 0x00, // .....W.......9..
	0x00, 0x68, 0x0c, 0x00, 0x00, 0x2f, 0x05, 0x00, 0x00, 0x2a, 0x05, 0x00, 0x00, 0xc7, 0x0b, 0x00, // .h.../...*......
	0x00, 0x4a, 0x05, 0x00, 0x00, 0xf5, 0x00, 0x07, 0x00, 0xba, 0x00, 0x00, 0x00, 0x5f, 0x0c, 0x00, // .J..........._..
	0x00, 0x48, 0x05, 0x00, 0x00, 0x2a, 0x05, 0x00, 0x00, 0xb3, 0x0c, 0x00, 0x00, 0x4a, 0x05, 0x00, // .H...*.......J..
	0x00, 0xba, 0x00, 0x05, 0x00, 0xba, 0x00, 0x00, 0x00, 0x5a, 0x05, 0x00, 0x00, 0x3e, 0x05, 0x00, // .........Z...>..
	0x00, 0xa2, 0x00, 0x00, 0x00, 0xa7, 0x00, 0x05, 0x00, 0xba, 0x00, 0x00, 0x00, 0x5b, 0x05, 0x00, // .............[..
	0x00, 0x5f, 0x0c, 0x00, 0x00, 0x5a, 0x05, 0x00, 0x00, 0xf7, 0x00, 0x03, 0x00, 0x51, 0x06, 0x00, // ._...Z.......Q..
	0x00, 0x00, 0x00, 0x00, 0x00, 0xfa, 0x00, 0x04, 0x00, 0x5b, 0x05, 0x00, 0x00, 0x5c, 0x05, 0x00, // .........[......
	0x00, 0x51, 0x06, 0x00, 0x00, 0xf8, 0x00, 0x02, 0x00, 0x5c, 0x05, 0x00, 0x00, 0x41, 0x00, 0x07, // .Q...........A..
	0x00, 0xed, 0x01, 0x00, 0x00, 0x5d, 0x05, 0x00, 0x00, 0x8c, 0x01, 0x00, 0x00, 0xeb, 0x01, 0x00, // .....]..........
	0x00, 0x8d, 0x01, 0x00, 0x00, 0x9b, 0x00, 0x00, 0x00, 0x3d, 0x00, 0x04, 0x00, 0x08, 0x00, 0x00, // .........=......
	0x00, 0x5e, 0x05, 0x00, 0x00, 0x5d, 0x05, 0x00, 0x00, 0x7c, 0x00, 0x04, 0x00, 0x06, 0x00, 0x00, // .^...]...|......
	0x00, 0x70, 0x07, 0x00, 0x00, 0x5e, 0x05, 0x00, 0x00, 0xab, 0x00, 0x05, 0x00, 0xba, 0x00, 0x00, // .p...^..........
	0x00, 0x60, 0x05, 0x00, 0x00, 0x70, 0x07, 0x00, 0x00, 0x34, 0x01, 0x00, 0x00, 0x41, 0x00, 0x06, // .`...p...4...A..
	0x00, 0x91, 0x01, 0x00, 0x00, 0x61, 0x05, 0x00, 0x00, 0x8c, 0x01, 0x00, 0x00, 0xeb, 0x01, 0x00, // .....a..........
	0x00, 0x41, 0x02, 0x00, 0x00, 0x3d, 0x00, 0x04, 0x00, 0x39, 0x00, 0x00, 0x00, 0x62, 0x05, 0x00, // .A...=...9...b..
	0x00, 0x61, 0x05, 0x00, 0x00, 0x4f, 0x00, 0x08, 0x00, 0x18, 0x00, 0x00, 0x00, 0x63, 0x05, 0x00, // .a...O.......c..
	0x00, 0x62, 0x05, 0x00, 0x00, 0x62, 0x05, 0x00, 0x00, 0x00, 0x00, 0x00, 0x00, 0x01, 0x00, 0x00, // .b...b..........
	0x00, 0x02, 0x00, 0x00, 0x00, 0xf7, 0x00, 0x03, 0x00, 0x6a, 0x05, 0x00, 0x00, 0x00, 0x00, 0x00, // .........j......
	0x00, 0xfa, 0x00, 0x04, 0x00, 0x60, 0x05, 0x00, 0x00, 0x65, 0x05, 0x00, 0x00, 0x6a, 0x05, 0x00, // .....`...e...j..
	0x00, 0xf8, 0x00, 0x02, 0x00, 0x65, 0x05, 0x00, 0x00, 0x41, 0x00, 0x05, 0x00, 0x49, 0x02, 0x00, // .....e...A...I..
	0x00, 0x66, 0x05, 0x00, 0x00, 0x8c, 0x01, 0x00, 0x00, 0x41, 0x02, 0x00, 0x00, 0x3d, 0x00, 0x04, // .f.......A...=..
	0x00, 0x3a, 0x00, 0x00, 0x00, 0x67, 0x05, 0x00, 0x00, 0x66, 0x05, 0x00, 0x00, 0x0c, 0x00, 0x06, // .:...g...f......
	0x00, 0x08, 0x00, 0x00, 0x00, 0x77, 0x07, 0x00, 0x00, 0x01, 0x00, 0x00, 0x00, 0x42, 0x00, 0x00, // .....w.......B..
	0x00, 0x63, 0x05, 0x00, 0x00, 0x51, 0x00, 0x05, 0x00, 0x08, 0x00, 0x00, 0x00, 0x79, 0x07, 0x00, // .c...Q.......y..
	0x00, 0x62, 0x05, 0x00, 0x00, 0x00, 0x00, 0x00, 0x00, 0x51, 0x00, 0x05, 0x00, 0x08, 0x00, 0x00, // .b.......Q......
	0x00, 0x7a, 0x07, 0x00, 0x00, 0x62, 0x05, 0x00, 0x00, 0x01, 0x00, 0x00, 0x00, 0x51, 0x00, 0x05, // .z...b.......Q..
	0x00, 0x08, 0x00, 0x00, 0x00, 0x7b, 0x07, 0x00, 0x00, 0x62, 0x05, 0x00, 0x00, 0x02, 0x00, 0x00, // .....{...b......
	0x00, 0x50, 0x00, 0x07, 0x00, 0x39, 0x00, 0x00, 0x00, 0x7c, 0x07, 0x00, 0x00, 0x79, 0x07, 0x00, // .P...9...|...y..
	0x00, 0x7a, 0x07, 0x00, 0x00, 0x7b, 0x07, 0x00, 0x00, 0xa2, 0x00, 0x00, 0x00, 0x90, 0x00, 0x05, // .z...{..........
	0x00, 0x39, 0x00, 0x00, 0x00, 0x7e, 0x07, 0x00, 0x00, 0x7c, 0x07, 0x00, 0x00, 0x67, 0x05, 0x00, // .9...~...|...g..
	0x00, 0x4f, 0x00, 0x08, 0x00, 0x18, 0x00, 0x00, 0x00, 0x7f, 0x07, 0x00, 0x00, 0x7e, 0x07, 0x00, // .O...........~..
	0x00, 0x7e, 0x07, 0x00, 0x00, 0x00, 0x00, 0x00, 0x00, 0x01, 0x00, 0x00, 0x00, 0x02, 0x00, 0x00, // .~..............
	0x00, 0x0c, 0x00, 0x06, 0x00, 0x08, 0x00, 0x00, 0x00, 0x81, 0x07, 0x00, 0x00, 0x01, 0x00, 0x00, // ................
	0x00, 0x42, 0x00, 0x00, 0x00, 0x7f, 0x07, 0x00, 0x00, 0xba, 0x00, 0x05, 0x00, 0xba, 0x00, 0x00, // .B..............
	0x00, 0x82, 0x07, 0x00, 0x00, 0x81, 0x07, 0x00, 0x00, 0xb9, 0x00, 0x00, 0x00, 0x0c, 0x00, 0x06, // ................
	0x00, 0x18, 0x00, 0x00, 0x00, 0x84, 0x07, 0x00, 0x00, 0x01, 0x00, 0x00, 0x00, 0x45, 0x00, 0x00, // .............E..
	0x00, 0x7f, 0x07, 0x00, 0x00, 0x8e, 0x00, 0x05, 0x00, 0x18, 0x00, 0x00, 0x00, 0x86, 0x07, 0x00, // ................
	0x00, 0x84, 0x07, 0x00, 0x00, 0x77, 0x07, 0x00, 0x00, 0x50, 0x00, 0x06, 0x00, 0xc1, 0x00, 0x00, // .....w...P......
	0x00, 0x88, 0x07, 0x00, 0x00, 0x82, 0x07, 0x00, 0x00, 0x82, 0x07, 0x00, 0x00, 0x82, 0x07, 0x00, // ................
	0x00, 0xa9, 0x00, 0x06, 0x00, 0x18, 0x00, 0x00, 0x00, 0x89, 0x07, 0x00, 0x00, 0x88, 0x07, 0x00, // ................
	0x00, 0x86, 0x07, 0x00, 0x00, 0x56, 0x0c, 0x00, 0x00, 0xf9, 0x00, 0x02, 0x00, 0x6a, 0x05, 0x00, // .....V.......j..
	0x00, 0xf8, 0x00, 0x02, 0x00, 0x6a, 0x05, 0x00, 0x00, 0xf5, 0x00, 0x07, 0x00, 0x18, 0x00, 0x00, // .....j..........
	0x00, 0x64, 0x0c, 0x00, 0x00, 0x63, 0x05, 0x00, 0x00, 0x5c, 0x05, 0x00, 0x00, 0x89, 0x07, 0x00, // .d...c..........
	0x00, 0x65, 0x05, 0x00, 0x00, 0x41, 0x00, 0x07, 0x00, 0xed, 0x01, 0x00, 0x00, 0x6b, 0x05, 0x00, // .e...A.......k..
	0x00, 0x8c, 0x01, 0x00, 0x00, 0xeb, 0x01, 0x00, 0x00, 0x50, 0x02, 0x00, 0x00, 0x91, 0x00, 0x00, // .........P......
	0x00, 0x3d, 0x00, 0x04, 0x00, 0x08, 0x00, 0x00, 0x00, 0x6c, 0x05, 0x00, 0x00, 0x6b, 0x05, 0x00, // .=.......l...k..
	0x00, 0x85, 0x00, 0x05, 0x00, 0x08, 0x00, 0x00, 0x00, 0x6e, 0x05, 0x00, 0x00, 0x6c, 0x05, 0x00, // .........n...l..
	0x00, 0x3e, 0x05, 0x00, 0x00, 0x83, 0x00, 0x05, 0x00, 0x08, 0x00, 0x00, 0x00, 0x6f, 0x05, 0x00, // .>...........o..
	0x00, 0x97, 0x00, 0x00, 0x00, 0x6e, 0x05, 0x00, 0x00, 0x0c, 0x00, 0x07, 0x00, 0x08, 0x00, 0x00, // .....n..........
	0x00, 0x70, 0x05, 0x00, 0x00, 0x01, 0x00, 0x00, 0x00, 0x28, 0x00, 0x00, 0x00, 0xa2, 0x00, 0x00, // .p.......(......
	0x00, 0x6f, 0x05, 0x00, 0x00, 0x4f, 0x00, 0x08, 0x00, 0x18, 0x00, 0x00, 0x00, 0x72, 0x05, 0x00, // .o...O.......r..
	0x00, 0x33, 0x05, 0x00, 0x00, 0x33, 0x05, 0x00, 0x00, 0x00, 0x00, 0x00, 0x00, 0x01, 0x00, 0x00, // .3...3..........
	0x00, 0x02, 0x00, 0x00, 0x00, 0x8e, 0x00, 0x05, 0x00, 0x18, 0x00, 0x00, 0x00, 0x74, 0x05, 0x00, // .............t..
	0x00, 0x72, 0x05, 0x00, 0x00, 0x70, 0x05, 0x00, 0x00, 0x8e, 0x00, 0x05, 0x00, 0x18, 0x00, 0x00, // .r...p..........
	0x00, 0x77, 0x05, 0x00, 0x00, 0x64, 0x0c, 0x00, 0x00, 0x3e, 0x05, 0x00, 0x00, 0x81, 0x00, 0x05, // .w...d...>......
	0x00, 0x18, 0x00, 0x00, 0x00, 0x78, 0x05, 0x00, 0x00, 0x74, 0x05, 0x00, 0x00, 0x77, 0x05, 0x00, // .....x...t...w..
	0x00, 0x51, 0x00, 0x05, 0x00, 0x08, 0x00, 0x00, 0x00, 0x7a, 0x05, 0x00, 0x00, 0x78, 0x05, 0x00, // .Q.......z...x..
	0x00, 0x00, 0x00, 0x00, 0x00, 0x52, 0x00, 0x06, 0x00, 0x39, 0x00, 0x00, 0x00, 0xcb, 0x0b, 0x00, // .....R...9......
	0x00, 0x7a, 0x05, 0x00, 0x00, 0x33, 0x05, 0x00, 0x00, 0x00, 0x00, 0x00, 0x00, 0x51, 0x00, 0x05, // .z...3.......Q..
	0x00, 0x08, 0x00, 0x00, 0x00, 0x7c, 0x05, 0x00, 0x00, 0x78, 0x05, 0x00, 0x00, 0x01, 0x00, 0x00, // .....|...x......
	0x00, 0x52, 0x00, 0x06, 0x00, 0x39, 0x00, 0x00, 0x00, 0xcd, 0x0b, 0x00, 0x00, 0x7c, 0x05, 0x00, // .R...9.......|..
	0x00, 0xcb, 0x0b, 0x00, 0x00, 0x01, 0x00, 0x00, 0x00, 0x51, 0x00, 0x05, 0x00, 0x08, 0x00, 0x00, // .........Q......
	0x00, 0x7e, 0x05, 0x00, 0x00, 0x78, 0x05, 0x00, 0x00, 0x02, 0x00, 0x00, 0x00, 0x52, 0x00, 0x06, // .~...x.......R..
	0x00, 0x39, 0x00, 0x00, 0x00, 0xcf, 0x0b, 0x00, 0x00, 0x7e, 0x05, 0x00, 0x00, 0xcd, 0x0b, 0x00, // .9.......~......
	0x00, 0x02, 0x00, 0x00, 0x00, 0xa8, 0x00, 0x04, 0x00, 0xba, 0x00, 0x00, 0x00, 0x80, 0x05, 0x00, // ................
	0x00, 0x60, 0x05, 0x00, 0x00, 0xf7, 0x00, 0x03, 0x00, 0xa3, 0x05, 0x00, 0x00, 0x00, 0x00, 0x00, // .`..............
	0x00, 0xfa, 0x00, 0x04, 0x00, 0x80, 0x05, 0x00, 0x00, 0x81, 0x05, 0x00, 0x00, 0xa3, 0x05, 0x00, // ................
	0x00, 0xf8, 0x00, 0x02, 0x00, 0x81, 0x05, 0x00, 0x00, 0x41, 0x00, 0x07, 0x00, 0xed, 0x01, 0x00, // .........A......
	0x00, 0x82, 0x05, 0x00, 0x00, 0x8c, 0x01, 0x00, 0x00, 0xeb, 0x01, 0x00, 0x00, 0x6a, 0x02, 0x00, // .............j..
	0x00, 0x91, 0x00, 0x00, 0x00, 0x3d, 0x00, 0x04, 0x00, 0x08, 0x00, 0x00, 0x00, 0x83, 0x05, 0x00, // .....=..........
	0x00, 0x82, 0x05, 0x00, 0x00, 0x7c, 0x00, 0x04, 0x00, 0x49, 0x00, 0x00, 0x00, 0x85, 0x05, 0x00, // .....|...I......
	0x00, 0x83, 0x05, 0x00, 0x00, 0xf9, 0x00, 0x02, 0x00, 0x86, 0x05, 0x00, 0x00, 0xf8, 0x00, 0x02, // ................
	0x00, 0x86, 0x05, 0x00, 0x00, 0xf5, 0x00, 0x07, 0x00, 0x39, 0x00, 0x00, 0x00, 0x6c, 0x0c, 0x00, // .........9...l..
	0x00, 0xcf, 0x0b, 0x00, 0x00, 0x81, 0x05, 0x00, 0x00, 0xda, 0x0b, 0x00, 0x00, 0x9f, 0x05, 0x00, // ................
	0x00, 0xf5, 0x00, 0x07, 0x00, 0x49, 0x00, 0x00, 0x00, 0x65, 0x0c, 0x00, 0x00, 0xeb, 0x01, 0x00, // .....I...e......
	0x00, 0x81, 0x05, 0x00, 0x00, 0xa1, 0x05, 0x00, 0x00, 0x9f, 0x05, 0x00, 0x00, 0xb1, 0x00, 0x05, // ................
	0x00, 0xba, 0x00, 0x00, 0x00, 0x89, 0x05, 0x00, 0x00, 0x65, 0x0c, 0x00, 0x00, 0x77, 0x02, 0x00, // .........e...w..
	0x00, 0xf6, 0x00, 0x04, 0x00, 0xa2, 0x05, 0x00, 0x00, 0x9f, 0x05, 0x00, 0x00, 0x00, 0x00, 0x00, // ................
	0x00, 0xfa, 0x00, 0x04, 0x00, 0x89, 0x05, 0x00, 0x00, 0x8a, 0x05, 0x00, 0x00, 0xa2, 0x05, 0x00, // ................
	0x00, 0xf8, 0x00, 0x02, 0x00, 0x8a, 0x05, 0x00, 0x00, 0xaf, 0x00, 0x05, 0x00, 0xba, 0x00, 0x00, // ................
	0x00, 0x8d, 0x05, 0x00, 0x00, 0x65, 0x0c, 0x00, 0x00, 0x85, 0x05, 0x00, 0x00, 0xf7, 0x00, 0x03, // .....e..........
	0x00, 0x8f, 0x05, 0x00, 0x00, 0x00, 0x00, 0x00, 0x00, 0xfa, 0x00, 0x04, 0x00, 0x8d, 0x05, 0x00, // ................
	0x00, 0x8e, 0x05, 0x00, 0x00, 0x8f, 0x05, 0x00, 0x00, 0xf8, 0x00, 0x02, 0x00, 0x8e, 0x05, 0x00, // ................
	0x00, 0xf9, 0x00, 0x02, 0x00, 0xa2, 0x05, 0x00, 0x00, 0xf8, 0x00, 0x02, 0x00, 0x8f, 0x05, 0x00, // ................
	0x00, 0x4f, 0x00, 0x08, 0x00, 0x18, 0x00, 0x00, 0x00, 0x91, 0x05, 0x00, 0x00, 0x68, 0x0c, 0x00, // .O...........h..
	0x00, 0x68, 0x0c, 0x00, 0x00, 0x00, 0x00, 0x00, 0x00, 0x01, 0x00, 0x00, 0x00, 0x02, 0x00, 0x00, // .h..............
	0x00, 0xf7, 0x00, 0x03, 0x00, 0xea, 0x07, 0x00, 0x00, 0x00, 0x00, 0x00, 0x00, 0xfb, 0x00, 0x03, // ................
	0x00, 0x34, 0x01, 0x00, 0x00, 0xa2, 0x07, 0x00, 0x00, 0xf8, 0x00, 0x02, 0x00, 0xa2, 0x07, 0x00, // .4..............
	0x00, 0x84, 0x00, 0x05, 0x00, 0x49, 0x00, 0x00, 0x00, 0xa4, 0x07, 0x00, 0x00, 0x65, 0x0c, 0x00, // .....I.......e..
	0x00, 0x8f, 0x01, 0x00, 0x00, 0x41, 0x00, 0x06, 0x00, 0x91, 0x01, 0x00, 0x00, 0xa5, 0x07, 0x00, // .....A..........
	0x00, 0x8c, 0x01, 0x00, 0x00, 0x8d, 0x01, 0x00, 0x00, 0xa4, 0x07, 0x00, 0x00, 0x3d, 0x00, 0x04, // .............=..
	0x00, 0x39, 0x00, 0x00, 0x00, 0xa6, 0x07, 0x00, 0x00, 0xa5, 0x07, 0x00, 0x00, 0x80, 0x00, 0x05, // .9..............
	0x00, 0x49, 0x00, 0x00, 0x00, 0xa9, 0x07, 0x00, 0x00, 0xa4, 0x07, 0x00, 0x00, 0x8d, 0x01, 0x00, // .I..............
	0x00, 0x41, 0x00, 0x06, 0x00, 0x91, 0x01, 0x00, 0x00, 0xaa, 0x07, 0x00, 0x00, 0x8c, 0x01, 0x00, // .A..............
	0x00, 0x8d, 0x01, 0x00, 0x00, 0xa9, 0x07, 0x00, 0x00, 0x3d, 0x00, 0x04, 0x00, 0x39, 0x00, 0x00, // .........=...9..
	0x00, 0xab, 0x07, 0x00, 0x00, 0xaa, 0x07, 0x00, 0x00, 0x4f, 0x00, 0x08, 0x00, 0x18, 0x00, 0x00, // .........O......
	0x00, 0xad, 0x07, 0x00, 0x00, 0xa6, 0x07, 0x00, 0x00, 0xa6, 0x07, 0x00, 0x00, 0x00, 0x00, 0x00, // ................
	0x00, 0x01, 0x00, 0x00, 0x00, 0x02, 0x00, 0x00, 0x00, 0x83, 0x00, 0x05, 0x00, 0x18, 0x00, 0x00, // ................
	0x00, 0xaf, 0x07, 0x00, 0x00, 0xad, 0x07, 0x00, 0x00, 0x91, 0x05, 0x00, 0x00, 0x0c, 0x00, 0x06, // ................
	0x00, 0x08, 0x00, 0x00, 0x00, 0xb1, 0x07, 0x00, 0x00, 0x01, 0x00, 0x00, 0x00, 0x42, 0x00, 0x00, // .............B..
	0x00, 0xaf, 0x07, 0x00, 0x00, 0x51, 0x00, 0x05, 0x00, 0x08, 0x00, 0x00, 0x00, 0xb3, 0x07, 0x00, // .....Q..........
	0x00, 0xab, 0x07, 0x00, 0x00, 0x01, 0x00, 0x00, 0x00, 0xb8, 0x00, 0x05, 0x00, 0xba, 0x00, 0x00, // ................
	0x00, 0xb5, 0x07, 0x00, 0x00, 0xb1, 0x07, 0x00, 0x00, 0xb9, 0x00, 0x00, 0x00, 0xba, 0x00, 0x05, // ................
	0x00, 0xba, 0x00, 0x00, 0x00, 0xb7, 0x07, 0x00, 0x00, 0xb3, 0x07, 0x00, 0x00, 0xa2, 0x00, 0x00, // ................
	0x00, 0xbe, 0x00, 0x05, 0x00, 0xba, 0x00, 0x00, 0x00, 0xba, 0x07, 0x00, 0x00, 0xb1, 0x07, 0x00, // ................
	0x00, 0xb3, 0x07, 0x00, 0x00, 0xa7, 0x00, 0x05, 0x00, 0xba, 0x00, 0x00, 0x00, 0xbb, 0x07, 0x00, // ................
	0x00, 0xb7, 0x07, 0x00, 0x00, 0xba, 0x07, 0x00, 0x00, 0xa6, 0x00, 0x05, 0x00, 0xba, 0x00, 0x00, // ................
	0x00, 0xbc, 0x07, 0x00, 0x00, 0xb5, 0x07, 0x00, 0x00, 0xbb, 0x07, 0x00, 0x00, 0xf7, 0x00, 0x03, // ................
	0x00, 0xbf, 0x07, 0x00, 0x00, 0x00, 0x00, 0x00, 0x00, 0xfa, 0x00, 0x04, 0x00, 0xbc, 0x07, 0x00, // ................
	0x00, 0xbd, 0x07, 0x00, 0x00, 0xbf, 0x07, 0x00, 0x00, 0xf8, 0x00, 0x02, 0x00, 0xbd, 0x07, 0x00, // ................
	0x00, 0xf9, 0x00, 0x02, 0x00, 0xea, 0x07, 0x00, 0x00, 0xf8, 0x00, 0x02, 0x00, 0xbf, 0x07, 0x00, // ................
	0x00, 0x88, 0x00, 0x05, 0x00, 0x08, 0x00, 0x00, 0x00, 0xc4, 0x07, 0x00, 0x00, 0xb1, 0x07, 0x00, // ................
	0x00, 0xb3, 0x07, 0x00, 0x00, 0x83, 0x00, 0x05, 0x00, 0x08, 0x00, 0x00, 0x00, 0xc5, 0x07, 0x00, // ................
	0x00, 0x97, 0x00, 0x00, 0x00, 0xc4, 0x07, 0x00, 0x00, 0xa9, 0x00, 0x06, 0x00, 0x08, 0x00, 0x00, // ................
	0x00, 0xc6, 0x07, 0x00, 0x00, 0xb7, 0x07, 0x00, 0x00, 0xc5, 0x07, 0x00, 0x00, 0x97, 0x00, 0x00, // ................
	0x00, 0x51, 0x00, 0x05, 0x00, 0x08, 0x00, 0x00, 0x00, 0xc8, 0x07, 0x00, 0x00, 0xab, 0x07, 0x00, // .Q..............
	0x00, 0x00, 0x00, 0x00, 0x00, 0x85, 0x00, 0x05, 0x00, 0x08, 0x00, 0x00, 0x00, 0xca, 0x07, 0x00, // ................
	0x00, 0xc8, 0x07, 0x00, 0x00, 0xc6, 0x07, 0x00, 0x00, 0x51, 0x00, 0x05, 0x00, 0x08, 0x00, 0x00, // .........Q......
	0x00, 0xcc, 0x07, 0x00, 0x00, 0xa6, 0x07, 0x00, 0x00, 0x03, 0x00, 0x00, 0x00, 0x7c, 0x00, 0x04, // .............|..
	0x00, 0x06, 0x00, 0x00, 0x00, 0xf3, 0x07, 0x00, 0x00, 0xcc, 0x07, 0x00, 0x00, 0xaa, 0x00, 0x05, // ................
	0x00, 0xba, 0x00, 0x00, 0x00, 0xce, 0x07, 0x00, 0x00, 0xf3, 0x07, 0x00, 0x00, 0x34, 0x01, 0x00, // .............4..
	0x00, 0xf7, 0x00, 0x03, 0x00, 0xd6, 0x07, 0x00, 0x00, 0x00, 0x00, 0x00, 0x00, 0xfa, 0x00, 0x04, // ................
	0x00, 0xce, 0x07, 0x00, 0x00, 0xcf, 0x07, 0x00, 0x00, 0xd6, 0x07, 0x00, 0x00, 0xf8, 0x00, 0x02, // ................
	0x00, 0xcf, 0x07, 0x00, 0x00, 0x50, 0x00, 0x06, 0x00, 0x18, 0x00, 0x00, 0x00, 0xd2, 0x07, 0x00, // .....P..........
	0x00, 0xb1, 0x07, 0x00, 0x00, 0xb1, 0x07, 0x00, 0x00, 0xb1, 0x07, 0x00, 0x00, 0x88, 0x00, 0x05, // ................
	0x00, 0x18, 0x00, 0x00, 0x00, 0xd3, 0x07, 0x00, 0x00, 0xaf, 0x07, 0x00, 0x00, 0xd2, 0x07, 0x00, // ................
	0x00, 0x8e, 0x00, 0x05, 0x00, 0x18, 0x00, 0x00, 0x00, 0xd5, 0x07, 0x00, 0x00, 0xd3, 0x07, 0x00, // ................
	0x00, 0xca, 0x07, 0x00, 0x00, 0xf9, 0x00, 0x02, 0x00, 0xea, 0x07, 0x00, 0x00, 0xf8, 0x00, 0x02, // ................
	0x00, 0xd6, 0x07, 0x00, 0x00, 0x51, 0x00, 0x05, 0x00, 0x08, 0x00, 0x00, 0x00, 0xd8, 0x07, 0x00, // .....Q..........
	0x00, 0xaf, 0x07, 0x00, 0x00, 0x02, 0x00, 0x00, 0x00, 0x7f, 0x00, 0x04, 0x00, 0x08, 0x00, 0x00, // ................
	0x00, 0xd9, 0x07, 0x00, 0x00, 0xd8, 0x07, 0x00, 0x00, 0x51, 0x00, 0x05, 0x00, 0x08, 0x00, 0x00, // .........Q......
	0x00, 0xdb, 0x07, 0x00, 0x00, 0xaf, 0x07, 0x00, 0x00, 0x00, 0x00, 0x00, 0x00, 0x50, 0x00, 0x06, // .............P..
	0x00, 0x18, 0x00, 0x00, 0x00, 0xdc, 0x07, 0x00, 0x00, 0xd9, 0x07, 0x00, 0x00, 0xa2, 0x00, 0x00, // ................
	0x00, 0xdb, 0x07, 0x00, 0x00, 0x0c, 0x00, 0x06, 0x00, 0x08, 0x00, 0x00, 0x00, 0xde, 0x07, 0x00, // ................
	0x00, 0x01, 0x00, 0x00, 0x00, 0x42, 0x00, 0x00, 0x00, 0xdc, 0x07, 0x00, 0x00, 0xba, 0x00, 0x05, // .....B..........
	0x00, 0xba, 0x00, 0x00, 0x00, 0xe0, 0x07, 0x00, 0x00, 0xde, 0x07, 0x00, 0x00, 0xb9, 0x00, 0x00, // ................
	0x00, 0x50, 0x00, 0x06, 0x00, 0x18, 0x00, 0x00, 0x00, 0xe3, 0x07, 0x00, 0x00, 0xde, 0x07, 0x00, // .P..............
	0x00, 0xde, 0x07, 0x00, 0x00, 0xde, 0x07, 0x00, 0x00, 0x88, 0x00, 0x05, 0x00, 0x18, 0x00, 0x00, // ................
	0x00, 0xe4, 0x07, 0x00, 0x00, 0xdc, 0x07, 0x00, 0x00, 0xe3, 0x07, 0x00, 0x00, 0x8e, 0x00, 0x05, // ................
	0x00, 0x18, 0x00, 0x00, 0x00, 0xe6, 0x07, 0x00, 0x00, 0xe4, 0x07, 0x00, 0x00, 0xca, 0x07, 0x00, // ................
	0x00, 0x50, 0x00, 0x06, 0x00, 0xc1, 0x00, 0x00, 0x00, 0xe8, 0x07, 0x00, 0x00, 0xe0, 0x07, 0x00, // .P..............
	0x00, 0xe0, 0x07, 0x00, 0x00, 0xe0, 0x07, 0x00, 0x00, 0xa9, 0x00, 0x06, 0x00, 0x18, 0x00, 0x00, // ................
	0x00, 0xe9, 0x07, 0x00, 0x00, 0xe8, 0x07, 0x00, 0x00, 0xe6, 0x07, 0x00, 0x00, 0x56, 0x0c, 0x00, // .............V..
	0x00, 0xf9, 0x00, 0x02, 0x00, 0xea, 0x07, 0x00, 0x00, 0xf8, 0x00, 0x02, 0x00, 0xea, 0x07, 0x00, // ................
	0x00, 0xf5, 0x00, 0x09, 0x00, 0x18, 0x00, 0x00, 0x00, 0x6a, 0x0c, 0x00, 0x00, 0x56, 0x0c, 0x00, // .........j...V..
	0x00, 0xbd, 0x07, 0x00, 0x00, 0xd5, 0x07, 0x00, 0x00, 0xcf, 0x07, 0x00, 0x00, 0xe9, 0x07, 0x00, // ................
	0x00, 0xd6, 0x07, 0x00, 0x00, 0x8e, 0x00, 0x05, 0x00, 0x18, 0x00, 0x00, 0x00, 0x95, 0x05, 0x00, // ................
	0x00, 0x6a, 0x0c, 0x00, 0x00, 0x3e, 0x05, 0x00, 0x00, 0x4f, 0x00, 0x08, 0x00, 0x18, 0x00, 0x00, // .j...>...O......
	0x00, 0x97, 0x05, 0x00, 0x00, 0x6c, 0x0c, 0x00, 0x00, 0x6c, 0x0c, 0x00, 0x00, 0x00, 0x00, 0x00, // .....l...l......
	0x00, 0x01, 0x00, 0x00, 0x00, 0x02, 0x00, 0x00, 0x00, 0x81, 0x00, 0x05, 0x00, 0x18, 0x00, 0x00, // ................
	0x00, 0x98, 0x05, 0x00, 0x00, 0x97, 0x05, 0x00, 0x00, 0x95, 0x05, 0x00, 0x00, 0x51, 0x00, 0x05, // .............Q..
	0x00, 0x08, 0x00, 0x00, 0x00, 0x9a, 0x05, 0x00, 0x00, 0x98, 0x05, 0x00, 0x00, 0x00, 0x00, 0x00, // ................
	0x00, 0x52, 0x00, 0x06, 0x00, 0x39, 0x00, 0x00, 0x00, 0xd6, 0x0b, 0x00, 0x00, 0x9a, 0x05, 0x00, // .R...9..........
	0x00, 0x6c, 0x0c, 0x00, 0x00, 0x00, 0x00, 0x00, 0x00, 0x51, 0x00, 0x05, 0x00, 0x08, 0x00, 0x00, // .l.......Q......
	0x00, 0x9c, 0x05, 0x00, 0x00, 0x98, 0x05, 0x00, 0x00, 0x01, 0x00, 0x00, 0x00, 0x52, 0x00, 0x06, // .............R..
	0x00, 0x39, 0x00, 0x00, 0x00, 0xd8, 0x0b, 0x00, 0x00, 0x9c, 0x05, 0x00, 0x00, 0xd6, 0x0b, 0x00, // .9..............
	0x00, 0x01, 0x00, 0x00, 0x00, 0x51, 0x00, 0x05, 0x00, 0x08, 0x00, 0x00, 0x00, 0x9e, 0x05, 0x00, // .....Q..........
	0x00, 0x98, 0x05, 0x00, 0x00, 0x02, 0x00, 0x00, 0x00, 0x52, 0x00, 0x06, 0x00, 0x39, 0x00, 0x00, // .........R...9..
	0x00, 0xda, 0x0b, 0x00, 0x00, 0x9e, 0x05, 0x00, 0x00, 0xd8, 0x0b, 0x00, 0x00, 0x02, 0x00, 0x00, // ................
	0x00, 0xf9, 0x00, 0x02, 0x00, 0x9f, 0x05, 0x00, 0x00, 0xf8, 0x00, 0x02, 0x00, 0x9f, 0x05, 0x00, // ................
	0x00, 0x80, 0x00, 0x05, 0x00, 0x49, 0x00, 0x00, 0x00, 0xa1, 0x05, 0x00, 0x00, 0x65, 0x0c, 0x00, // .....I.......e..
	0x00, 0x8d, 0x01, 0x00, 0x00, 0xf9, 0x00, 0x02, 0x00, 0x86, 0x05, 0x00, 0x00, 0xf8, 0x00, 0x02, // ................
	0x00, 0xa2, 0x05, 0x00, 0x00, 0xf9, 0x00, 0x02, 0x00, 0xa3, 0x05, 0x00, 0x00, 0xf8, 0x00, 0x02, // ................
	0x00, 0xa3, 0x05, 0x00, 0x00, 0xf5, 0x00, 0x07, 0x00, 0x39, 0x00, 0x00, 0x00, 0x77, 0x0c, 0x00, // .........9...w..
	0x00, 0xcf, 0x0b, 0x00, 0x00, 0x6a, 0x05, 0x00, 0x00, 0x6c, 0x0c, 0x00, 0x00, 0xa2, 0x05, 0x00, // .....j...l......
	0x00, 0x41, 0x00, 0x07, 0x00, 0xed, 0x01, 0x00, 0x00, 0xa4, 0x05, 0x00, 0x00, 0x8c, 0x01, 0x00, // .A..............
	0x00, 0xeb, 0x01, 0x00, 0x00, 0x77, 0x02, 0x00, 0x00, 0xe0, 0x00, 0x00, 0x00, 0x3d, 0x00, 0x04, // .....w.......=..
	0x00, 0x08, 0x00, 0x00, 0x00, 0xa5, 0x05, 0x00, 0x00, 0xa4, 0x05, 0x00, 0x00, 0x41, 0x00, 0x07, // .............A..
	0x00, 0xed, 0x01, 0x00, 0x00, 0xa6, 0x05, 0x00, 0x00, 0x8c, 0x01, 0x00, 0x00, 0xeb, 0x01, 0x00, // ................
	0x00, 0x6a, 0x02, 0x00, 0x00, 0x34, 0x01, 0x00, 0x00, 0x3d, 0x00, 0x04, 0x00, 0x08, 0x00, 0x00, // .j...4...=......
	0x00, 0xa7, 0x05, 0x00, 0x00, 0xa6, 0x05, 0x00, 0x00, 0xba, 0x00, 0x05, 0x00, 0xba, 0x00, 0x00, // ................
	0x00, 0xa9, 0x05, 0x00, 0x00, 0xa5, 0x05, 0x00, 0x00, 0xa2, 0x00, 0x00, 0x00, 0xba, 0x00, 0x05, // ................
	0x00, 0xba, 0x00, 0x00, 0x00, 0xab, 0x05, 0x00, 0x00, 0xa7, 0x05, 0x00, 0x00, 0xa2, 0x00, 0x00, // ................
	0x00, 0xa7, 0x00, 0x05, 0x00, 0xba, 0x00, 0x00, 0x00, 0xac, 0x05, 0x00, 0x00, 0xa9, 0x05, 0x00, // ................
	0x00, 0xab, 0x05, 0x00, 0x00, 0xf7, 0x00, 0x03, 0x00, 0xf9, 0x05, 0x00, 0x00, 0x00, 0x00, 0x00, // ................
	0x00, 0xfa, 0x00, 0x04, 0x00, 0xac, 0x05, 0x00, 0x00, 0xad, 0x05, 0x00, 0x00, 0xf9, 0x05, 0x00, // ................
	0x00, 0xf8, 0x00, 0x02, 0x00, 0xad, 0x05, 0x00, 0x00, 0x51, 0x00, 0x05, 0x00, 0x08, 0x00, 0x00, // .........Q......
	0x00, 0xaf, 0x05, 0x00, 0x00, 0x37, 0x05, 0x00, 0x00, 0x03, 0x00, 0x00, 0x00, 0x7c, 0x00, 0x04, // .....7.......|..
	0x00, 0x06, 0x00, 0x00, 0x00, 0xfb, 0x07, 0x00, 0x00, 0xaf, 0x05, 0x00, 0x00, 0xc7, 0x00, 0x05, // ................
	0x00, 0x06, 0x00, 0x00, 0x00, 0xb2, 0x05, 0x00, 0x00, 0xfb, 0x07, 0x00, 0x00, 0xa6, 0x02, 0x00, // ................
	0x00, 0x70, 0x00, 0x04, 0x00, 0x08, 0x00, 0x00, 0x00, 0xb3, 0x05, 0x00, 0x00, 0xb2, 0x05, 0x00, // .p..............
	0x00, 0x85, 0x00, 0x05, 0x00, 0x08, 0x00, 0x00, 0x00, 0xb4, 0x05, 0x00, 0x00, 0xb3, 0x05, 0x00, // ................
	0x00, 0xa9, 0x02, 0x00, 0x00, 0x41, 0x00, 0x07, 0x00, 0xed, 0x01, 0x00, 0x00, 0xb5, 0x05, 0x00, // .....A..........
	0x00, 0x8c, 0x01, 0x00, 0x00, 0xeb, 0x01, 0x00, 0x00, 0x8f, 0x01, 0x00, 0x00, 0x9b, 0x00, 0x00, // ................
	0x00, 0x3d, 0x00, 0x04, 0x00, 0x08, 0x00, 0x00, 0x00, 0xb6, 0x05, 0x00, 0x00, 0xb5, 0x05, 0x00, // .=..............
	0x00, 0x85, 0x00, 0x05, 0x00, 0x08, 0x00, 0x00, 0x00, 0xb8, 0x05, 0x00, 0x00, 0xb6, 0x05, 0x00, // ................
	0x00, 0xa7, 0x05, 0x00, 0x00, 0x81, 0x00, 0x05, 0x00, 0x08, 0x00, 0x00, 0x00, 0xb9, 0x05, 0x00, // ................
	0x00, 0xb4, 0x05, 0x00, 0x00, 0xb8, 0x05, 0x00, 0x00, 0x51, 0x00, 0x05, 0x00, 0x08, 0x00, 0x00, // .........Q......
	0x00, 0xbb, 0x05, 0x00, 0x00, 0x68, 0x0c, 0x00, 0x00, 0x01, 0x00, 0x00, 0x00, 0x85, 0x00, 0x05, // .....h..........
	0x00, 0x08, 0x00, 0x00, 0x00, 0xbd, 0x05, 0x00, 0x00, 0xbb, 0x05, 0x00, 0x00, 0xa7, 0x05, 0x00, // ................
	0x00, 0x81, 0x00, 0x05, 0x00, 0x08, 0x00, 0x00, 0x00, 0xbf, 0x05, 0x00, 0x00, 0xbd, 0x05, 0x00, // ................
	0x00, 0xb9, 0x05, 0x00, 0x00, 0x0c, 0x00, 0x06, 0x00, 0x08, 0x00, 0x00, 0x00, 0xc0, 0x05, 0x00, // ................
	0x00, 0x01, 0x00, 0x00, 0x00, 0x0e, 0x00, 0x00, 0x00, 0xbf, 0x05, 0x00, 0x00, 0x51, 0x00, 0x05, // .............Q..
	0x00, 0x08, 0x00, 0x00, 0x00, 0xc2, 0x05, 0x00, 0x00, 0x68, 0x0c, 0x00, 0x00, 0x02, 0x00, 0x00, // .........h......
	0x00, 0x85, 0x00, 0x05, 0x00, 0x08, 0x00, 0x00, 0x00, 0xc4, 0x05, 0x00, 0x00, 0xc2, 0x05, 0x00, // ................
	0x00, 0xa7, 0x05, 0x00, 0x00, 0x85, 0x00, 0x05, 0x00, 0x08, 0x00, 0x00, 0x00, 0xc5, 0x05, 0x00, // ................
	0x00, 0xc4, 0x05, 0x00, 0x00, 0xbc, 0x02, 0x00, 0x00, 0x81, 0x00, 0x05, 0x00, 0x08, 0x00, 0x00, // ................
	0x00, 0xc7, 0x05, 0x00, 0x00, 0xc5, 0x05, 0x00, 0x00, 0xb9, 0x05, 0x00, 0x00, 0x0c, 0x00, 0x06, // ................
	0x00, 0x08, 0x00, 0x00, 0x00, 0xc8, 0x05, 0x00, 0x00, 0x01, 0x00, 0x00, 0x00, 0x0e, 0x00, 0x00, // ................
	0x00, 0xc7, 0x05, 0x00, 0x00, 0x83, 0x00, 0x05, 0x00, 0x08, 0x00, 0x00, 0x00, 0xc9, 0x05, 0x00, // ................
	0x00, 0xc0, 0x05, 0x00, 0x00, 0xc8, 0x05, 0x00, 0x00, 0x85, 0x00, 0x05, 0x00, 0x08, 0x00, 0x00, // ................
	0x00, 0xce, 0x05, 0x00, 0x00, 0xc4, 0x05, 0x00, 0x00, 0xc6, 0x02, 0x00, 0x00, 0x81, 0x00, 0x05, // ................
	0x00, 0x08, 0x00, 0x00, 0x00, 0xd0, 0x05, 0x00, 0x00, 0xce, 0x05, 0x00, 0x00, 0xb9, 0x05, 0x00, // ................
	0x00, 0x0c, 0x00, 0x06, 0x00, 0x08, 0x00, 0x00, 0x00, 0xd1, 0x05, 0x00, 0x00, 0x01, 0x00, 0x00, // ................
	0x00, 0x0e, 0x00, 0x00, 0x00, 0xd0, 0x05, 0x00, 0x00, 0x51, 0x00, 0x05, 0x00, 0x08, 0x00, 0x00, // .........Q......
	0x00, 0xd3, 0x05, 0x00, 0x00, 0x68, 0x0c, 0x00, 0x00, 0x00, 0x00, 0x00, 0x00, 0x85, 0x00, 0x05, // .....h..........
	0x00, 0x08, 0x00, 0x00, 0x00, 0xd5, 0x05, 0x00, 0x00, 0xd3, 0x05, 0x00, 0x00, 0xa7, 0x05, 0x00, // ................
	0x00, 0x81, 0x00, 0x05, 0x00, 0x08, 0x00, 0x00, 0x00, 0xd7, 0x05, 0x00, 0x00, 0xd5, 0x05, 0x00, // ................
	0x00, 0xb9, 0x05, 0x00, 0x00, 0x0c, 0x00, 0x06, 0x00, 0x08, 0x00, 0x00, 0x00, 0xd8, 0x05, 0x00, // ................
	0x00, 0x01, 0x00, 0x00, 0x00, 0x0e, 0x00, 0x00, 0x00, 0xd7, 0x05, 0x00, 0x00, 0x83, 0x00, 0x05, // ................
	0x00, 0x08, 0x00, 0x00, 0x00, 0xd9, 0x05, 0x00, 0x00, 0xd1, 0x05, 0x00, 0x00, 0xd8, 0x05, 0x00, // ................
	0x00, 0x85, 0x00, 0x05, 0x00, 0x08, 0x00, 0x00, 0x00, 0xde, 0x05, 0x00, 0x00, 0xd5, 0x05, 0x00, // ................
	0x00, 0xd7, 0x02, 0x00, 0x00, 0x81, 0x00, 0x05, 0x00, 0x08, 0x00, 0x00, 0x00, 0xe0, 0x05, 0x00, // ................
	0x00, 0xde, 0x05, 0x00, 0x00, 0xb9, 0x05, 0x00, 0x00, 0x0c, 0x00, 0x06, 0x00, 0x08, 0x00, 0x00, // ................
	0x00, 0xe1, 0x05, 0x00, 0x00, 0x01, 0x00, 0x00, 0x00, 0x0e, 0x00, 0x00, 0x00, 0xe0, 0x05, 0x00, // ................
	0x00, 0x83, 0x00, 0x05, 0x00, 0x08, 0x00, 0x00, 0x00, 0xe9, 0x05, 0x00, 0x00, 0xe1, 0x05, 0x00, // ................
	0x00, 0xc0, 0x05, 0x00, 0x00, 0x50, 0x00, 0x06, 0x00, 0x18, 0x00, 0x00, 0x00, 0xea, 0x05, 0x00, // .....P..........
	0x00, 0xc9, 0x05, 0x00, 0x00, 0xd9, 0x05, 0x00, 0x00, 0xe9, 0x05, 0x00, 0x00, 0x85, 0x00, 0x05, // ................
	0x00, 0x08, 0x00, 0x00, 0x00, 0xee, 0x05, 0x00, 0x00, 0xa5, 0x05, 0x00, 0x00, 0x3e, 0x05, 0x00, // .............>..
	0x00, 0x8e, 0x00, 0x05, 0x00, 0x18, 0x00, 0x00, 0x00, 0xef, 0x05, 0x00, 0x00, 0xea, 0x05, 0x00, // ................
	0x00, 0xee, 0x05, 0x00, 0x00, 0x4f, 0x00, 0x08, 0x00, 0x18, 0x00, 0x00, 0x00, 0xf1, 0x05, 0x00, // .....O..........
	0x00, 0x77, 0x0c, 0x00, 0x00, 0x77, 0x0c, 0x00, 0x00, 0x00, 0x00, 0x00, 0x00, 0x01, 0x00, 0x00, // .w...w..........
	0x00, 0x02, 0x00, 0x00, 0x00, 0x81, 0x00, 0x05, 0x00, 0x18, 0x00, 0x00, 0x00, 0xf2, 0x05, 0x00, // ................
	0x00, 0xf1, 0x05, 0x00, 0x00, 0xef, 0x05, 0x00, 0x00, 0x51, 0x00, 0x05, 0x00, 0x08, 0x00, 0x00, // .........Q......
	0x00, 0xf4, 0x05, 0x00, 0x00, 0xf2, 0x05, 0x00, 0x00, 0x00, 0x00, 0x00, 0x00, 0x52, 0x00, 0x06, // .............R..
	0x00, 0x39, 0x00, 0x00, 0x00, 0xe3, 0x0b, 0x00, 0x00, 0xf4, 0x05, 0x00, 0x00, 0x77, 0x0c, 0x00, // .9...........w..
	0x00, 0x00, 0x00, 0x00, 0x00, 0x51, 0x00, 0x05, 0x00, 0x08, 0x00, 0x00, 0x00, 0xf6, 0x05, 0x00, // .....Q..........
	0x00, 0xf2, 0x05, 0x00, 0x00, 0x01, 0x00, 0x00, 0x00, 0x52, 0x00, 0x06, 0x00, 0x39, 0x00, 0x00, // .........R...9..
	0x00, 0xe5, 0x0b, 0x00, 0x00, 0xf6, 0x05, 0x00, 0x00, 0xe3, 0x0b, 0x00, 0x00, 0x01, 0x00, 0x00, // ................
	0x00, 0x51, 0x00, 0x05, 0x00, 0x08, 0x00, 0x00, 0x00, 0xf8, 0x05, 0x00, 0x00, 0xf2, 0x05, 0x00, // .Q..............
	0x00, 0x02, 0x00, 0x00, 0x00, 0x52, 0x00, 0x06, 0x00, 0x39, 0x00, 0x00, 0x00, 0xe7, 0x0b, 0x00, // .....R...9......
	0x00, 0xf8, 0x05, 0x00, 0x00, 0xe5, 0x0b, 0x00, 0x00, 0x02, 0x00, 0x00, 0x00, 0xf9, 0x00, 0x02, // ................
	0x00, 0xf9, 0x05, 0x00, 0x00, 0xf8, 0x00, 0x02, 0x00, 0xf9, 0x05, 0x00, 0x00, 0xf5, 0x00, 0x07, // ................
	0x00, 0x39, 0x00, 0x00, 0x00, 0x79, 0x0c, 0x00, 0x00, 0x77, 0x0c, 0x00, 0x00, 0xa3, 0x05, 0x00, // .9...y...w......
	0x00, 0xe7, 0x0b, 0x00, 0x00, 0xad, 0x05, 0x00, 0x00, 0x41, 0x00, 0x07, 0x00, 0xed, 0x01, 0x00, // .........A......
	0x00, 0xfa, 0x05, 0x00, 0x00, 0x8c, 0x01, 0x00, 0x00, 0xeb, 0x01, 0x00, 0x00, 0x50, 0x02, 0x00, // .............P..
	0x00, 0x9b, 0x00, 0x00, 0x00, 0x3d, 0x00, 0x04, 0x00, 0x08, 0x00, 0x00, 0x00, 0xfb, 0x05, 0x00, // .....=..........
	0x00, 0xfa, 0x05, 0x00, 0x00, 0x4f, 0x00, 0x08, 0x00, 0x18, 0x00, 0x00, 0x00, 0xfd, 0x05, 0x00, // .....O..........
	0x00, 0x79, 0x0c, 0x00, 0x00, 0x79, 0x0c, 0x00, 0x00, 0x00, 0x00, 0x00, 0x00, 0x01, 0x00, 0x00, // .y...y..........
	0x00, 0x02, 0x00, 0x00, 0x00, 0x0c, 0x00, 0x06, 0x00, 0x08, 0x00, 0x00, 0x00, 0xfe, 0x05, 0x00, // ................
	0x00, 0x01, 0x00, 0x00, 0x00, 0x42, 0x00, 0x00, 0x00, 0xfd, 0x05, 0x00, 0x00, 0xba, 0x00, 0x05, // .....B..........
	0x00, 0xba, 0x00, 0x00, 0x00, 0x00, 0x06, 0x00, 0x00, 0xfb, 0x05, 0x00, 0x00, 0xa2, 0x00, 0x00, // ................
	0x00, 0xba, 0x00, 0x05, 0x00, 0xba, 0x00, 0x00, 0x00, 0x03, 0x06, 0x00, 0x00, 0xfe, 0x05, 0x00, // ................
	0x00, 0xfb, 0x05, 0x00, 0x00, 0xa7, 0x00, 0x05, 0x00, 0xba, 0x00, 0x00, 0x00, 0x04, 0x06, 0x00, // ................
	0x00, 0x00, 0x06, 0x00, 0x00, 0x03, 0x06, 0x00, 0x00, 0xf7, 0x00, 0x03, 0x00, 0x12, 0x06, 0x00, // ................
	0x00, 0x00, 0x00, 0x00, 0x00, 0xfa, 0x00, 0x04, 0x00, 0x04, 0x06, 0x00, 0x00, 0x05, 0x06, 0x00, // ................
	0x00, 0x12, 0x06, 0x00, 0x00, 0xf8, 0x00, 0x02, 0x00, 0x05, 0x06, 0x00, 0x00, 0x88, 0x00, 0x05, // ................
	0x00, 0x08, 0x00, 0x00, 0x00, 0x08, 0x06, 0x00, 0x00, 0xfb, 0x05, 0x00, 0x00, 0xfe, 0x05, 0x00, // ................
	0x00, 0x8e, 0x00, 0x05, 0x00, 0x18, 0x00, 0x00, 0x00, 0x0b, 0x06, 0x00, 0x00, 0xfd, 0x05, 0x00, // ................
	0x00, 0x08, 0x06, 0x00, 0x00, 0x51, 0x00, 0x05, 0x00, 0x08, 0x00, 0x00, 0x00, 0x0d, 0x06, 0x00, // .....Q..........
	0x00, 0x0b, 0x06, 0x00, 0x00, 0x00, 0x00, 0x00, 0x00, 0x52, 0x00, 0x06, 0x00, 0x39, 0x00, 0x00, // .........R...9..
	0x00, 0xe9, 0x0b, 0x00, 0x00, 0x0d, 0x06, 0x00, 0x00, 0x79, 0x0c, 0x00, 0x00, 0x00, 0x00, 0x00, // .........y......
	0x00, 0x51, 0x00, 0x05, 0x00, 0x08, 0x00, 0x00, 0x00, 0x0f, 0x06, 0x00, 0x00, 0x0b, 0x06, 0x00, // .Q..............
	0x00, 0x01, 0x00, 0x00, 0x00, 0x52, 0x00, 0x06, 0x00, 0x39, 0x00, 0x00, 0x00, 0xeb, 0x0b, 0x00, // .....R...9......
	0x00, 0x0f, 0x06, 0x00, 0x00, 0xe9, 0x0b, 0x00, 0x00, 0x01, 0x00, 0x00, 0x00, 0x51, 0x00, 0x05, // .............Q..
	0x00, 0x08, 0x00, 0x00, 0x00, 0x11, 0x06, 0x00, 0x00, 0x0b, 0x06, 0x00, 0x00, 0x02, 0x00, 0x00, // ................
	0x00, 0x52, 0x00, 0x06, 0x00, 0x39, 0x00, 0x00, 0x00, 0xed, 0x0b, 0x00, 0x00, 0x11, 0x06, 0x00, // .R...9..........
	0x00, 0xeb, 0x0b, 0x00, 0x00, 0x02, 0x00, 0x00, 0x00, 0xf9, 0x00, 0x02, 0x00, 0x12, 0x06, 0x00, // ................
	0x00, 0xf8, 0x00, 0x02, 0x00, 0x12, 0x06, 0x00, 0x00, 0xf5, 0x00, 0x07, 0x00, 0x39, 0x00, 0x00, // .............9..
	0x00, 0x7a, 0x0c, 0x00, 0x00, 0x79, 0x0c, 0x00, 0x00, 0xf9, 0x05, 0x00, 0x00, 0xed, 0x0b, 0x00, // .z...y..........
	0x00, 0x05, 0x06, 0x00, 0x00, 0x4f, 0x00, 0x08, 0x00, 0x18, 0x00, 0x00, 0x00, 0x14, 0x06, 0x00, // .....O..........
	0x00, 0x7a, 0x0c, 0x00, 0x00, 0x7a, 0x0c, 0x00, 0x00, 0x00, 0x00, 0x00, 0x00, 0x01, 0x00, 0x00, // .z...z..........
	0x00, 0x02, 0x00, 0x00, 0x00, 0x8e, 0x00, 0x05, 0x00, 0x18, 0x00, 0x00, 0x00, 0x16, 0x06, 0x00, // ................
	0x00, 0x14, 0x06, 0x00, 0x00, 0x3e, 0x05, 0x00, 0x00, 0x4f, 0x00, 0x08, 0x00, 0x18, 0x00, 0x00, // .....>...O......
	0x00, 0x18, 0x06, 0x00, 0x00, 0x68, 0x0c, 0x00, 0x00, 0x68, 0x0c, 0x00, 0x00, 0x00, 0x00, 0x00, // .....h...h......
	0x00, 0x01, 0x00, 0x00, 0x00, 0x02, 0x00, 0x00, 0x00, 0x81, 0x00, 0x05, 0x00, 0x18, 0x00, 0x00, // ................
	0x00, 0x19, 0x06, 0x00, 0x00, 0x18, 0x06, 0x00, 0x00, 0x16, 0x06, 0x00, 0x00, 0x51, 0x00, 0x05, // .............Q..
	0x00, 0x08, 0x00, 0x00, 0x00, 0x1b, 0x06, 0x00, 0x00, 0x19, 0x06, 0x00, 0x00, 0x00, 0x00, 0x00, // ................
	0x00, 0x52, 0x00, 0x06, 0x00, 0x39, 0x00, 0x00, 0x00, 0xef, 0x0b, 0x00, 0x00, 0x1b, 0x06, 0x00, // .R...9..........
	0x00, 0x68, 0x0c, 0x00, 0x00, 0x00, 0x00, 0x00, 0x00, 0x51, 0x00, 0x05, 0x00, 0x08, 0x00, 0x00, // .h.......Q......
	0x00, 0x1d, 0x06, 0x00, 0x00, 0x19, 0x06, 0x00, 0x00, 0x01, 0x00, 0x00, 0x00, 0x52, 0x00, 0x06, // .............R..
	0x00, 0x39, 0x00, 0x00, 0x00, 0xf1, 0x0b, 0x00, 0x00, 0x1d, 0x06, 0x00, 0x00, 0xef, 0x0b, 0x00, // .9..............
	0x00, 0x01, 0x00, 0x00, 0x00, 0x51, 0x00, 0x05, 0x00, 0x08, 0x00, 0x00, 0x00, 0x1f, 0x06, 0x00, // .....Q..........
	0x00, 0x19, 0x06, 0x00, 0x00, 0x02, 0x00, 0x00, 0x00, 0x52, 0x00, 0x06, 0x00, 0x39, 0x00, 0x00, // .........R...9..
	0x00, 0xf3, 0x0b, 0x00, 0x00, 0x1f, 0x06, 0x00, 0x00, 0xf1, 0x0b, 0x00, 0x00, 0x02, 0x00, 0x00, // ................
	0x00, 0x41, 0x00, 0x07, 0x00, 0xed, 0x01, 0x00, 0x00, 0x20, 0x06, 0x00, 0x00, 0x8c, 0x01, 0x00, // .A....... ......
	0x00, 0xeb, 0x01, 0x00, 0x00, 0x1c, 0x03, 0x00, 0x00, 0xe0, 0x00, 0x00, 0x00, 0x3d, 0x00, 0x04, // .............=..
	0x00, 0x08, 0x00, 0x00, 0x00, 0x21, 0x06, 0x00, 0x00, 0x20, 0x06, 0x00, 0x00, 0x7c, 0x00, 0x04, // .....!... ...|..
	0x00, 0x06, 0x00, 0x00, 0x00, 0xff, 0x07, 0x00, 0x00, 0x21, 0x06, 0x00, 0x00, 0xab, 0x00, 0x05, // .........!......
	0x00, 0xba, 0x00, 0x00, 0x00, 0x23, 0x06, 0x00, 0x00, 0xff, 0x07, 0x00, 0x00, 0x34, 0x01, 0x00, // .....#.......4..
	0x00, 0x41, 0x00, 0x07, 0x00, 0xed, 0x01, 0x00, 0x00, 0x24, 0x06, 0x00, 0x00, 0x8c, 0x01, 0x00, // .A.......$......
	0x00, 0xeb, 0x01, 0x00, 0x00, 0x77, 0x02, 0x00, 0x00, 0x34, 0x01, 0x00, 0x00, 0x3d, 0x00, 0x04, // .....w...4...=..
	0x00, 0x08, 0x00, 0x00, 0x00, 0x25, 0x06, 0x00, 0x00, 0x24, 0x06, 0x00, 0x00, 0xb8, 0x00, 0x05, // .....%...$......
	0x00, 0xba, 0x00, 0x00, 0x00, 0x2a, 0x06, 0x00, 0x00, 0x1d, 0x06, 0x00, 0x00, 0x25, 0x06, 0x00, // .....*.......%..
	0x00, 0xa7, 0x00, 0x05, 0x00, 0xba, 0x00, 0x00, 0x00, 0x2b, 0x06, 0x00, 0x00, 0x23, 0x06, 0x00, // .........+...#..
	0x00, 0x2a, 0x06, 0x00, 0x00, 0x51, 0x00, 0x05, 0x00, 0x08, 0x00, 0x00, 0x00, 0x2d, 0x06, 0x00, // .*...Q.......-..
	0x00, 0x7a, 0x0c, 0x00, 0x00, 0x01, 0x00, 0x00, 0x00, 0xb8, 0x00, 0x05, 0x00, 0xba, 0x00, 0x00, // .z..............
	0x00, 0x2e, 0x06, 0x00, 0x00, 0x2d, 0x06, 0x00, 0x00, 0xa2, 0x00, 0x00, 0x00, 0xa7, 0x00, 0x05, // .....-..........
	0x00, 0xba, 0x00, 0x00, 0x00, 0x2f, 0x06, 0x00, 0x00, 0x2b, 0x06, 0x00, 0x00, 0x2e, 0x06, 0x00, // ...../...+......
	0x00, 0xf7, 0x00, 0x03, 0x00, 0x43, 0x06, 0x00, 0x00, 0x00, 0x00, 0x00, 0x00, 0xfa, 0x00, 0x04, // .....C..........
	0x00, 0x2f, 0x06, 0x00, 0x00, 0x30, 0x06, 0x00, 0x00, 0x43, 0x06, 0x00, 0x00, 0xf8, 0x00, 0x02, // ./...0...C......
	0x00, 0x30, 0x06, 0x00, 0x00, 0x52, 0x00, 0x06, 0x00, 0x39, 0x00, 0x00, 0x00, 0xf7, 0x0b, 0x00, // .0...R...9......
	0x00, 0x25, 0x06, 0x00, 0x00, 0xf3, 0x0b, 0x00, 0x00, 0x01, 0x00, 0x00, 0x00, 0x7f, 0x00, 0x04, // .%..............
	0x00, 0x08, 0x00, 0x00, 0x00, 0x35, 0x06, 0x00, 0x00, 0x2d, 0x06, 0x00, 0x00, 0x41, 0x00, 0x07, // .....5...-...A..
	0x00, 0xed, 0x01, 0x00, 0x00, 0x36, 0x06, 0x00, 0x00, 0x8c, 0x01, 0x00, 0x00, 0xeb, 0x01, 0x00, // .....6..........
	0x00, 0x77, 0x02, 0x00, 0x00, 0x91, 0x00, 0x00, 0x00, 0x3d, 0x00, 0x04, 0x00, 0x08, 0x00, 0x00, // .w.......=......
	0x00, 0x37, 0x06, 0x00, 0x00, 0x36, 0x06, 0x00, 0x00, 0x85, 0x00, 0x05, 0x00, 0x08, 0x00, 0x00, // .7...6..........
	0x00, 0x38, 0x06, 0x00, 0x00, 0x35, 0x06, 0x00, 0x00, 0x37, 0x06, 0x00, 0x00, 0x52, 0x00, 0x06, // .8...5...7...R..
	0x00, 0x39, 0x00, 0x00, 0x00, 0xfa, 0x0b, 0x00, 0x00, 0x38, 0x06, 0x00, 0x00, 0x7a, 0x0c, 0x00, // .9.......8...z..
	0x00, 0x01, 0x00, 0x00, 0x00, 0x41, 0x00, 0x07, 0x00, 0xed, 0x01, 0x00, 0x00, 0x3a, 0x06, 0x00, // .....A.......:..
	0x00, 0x8c, 0x01, 0x00, 0x00, 0xeb, 0x01, 0x00, 0x00, 0x77, 0x02, 0x00, 0x00, 0x9b, 0x00, 0x00, // .........w......
	0x00, 0x3d, 0x00, 0x04, 0x00, 0x08, 0x00, 0x00, 0x00, 0x3b, 0x06, 0x00, 0x00, 0x3a, 0x06, 0x00, // .=.......;...:..
	0x00, 0x4f, 0x00, 0x07, 0x00, 0x3c, 0x03, 0x00, 0x00, 0x3d, 0x06, 0x00, 0x00, 0xfa, 0x0b, 0x00, // .O...<...=......
	0x00, 0xfa, 0x0b, 0x00, 0x00, 0x00, 0x00, 0x00, 0x00, 0x02, 0x00, 0x00, 0x00, 0x8e, 0x00, 0x05, // ................
	0x00, 0x3c, 0x03, 0x00, 0x00, 0x3e, 0x06, 0x00, 0x00, 0x3d, 0x06, 0x00, 0x00, 0x3b, 0x06, 0x00, // .<...>...=...;..
	0x00, 0x51, 0x00, 0x05, 0x00, 0x08, 0x00, 0x00, 0x00, 0x40, 0x06, 0x00, 0x00, 0x3e, 0x06, 0x00, // .Q.......@...>..
	0x00, 0x00, 0x00, 0x00, 0x00, 0x52, 0x00, 0x06, 0x00, 0x39, 0x00, 0x00, 0x00, 0xfc, 0x0b, 0x00, // .....R...9......
	0x00, 0x40, 0x06, 0x00, 0x00, 0xfa, 0x0b, 0x00, 0x00, 0x00, 0x00, 0x00, 0x00, 0x51, 0x00, 0x05, // .@...........Q..
	0x00, 0x08, 0x00, 0x00, 0x00, 0x42, 0x06, 0x00, 0x00, 0x3e, 0x06, 0x00, 0x00, 0x01, 0x00, 0x00, // .....B...>......
	0x00, 0x52, 0x00, 0x06, 0x00, 0x39, 0x00, 0x00, 0x00, 0xfe, 0x0b, 0x00, 0x00, 0x42, 0x06, 0x00, // .R...9.......B..
	0x00, 0xfc, 0x0b, 0x00, 0x00, 0x02, 0x00, 0x00, 0x00, 0xf9, 0x00, 0x02, 0x00, 0x43, 0x06, 0x00, // .............C..
	0x00, 0xf8, 0x00, 0x02, 0x00, 0x43, 0x06, 0x00, 0x00, 0xf5, 0x00, 0x07, 0x00, 0x39, 0x00, 0x00, // .....C.......9..
	0x00, 0x90, 0x0c, 0x00, 0x00, 0x7a, 0x0c, 0x00, 0x00, 0x12, 0x06, 0x00, 0x00, 0xfe, 0x0b, 0x00, // .....z..........
	0x00, 0x30, 0x06, 0x00, 0x00, 0xf5, 0x00, 0x07, 0x00, 0x39, 0x00, 0x00, 0x00, 0x8d, 0x0c, 0x00, // .0.......9......
	0x00, 0xf3, 0x0b, 0x00, 0x00, 0x12, 0x06, 0x00, 0x00, 0xf7, 0x0b, 0x00, 0x00, 0x30, 0x06, 0x00, // .............0..
	0x00, 0x4f, 0x00, 0x08, 0x00, 0x18, 0x00, 0x00, 0x00, 0x45, 0x06, 0x00, 0x00, 0x3b, 0x05, 0x00, // .O.......E...;..
	0x00, 0x3b, 0x05, 0x00, 0x00, 0x00, 0x00, 0x00, 0x00, 0x01, 0x00, 0x00, 0x00, 0x02, 0x00, 0x00, // .;..............
	0x00, 0x8e, 0x00, 0x05, 0x00, 0x18, 0x00, 0x00, 0x00, 0x47, 0x06, 0x00, 0x00, 0x45, 0x06, 0x00, // .........G...E..
	0x00, 0x3e, 0x05, 0x00, 0x00, 0x4f, 0x00, 0x08, 0x00, 0x18, 0x00, 0x00, 0x00, 0x49, 0x06, 0x00, // .>...O.......I..
	0x00, 0x37, 0x05, 0x00, 0x00, 0x37, 0x05, 0x00, 0x00, 0x00, 0x00, 0x00, 0x00, 0x01, 0x00, 0x00, // .7...7..........
	0x00, 0x02, 0x00, 0x00, 0x00, 0x81, 0x00, 0x05, 0x00, 0x18, 0x00, 0x00, 0x00, 0x4a, 0x06, 0x00, // .............J..
	0x00, 0x49, 0x06, 0x00, 0x00, 0x47, 0x06, 0x00, 0x00, 0x51, 0x00, 0x05, 0x00, 0x08, 0x00, 0x00, // .I...G...Q......
	0x00, 0x4c, 0x06, 0x00, 0x00, 0x4a, 0x06, 0x00, 0x00, 0x00, 0x00, 0x00, 0x00, 0x52, 0x00, 0x06, // .L...J.......R..
	0x00, 0x39, 0x00, 0x00, 0x00, 0x00, 0x0c, 0x00, 0x00, 0x4c, 0x06, 0x00, 0x00, 0x37, 0x05, 0x00, // .9.......L...7..
	0x00, 0x00, 0x00, 0x00, 0x00, 0x51, 0x00, 0x05, 0x00, 0x08, 0x00, 0x00, 0x00, 0x4e, 0x06, 0x00, // .....Q.......N..
	0x00, 0x4a, 0x06, 0x00, 0x00, 0x01, 0x00, 0x00, 0x00, 0x52, 0x00, 0x06, 0x00, 0x39, 0x00, 0x00, // .J.......R...9..
	0x00, 0x02, 0x0c, 0x00, 0x00, 0x4e, 0x06, 0x00, 0x00, 0x00, 0x0c, 0x00, 0x00, 0x01, 0x00, 0x00, // .....N..........
	0x00, 0x51, 0x00, 0x05, 0x00, 0x08, 0x00, 0x00, 0x00, 0x50, 0x06, 0x00, 0x00, 0x4a, 0x06, 0x00, // .Q.......P...J..
	0x00, 0x02, 0x00, 0x00, 0x00, 0x52, 0x00, 0x06, 0x00, 0x39, 0x00, 0x00, 0x00, 0x04, 0x0c, 0x00, // .....R...9......
	0x00, 0x50, 0x06, 0x00, 0x00, 0x02, 0x0c, 0x00, 0x00, 0x02, 0x00, 0x00, 0x00, 0xf9, 0x00, 0x02, // .P..............
	0x00, 0x51, 0x06, 0x00, 0x00, 0xf8, 0x00, 0x02, 0x00, 0x51, 0x06, 0x00, 0x00, 0xf5, 0x00, 0x07, // .Q.......Q......
	0x00, 0x39, 0x00, 0x00, 0x00, 0xaf, 0x0c, 0x00, 0x00, 0x37, 0x05, 0x00, 0x00, 0x57, 0x05, 0x00, // .9.......7...W..
	0x00, 0x04, 0x0c, 0x00, 0x00, 0x43, 0x06, 0x00, 0x00, 0xf5, 0x00, 0x07, 0x00, 0x39, 0x00, 0x00, // .....C.......9..
	0x00, 0x8f, 0x0c, 0x00, 0x00, 0x33, 0x05, 0x00, 0x00, 0x57, 0x05, 0x00, 0x00, 0x90, 0x0c, 0x00, // .....3...W......
	0x00, 0x43, 0x06, 0x00, 0x00, 0xf5, 0x00, 0x07, 0x00, 0x39, 0x00, 0x00, 0x00, 0x8c, 0x0c, 0x00, // .C.......9......
	0x00, 0x68, 0x0c, 0x00, 0x00, 0x57, 0x05, 0x00, 0x00, 0x8d, 0x0c, 0x00, 0x00, 0x43, 0x06, 0x00, // .h...W.......C..
	0x00, 0x41, 0x00, 0x07, 0x00, 0xed, 0x01, 0x00, 0x00, 0x52, 0x06, 0x00, 0x00, 0x8c, 0x01, 0x00, // .A.......R......
	0x00, 0xeb, 0x01, 0x00, 0x00, 0xeb, 0x01, 0x00, 0x00, 0x9b, 0x00, 0x00, 0x00, 0x3d, 0x00, 0x04, // .............=..
	0x00, 0x08, 0x00, 0x00, 0x00, 0x53, 0x06, 0x00, 0x00, 0x52, 0x06, 0x00, 0x00, 0x7c, 0x00, 0x04, // .....S...R...|..
	0x00, 0x06, 0x00, 0x00, 0x00, 0x03, 0x08, 0x00, 0x00, 0x53, 0x06, 0x00, 0x00, 0x41, 0x00, 0x07, // .........S...A..
	0x00, 0xed, 0x01, 0x00, 0x00, 0x55, 0x06, 0x00, 0x00, 0x8c, 0x01, 0x00, 0x00, 0xeb, 0x01, 0x00, // .....U..........
	0x00, 0xeb, 0x01, 0x00, 0x00, 0xe0, 0x00, 0x00, 0x00, 0x3d, 0x00, 0x04, 0x00, 0x08, 0x00, 0x00, // .........=......
	0x00, 0x56, 0x06, 0x00, 0x00, 0x55, 0x06, 0x00, 0x00, 0x7c, 0x00, 0x04, 0x00, 0x06, 0x00, 0x00, // .V...U...|......
	0x00, 0x07, 0x08, 0x00, 0x00, 0x56, 0x06, 0x00, 0x00, 0x80, 0x00, 0x05, 0x00, 0x06, 0x00, 0x00, // .....V..........
	0x00, 0x5a, 0x06, 0x00, 0x00, 0x22, 0x05, 0x00, 0x00, 0x68, 0x07, 0x00, 0x00, 0x82, 0x00, 0x05, // .Z..."...h......
	0x00, 0x06, 0x00, 0x00, 0x00, 0x5c, 0x06, 0x00, 0x00, 0x5a, 0x06, 0x00, 0x00, 0x03, 0x08, 0x00, // .........Z......
	0x00, 0x89, 0x00, 0x05, 0x00, 0x06, 0x00, 0x00, 0x00, 0x5e, 0x06, 0x00, 0x00, 0x5c, 0x06, 0x00, // .........^......
	0x00, 0x68, 0x07, 0x00, 0x00, 0xb0, 0x00, 0x05, 0x00, 0xba, 0x00, 0x00, 0x00, 0x61, 0x06, 0x00, // .h...........a..
	0x00, 0x5e, 0x06, 0x00, 0x00, 0x07, 0x08, 0x00, 0x00, 0xf7, 0x00, 0x03, 0x00, 0x4b, 0x07, 0x00, // .^...........K..
	0x00, 0x00, 0x00, 0x00, 0x00, 0xfa, 0x00, 0x04, 0x00, 0x61, 0x06, 0x00, 0x00, 0x63, 0x06, 0x00, // .........a...c..
	0x00, 0x4b, 0x07, 0x00, 0x00, 0xf8, 0x00, 0x02, 0x00, 0x63, 0x06, 0x00, 0x00, 0x41, 0x00, 0x07, // .K.......c...A..
	0x00, 0xed, 0x01, 0x00, 0x00, 0x64, 0x06, 0x00, 0x00, 0x8c, 0x01, 0x00, 0x00, 0xeb, 0x01, 0x00, // .....d..........
	0x00, 0x6a, 0x02, 0x00, 0x00, 0x9b, 0x00, 0x00, 0x00, 0x3d, 0x00, 0x04, 0x00, 0x08, 0x00, 0x00, // .j.......=......
	0x00, 0x65, 0x06, 0x00, 0x00, 0x64, 0x06, 0x00, 0x00, 0x7c, 0x00, 0x04, 0x00, 0x06, 0x00, 0x00, // .e...d...|......
	0x00, 0x0b, 0x08, 0x00, 0x00, 0x65, 0x06, 0x00, 0x00, 0x80, 0x00, 0x05, 0x00, 0x06, 0x00, 0x00, // .....e..........
	0x00, 0x68, 0x06, 0x00, 0x00, 0x0b, 0x08, 0x00, 0x00, 0x5e, 0x06, 0x00, 0x00, 0x41, 0x00, 0x07, // .h.......^...A..
	0x00, 0xed, 0x01, 0x00, 0x00, 0x6a, 0x06, 0x00, 0x00, 0x8c, 0x01, 0x00, 0x00, 0xeb, 0x01, 0x00, // .....j..........
	0x00, 0x8d, 0x01, 0x00, 0x00, 0x34, 0x01, 0x00, 0x00, 0x3d, 0x00, 0x04, 0x00, 0x08, 0x00, 0x00, // .....4...=......
	0x00, 0x6b, 0x06, 0x00, 0x00, 0x6a, 0x06, 0x00, 0x00, 0x7c, 0x00, 0x04, 0x00, 0x06, 0x00, 0x00, // .k...j...|......
	0x00, 0x0f, 0x08, 0x00, 0x00, 0x6b, 0x06, 0x00, 0x00, 0xc6, 0x00, 0x05, 0x00, 0x06, 0x00, 0x00, // .....k..........
	0x00, 0x6d, 0x06, 0x00, 0x00, 0x68, 0x06, 0x00, 0x00, 0x0f, 0x08, 0x00, 0x00, 0xc2, 0x00, 0x05, // .m...h..........
	0x00, 0x06, 0x00, 0x00, 0x00, 0x13, 0x08, 0x00, 0x00, 0x6d, 0x06, 0x00, 0x00, 0x6f, 0x00, 0x00, // .........m...o..
	0x00, 0xc6, 0x00, 0x05, 0x00, 0x06, 0x00, 0x00, 0x00, 0x15, 0x08, 0x00, 0x00, 0x6d, 0x06, 0x00, // .............m..
	0x00, 0x13, 0x08, 0x00, 0x00, 0x84, 0x00, 0x05, 0x00, 0x06, 0x00, 0x00, 0x00, 0x17, 0x08, 0x00, // ................
	0x00, 0x15, 0x08, 0x00, 0x00, 0x73, 0x00, 0x00, 0x00, 0xc2, 0x00, 0x05, 0x00, 0x06, 0x00, 0x00, // .....s..........
	0x00, 0x19, 0x08, 0x00, 0x00, 0x17, 0x08, 0x00, 0x00, 0x77, 0x00, 0x00, 0x00, 0xc6, 0x00, 0x05, // .........w......
	0x00, 0x06, 0x00, 0x00, 0x00, 0x1b, 0x08, 0x00, 0x00, 0x17, 0x08, 0x00, 0x00, 0x19, 0x08, 0x00, // ................
	0x00, 0x84, 0x00, 0x05, 0x00, 0x06, 0x00, 0x00, 0x00, 0x1d, 0x08, 0x00, 0x00, 0x1b, 0x08, 0x00, // ................
	0x00, 0x7b, 0x00, 0x00, 0x00, 0xc2, 0x00, 0x05, 0x00, 0x06, 0x00, 0x00, 0x00, 0x1f, 0x08, 0x00, // .{..............
	0x00, 0x1d, 0x08, 0x00, 0x00, 0x6f, 0x00, 0x00, 0x00, 0xc6, 0x00, 0x05, 0x00, 0x06, 0x00, 0x00, // .....o..........
	0x00, 0x21, 0x08, 0x00, 0x00, 0x1d, 0x08, 0x00, 0x00, 0x1f, 0x08, 0x00, 0x00, 0x41, 0x00, 0x06, // .!...........A..
	0x00, 0x91, 0x01, 0x00, 0x00, 0x6f, 0x06, 0x00, 0x00, 0x8c, 0x01, 0x00, 0x00, 0xeb, 0x01, 0x00, // .....o..........
	0x00, 0x7b, 0x03, 0x00, 0x00, 0x3d, 0x00, 0x04, 0x00, 0x39, 0x00, 0x00, 0x00, 0x70, 0x06, 0x00, // .{...=...9...p..
	0x00, 0x6f, 0x06, 0x00, 0x00, 0x4f, 0x00, 0x08, 0x00, 0x18, 0x00, 0x00, 0x00, 0x71, 0x06, 0x00, // .o...O.......q..
	0x00, 0x70, 0x06, 0x00, 0x00, 0x70, 0x06, 0x00, 0x00, 0x00, 0x00, 0x00, 0x00, 0x01, 0x00, 0x00, // .p...p..........
	0x00, 0x02, 0x00, 0x00, 0x00, 0x41, 0x00, 0x07, 0x00, 0xed, 0x01, 0x00, 0x00, 0x72, 0x06, 0x00, // .....A.......r..
	0x00, 0x8c, 0x01, 0x00, 0x00, 0xeb, 0x01, 0x00, 0x00, 0x8d, 0x01, 0x00, 0x00, 0x91, 0x00, 0x00, // ................
	0x00, 0x3d, 0x00, 0x04, 0x00, 0x08, 0x00, 0x00, 0x00, 0x73, 0x06, 0x00, 0x00, 0x72, 0x06, 0x00, // .=.......s...r..
	0x00, 0x7c, 0x00, 0x04, 0x00, 0x06, 0x00, 0x00, 0x00, 0x26, 0x08, 0x00, 0x00, 0x73, 0x06, 0x00, // .|.......&...s..
	0x00, 0x41, 0x00, 0x06, 0x00, 0x91, 0x01, 0x00, 0x00, 0x75, 0x06, 0x00, 0x00, 0x8c, 0x01, 0x00, // .A.......u......
	0x00, 0xeb, 0x01, 0x00, 0x00, 0x84, 0x03, 0x00, 0x00, 0x3d, 0x00, 0x04, 0x00, 0x39, 0x00, 0x00, // .........=...9..
	0x00, 0x76, 0x06, 0x00, 0x00, 0x75, 0x06, 0x00, 0x00, 0x4f, 0x00, 0x08, 0x00, 0x18, 0x00, 0x00, // .v...u...O......
	0x00, 0x77, 0x06, 0x00, 0x00, 0x76, 0x06, 0x00, 0x00, 0x76, 0x06, 0x00, 0x00, 0x00, 0x00, 0x00, // .w...v...v......
	0x00, 0x01, 0x00, 0x00, 0x00, 0x02, 0x00, 0x00, 0x00, 0x41, 0x00, 0x07, 0x00, 0xed, 0x01, 0x00, // .........A......
	0x00, 0x79, 0x06, 0x00, 0x00, 0x8c, 0x01, 0x00, 0x00, 0xeb, 0x01, 0x00, 0x00, 0x84, 0x03, 0x00, // .y..............
	0x00, 0xe0, 0x00, 0x00, 0x00, 0x3d, 0x00, 0x04, 0x00, 0x08, 0x00, 0x00, 0x00, 0x7a, 0x06, 0x00, // .....=.......z..
	0x00, 0x79, 0x06, 0x00, 0x00, 0xf7, 0x00, 0x03, 0x00, 0x80, 0x08, 0x00, 0x00, 0x00, 0x00, 0x00, // .y..............
	0x00, 0xfb, 0x00, 0x03, 0x00, 0x34, 0x01, 0x00, 0x00, 0x38, 0x08, 0x00, 0x00, 0xf8, 0x00, 0x02, // .....4...8......
	0x00, 0x38, 0x08, 0x00, 0x00, 0xaa, 0x00, 0x05, 0x00, 0xba, 0x00, 0x00, 0x00, 0x3a, 0x08, 0x00, // .8...........:..
	0x00, 0x26, 0x08, 0x00, 0x00, 0x91, 0x00, 0x00, 0x00, 0xf7, 0x00, 0x03, 0x00, 0x47, 0x08, 0x00, // .&...........G..
	0x00, 0x00, 0x00, 0x00, 0x00, 0xfa, 0x00, 0x04, 0x00, 0x3a, 0x08, 0x00, 0x00, 0x3b, 0x08, 0x00, // .........:...;..
	0x00, 0x47, 0x08, 0x00, 0x00, 0xf8, 0x00, 0x02, 0x00, 0x3b, 0x08, 0x00, 0x00, 0x80, 0x00, 0x05, // .G.......;......
	0x00, 0x06, 0x00, 0x00, 0x00, 0x8a, 0x08, 0x00, 0x00, 0x21, 0x08, 0x00, 0x00, 0x2e, 0x01, 0x00, // .........!......
	0x00, 0xc2, 0x00, 0x05, 0x00, 0x06, 0x00, 0x00, 0x00, 0xad, 0x08, 0x00, 0x00, 0x8a, 0x08, 0x00, // ................
	0x00, 0x6f, 0x00, 0x00, 0x00, 0xc6, 0x00, 0x05, 0x00, 0x06, 0x00, 0x00, 0x00, 0xaf, 0x08, 0x00, // .o..............
	0x00, 0x8a, 0x08, 0x00, 0x00, 0xad, 0x08, 0x00, 0x00, 0x84, 0x00, 0x05, 0x00, 0x06, 0x00, 0x00, // ................
	0x00, 0xb1, 0x08, 0x00, 0x00, 0xaf, 0x08, 0x00, 0x00, 0x73, 0x00, 0x00, 0x00, 0xc2, 0x00, 0x05, // .........s......
	0x00, 0x06, 0x00, 0x00, 0x00, 0xb3, 0x08, 0x00, 0x00, 0xb1, 0x08, 0x00, 0x00, 0x77, 0x00, 0x00, // .............w..
	0x00, 0xc6, 0x00, 0x05, 0x00, 0x06, 0x00, 0x00, 0x00, 0xb5, 0x08, 0x00, 0x00, 0xb1, 0x08, 0x00, // ................
	0x00, 0xb3, 0x08, 0x00, 0x00, 0x84, 0x00, 0x05, 0x00, 0x06, 0x00, 0x00, 0x00, 0xb7, 0x08, 0x00, // ................
	0x00, 0xb5, 0x08, 0x00, 0x00, 0x7b, 0x00, 0x00, 0x00, 0xc2, 0x00, 0x05, 0x00, 0x06, 0x00, 0x00, // .....{..........
	0x00, 0xb9, 0x08, 0x00, 0x00, 0xb7, 0x08, 0x00, 0x00, 0x6f, 0x00, 0x00, 0x00, 0xc6, 0x00, 0x05, // .........o......
	0x00, 0x06, 0x00, 0x00, 0x00, 0xbb, 0x08, 0x00, 0x00, 0xb7, 0x08, 0x00, 0x00, 0xb9, 0x08, 0x00, // ................
	0x00, 0xc7, 0x00, 0x05, 0x00, 0x06, 0x00, 0x00, 0x00, 0xa7, 0x08, 0x00, 0x00, 0xbb, 0x08, 0x00, // ................
	0x00, 0x88, 0x00, 0x00, 0x00, 0x70, 0x00, 0x04, 0x00, 0x08, 0x00, 0x00, 0x00, 0xa8, 0x08, 0x00, // .....p..........
	0x00, 0xa7, 0x08, 0x00, 0x00, 0x85, 0x00, 0x05, 0x00, 0x08, 0x00, 0x00, 0x00, 0x8c, 0x08, 0x00, // ................
	0x00, 0xa8, 0x08, 0x00, 0x00, 0x5c, 0x0c, 0x00, 0x00, 0x83, 0x00, 0x05, 0x00, 0x08, 0x00, 0x00, // ................
	0x00, 0x8d, 0x08, 0x00, 0x00, 0x8c, 0x08, 0x00, 0x00, 0x97, 0x00, 0x00, 0x00, 0x80, 0x00, 0x05, // ................
	0x00, 0x06, 0x00, 0x00, 0x00, 0x8f, 0x08, 0x00, 0x00, 0x21, 0x08, 0x00, 0x00, 0x3f, 0x01, 0x00, // .........!...?..
	0x00, 0xc2, 0x00, 0x05, 0x00, 0x06, 0x00, 0x00, 0x00, 0xc8, 0x08, 0x00, 0x00, 0x8f, 0x08, 0x00, // ................
	0x00, 0x6f, 0x00, 0x00, 0x00, 0xc6, 0x00, 0x05, 0x00, 0x06, 0x00, 0x00, 0x00, 0xca, 0x08, 0x00, // .o..............
	0x00, 0x8f, 0x08, 0x00, 0x00, 0xc8, 0x08, 0x00, 0x00, 0x84, 0x00, 0x05, 0x00, 0x06, 0x00, 0x00, // ................
	0x00, 0xcc, 0x08, 0x00, 0x00, 0xca, 0x08, 0x00, 0x00, 0x73, 0x00, 0x00, 0x00, 0xc2, 0x00, 0x05, // .........s......
	0x00, 0x06, 0x00, 0x00, 0x00, 0xce, 0x08, 0x00, 0x00, 0xcc, 0x08, 0x00, 0x00, 0x77, 0x00, 0x00, // .............w..
	0x00, 0xc6, 0x00, 0x05, 0x00, 0x06, 0x00, 0x00, 0x00, 0xd0, 0x08, 0x00, 0x00, 0xcc, 0x08, 0x00, // ................
	0x00, 0xce, 0x08, 0x00, 0x00, 0x84, 0x00, 0x05, 0x00, 0x06, 0x00, 0x00, 0x00, 0xd2, 0x08, 0x00, // ................
	0x00, 0xd0, 0x08, 0x00, 0x00, 0x7b, 0x00, 0x00, 0x00, 0xc2, 0x00, 0x05, 0x00, 0x06, 0x00, 0x00, // .....{..........
	0x00, 0xd4, 0x08, 0x00, 0x00, 0xd2, 0x08, 0x00, 0x00, 0x6f, 0x00, 0x00, 0x00, 0xc6, 0x00, 0x05, // .........o......
	0x00, 0x06, 0x00, 0x00, 0x00, 0xd6, 0x08, 0x00, 0x00, 0xd2, 0x08, 0x00, 0x00, 0xd4, 0x08, 0x00, // ................
	0x00, 0xc7, 0x00, 0x05, 0x00, 0x06, 0x00, 0x00, 0x00, 0xc2, 0x08, 0x00, 0x00, 0xd6, 0x08, 0x00, // ................
	0x00, 0x88, 0x00, 0x00, 0x00, 0x70, 0x00, 0x04, 0x00, 0x08, 0x00, 0x00, 0x00, 0xc3, 0x08, 0x00, // .....p..........
	0x00, 0xc2, 0x08, 0x00, 0x00, 0x85, 0x00, 0x05, 0x00, 0x08, 0x00, 0x00, 0x00, 0x91, 0x08, 0x00, // ................
	0x00, 0xc3, 0x08, 0x00, 0x00, 0x5a, 0x0c, 0x00, 0x00, 0x85, 0x00, 0x05, 0x00, 0x08, 0x00, 0x00, // .....Z..........
	0x00, 0x94, 0x08, 0x00, 0x00, 0x8d, 0x08, 0x00, 0x00, 0x8d, 0x08, 0x00, 0x00, 0x83, 0x00, 0x05, // ................
	0x00, 0x08, 0x00, 0x00, 0x00, 0x95, 0x08, 0x00, 0x00, 0x97, 0x00, 0x00, 0x00, 0x94, 0x08, 0x00, // ................
	0x00, 0x0c, 0x00, 0x07, 0x00, 0x08, 0x00, 0x00, 0x00, 0x96, 0x08, 0x00, 0x00, 0x01, 0x00, 0x00, // ................
	0x00, 0x28, 0x00, 0x00, 0x00, 0xa2, 0x00, 0x00, 0x00, 0x95, 0x08, 0x00, 0x00, 0x0c, 0x00, 0x06, // .(..............
	0x00, 0x08, 0x00, 0x00, 0x00, 0x97, 0x08, 0x00, 0x00, 0x01, 0x00, 0x00, 0x00, 0x1f, 0x00, 0x00, // ................
	0x00, 0x96, 0x08, 0x00, 0x00, 0x0c, 0x00, 0x06, 0x00, 0x08, 0x00, 0x00, 0x00, 0x99, 0x08, 0x00, // ................
	0x00, 0x01, 0x00, 0x00, 0x00, 0x0e, 0x00, 0x00, 0x00, 0x91, 0x08, 0x00, 0x00, 0x85, 0x00, 0x05, // ................
	0x00, 0x08, 0x00, 0x00, 0x00, 0x9b, 0x08, 0x00, 0x00, 0x99, 0x08, 0x00, 0x00, 0x97, 0x08, 0x00, // ................
	0x00, 0x0c, 0x00, 0x06, 0x00, 0x08, 0x00, 0x00, 0x00, 0x9e, 0x08, 0x00, 0x00, 0x01, 0x00, 0x00, // ................
	0x00, 0x0d, 0x00, 0x00, 0x00, 0x91, 0x08, 0x00, 0x00, 0x85, 0x00, 0x05, 0x00, 0x08, 0x00, 0x00, // ................
	0x00, 0xa0, 0x08, 0x00, 0x00, 0x9e, 0x08, 0x00, 0x00, 0x97, 0x08, 0x00, 0x00, 0x50, 0x00, 0x06, // .............P..
	0x00, 0x18, 0x00, 0x00, 0x00, 0xa1, 0x08, 0x00, 0x00, 0x9b, 0x08, 0x00, 0x00, 0x8d, 0x08, 0x00, // ................
	0x00, 0xa0, 0x08, 0x00, 0x00, 0x85, 0x00, 0x05, 0x00, 0x08, 0x00, 0x00, 0x00, 0xdf, 0x08, 0x00, // ................
	0x00, 0xa8, 0x08, 0x00, 0x00, 0x58, 0x0c, 0x00, 0x00, 0x0c, 0x00, 0x07, 0x00, 0x08, 0x00, 0x00, // .....X..........
	0x00, 0x42, 0x08, 0x00, 0x00, 0x01, 0x00, 0x00, 0x00, 0x1a, 0x00, 0x00, 0x00, 0xdf, 0x08, 0x00, // .B..............
	0x00, 0x32, 0x01, 0x00, 0x00, 0x51, 0x00, 0x05, 0x00, 0x08, 0x00, 0x00, 0x00, 0x44, 0x08, 0x00, // .2...Q.......D..
	0x00, 0x76, 0x06, 0x00, 0x00, 0x00, 0x00, 0x00, 0x00, 0x85, 0x00, 0x05, 0x00, 0x08, 0x00, 0x00, // .v..............
	0x00, 0x45, 0x08, 0x00, 0x00, 0x42, 0x08, 0x00, 0x00, 0x44, 0x08, 0x00, 0x00, 0x8e, 0x00, 0x05, // .E...B...D......
	0x00, 0x18, 0x00, 0x00, 0x00, 0x46, 0x08, 0x00, 0x00, 0xa1, 0x08, 0x00, 0x00, 0x45, 0x08, 0x00, // .....F.......E..
	0x00, 0xf9, 0x00, 0x02, 0x00, 0x80, 0x08, 0x00, 0x00, 0xf8, 0x00, 0x02, 0x00, 0x47, 0x08, 0x00, // .............G..
	0x00, 0xaa, 0x00, 0x05, 0x00, 0xba, 0x00, 0x00, 0x00, 0x49, 0x08, 0x00, 0x00, 0x26, 0x08, 0x00, // .........I...&..
	0x00, 0x9b, 0x00, 0x00, 0x00, 0xf7, 0x00, 0x03, 0x00, 0x5a, 0x08, 0x00, 0x00, 0x00, 0x00, 0x00, // .........Z......
	0x00, 0xfa, 0x00, 0x04, 0x00, 0x49, 0x08, 0x00, 0x00, 0x4a, 0x08, 0x00, 0x00, 0x5a, 0x08, 0x00, // .....I...J...Z..
	0x00, 0xf8, 0x00, 0x02, 0x00, 0x4a, 0x08, 0x00, 0x00, 0x80, 0x00, 0x05, 0x00, 0x06, 0x00, 0x00, // .....J..........
	0x00, 0x4c, 0x08, 0x00, 0x00, 0x21, 0x08, 0x00, 0x00, 0x3f, 0x01, 0x00, 0x00, 0xc2, 0x00, 0x05, // .L...!...?......
	0x00, 0x06, 0x00, 0x00, 0x00, 0xfe, 0x08, 0x00, 0x00, 0x4c, 0x08, 0x00, 0x00, 0x6f, 0x00, 0x00, // .........L...o..
	0x00, 0xc6, 0x00, 0x05, 0x00, 0x06, 0x00, 0x00, 0x00, 0x00, 0x09, 0x00, 0x00, 0x4c, 0x08, 0x00, // .............L..
	0x00, 0xfe, 0x08, 0x00, 0x00, 0x84, 0x00, 0x05, 0x00, 0x06, 0x00, 0x00, 0x00, 0x02, 0x09, 0x00, // ................
	0x00, 0x00, 0x09, 0x00, 0x00, 0x73, 0x00, 0x00, 0x00, 0xc2, 0x00, 0x05, 0x00, 0x06, 0x00, 0x00, // .....s..........
	0x00, 0x04, 0x09, 0x00, 0x00, 0x02, 0x09, 0x00, 0x00, 0x77, 0x00, 0x00, 0x00, 0xc6, 0x00, 0x05, // .........w......
	0x00, 0x06, 0x00, 0x00, 0x00, 0x06, 0x09, 0x00, 0x00, 0x02, 0x09, 0x00, 0x00, 0x04, 0x09, 0x00, // ................
	0x00, 0x84, 0x00, 0x05, 0x00, 0x06, 0x00, 0x00, 0x00, 0x08, 0x09, 0x00, 0x00, 0x06, 0x09, 0x00, // ................
	0x00, 0x7b, 0x00, 0x00, 0x00, 0xc2, 0x00, 0x05, 0x00, 0x06, 0x00, 0x00, 0x00, 0x0a, 0x09, 0x00, // .{..............
	0x00, 0x08, 0x09, 0x00, 0x00, 0x6f, 0x00, 0x00, 0x00, 0xc6, 0x00, 0x05, 0x00, 0x06, 0x00, 0x00, // .....o..........
	0x00, 0x0c, 0x09, 0x00, 0x00, 0x08, 0x09, 0x00, 0x00, 0x0a, 0x09, 0x00, 0x00, 0xc7, 0x00, 0x05, // ................
	0x00, 0x06, 0x00, 0x00, 0x00, 0xf8, 0x08, 0x00, 0x00, 0x0c, 0x09, 0x00, 0x00, 0x88, 0x00, 0x00, // ................
	0x00, 0x70, 0x00, 0x04, 0x00, 0x08, 0x00, 0x00, 0x00, 0xf9, 0x08, 0x00, 0x00, 0xf8, 0x08, 0x00, // .p..............
	0x00, 0x85, 0x00, 0x05, 0x00, 0x08, 0x00, 0x00, 0x00, 0xfa, 0x08, 0x00, 0x00, 0xf9, 0x08, 0x00, // ................
	0x00, 0x58, 0x0c, 0x00, 0x00, 0x80, 0x00, 0x05, 0x00, 0x06, 0x00, 0x00, 0x00, 0x4f, 0x08, 0x00, // .X...........O..
	0x00, 0x21, 0x08, 0x00, 0x00, 0x44, 0x01, 0x00, 0x00, 0xc2, 0x00, 0x05, 0x00, 0x06, 0x00, 0x00, // .!...D..........
	0x00, 0x19, 0x09, 0x00, 0x00, 0x4f, 0x08, 0x00, 0x00, 0x6f, 0x00, 0x00, 0x00, 0xc6, 0x00, 0x05, // .....O...o......
	0x00, 0x06, 0x00, 0x00, 0x00, 0x1b, 0x09, 0x00, 0x00, 0x4f, 0x08, 0x00, 0x00, 0x19, 0x09, 0x00, // .........O......
	0x00, 0x84, 0x00, 0x05, 0x00, 0x06, 0x00, 0x00, 0x00, 0x1d, 0x09, 0x00, 0x00, 0x1b, 0x09, 0x00, // ................
	0x00, 0x73, 0x00, 0x00, 0x00, 0xc2, 0x00, 0x05, 0x00, 0x06, 0x00, 0x00, 0x00, 0x1f, 0x09, 0x00, // .s..............
	0x00, 0x1d, 0x09, 0x00, 0x00, 0x77, 0x00, 0x00, 0x00, 0xc6, 0x00, 0x05, 0x00, 0x06, 0x00, 0x00, // .....w..........
	0x00, 0x21, 0x09, 0x00, 0x00, 0x1d, 0x09, 0x00, 0x00, 0x1f, 0x09, 0x00, 0x00, 0x84, 0x00, 0x05, // .!..............
	0x00, 0x06, 0x00, 0x00, 0x00, 0x23, 0x09, 0x00, 0x00, 0x21, 0x09, 0x00, 0x00, 0x7b, 0x00, 0x00, // .....#...!...{..
	0x00, 0xc2, 0x00, 0x05, 0x00, 0x06, 0x00, 0x00, 0x00, 0x25, 0x09, 0x00, 0x00, 0x23, 0x09, 0x00, // .........%...#..
	0x00, 0x6f, 0x00, 0x00, 0x00, 0xc6, 0x00, 0x05, 0x00, 0x06, 0x00, 0x00, 0x00, 0x27, 0x09, 0x00, // .o...........'..
	0x00, 0x23, 0x09, 0x00, 0x00, 0x25, 0x09, 0x00, 0x00, 0xc7, 0x00, 0x05, 0x00, 0x06, 0x00, 0x00, // .#...%..........
	0x00, 0x13, 0x09, 0x00, 0x00, 0x27, 0x09, 0x00, 0x00, 0x88, 0x00, 0x00, 0x00, 0x70, 0x00, 0x04, // .....'.......p..
	0x00, 0x08, 0x00, 0x00, 0x00, 0x14, 0x09, 0x00, 0x00, 0x13, 0x09, 0x00, 0x00, 0x85, 0x00, 0x05, // ................
	0x00, 0x08, 0x00, 0x00, 0x00, 0x15, 0x09, 0x00, 0x00, 0x14, 0x09, 0x00, 0x00, 0x58, 0x0c, 0x00, // .............X..
	0x00, 0x80, 0x00, 0x05, 0x00, 0x06, 0x00, 0x00, 0x00, 0x52, 0x08, 0x00, 0x00, 0x21, 0x08, 0x00, // .........R...!..
	0x00, 0x77, 0x00, 0x00, 0x00, 0xc2, 0x00, 0x05, 0x00, 0x06, 0x00, 0x00, 0x00, 0x34, 0x09, 0x00, // .w...........4..
	0x00, 0x52, 0x08, 0x00, 0x00, 0x6f, 0x00, 0x00, 0x00, 0xc6, 0x00, 0x05, 0x00, 0x06, 0x00, 0x00, // .R...o..........
	0x00, 0x36, 0x09, 0x00, 0x00, 0x52, 0x08, 0x00, 0x00, 0x34, 0x09, 0x00, 0x00, 0x84, 0x00, 0x05, // .6...R...4......
	0x00, 0x06, 0x00, 0x00, 0x00, 0x38, 0x09, 0x00, 0x00, 0x36, 0x09, 0x00, 0x00, 0x73, 0x00, 0x00, // .....8...6...s..
	0x00, 0xc2, 0x00, 0x05, 0x00, 0x06, 0x00, 0x00, 0x00, 0x3a, 0x09, 0x00, 0x00, 0x38, 0x09, 0x00, // .........:...8..
	0x00, 0x77, 0x00, 0x00, 0x00, 0xc6, 0x00, 0x05, 0x00, 0x06, 0x00, 0x00, 0x00, 0x3c, 0x09, 0x00, // .w...........<..
	0x00, 0x38, 0x09, 0x00, 0x00, 0x3a, 0x09, 0x00, 0x00, 0x84, 0x00, 0x05, 0x00, 0x06, 0x00, 0x00, // .8...:..........
	0x00, 0x3e, 0x09, 0x00, 0x00, 0x3c, 0x09, 0x00, 0x00, 0x7b, 0x00, 0x00, 0x00, 0xc2, 0x00, 0x05, // .>...<...{......
	0x00, 0x06, 0x00, 0x00, 0x00, 0x40, 0x09, 0x00, 0x00, 0x3e, 0x09, 0x00, 0x00, 0x6f, 0x00, 0x00, // .....@...>...o..
	0x00, 0xc6, 0x00, 0x05, 0x00, 0x06, 0x00, 0x00, 0x00, 0x42, 0x09, 0x00, 0x00, 0x3e, 0x09, 0x00, // .........B...>..
	0x00, 0x40, 0x09, 0x00, 0x00, 0xc7, 0x00, 0x05, 0x00, 0x06, 0x00, 0x00, 0x00, 0x2e, 0x09, 0x00, // .@..............
	0x00, 0x42, 0x09, 0x00, 0x00, 0x88, 0x00, 0x00, 0x00, 0x70, 0x00, 0x04, 0x00, 0x08, 0x00, 0x00, // .B.......p......
	0x00, 0x2f, 0x09, 0x00, 0x00, 0x2e, 0x09, 0x00, 0x00, 0x85, 0x00, 0x05, 0x00, 0x08, 0x00, 0x00, // ./..............
	0x00, 0x30, 0x09, 0x00, 0x00, 0x2f, 0x09, 0x00, 0x00, 0x58, 0x0c, 0x00, 0x00, 0x50, 0x00, 0x06, // .0.../...X...P..
	0x00, 0x18, 0x00, 0x00, 0x00, 0x54, 0x08, 0x00, 0x00, 0xfa, 0x08, 0x00, 0x00, 0x15, 0x09, 0x00, // .....T..........
	0x00, 0x30, 0x09, 0x00, 0x00, 0x8e, 0x00, 0x05, 0x00, 0x18, 0x00, 0x00, 0x00, 0x55, 0x08, 0x00, // .0...........U..
	0x00, 0x54, 0x08, 0x00, 0x00, 0x95, 0x00, 0x00, 0x00, 0x83, 0x00, 0x05, 0x00, 0x18, 0x00, 0x00, // .T..............
	0x00, 0x57, 0x08, 0x00, 0x00, 0x55, 0x08, 0x00, 0x00, 0x5b, 0x0c, 0x00, 0x00, 0x85, 0x00, 0x05, // .W...U...[......
	0x00, 0x18, 0x00, 0x00, 0x00, 0x59, 0x08, 0x00, 0x00, 0x57, 0x08, 0x00, 0x00, 0x77, 0x06, 0x00, // .....Y...W...w..
	0x00, 0xf9, 0x00, 0x02, 0x00, 0x80, 0x08, 0x00, 0x00, 0xf8, 0x00, 0x02, 0x00, 0x5a, 0x08, 0x00, // .............Z..
	0x00, 0xaa, 0x00, 0x05, 0x00, 0xba, 0x00, 0x00, 0x00, 0x5c, 0x08, 0x00, 0x00, 0x26, 0x08, 0x00, // .............&..
	0x00, 0xe0, 0x00, 0x00, 0x00, 0xf7, 0x00, 0x03, 0x00, 0x72, 0x08, 0x00, 0x00, 0x00, 0x00, 0x00, // .........r......
	0x00, 0xfa, 0x00, 0x04, 0x00, 0x5c, 0x08, 0x00, 0x00, 0x5d, 0x08, 0x00, 0x00, 0x72, 0x08, 0x00, // .........]...r..
	0x00, 0xf8, 0x00, 0x02, 0x00, 0x5d, 0x08, 0x00, 0x00, 0x80, 0x00, 0x05, 0x00, 0x06, 0x00, 0x00, // .....]..........
	0x00, 0x5f, 0x08, 0x00, 0x00, 0x21, 0x08, 0x00, 0x00, 0x6f, 0x00, 0x00, 0x00, 0xc2, 0x00, 0x05, // ._...!...o......
	0x00, 0x06, 0x00, 0x00, 0x00, 0x4f, 0x09, 0x00, 0x00, 0x5f, 0x08, 0x00, 0x00, 0x6f, 0x00, 0x00, // .....O..._...o..
	0x00, 0xc6, 0x00, 0x05, 0x00, 0x06, 0x00, 0x00, 0x00, 0x51, 0x09, 0x00, 0x00, 0x5f, 0x08, 0x00, // .........Q..._..
	0x00, 0x4f, 0x09, 0x00, 0x00, 0x84, 0x00, 0x05, 0x00, 0x06, 0x00, 0x00, 0x00, 0x53, 0x09, 0x00, // .O...........S..
	0x00, 0x51, 0x09, 0x00, 0x00, 0x73, 0x00, 0x00, 0x00, 0xc2, 0x00, 0x05, 0x00, 0x06, 0x00, 0x00, // .Q...s..........
	0x00, 0x55, 0x09, 0x00, 0x00, 0x53, 0x09, 0x00, 0x00, 0x77, 0x00, 0x00, 0x00, 0xc6, 0x00, 0x05, // .U...S...w......
	0x00, 0x06, 0x00, 0x00, 0x00, 0x57, 0x09, 0x00, 0x00, 0x53, 0x09, 0x00, 0x00, 0x55, 0x09, 0x00, // .....W...S...U..
	0x00, 0x84, 0x00, 0x05, 0x00, 0x06, 0x00, 0x00, 0x00, 0x59, 0x09, 0x00, 0x00, 0x57, 0x09, 0x00, // .........Y...W..
	0x00, 0x7b, 0x00, 0x00, 0x00, 0xc2, 0x00, 0x05, 0x00, 0x06, 0x00, 0x00, 0x00, 0x5b, 0x09, 0x00, // .{...........[..
	0x00, 0x59, 0x09, 0x00, 0x00, 0x6f, 0x00, 0x00, 0x00, 0xc6, 0x00, 0x05, 0x00, 0x06, 0x00, 0x00, // .Y...o..........
	0x00, 0x5d, 0x09, 0x00, 0x00, 0x59, 0x09, 0x00, 0x00, 0x5b, 0x09, 0x00, 0x00, 0xc7, 0x00, 0x05, // .]...Y...[......
	0x00, 0x06, 0x00, 0x00, 0x00, 0x49, 0x09, 0x00, 0x00, 0x5d, 0x09, 0x00, 0x00, 0x88, 0x00, 0x00, // .....I...]......
	0x00, 0x70, 0x00, 0x04, 0x00, 0x08, 0x00, 0x00, 0x00, 0x4a, 0x09, 0x00, 0x00, 0x49, 0x09, 0x00, // .p.......J...I..
	0x00, 0x85, 0x00, 0x05, 0x00, 0x08, 0x00, 0x00, 0x00, 0x4b, 0x09, 0x00, 0x00, 0x4a, 0x09, 0x00, // .........K...J..
	0x00, 0x58, 0x0c, 0x00, 0x00, 0x0c, 0x00, 0x06, 0x00, 0x08, 0x00, 0x00, 0x00, 0x61, 0x08, 0x00, // .X...........a..
	0x00, 0x01, 0x00, 0x00, 0x00, 0x1f, 0x00, 0x00, 0x00, 0x4b, 0x09, 0x00, 0x00, 0x51, 0x00, 0x05, // .........K...Q..
	0x00, 0x08, 0x00, 0x00, 0x00, 0x63, 0x08, 0x00, 0x00, 0x76, 0x06, 0x00, 0x00, 0x00, 0x00, 0x00, // .....c...v......
	0x00, 0x85, 0x00, 0x05, 0x00, 0x08, 0x00, 0x00, 0x00, 0x64, 0x08, 0x00, 0x00, 0x61, 0x08, 0x00, // .........d...a..
	0x00, 0x63, 0x08, 0x00, 0x00, 0x80, 0x00, 0x05, 0x00, 0x06, 0x00, 0x00, 0x00, 0x66, 0x08, 0x00, // .c...........f..
	0x00, 0x21, 0x08, 0x00, 0x00, 0x62, 0x01, 0x00, 0x00, 0xc2, 0x00, 0x05, 0x00, 0x06, 0x00, 0x00, // .!...b..........
	0x00, 0x6a, 0x09, 0x00, 0x00, 0x66, 0x08, 0x00, 0x00, 0x6f, 0x00, 0x00, 0x00, 0xc6, 0x00, 0x05, // .j...f...o......
	0x00, 0x06, 0x00, 0x00, 0x00, 0x6c, 0x09, 0x00, 0x00, 0x66, 0x08, 0x00, 0x00, 0x6a, 0x09, 0x00, // .....l...f...j..
	0x00, 0x84, 0x00, 0x05, 0x00, 0x06, 0x00, 0x00, 0x00, 0x6e, 0x09, 0x00, 0x00, 0x6c, 0x09, 0x00, // .........n...l..
	0x00, 0x73, 0x00, 0x00, 0x00, 0xc2, 0x00, 0x05, 0x00, 0x06, 0x00, 0x00, 0x00, 0x70, 0x09, 0x00, // .s...........p..
	0x00, 0x6e, 0x09, 0x00, 0x00, 0x77, 0x00, 0x00, 0x00, 0xc6, 0x00, 0x05, 0x00, 0x06, 0x00, 0x00, // .n...w..........
	0x00, 0x72, 0x09, 0x00, 0x00, 0x6e, 0x09, 0x00, 0x00, 0x70, 0x09, 0x00, 0x00, 0x84, 0x00, 0x05, // .r...n...p......
	0x00, 0x06, 0x00, 0x00, 0x00, 0x74, 0x09, 0x00, 0x00, 0x72, 0x09, 0x00, 0x00, 0x7b, 0x00, 0x00, // .....t...r...{..
	0x00, 0xc2, 0x00, 0x05, 0x00, 0x06, 0x00, 0x00, 0x00, 0x76, 0x09, 0x00, 0x00, 0x74, 0x09, 0x00, // .........v...t..
	0x00, 0x6f, 0x00, 0x00, 0x00, 0xc6, 0x00, 0x05, 0x00, 0x06, 0x00, 0x00, 0x00, 0x78, 0x09, 0x00, // .o...........x..
	0x00, 0x74, 0x09, 0x00, 0x00, 0x76, 0x09, 0x00, 0x00, 0xc7, 0x00, 0x05, 0x00, 0x06, 0x00, 0x00, // .t...v..........
	0x00, 0x64, 0x09, 0x00, 0x00, 0x78, 0x09, 0x00, 0x00, 0x88, 0x00, 0x00, 0x00, 0x70, 0x00, 0x04, // .d...x.......p..
	0x00, 0x08, 0x00, 0x00, 0x00, 0x65, 0x09, 0x00, 0x00, 0x64, 0x09, 0x00, 0x00, 0x85, 0x00, 0x05, // .....e...d......
	0x00, 0x08, 0x00, 0x00, 0x00, 0x68, 0x08, 0x00, 0x00, 0x65, 0x09, 0x00, 0x00, 0x5a, 0x0c, 0x00, // .....h...e...Z..
	0x00, 0x0c, 0x00, 0x06, 0x00, 0x08, 0x00, 0x00, 0x00, 0x6a, 0x08, 0x00, 0x00, 0x01, 0x00, 0x00, // .........j......
	0x00, 0x0e, 0x00, 0x00, 0x00, 0x68, 0x08, 0x00, 0x00, 0x85, 0x00, 0x05, 0x00, 0x08, 0x00, 0x00, // .....h..........
	0x00, 0x6c, 0x08, 0x00, 0x00, 0x6a, 0x08, 0x00, 0x00, 0x64, 0x08, 0x00, 0x00, 0x0c, 0x00, 0x06, // .l...j...d......
	0x00, 0x08, 0x00, 0x00, 0x00, 0x6e, 0x08, 0x00, 0x00, 0x01, 0x00, 0x00, 0x00, 0x0d, 0x00, 0x00, // .....n..........
	0x00, 0x68, 0x08, 0x00, 0x00, 0x85, 0x00, 0x05, 0x00, 0x08, 0x00, 0x00, 0x00, 0x70, 0x08, 0x00, // .h...........p..
	0x00, 0x6e, 0x08, 0x00, 0x00, 0x64, 0x08, 0x00, 0x00, 0x50, 0x00, 0x06, 0x00, 0x18, 0x00, 0x00, // .n...d...P......
	0x00, 0x71, 0x08, 0x00, 0x00, 0x6c, 0x08, 0x00, 0x00, 0xa2, 0x00, 0x00, 0x00, 0x70, 0x08, 0x00, // .q...l.......p..
	0x00, 0xf9, 0x00, 0x02, 0x00, 0x80, 0x08, 0x00, 0x00, 0xf8, 0x00, 0x02, 0x00, 0x72, 0x08, 0x00, // .............r..
	0x00, 0xaa, 0x00, 0x05, 0x00, 0xba, 0x00, 0x00, 0x00, 0x74, 0x08, 0x00, 0x00, 0x26, 0x08, 0x00, // .........t...&..
	0x00, 0xf1, 0x00, 0x00, 0x00, 0xf7, 0x00, 0x03, 0x00, 0x7e, 0x08, 0x00, 0x00, 0x00, 0x00, 0x00, // .........~......
	0x00, 0xfa, 0x00, 0x04, 0x00, 0x74, 0x08, 0x00, 0x00, 0x75, 0x08, 0x00, 0x00, 0x7e, 0x08, 0x00, // .....t...u...~..
	0x00, 0xf8, 0x00, 0x02, 0x00, 0x75, 0x08, 0x00, 0x00, 0x0c, 0x00, 0x06, 0x00, 0x08, 0x00, 0x00, // .....u..........
	0x00, 0xbf, 0x09, 0x00, 0x00, 0x01, 0x00, 0x00, 0x00, 0x42, 0x00, 0x00, 0x00, 0x71, 0x06, 0x00, // .........B...q..
	0x00, 0xba, 0x00, 0x05, 0x00, 0xba, 0x00, 0x00, 0x00, 0xc1, 0x09, 0x00, 0x00, 0xbf, 0x09, 0x00, // ................
	0x00, 0xb9, 0x00, 0x00, 0x00, 0x50, 0x00, 0x06, 0x00, 0x18, 0x00, 0x00, 0x00, 0xc4, 0x09, 0x00, // .....P..........
	0x00, 0xbf, 0x09, 0x00, 0x00, 0xbf, 0x09, 0x00, 0x00, 0xbf, 0x09, 0x00, 0x00, 0x88, 0x00, 0x05, // ................
	0x00, 0x18, 0x00, 0x00, 0x00, 0xc5, 0x09, 0x00, 0x00, 0x71, 0x06, 0x00, 0x00, 0xc4, 0x09, 0x00, // .........q......
	0x00, 0x50, 0x00, 0x06, 0x00, 0xc1, 0x00, 0x00, 0x00, 0xc6, 0x09, 0x00, 0x00, 0xc1, 0x09, 0x00, // .P..............
	0x00, 0xc1, 0x09, 0x00, 0x00, 0xc1, 0x09, 0x00, 0x00, 0xa9, 0x00, 0x06, 0x00, 0x18, 0x00, 0x00, // ................
	0x00, 0xc7, 0x09, 0x00, 0x00, 0xc6, 0x09, 0x00, 0x00, 0xc5, 0x09, 0x00, 0x00, 0xc0, 0x00, 0x00, // ................
	0x00, 0x51, 0x00, 0x05, 0x00, 0x08, 0x00, 0x00, 0x00, 0x8d, 0x09, 0x00, 0x00, 0xc7, 0x09, 0x00, // .Q..............
	0x00, 0x01, 0x00, 0x00, 0x00, 0x0c, 0x00, 0x06, 0x00, 0x08, 0x00, 0x00, 0x00, 0x8e, 0x09, 0x00, // ................
	0x00, 0x01, 0x00, 0x00, 0x00, 0x04, 0x00, 0x00, 0x00, 0x8d, 0x09, 0x00, 0x00, 0xb8, 0x00, 0x05, // ................
	0x00, 0xba, 0x00, 0x00, 0x00, 0x8f, 0x09, 0x00, 0x00, 0x8e, 0x09, 0x00, 0x00, 0xce, 0x00, 0x00, // ................
	0x00, 0x50, 0x00, 0x06, 0x00, 0xc1, 0x00, 0x00, 0x00, 0x90, 0x09, 0x00, 0x00, 0x8f, 0x09, 0x00, // .P..............
	0x00, 0x8f, 0x09, 0x00, 0x00, 0x8f, 0x09, 0x00, 0x00, 0xa9, 0x00, 0x06, 0x00, 0x18, 0x00, 0x00, // ................
	0x00, 0x91, 0x09, 0x00, 0x00, 0x90, 0x09, 0x00, 0x00, 0xc0, 0x00, 0x00, 0x00, 0xd0, 0x00, 0x00, // ................
	0x00, 0x0c, 0x00, 0x07, 0x00, 0x18, 0x00, 0x00, 0x00, 0x94, 0x09, 0x00, 0x00, 0x01, 0x00, 0x00, // ................
	0x00, 0x44, 0x00, 0x00, 0x00, 0x91, 0x09, 0x00, 0x00, 0xc7, 0x09, 0x00, 0x00, 0x0c, 0x00, 0x06, // .D..............
	0x00, 0x18, 0x00, 0x00, 0x00, 0x95, 0x09, 0x00, 0x00, 0x01, 0x00, 0x00, 0x00, 0x45, 0x00, 0x00, // .............E..
	0x00, 0x94, 0x09, 0x00, 0x00, 0x0c, 0x00, 0x07, 0x00, 0x18, 0x00, 0x00, 0x00, 0x98, 0x09, 0x00, // ................
	0x00, 0x01, 0x00, 0x00, 0x00, 0x44, 0x00, 0x00, 0x00, 0xc7, 0x09, 0x00, 0x00, 0x95, 0x09, 0x00, // .....D..........
	0x00, 0x0c, 0x00, 0x06, 0x00, 0x08, 0x00, 0x00, 0x00, 0x9a, 0x09, 0x00, 0x00, 0x01, 0x00, 0x00, // ................
	0x00, 0x0e, 0x00, 0x00, 0x00, 0x7a, 0x06, 0x00, 0x00, 0x80, 0x00, 0x05, 0x00, 0x06, 0x00, 0x00, // .....z..........
	0x00, 0x9c, 0x09, 0x00, 0x00, 0x21, 0x08, 0x00, 0x00, 0x57, 0x0c, 0x00, 0x00, 0xc2, 0x00, 0x05, // .....!...W......
	0x00, 0x06, 0x00, 0x00, 0x00, 0xd3, 0x09, 0x00, 0x00, 0x9c, 0x09, 0x00, 0x00, 0x6f, 0x00, 0x00, // .............o..
	0x00, 0xc6, 0x00, 0x05, 0x00, 0x06, 0x00, 0x00, 0x00, 0xd5, 0x09, 0x00, 0x00, 0x9c, 0x09, 0x00, // ................
	0x00, 0xd3, 0x09, 0x00, 0x00, 0x84, 0x00, 0x05, 0x00, 0x06, 0x00, 0x00, 0x00, 0xd7, 0x09, 0x00, // ................
	0x00, 0xd5, 0x09, 0x00, 0x00, 0x73, 0x00, 0x00, 0x00, 0xc2, 0x00, 0x05, 0x00, 0x06, 0x00, 0x00, // .....s..........
	0x00, 0xd9, 0x09, 0x00, 0x00, 0xd7, 0x09, 0x00, 0x00, 0x77, 0x00, 0x00, 0x00, 0xc6, 0x00, 0x05, // .........w......
	0x00, 0x06, 0x00, 0x00, 0x00, 0xdb, 0x09, 0x00, 0x00, 0xd7, 0x09, 0x00, 0x00, 0xd9, 0x09, 0x00, // ................
	0x00, 0x84, 0x00, 0x05, 0x00, 0x06, 0x00, 0x00, 0x00, 0xdd, 0x09, 0x00, 0x00, 0xdb, 0x09, 0x00, // ................
	0x00, 0x7b, 0x00, 0x00, 0x00, 0xc2, 0x00, 0x05, 0x00, 0x06, 0x00, 0x00, 0x00, 0xdf, 0x09, 0x00, // .{..............
	0x00, 0xdd, 0x09, 0x00, 0x00, 0x6f, 0x00, 0x00, 0x00, 0xc6, 0x00, 0x05, 0x00, 0x06, 0x00, 0x00, // .....o..........
	0x00, 0xe1, 0x09, 0x00, 0x00, 0xdd, 0x09, 0x00, 0x00, 0xdf, 0x09, 0x00, 0x00, 0xc7, 0x00, 0x05, // ................
	0x00, 0x06, 0x00, 0x00, 0x00, 0xcd, 0x09, 0x00, 0x00, 0xe1, 0x09, 0x00, 0x00, 0x88, 0x00, 0x00, // ................
	0x00, 0x70, 0x00, 0x04, 0x00, 0x08, 0x00, 0x00, 0x00, 0xce, 0x09, 0x00, 0x00, 0xcd, 0x09, 0x00, // .p..............
	0x00, 0x85, 0x00, 0x05, 0x00, 0x08, 0x00, 0x00, 0x00, 0xcf, 0x09, 0x00, 0x00, 0xce, 0x09, 0x00, // ................
	0x00, 0x58, 0x0c, 0x00, 0x00, 0x0c, 0x00, 0x08, 0x00, 0x08, 0x00, 0x00, 0x00, 0xe8, 0x09, 0x00, // .X..............
	0x00, 0x01, 0x00, 0x00, 0x00, 0x2e, 0x00, 0x00, 0x00, 0x9a, 0x09, 0x00, 0x00, 0x97, 0x00, 0x00, // ................
	0x00, 0xcf, 0x09, 0x00, 0x00, 0x85, 0x00, 0x05, 0x00, 0x08, 0x00, 0x00, 0x00, 0xa1, 0x09, 0x00, // ................
	0x00, 0xe8, 0x09, 0x00, 0x00, 0xe8, 0x09, 0x00, 0x00, 0x83, 0x00, 0x05, 0x00, 0x08, 0x00, 0x00, // ................
	0x00, 0xa2, 0x09, 0x00, 0x00, 0x97, 0x00, 0x00, 0x00, 0xa1, 0x09, 0x00, 0x00, 0x0c, 0x00, 0x07, // ................
	0x00, 0x08, 0x00, 0x00, 0x00, 0xa3, 0x09, 0x00, 0x00, 0x01, 0x00, 0x00, 0x00, 0x28, 0x00, 0x00, // .............(..
	0x00, 0xa2, 0x00, 0x00, 0x00, 0xa2, 0x09, 0x00, 0x00, 0x0c, 0x00, 0x06, 0x00, 0x08, 0x00, 0x00, // ................
	0x00, 0xa4, 0x09, 0x00, 0x00, 0x01, 0x00, 0x00, 0x00, 0x1f, 0x00, 0x00, 0x00, 0xa3, 0x09, 0x00, // ................
	0x00, 0x80, 0x00, 0x05, 0x00, 0x06, 0x00, 0x00, 0x00, 0xa6, 0x09, 0x00, 0x00, 0x21, 0x08, 0x00, // .............!..
	0x00, 0x59, 0x0c, 0x00, 0x00, 0xc2, 0x00, 0x05, 0x00, 0x06, 0x00, 0x00, 0x00, 0xf4, 0x09, 0x00, // .Y..............
	0x00, 0xa6, 0x09, 0x00, 0x00, 0x6f, 0x00, 0x00, 0x00, 0xc6, 0x00, 0x05, 0x00, 0x06, 0x00, 0x00, // .....o..........
	0x00, 0xf6, 0x09, 0x00, 0x00, 0xa6, 0x09, 0x00, 0x00, 0xf4, 0x09, 0x00, 0x00, 0x84, 0x00, 0x05, // ................
	0x00, 0x06, 0x00, 0x00, 0x00, 0xf8, 0x09, 0x00, 0x00, 0xf6, 0x09, 0x00, 0x00, 0x73, 0x00, 0x00, // .............s..
	0x00, 0xc2, 0x00, 0x05, 0x00, 0x06, 0x00, 0x00, 0x00, 0xfa, 0x09, 0x00, 0x00, 0xf8, 0x09, 0x00, // ................
	0x00, 0x77, 0x00, 0x00, 0x00, 0xc6, 0x00, 0x05, 0x00, 0x06, 0x00, 0x00, 0x00, 0xfc, 0x09, 0x00, // .w..............
	0x00, 0xf8, 0x09, 0x00, 0x00, 0xfa, 0x09, 0x00, 0x00, 0x84, 0x00, 0x05, 0x00, 0x06, 0x00, 0x00, // ................
	0x00, 0xfe, 0x09, 0x00, 0x00, 0xfc, 0x09, 0x00, 0x00, 0x7b, 0x00, 0x00, 0x00, 0xc2, 0x00, 0x05, // .........{......
	0x00, 0x06, 0x00, 0x00, 0x00, 0x00, 0x0a, 0x00, 0x00, 0xfe, 0x09, 0x00, 0x00, 0x6f, 0x00, 0x00, // .............o..
	0x00, 0xc6, 0x00, 0x05, 0x00, 0x06, 0x00, 0x00, 0x00, 0x02, 0x0a, 0x00, 0x00, 0xfe, 0x09, 0x00, // ................
	0x00, 0x00, 0x0a, 0x00, 0x00, 0xc7, 0x00, 0x05, 0x00, 0x06, 0x00, 0x00, 0x00, 0xee, 0x09, 0x00, // ................
	0x00, 0x02, 0x0a, 0x00, 0x00, 0x88, 0x00, 0x00, 0x00, 0x70, 0x00, 0x04, 0x00, 0x08, 0x00, 0x00, // .........p......
	0x00, 0xef, 0x09, 0x00, 0x00, 0xee, 0x09, 0x00, 0x00, 0x85, 0x00, 0x05, 0x00, 0x08, 0x00, 0x00, // ................
	0x00, 0xa8, 0x09, 0x00, 0x00, 0xef, 0x09, 0x00, 0x00, 0x5a, 0x0c, 0x00, 0x00, 0x8e, 0x00, 0x05, // .........Z......
	0x00, 0x18, 0x00, 0x00, 0x00, 0xab, 0x09, 0x00, 0x00, 0xc7, 0x09, 0x00, 0x00, 0xe8, 0x09, 0x00, // ................
	0x00, 0x0c, 0x00, 0x06, 0x00, 0x08, 0x00, 0x00, 0x00, 0xae, 0x09, 0x00, 0x00, 0x01, 0x00, 0x00, // ................
	0x00, 0x0e, 0x00, 0x00, 0x00, 0xa8, 0x09, 0x00, 0x00, 0x85, 0x00, 0x05, 0x00, 0x08, 0x00, 0x00, // ................
	0x00, 0xb0, 0x09, 0x00, 0x00, 0xae, 0x09, 0x00, 0x00, 0xa4, 0x09, 0x00, 0x00, 0x8e, 0x00, 0x05, // ................
	0x00, 0x18, 0x00, 0x00, 0x00, 0xb1, 0x09, 0x00, 0x00, 0x95, 0x09, 0x00, 0x00, 0xb0, 0x09, 0x00, // ................
	0x00, 0x81, 0x00, 0x05, 0x00, 0x18, 0x00, 0x00, 0x00, 0xb2, 0x09, 0x00, 0x00, 0xab, 0x09, 0x00, // ................
	0x00, 0xb1, 0x09, 0x00, 0x00, 0x0c, 0x00, 0x06, 0x00, 0x08, 0x00, 0x00, 0x00, 0xb5, 0x09, 0x00, // ................
	0x00, 0x01, 0x00, 0x00, 0x00, 0x0d, 0x00, 0x00, 0x00, 0xa8, 0x09, 0x00, 0x00, 0x85, 0x00, 0x05, // ................
	0x00, 0x08, 0x00, 0x00, 0x00, 0xb7, 0x09, 0x00, 0x00, 0xb5, 0x09, 0x00, 0x00, 0xa4, 0x09, 0x00, // ................
	0x00, 0x8e, 0x00, 0x05, 0x00, 0x18, 0x00, 0x00, 0x00, 0xb8, 0x09, 0x00, 0x00, 0x98, 0x09, 0x00, // ................
	0x00, 0xb7, 0x09, 0x00, 0x00, 0x81, 0x00, 0x05, 0x00, 0x18, 0x00, 0x00, 0x00, 0xb9, 0x09, 0x00, // ................
	0x00, 0xb2, 0x09, 0x00, 0x00, 0xb8, 0x09, 0x00, 0x00, 0x0c, 0x00, 0x06, 0x00, 0x08, 0x00, 0x00, // ................
	0x00, 0x08, 0x0a, 0x00, 0x00, 0x01, 0x00, 0x00, 0x00, 0x42, 0x00, 0x00, 0x00, 0xb9, 0x09, 0x00, // .........B......
	0x00, 0xba, 0x00, 0x05, 0x00, 0xba, 0x00, 0x00, 0x00, 0x0a, 0x0a, 0x00, 0x00, 0x08, 0x0a, 0x00, // ................
	0x00, 0xb9, 0x00, 0x00, 0x00, 0x50, 0x00, 0x06, 0x00, 0x18, 0x00, 0x00, 0x00, 0x0d, 0x0a, 0x00, // .....P..........
	0x00, 0x08, 0x0a, 0x00, 0x00, 0x08, 0x0a, 0x00, 0x00, 0x08, 0x0a, 0x00, 0x00, 0x88, 0x00, 0x05, // ................
	0x00, 0x18, 0x00, 0x00, 0x00, 0x0e, 0x0a, 0x00, 0x00, 0xb9, 0x09, 0x00, 0x00, 0x0d, 0x0a, 0x00, // ................
	0x00, 0x50, 0x00, 0x06, 0x00, 0xc1, 0x00, 0x00, 0x00, 0x0f, 0x0a, 0x00, 0x00, 0x0a, 0x0a, 0x00, // .P..............
	0x00, 0x0a, 0x0a, 0x00, 0x00, 0x0a, 0x0a, 0x00, 0x00, 0xa9, 0x00, 0x06, 0x00, 0x18, 0x00, 0x00, // ................
	0x00, 0x10, 0x0a, 0x00, 0x00, 0x0f, 0x0a, 0x00, 0x00, 0x0e, 0x0a, 0x00, 0x00, 0xc0, 0x00, 0x00, // ................
	0x00, 0x51, 0x00, 0x05, 0x00, 0x08, 0x00, 0x00, 0x00, 0x7c, 0x08, 0x00, 0x00, 0x76, 0x06, 0x00, // .Q.......|...v..
	0x00, 0x00, 0x00, 0x00, 0x00, 0x8e, 0x00, 0x05, 0x00, 0x18, 0x00, 0x00, 0x00, 0x7d, 0x08, 0x00, // .............}..
	0x00, 0x10, 0x0a, 0x00, 0x00, 0x7c, 0x08, 0x00, 0x00, 0xf9, 0x00, 0x02, 0x00, 0x80, 0x08, 0x00, // .....|..........
	0x00, 0xf8, 0x00, 0x02, 0x00, 0x7e, 0x08, 0x00, 0x00, 0xf9, 0x00, 0x02, 0x00, 0x80, 0x08, 0x00, // .....~..........
	0x00, 0xf8, 0x00, 0x02, 0x00, 0x80, 0x08, 0x00, 0x00, 0xf5, 0x00, 0x0d, 0x00, 0x18, 0x00, 0x00, // ................
	0x00, 0x8a, 0x0c, 0x00, 0x00, 0x46, 0x08, 0x00, 0x00, 0x3b, 0x08, 0x00, 0x00, 0x59, 0x08, 0x00, // .....F...;...Y..
	0x00, 0x4a, 0x08, 0x00, 0x00, 0x71, 0x08, 0x00, 0x00, 0x5d, 0x08, 0x00, 0x00, 0x7d, 0x08, 0x00, // .J...q...]...}..
	0x00, 0x75, 0x08, 0x00, 0x00, 0x56, 0x0c, 0x00, 0x00, 0x7e, 0x08, 0x00, 0x00, 0x41, 0x00, 0x07, // .u...V...~...A..
	0x00, 0xed, 0x01, 0x00, 0x00, 0x80, 0x06, 0x00, 0x00, 0x8c, 0x01, 0x00, 0x00, 0xeb, 0x01, 0x00, // ................
	0x00, 0x50, 0x02, 0x00, 0x00, 0x34, 0x01, 0x00, 0x00, 0x3d, 0x00, 0x04, 0x00, 0x08, 0x00, 0x00, // .P...4...=......
	0x00, 0x81, 0x06, 0x00, 0x00, 0x80, 0x06, 0x00, 0x00, 0x0c, 0x00, 0x06, 0x00, 0x08, 0x00, 0x00, // ................
	0x00, 0x5a, 0x0a, 0x00, 0x00, 0x01, 0x00, 0x00, 0x00, 0x42, 0x00, 0x00, 0x00, 0x71, 0x06, 0x00, // .Z.......B...q..
	0x00, 0xba, 0x00, 0x05, 0x00, 0xba, 0x00, 0x00, 0x00, 0x5c, 0x0a, 0x00, 0x00, 0x5a, 0x0a, 0x00, // .............Z..
	0x00, 0xb9, 0x00, 0x00, 0x00, 0x50, 0x00, 0x06, 0x00, 0x18, 0x00, 0x00, 0x00, 0x5f, 0x0a, 0x00, // .....P......._..
	0x00, 0x5a, 0x0a, 0x00, 0x00, 0x5a, 0x0a, 0x00, 0x00, 0x5a, 0x0a, 0x00, 0x00, 0x88, 0x00, 0x05, // .Z...Z...Z......
	0x00, 0x18, 0x00, 0x00, 0x00, 0x60, 0x0a, 0x00, 0x00, 0x71, 0x06, 0x00, 0x00, 0x5f, 0x0a, 0x00, // .....`...q..._..
	0x00, 0x50, 0x00, 0x06, 0x00, 0xc1, 0x00, 0x00, 0x00, 0x61, 0x0a, 0x00, 0x00, 0x5c, 0x0a, 0x00, // .P.......a......
	0x00, 0x5c, 0x0a, 0x00, 0x00, 0x5c, 0x0a, 0x00, 0x00, 0xa9, 0x00, 0x06, 0x00, 0x18, 0x00, 0x00, // ................
	0x00, 0x62, 0x0a, 0x00, 0x00, 0x61, 0x0a, 0x00, 0x00, 0x60, 0x0a, 0x00, 0x00, 0xc0, 0x00, 0x00, // .b...a...`......
	0x00, 0x51, 0x00, 0x05, 0x00, 0x08, 0x00, 0x00, 0x00, 0x28, 0x0a, 0x00, 0x00, 0x62, 0x0a, 0x00, // .Q.......(...b..
	0x00, 0x01, 0x00, 0x00, 0x00, 0x0c, 0x00, 0x06, 0x00, 0x08, 0x00, 0x00, 0x00, 0x29, 0x0a, 0x00, // .............)..
	0x00, 0x01, 0x00, 0x00, 0x00, 0x04, 0x00, 0x00, 0x00, 0x28, 0x0a, 0x00, 0x00, 0xb8, 0x00, 0x05, // .........(......
	0x00, 0xba, 0x00, 0x00, 0x00, 0x2a, 0x0a, 0x00, 0x00, 0x29, 0x0a, 0x00, 0x00, 0xce, 0x00, 0x00, // .....*...)......
	0x00, 0x50, 0x00, 0x06, 0x00, 0xc1, 0x00, 0x00, 0x00, 0x2b, 0x0a, 0x00, 0x00, 0x2a, 0x0a, 0x00, // .P.......+...*..
	0x00, 0x2a, 0x0a, 0x00, 0x00, 0x2a, 0x0a, 0x00, 0x00, 0xa9, 0x00, 0x06, 0x00, 0x18, 0x00, 0x00, // .*...*..........
	0x00, 0x2c, 0x0a, 0x00, 0x00, 0x2b, 0x0a, 0x00, 0x00, 0xc0, 0x00, 0x00, 0x00, 0xd0, 0x00, 0x00, // .,...+..........
	0x00, 0x0c, 0x00, 0x07, 0x00, 0x18, 0x00, 0x00, 0x00, 0x2f, 0x0a, 0x00, 0x00, 0x01, 0x00, 0x00, // ........./......
	0x00, 0x44, 0x00, 0x00, 0x00, 0x2c, 0x0a, 0x00, 0x00, 0x62, 0x0a, 0x00, 0x00, 0x0c, 0x00, 0x06, // .D...,...b......
	0x00, 0x18, 0x00, 0x00, 0x00, 0x30, 0x0a, 0x00, 0x00, 0x01, 0x00, 0x00, 0x00, 0x45, 0x00, 0x00, // .....0.......E..
	0x00, 0x2f, 0x0a, 0x00, 0x00, 0x0c, 0x00, 0x07, 0x00, 0x18, 0x00, 0x00, 0x00, 0x33, 0x0a, 0x00, // ./...........3..
	0x00, 0x01, 0x00, 0x00, 0x00, 0x44, 0x00, 0x00, 0x00, 0x62, 0x0a, 0x00, 0x00, 0x30, 0x0a, 0x00, // .....D...b...0..
	0x00, 0x0c, 0x00, 0x06, 0x00, 0x08, 0x00, 0x00, 0x00, 0x35, 0x0a, 0x00, 0x00, 0x01, 0x00, 0x00, // .........5......
	0x00, 0x0e, 0x00, 0x00, 0x00, 0x81, 0x06, 0x00, 0x00, 0x80, 0x00, 0x05, 0x00, 0x06, 0x00, 0x00, // ................
	0x00, 0x37, 0x0a, 0x00, 0x00, 0x21, 0x08, 0x00, 0x00, 0x0a, 0x04, 0x00, 0x00, 0xc2, 0x00, 0x05, // .7...!..........
	0x00, 0x06, 0x00, 0x00, 0x00, 0x6e, 0x0a, 0x00, 0x00, 0x37, 0x0a, 0x00, 0x00, 0x6f, 0x00, 0x00, // .....n...7...o..
	0x00, 0xc6, 0x00, 0x05, 0x00, 0x06, 0x00, 0x00, 0x00, 0x70, 0x0a, 0x00, 0x00, 0x37, 0x0a, 0x00, // .........p...7..
	0x00, 0x6e, 0x0a, 0x00, 0x00, 0x84, 0x00, 0x05, 0x00, 0x06, 0x00, 0x00, 0x00, 0x72, 0x0a, 0x00, // .n...........r..
	0x00, 0x70, 0x0a, 0x00, 0x00, 0x73, 0x00, 0x00, 0x00, 0xc2, 0x00, 0x05, 0x00, 0x06, 0x00, 0x00, // .p...s..........
	0x00, 0x74, 0x0a, 0x00, 0x00, 0x72, 0x0a, 0x00, 0x00, 0x77, 0x00, 0x00, 0x00, 0xc6, 0x00, 0x05, // .t...r...w......
	0x00, 0x06, 0x00, 0x00, 0x00, 0x76, 0x0a, 0x00, 0x00, 0x72, 0x0a, 0x00, 0x00, 0x74, 0x0a, 0x00, // .....v...r...t..
	0x00, 0x84, 0x00, 0x05, 0x00, 0x06, 0x00, 0x00, 0x00, 0x78, 0x0a, 0x00, 0x00, 0x76, 0x0a, 0x00, // .........x...v..
	0x00, 0x7b, 0x00, 0x00, 0x00, 0xc2, 0x00, 0x05, 0x00, 0x06, 0x00, 0x00, 0x00, 0x7a, 0x0a, 0x00, // .{...........z..
	0x00, 0x78, 0x0a, 0x00, 0x00, 0x6f, 0x00, 0x00, 0x00, 0xc6, 0x00, 0x05, 0x00, 0x06, 0x00, 0x00, // .x...o..........
	0x00, 0x7c, 0x0a, 0x00, 0x00, 0x78, 0x0a, 0x00, 0x00, 0x7a, 0x0a, 0x00, 0x00, 0xc7, 0x00, 0x05, // .|...x...z......
	0x00, 0x06, 0x00, 0x00, 0x00, 0x68, 0x0a, 0x00, 0x00, 0x7c, 0x0a, 0x00, 0x00, 0x88, 0x00, 0x00, // .....h...|......
	0x00, 0x70, 0x00, 0x04, 0x00, 0x08, 0x00, 0x00, 0x00, 0x69, 0x0a, 0x00, 0x00, 0x68, 0x0a, 0x00, // .p.......i...h..
	0x00, 0x85, 0x00, 0x05, 0x00, 0x08, 0x00, 0x00, 0x00, 0x6a, 0x0a, 0x00, 0x00, 0x69, 0x0a, 0x00, // .........j...i..
	0x00, 0x58, 0x0c, 0x00, 0x00, 0x0c, 0x00, 0x08, 0x00, 0x08, 0x00, 0x00, 0x00, 0x83, 0x0a, 0x00, // .X..............
	0x00, 0x01, 0x00, 0x00, 0x00, 0x2e, 0x00, 0x00, 0x00, 0x35, 0x0a, 0x00, 0x00, 0x97, 0x00, 0x00, // .........5......
	0x00, 0x6a, 0x0a, 0x00, 0x00, 0x85, 0x00, 0x05, 0x00, 0x08, 0x00, 0x00, 0x00, 0x3c, 0x0a, 0x00, // .j...........<..
	0x00, 0x83, 0x0a, 0x00, 0x00, 0x83, 0x0a, 0x00, 0x00, 0x83, 0x00, 0x05, 0x00, 0x08, 0x00, 0x00, // ................
	0x00, 0x3d, 0x0a, 0x00, 0x00, 0x97, 0x00, 0x00, 0x00, 0x3c, 0x0a, 0x00, 0x00, 0x0c, 0x00, 0x07, // .=.......<......
	0x00, 0x08, 0x00, 0x00, 0x00, 0x3e, 0x0a, 0x00, 0x00, 0x01, 0x00, 0x00, 0x00, 0x28, 0x00, 0x00, // .....>.......(..
	0x00, 0xa2, 0x00, 0x00, 0x00, 0x3d, 0x0a, 0x00, 0x00, 0x0c, 0x00, 0x06, 0x00, 0x08, 0x00, 0x00, // .....=..........
	0x00, 0x3f, 0x0a, 0x00, 0x00, 0x01, 0x00, 0x00, 0x00, 0x1f, 0x00, 0x00, 0x00, 0x3e, 0x0a, 0x00, // .?...........>..
	0x00, 0x80, 0x00, 0x05, 0x00, 0x06, 0x00, 0x00, 0x00, 0x41, 0x0a, 0x00, 0x00, 0x21, 0x08, 0x00, // .........A...!..
	0x00, 0x1f, 0x04, 0x00, 0x00, 0xc2, 0x00, 0x05, 0x00, 0x06, 0x00, 0x00, 0x00, 0x8f, 0x0a, 0x00, // ................
	0x00, 0x41, 0x0a, 0x00, 0x00, 0x6f, 0x00, 0x00, 0x00, 0xc6, 0x00, 0x05, 0x00, 0x06, 0x00, 0x00, // .A...o..........
	0x00, 0x91, 0x0a, 0x00, 0x00, 0x41, 0x0a, 0x00, 0x00, 0x8f, 0x0a, 0x00, 0x00, 0x84, 0x00, 0x05, // .....A..........
	0x00, 0x06, 0x00, 0x00, 0x00, 0x93, 0x0a, 0x00, 0x00, 0x91, 0x0a, 0x00, 0x00, 0x73, 0x00, 0x00, // .............s..
	0x00, 0xc2, 0x00, 0x05, 0x00, 0x06, 0x00, 0x00, 0x00, 0x95, 0x0a, 0x00, 0x00, 0x93, 0x0a, 0x00, // ................
	0x00, 0x77, 0x00, 0x00, 0x00, 0xc6, 0x00, 0x05, 0x00, 0x06, 0x00, 0x00, 0x00, 0x97, 0x0a, 0x00, // .w..............
	0x00, 0x93, 0x0a, 0x00, 0x00, 0x95, 0x0a, 0x00, 0x00, 0x84, 0x00, 0x05, 0x00, 0x06, 0x00, 0x00, // ................
	0x00, 0x99, 0x0a, 0x00, 0x00, 0x97, 0x0a, 0x00, 0x00, 0x7b, 0x00, 0x00, 0x00, 0xc2, 0x00, 0x05, // .........{......
	0x00, 0x06, 0x00, 0x00, 0x00, 0x9b, 0x0a, 0x00, 0x00, 0x99, 0x0a, 0x00, 0x00, 0x6f, 0x00, 0x00, // .............o..
	0x00, 0xc6, 0x00, 0x05, 0x00, 0x06, 0x00, 0x00, 0x00, 0x9d, 0x0a, 0x00, 0x00, 0x99, 0x0a, 0x00, // ................
	0x00, 0x9b, 0x0a, 0x00, 0x00, 0xc7, 0x00, 0x05, 0x00, 0x06, 0x00, 0x00, 0x00, 0x89, 0x0a, 0x00, // ................
	0x00, 0x9d, 0x0a, 0x00, 0x00, 0x88, 0x00, 0x00, 0x00, 0x70, 0x00, 0x04, 0x00, 0x08, 0x00, 0x00, // .........p......
	0x00, 0x8a, 0x0a, 0x00, 0x00, 0x89, 0x0a, 0x00, 0x00, 0x85, 0x00, 0x05, 0x00, 0x08, 0x00, 0x00, // ................
	0x00, 0x43, 0x0a, 0x00, 0x00, 0x8a, 0x0a, 0x00, 0x00, 0x5a, 0x0c, 0x00, 0x00, 0x8e, 0x00, 0x05, // .C.......Z......
	0x00, 0x18, 0x00, 0x00, 0x00, 0x46, 0x0a, 0x00, 0x00, 0x62, 0x0a, 0x00, 0x00, 0x83, 0x0a, 0x00, // .....F...b......
	0x00, 0x0c, 0x00, 0x06, 0x00, 0x08, 0x00, 0x00, 0x00, 0x49, 0x0a, 0x00, 0x00, 0x01, 0x00, 0x00, // .........I......
	0x00, 0x0e, 0x00, 0x00, 0x00, 0x43, 0x0a, 0x00, 0x00, 0x85, 0x00, 0x05, 0x00, 0x08, 0x00, 0x00, // .....C..........
	0x00, 0x4b, 0x0a, 0x00, 0x00, 0x49, 0x0a, 0x00, 0x00, 0x3f, 0x0a, 0x00, 0x00, 0x8e, 0x00, 0x05, // .K...I...?......
	0x00, 0x18, 0x00, 0x00, 0x00, 0x4c, 0x0a, 0x00, 0x00, 0x30, 0x0a, 0x00, 0x00, 0x4b, 0x0a, 0x00, // .....L...0...K..
	0x00, 0x81, 0x00, 0x05, 0x00, 0x18, 0x00, 0x00, 0x00, 0x4d, 0x0a, 0x00, 0x00, 0x46, 0x0a, 0x00, // .........M...F..
	0x00, 0x4c, 0x0a, 0x00, 0x00, 0x0c, 0x00, 0x06, 0x00, 0x08, 0x00, 0x00, 0x00, 0x50, 0x0a, 0x00, // .L...........P..
	0x00, 0x01, 0x00, 0x00, 0x00, 0x0d, 0x00, 0x00, 0x00, 0x43, 0x0a, 0x00, 0x00, 0x85, 0x00, 0x05, // .........C......
	0x00, 0x08, 0x00, 0x00, 0x00, 0x52, 0x0a, 0x00, 0x00, 0x50, 0x0a, 0x00, 0x00, 0x3f, 0x0a, 0x00, // .....R...P...?..
	0x00, 0x8e, 0x00, 0x05, 0x00, 0x18, 0x00, 0x00, 0x00, 0x53, 0x0a, 0x00, 0x00, 0x33, 0x0a, 0x00, // .........S...3..
	0x00, 0x52, 0x0a, 0x00, 0x00, 0x81, 0x00, 0x05, 0x00, 0x18, 0x00, 0x00, 0x00, 0x54, 0x0a, 0x00, // .R...........T..
	0x00, 0x4d, 0x0a, 0x00, 0x00, 0x53, 0x0a, 0x00, 0x00, 0x0c, 0x00, 0x06, 0x00, 0x08, 0x00, 0x00, // .M...S..........
	0x00, 0xa3, 0x0a, 0x00, 0x00, 0x01, 0x00, 0x00, 0x00, 0x42, 0x00, 0x00, 0x00, 0x54, 0x0a, 0x00, // .........B...T..
	0x00, 0xba, 0x00, 0x05, 0x00, 0xba, 0x00, 0x00, 0x00, 0xa5, 0x0a, 0x00, 0x00, 0xa3, 0x0a, 0x00, // ................
	0x00, 0xb9, 0x00, 0x00, 0x00, 0x50, 0x00, 0x06, 0x00, 0x18, 0x00, 0x00, 0x00, 0xa8, 0x0a, 0x00, // .....P..........
	0x00, 0xa3, 0x0a, 0x00, 0x00, 0xa3, 0x0a, 0x00, 0x00, 0xa3, 0x0a, 0x00, 0x00, 0x88, 0x00, 0x05, // ................
	0x00, 0x18, 0x00, 0x00, 0x00, 0xa9, 0x0a, 0x00, 0x00, 0x54, 0x0a, 0x00, 0x00, 0xa8, 0x0a, 0x00, // .........T......
	0x00, 0x50, 0x00, 0x06, 0x00, 0xc1, 0x00, 0x00, 0x00, 0xaa, 0x0a, 0x00, 0x00, 0xa5, 0x0a, 0x00, // .P..............
	0x00, 0xa5, 0x0a, 0x00, 0x00, 0xa5, 0x0a, 0x00, 0x00, 0xa9, 0x00, 0x06, 0x00, 0x18, 0x00, 0x00, // ................
	0x00, 0xab, 0x0a, 0x00, 0x00, 0xaa, 0x0a, 0x00, 0x00, 0xa9, 0x0a, 0x00, 0x00, 0xc0, 0x00, 0x00, // ................
	0x00, 0x80, 0x00, 0x05, 0x00, 0x06, 0x00, 0x00, 0x00, 0x84, 0x06, 0x00, 0x00, 0x21, 0x08, 0x00, // .............!..
	0x00, 0x9f, 0x03, 0x00, 0x00, 0xc2, 0x00, 0x05, 0x00, 0x06, 0x00, 0x00, 0x00, 0xb7, 0x0a, 0x00, // ................
	0x00, 0x84, 0x06, 0x00, 0x00, 0x6f, 0x00, 0x00, 0x00, 0xc6, 0x00, 0x05, 0x00, 0x06, 0x00, 0x00, // .....o..........
	0x00, 0xb9, 0x0a, 0x00, 0x00, 0x84, 0x06, 0x00, 0x00, 0xb7, 0x0a, 0x00, 0x00, 0x84, 0x00, 0x05, // ................
	0x00, 0x06, 0x00, 0x00, 0x00, 0xbb, 0x0a, 0x00, 0x00, 0xb9, 0x0a, 0x00, 0x00, 0x73, 0x00, 0x00, // .............s..
	0x00, 0xc2, 0x00, 0x05, 0x00, 0x06, 0x00, 0x00, 0x00, 0xbd, 0x0a, 0x00, 0x00, 0xbb, 0x0a, 0x00, // ................
	0x00, 0x77, 0x00, 0x00, 0x00, 0xc6, 0x00, 0x05, 0x00, 0x06, 0x00, 0x00, 0x00, 0xbf, 0x0a, 0x00, // .w..............
	0x00, 0xbb, 0x0a, 0x00, 0x00, 0xbd, 0x0a, 0x00, 0x00, 0x84, 0x00, 0x05, 0x00, 0x06, 0x00, 0x00, // ................
	0x00, 0xc1, 0x0a, 0x00, 0x00, 0xbf, 0x0a, 0x00, 0x00, 0x7b, 0x00, 0x00, 0x00, 0xc2, 0x00, 0x05, // .........{......
	0x00, 0x06, 0x00, 0x00, 0x00, 0xc3, 0x0a, 0x00, 0x00, 0xc1, 0x0a, 0x00, 0x00, 0x6f, 0x00, 0x00, // .............o..
	0x00, 0xc6, 0x00, 0x05, 0x00, 0x06, 0x00, 0x00, 0x00, 0xc5, 0x0a, 0x00, 0x00, 0xc1, 0x0a, 0x00, // ................
	0x00, 0xc3, 0x0a, 0x00, 0x00, 0xc7, 0x00, 0x05, 0x00, 0x06, 0x00, 0x00, 0x00, 0xb1, 0x0a, 0x00, // ................
	0x00, 0xc5, 0x0a, 0x00, 0x00, 0x88, 0x00, 0x00, 0x00, 0x70, 0x00, 0x04, 0x00, 0x08, 0x00, 0x00, // .........p......
	0x00, 0xb2, 0x0a, 0x00, 0x00, 0xb1, 0x0a, 0x00, 0x00, 0x85, 0x00, 0x05, 0x00, 0x08, 0x00, 0x00, // ................
	0x00, 0xb3, 0x0a, 0x00, 0x00, 0xb2, 0x0a, 0x00, 0x00, 0x58, 0x0c, 0x00, 0x00, 0x41, 0x00, 0x07, // .........X...A..
	0x00, 0xed, 0x01, 0x00, 0x00, 0x86, 0x06, 0x00, 0x00, 0x8c, 0x01, 0x00, 0x00, 0xeb, 0x01, 0x00, // ................
	0x00, 0x7b, 0x03, 0x00, 0x00, 0xe0, 0x00, 0x00, 0x00, 0x3d, 0x00, 0x04, 0x00, 0x08, 0x00, 0x00, // .{.......=......
	0x00, 0x87, 0x06, 0x00, 0x00, 0x86, 0x06, 0x00, 0x00, 0x41, 0x00, 0x07, 0x00, 0xed, 0x01, 0x00, // .........A......
	0x00, 0x88, 0x06, 0x00, 0x00, 0x8c, 0x01, 0x00, 0x00, 0xeb, 0x01, 0x00, 0x00, 0x41, 0x02, 0x00, // .............A..
	0x00, 0xe0, 0x00, 0x00, 0x00, 0x3d, 0x00, 0x04, 0x00, 0x08, 0x00, 0x00, 0x00, 0x89, 0x06, 0x00, // .....=..........
	0x00, 0x88, 0x06, 0x00, 0x00, 0x0c, 0x00, 0x08, 0x00, 0x08, 0x00, 0x00, 0x00, 0xcc, 0x0a, 0x00, // ................
	0x00, 0x01, 0x00, 0x00, 0x00, 0x2e, 0x00, 0x00, 0x00, 0x87, 0x06, 0x00, 0x00, 0x89, 0x06, 0x00, // ................
	0x00, 0xb3, 0x0a, 0x00, 0x00, 0x8e, 0x00, 0x05, 0x00, 0x18, 0x00, 0x00, 0x00, 0x8d, 0x06, 0x00, // ................
	0x00, 0xab, 0x0a, 0x00, 0x00, 0xcc, 0x0a, 0x00, 0x00, 0x41, 0x00, 0x07, 0x00, 0xed, 0x01, 0x00, // .........A......
	0x00, 0x8e, 0x06, 0x00, 0x00, 0x8c, 0x01, 0x00, 0x00, 0xeb, 0x01, 0x00, 0x00, 0x8d, 0x01, 0x00, // ................
	0x00, 0x9b, 0x00, 0x00, 0x00, 0x3d, 0x00, 0x04, 0x00, 0x08, 0x00, 0x00, 0x00, 0x8f, 0x06, 0x00, // .....=..........
	0x00, 0x8e, 0x06, 0x00, 0x00, 0x7c, 0x00, 0x04, 0x00, 0x06, 0x00, 0x00, 0x00, 0xd0, 0x0a, 0x00, // .....|..........
	0x00, 0x8f, 0x06, 0x00, 0x00, 0xab, 0x00, 0x05, 0x00, 0xba, 0x00, 0x00, 0x00, 0x91, 0x06, 0x00, // ................
	0x00, 0xd0, 0x0a, 0x00, 0x00, 0x34, 0x01, 0x00, 0x00, 0xf7, 0x00, 0x03, 0x00, 0xce, 0x06, 0x00, // .....4..........
	0x00, 0x00, 0x00, 0x00, 0x00, 0xfa, 0x00, 0x04, 0x00, 0x91, 0x06, 0x00, 0x00, 0x93, 0x06, 0x00, // ................
	0x00, 0xad, 0x06, 0x00, 0x00, 0xf8, 0x00, 0x02, 0x00, 0x93, 0x06, 0x00, 0x00, 0x51, 0x00, 0x05, // .............Q..
	0x00, 0x08, 0x00, 0x00, 0x00, 0x96, 0x06, 0x00, 0x00, 0x8a, 0x0c, 0x00, 0x00, 0x00, 0x00, 0x00, // ................
	0x00, 0x52, 0x00, 0x06, 0x00, 0x39, 0x00, 0x00, 0x00, 0x0b, 0x0c, 0x00, 0x00, 0x96, 0x06, 0x00, // .R...9..........
	0x00, 0x8c, 0x0c, 0x00, 0x00, 0x00, 0x00, 0x00, 0x00, 0x51, 0x00, 0x05, 0x00, 0x08, 0x00, 0x00, // .........Q......
	0x00, 0x98, 0x06, 0x00, 0x00, 0x8a, 0x0c, 0x00, 0x00, 0x01, 0x00, 0x00, 0x00, 0x52, 0x00, 0x06, // .............R..
	0x00, 0x39, 0x00, 0x00, 0x00, 0x0d, 0x0c, 0x00, 0x00, 0x98, 0x06, 0x00, 0x00, 0x0b, 0x0c, 0x00, // .9..............
	0x00, 0x01, 0x00, 0x00, 0x00, 0x51, 0x00, 0x05, 0x00, 0x08, 0x00, 0x00, 0x00, 0x9a, 0x06, 0x00, // .....Q..........
	0x00, 0x8a, 0x0c, 0x00, 0x00, 0x02, 0x00, 0x00, 0x00, 0x52, 0x00, 0x06, 0x00, 0x39, 0x00, 0x00, // .........R...9..
	0x00, 0x0f, 0x0c, 0x00, 0x00, 0x9a, 0x06, 0x00, 0x00, 0x0d, 0x0c, 0x00, 0x00, 0x02, 0x00, 0x00, // ................
	0x00, 0x41, 0x00, 0x05, 0x00, 0x49, 0x02, 0x00, 0x00, 0x9b, 0x06, 0x00, 0x00, 0x8c, 0x01, 0x00, // .A...I..........
	0x00, 0x41, 0x02, 0x00, 0x00, 0x3d, 0x00, 0x04, 0x00, 0x3a, 0x00, 0x00, 0x00, 0x9c, 0x06, 0x00, // .A...=...:......
	0x00, 0x9b, 0x06, 0x00, 0x00, 0x41, 0x00, 0x06, 0x00, 0x91, 0x01, 0x00, 0x00, 0x9d, 0x06, 0x00, // .....A..........
	0x00, 0x8c, 0x01, 0x00, 0x00, 0xeb, 0x01, 0x00, 0x00, 0x1c, 0x03, 0x00, 0x00, 0x3d, 0x00, 0x04, // .............=..
	0x00, 0x39, 0x00, 0x00, 0x00, 0x9e, 0x06, 0x00, 0x00, 0x9d, 0x06, 0x00, 0x00, 0x4f, 0x00, 0x08, // .9...........O..
	0x00, 0x18, 0x00, 0x00, 0x00, 0x9f, 0x06, 0x00, 0x00, 0x9e, 0x06, 0x00, 0x00, 0x9e, 0x06, 0x00, // ................
	0x00, 0x00, 0x00, 0x00, 0x00, 0x01, 0x00, 0x00, 0x00, 0x02, 0x00, 0x00, 0x00, 0x0c, 0x00, 0x06, // ................
	0x00, 0x08, 0x00, 0x00, 0x00, 0xd7, 0x0a, 0x00, 0x00, 0x01, 0x00, 0x00, 0x00, 0x42, 0x00, 0x00, // .............B..
	0x00, 0x9f, 0x06, 0x00, 0x00, 0x51, 0x00, 0x05, 0x00, 0x08, 0x00, 0x00, 0x00, 0xd9, 0x0a, 0x00, // .....Q..........
	0x00, 0x9e, 0x06, 0x00, 0x00, 0x00, 0x00, 0x00, 0x00, 0x51, 0x00, 0x05, 0x00, 0x08, 0x00, 0x00, // .........Q......
	0x00, 0xda, 0x0a, 0x00, 0x00, 0x9e, 0x06, 0x00, 0x00, 0x01, 0x00, 0x00, 0x00, 0x51, 0x00, 0x05, // .............Q..
	0x00, 0x08, 0x00, 0x00, 0x00, 0xdb, 0x0a, 0x00, 0x00, 0x9e, 0x06, 0x00, 0x00, 0x02, 0x00, 0x00, // ................
	0x00, 0x50, 0x00, 0x07, 0x00, 0x39, 0x00, 0x00, 0x00, 0xdc, 0x0a, 0x00, 0x00, 0xd9, 0x0a, 0x00, // .P...9..........
	0x00, 0xda, 0x0a, 0x00, 0x00, 0xdb, 0x0a, 0x00, 0x00, 0xa2, 0x00, 0x00, 0x00, 0x90, 0x00, 0x05, // ................
	0x00, 0x39, 0x00, 0x00, 0x00, 0xde, 0x0a, 0x00, 0x00, 0xdc, 0x0a, 0x00, 0x00, 0x9c, 0x06, 0x00, // .9..............
	0x00, 0x4f, 0x00, 0x08, 0x00, 0x18, 0x00, 0x00, 0x00, 0xdf, 0x0a, 0x00, 0x00, 0xde, 0x0a, 0x00, // .O..............
	0x00, 0xde, 0x0a, 0x00, 0x00, 0x00, 0x00, 0x00, 0x00, 0x01, 0x00, 0x00, 0x00, 0x02, 0x00, 0x00, // ................
	0x00, 0x0c, 0x00, 0x06, 0x00, 0x08, 0x00, 0x00, 0x00, 0xe1, 0x0a, 0x00, 0x00, 0x01, 0x00, 0x00, // ................
	0x00, 0x42, 0x00, 0x00, 0x00, 0xdf, 0x0a, 0x00, 0x00, 0xba, 0x00, 0x05, 0x00, 0xba, 0x00, 0x00, // .B..............
	0x00, 0xe2, 0x0a, 0x00, 0x00, 0xe1, 0x0a, 0x00, 0x00, 0xb9, 0x00, 0x00, 0x00, 0x0c, 0x00, 0x06, // ................
	0x00, 0x18, 0x00, 0x00, 0x00, 0xe4, 0x0a, 0x00, 0x00, 0x01, 0x00, 0x00, 0x00, 0x45, 0x00, 0x00, // .............E..
	0x00, 0xdf, 0x0a, 0x00, 0x00, 0x8e, 0x00, 0x05, 0x00, 0x18, 0x00, 0x00, 0x00, 0xe6, 0x0a, 0x00, // ................
	0x00, 0xe4, 0x0a, 0x00, 0x00, 0xd7, 0x0a, 0x00, 0x00, 0x50, 0x00, 0x06, 0x00, 0xc1, 0x00, 0x00, // .........P......
	0x00, 0xe8, 0x0a, 0x00, 0x00, 0xe2, 0x0a, 0x00, 0x00, 0xe2, 0x0a, 0x00, 0x00, 0xe2, 0x0a, 0x00, // ................
	0x00, 0xa9, 0x00, 0x06, 0x00, 0x18, 0x00, 0x00, 0x00, 0xe9, 0x0a, 0x00, 0x00, 0xe8, 0x0a, 0x00, // ................
	0x00, 0xe6, 0x0a, 0x00, 0x00, 0x56, 0x0c, 0x00, 0x00, 0x41, 0x00, 0x07, 0x00, 0xed, 0x01, 0x00, // .....V...A......
	0x00, 0xa3, 0x06, 0x00, 0x00, 0x8c, 0x01, 0x00, 0x00, 0xeb, 0x01, 0x00, 0x00, 0x50, 0x02, 0x00, // .............P..
	0x00, 0xe0, 0x00, 0x00, 0x00, 0x3d, 0x00, 0x04, 0x00, 0x08, 0x00, 0x00, 0x00, 0xa4, 0x06, 0x00, // .....=..........
	0x00, 0xa3, 0x06, 0x00, 0x00, 0x8e, 0x00, 0x05, 0x00, 0x18, 0x00, 0x00, 0x00, 0xa5, 0x06, 0x00, // ................
	0x00, 0xe9, 0x0a, 0x00, 0x00, 0xa4, 0x06, 0x00, 0x00, 0x81, 0x00, 0x05, 0x00, 0x18, 0x00, 0x00, // ................
	0x00, 0xa6, 0x06, 0x00, 0x00, 0x8d, 0x06, 0x00, 0x00, 0xa5, 0x06, 0x00, 0x00, 0x51, 0x00, 0x05, // .............Q..
	0x00, 0x08, 0x00, 0x00, 0x00, 0xa8, 0x06, 0x00, 0x00, 0xa6, 0x06, 0x00, 0x00, 0x00, 0x00, 0x00, // ................
	0x00, 0x52, 0x00, 0x06, 0x00, 0x39, 0x00, 0x00, 0x00, 0x11, 0x0c, 0x00, 0x00, 0xa8, 0x06, 0x00, // .R...9..........
	0x00, 0x8f, 0x0c, 0x00, 0x00, 0x00, 0x00, 0x00, 0x00, 0x51, 0x00, 0x05, 0x00, 0x08, 0x00, 0x00, // .........Q......
	0x00, 0xaa, 0x06, 0x00, 0x00, 0xa6, 0x06, 0x00, 0x00, 0x01, 0x00, 0x00, 0x00, 0x52, 0x00, 0x06, // .............R..
	0x00, 0x39, 0x00, 0x00, 0x00, 0x13, 0x0c, 0x00, 0x00, 0xaa, 0x06, 0x00, 0x00, 0x11, 0x0c, 0x00, // .9..............
	0x00, 0x01, 0x00, 0x00, 0x00, 0x51, 0x00, 0x05, 0x00, 0x08, 0x00, 0x00, 0x00, 0xac, 0x06, 0x00, // .....Q..........
	0x00, 0xa6, 0x06, 0x00, 0x00, 0x02, 0x00, 0x00, 0x00, 0x52, 0x00, 0x06, 0x00, 0x39, 0x00, 0x00, // .........R...9..
	0x00, 0x15, 0x0c, 0x00, 0x00, 0xac, 0x06, 0x00, 0x00, 0x13, 0x0c, 0x00, 0x00, 0x02, 0x00, 0x00, // ................
	0x00, 0xf9, 0x00, 0x02, 0x00, 0xce, 0x06, 0x00, 0x00, 0xf8, 0x00, 0x02, 0x00, 0xad, 0x06, 0x00, // ................
	0x00, 0x51, 0x00, 0x05, 0x00, 0x08, 0x00, 0x00, 0x00, 0xaf, 0x06, 0x00, 0x00, 0x8a, 0x0c, 0x00, // .Q..............
	0x00, 0x00, 0x00, 0x00, 0x00, 0x51, 0x00, 0x05, 0x00, 0x08, 0x00, 0x00, 0x00, 0xb0, 0x06, 0x00, // .....Q..........
	0x00, 0x8a, 0x0c, 0x00, 0x00, 0x01, 0x00, 0x00, 0x00, 0x51, 0x00, 0x05, 0x00, 0x08, 0x00, 0x00, // .........Q......
	0x00, 0xb1, 0x06, 0x00, 0x00, 0x8a, 0x0c, 0x00, 0x00, 0x02, 0x00, 0x00, 0x00, 0x50, 0x00, 0x07, // .............P..
	0x00, 0x39, 0x00, 0x00, 0x00, 0xb2, 0x06, 0x00, 0x00, 0xaf, 0x06, 0x00, 0x00, 0xb0, 0x06, 0x00, // .9..............
	0x00, 0xb1, 0x06, 0x00, 0x00, 0x97, 0x00, 0x00, 0x00, 0x41, 0x00, 0x05, 0x00, 0x49, 0x02, 0x00, // .........A...I..
	0x00, 0xb3, 0x06, 0x00, 0x00, 0x8c, 0x01, 0x00, 0x00, 0x8f, 0x01, 0x00, 0x00, 0x3d, 0x00, 0x04, // .............=..
	0x00, 0x3a, 0x00, 0x00, 0x00, 0xb4, 0x06, 0x00, 0x00, 0xb3, 0x06, 0x00, 0x00, 0x90, 0x00, 0x05, // .:..............
	0x00, 0x39, 0x00, 0x00, 0x00, 0xb5, 0x06, 0x00, 0x00, 0xb2, 0x06, 0x00, 0x00, 0xb4, 0x06, 0x00, // .9..............
	0x00, 0x51, 0x00, 0x05, 0x00, 0x08, 0x00, 0x00, 0x00, 0xb8, 0x06, 0x00, 0x00, 0xb5, 0x06, 0x00, // .Q..............
	0x00, 0x00, 0x00, 0x00, 0x00, 0x52, 0x00, 0x06, 0x00, 0x39, 0x00, 0x00, 0x00, 0x17, 0x0c, 0x00, // .....R...9......
	0x00, 0xb8, 0x06, 0x00, 0x00, 0x8c, 0x0c, 0x00, 0x00, 0x00, 0x00, 0x00, 0x00, 0x51, 0x00, 0x05, // .............Q..
	0x00, 0x08, 0x00, 0x00, 0x00, 0xba, 0x06, 0x00, 0x00, 0xb5, 0x06, 0x00, 0x00, 0x01, 0x00, 0x00, // ................
	0x00, 0x52, 0x00, 0x06, 0x00, 0x39, 0x00, 0x00, 0x00, 0x19, 0x0c, 0x00, 0x00, 0xba, 0x06, 0x00, // .R...9..........
	0x00, 0x17, 0x0c, 0x00, 0x00, 0x01, 0x00, 0x00, 0x00, 0x51, 0x00, 0x05, 0x00, 0x08, 0x00, 0x00, // .........Q......
	0x00, 0xbc, 0x06, 0x00, 0x00, 0xb5, 0x06, 0x00, 0x00, 0x02, 0x00, 0x00, 0x00, 0x52, 0x00, 0x06, // .............R..
	0x00, 0x39, 0x00, 0x00, 0x00, 0x1b, 0x0c, 0x00, 0x00, 0xbc, 0x06, 0x00, 0x00, 0x19, 0x0c, 0x00, // .9..............
	0x00, 0x02, 0x00, 0x00, 0x00, 0x41, 0x00, 0x05, 0x00, 0x49, 0x02, 0x00, 0x00, 0xbd, 0x06, 0x00, // .....A...I......
	0x00, 0x8c, 0x01, 0x00, 0x00, 0x7b, 0x03, 0x00, 0x00, 0x3d, 0x00, 0x04, 0x00, 0x3a, 0x00, 0x00, // .....{...=...:..
	0x00, 0xbe, 0x06, 0x00, 0x00, 0xbd, 0x06, 0x00, 0x00, 0x0c, 0x00, 0x06, 0x00, 0x08, 0x00, 0x00, // ................
	0x00, 0xf4, 0x0a, 0x00, 0x00, 0x01, 0x00, 0x00, 0x00, 0x42, 0x00, 0x00, 0x00, 0x8d, 0x06, 0x00, // .........B......
	0x00, 0x51, 0x00, 0x05, 0x00, 0x08, 0x00, 0x00, 0x00, 0xf6, 0x0a, 0x00, 0x00, 0x8d, 0x06, 0x00, // .Q..............
	0x00, 0x00, 0x00, 0x00, 0x00, 0x51, 0x00, 0x05, 0x00, 0x08, 0x00, 0x00, 0x00, 0xf7, 0x0a, 0x00, // .....Q..........
	0x00, 0x8d, 0x06, 0x00, 0x00, 0x01, 0x00, 0x00, 0x00, 0x51, 0x00, 0x05, 0x00, 0x08, 0x00, 0x00, // .........Q......
	0x00, 0xf8, 0x0a, 0x00, 0x00, 0x8d, 0x06, 0x00, 0x00, 0x02, 0x00, 0x00, 0x00, 0x50, 0x00, 0x07, // .............P..
	0x00, 0x39, 0x00, 0x00, 0x00, 0xf9, 0x0a, 0x00, 0x00, 0xf6, 0x0a, 0x00, 0x00, 0xf7, 0x0a, 0x00, // .9..............
	0x00, 0xf8, 0x0a, 0x00, 0x00, 0xa2, 0x00, 0x00, 0x00, 0x90, 0x00, 0x05, 0x00, 0x39, 0x00, 0x00, // .............9..
	0x00, 0xfb, 0x0a, 0x00, 0x00, 0xf9, 0x0a, 0x00, 0x00, 0xbe, 0x06, 0x00, 0x00, 0x4f, 0x00, 0x08, // .............O..
	0x00, 0x18, 0x00, 0x00, 0x00, 0xfc, 0x0a, 0x00, 0x00, 0xfb, 0x0a, 0x00, 0x00, 0xfb, 0x0a, 0x00, // ................
	0x00, 0x00, 0x00, 0x00, 0x00, 0x01, 0x00, 0x00, 0x00, 0x02, 0x00, 0x00, 0x00, 0x0c, 0x00, 0x06, // ................
	0x00, 0x08, 0x00, 0x00, 0x00, 0xfe, 0x0a, 0x00, 0x00, 0x01, 0x00, 0x00, 0x00, 0x42, 0x00, 0x00, // .............B..
	0x00, 0xfc, 0x0a, 0x00, 0x00, 0xba, 0x00, 0x05, 0x00, 0xba, 0x00, 0x00, 0x00, 0xff, 0x0a, 0x00, // ................
	0x00, 0xfe, 0x0a, 0x00, 0x00, 0xb9, 0x00, 0x00, 0x00, 0x0c, 0x00, 0x06, 0x00, 0x18, 0x00, 0x00, // ................
	0x00, 0x01, 0x0b, 0x00, 0x00, 0x01, 0x00, 0x00, 0x00, 0x45, 0x00, 0x00, 0x00, 0xfc, 0x0a, 0x00, // .........E......
	0x00, 0x8e, 0x00, 0x05, 0x00, 0x18, 0x00, 0x00, 0x00, 0x03, 0x0b, 0x00, 0x00, 0x01, 0x0b, 0x00, // ................
	0x00, 0xf4, 0x0a, 0x00, 0x00, 0x50, 0x00, 0x06, 0x00, 0xc1, 0x00, 0x00, 0x00, 0x05, 0x0b, 0x00, // .....P..........
	0x00, 0xff, 0x0a, 0x00, 0x00, 0xff, 0x0a, 0x00, 0x00, 0xff, 0x0a, 0x00, 0x00, 0xa9, 0x00, 0x06, // ................
	0x00, 0x18, 0x00, 0x00, 0x00, 0x06, 0x0b, 0x00, 0x00, 0x05, 0x0b, 0x00, 0x00, 0x03, 0x0b, 0x00, // ................
	0x00, 0x56, 0x0c, 0x00, 0x00, 0x41, 0x00, 0x06, 0x00, 0x91, 0x01, 0x00, 0x00, 0xc1, 0x06, 0x00, // .V...A..........
	0x00, 0x8c, 0x01, 0x00, 0x00, 0xeb, 0x01, 0x00, 0x00, 0x1c, 0x03, 0x00, 0x00, 0x3d, 0x00, 0x04, // .............=..
	0x00, 0x39, 0x00, 0x00, 0x00, 0xc2, 0x06, 0x00, 0x00, 0xc1, 0x06, 0x00, 0x00, 0x4f, 0x00, 0x08, // .9...........O..
	0x00, 0x18, 0x00, 0x00, 0x00, 0xc3, 0x06, 0x00, 0x00, 0xc2, 0x06, 0x00, 0x00, 0xc2, 0x06, 0x00, // ................
	0x00, 0x00, 0x00, 0x00, 0x00, 0x01, 0x00, 0x00, 0x00, 0x02, 0x00, 0x00, 0x00, 0x41, 0x00, 0x07, // .............A..
	0x00, 0xed, 0x01, 0x00, 0x00, 0xc4, 0x06, 0x00, 0x00, 0x8c, 0x01, 0x00, 0x00, 0xeb, 0x01, 0x00, // ................
	0x00, 0x50, 0x02, 0x00, 0x00, 0xe0, 0x00, 0x00, 0x00, 0x3d, 0x00, 0x04, 0x00, 0x08, 0x00, 0x00, // .P.......=......
	0x00, 0xc5, 0x06, 0x00, 0x00, 0xc4, 0x06, 0x00, 0x00, 0x8e, 0x00, 0x05, 0x00, 0x18, 0x00, 0x00, // ................
	0x00, 0xc6, 0x06, 0x00, 0x00, 0xc3, 0x06, 0x00, 0x00, 0xc5, 0x06, 0x00, 0x00, 0x81, 0x00, 0x05, // ................
	0x00, 0x18, 0x00, 0x00, 0x00, 0xc7, 0x06, 0x00, 0x00, 0x06, 0x0b, 0x00, 0x00, 0xc6, 0x06, 0x00, // ................
	0x00, 0x51, 0x00, 0x05, 0x00, 0x08, 0x00, 0x00, 0x00, 0xc9, 0x06, 0x00, 0x00, 0xc7, 0x06, 0x00, // .Q..............
	0x00, 0x00, 0x00, 0x00, 0x00, 0x52, 0x00, 0x06, 0x00, 0x39, 0x00, 0x00, 0x00, 0x1d, 0x0c, 0x00, // .....R...9......
	0x00, 0xc9, 0x06, 0x00, 0x00, 0x8f, 0x0c, 0x00, 0x00, 0x00, 0x00, 0x00, 0x00, 0x51, 0x00, 0x05, // .............Q..
	0x00, 0x08, 0x00, 0x00, 0x00, 0xcb, 0x06, 0x00, 0x00, 0xc7, 0x06, 0x00, 0x00, 0x01, 0x00, 0x00, // ................
	0x00, 0x52, 0x00, 0x06, 0x00, 0x39, 0x00, 0x00, 0x00, 0x1f, 0x0c, 0x00, 0x00, 0xcb, 0x06, 0x00, // .R...9..........
	0x00, 0x1d, 0x0c, 0x00, 0x00, 0x01, 0x00, 0x00, 0x00, 0x51, 0x00, 0x05, 0x00, 0x08, 0x00, 0x00, // .........Q......
	0x00, 0xcd, 0x06, 0x00, 0x00, 0xc7, 0x06, 0x00, 0x00, 0x02, 0x00, 0x00, 0x00, 0x52, 0x00, 0x06, // .............R..
	0x00, 0x39, 0x00, 0x00, 0x00, 0x21, 0x0c, 0x00, 0x00, 0xcd, 0x06, 0x00, 0x00, 0x1f, 0x0c, 0x00, // .9...!..........
	0x00, 0x02, 0x00, 0x00, 0x00, 0xf9, 0x00, 0x02, 0x00, 0xce, 0x06, 0x00, 0x00, 0xf8, 0x00, 0x02, // ................
	0x00, 0xce, 0x06, 0x00, 0x00, 0xf5, 0x00, 0x07, 0x00, 0x39, 0x00, 0x00, 0x00, 0x92, 0x0c, 0x00, // .........9......
	0x00, 0x0f, 0x0c, 0x00, 0x00, 0x93, 0x06, 0x00, 0x00, 0x1b, 0x0c, 0x00, 0x00, 0xad, 0x06, 0x00, // ................
	0x00, 0xf5, 0x00, 0x07, 0x00, 0x39, 0x00, 0x00, 0x00, 0x91, 0x0c, 0x00, 0x00, 0x15, 0x0c, 0x00, // .....9..........
	0x00, 0x93, 0x06, 0x00, 0x00, 0x21, 0x0c, 0x00, 0x00, 0xad, 0x06, 0x00, 0x00, 0x80, 0x00, 0x05, // .....!..........
	0x00, 0x06, 0x00, 0x00, 0x00, 0xd0, 0x06, 0x00, 0x00, 0x21, 0x08, 0x00, 0x00, 0xf8, 0x03, 0x00, // .........!......
	0x00, 0xc2, 0x00, 0x05, 0x00, 0x06, 0x00, 0x00, 0x00, 0x16, 0x0b, 0x00, 0x00, 0xd0, 0x06, 0x00, // ................
	0x00, 0x6f, 0x00, 0x00, 0x00, 0xc6, 0x00, 0x05, 0x00, 0x06, 0x00, 0x00, 0x00, 0x18, 0x0b, 0x00, // .o..............
	0x00, 0xd0, 0x06, 0x00, 0x00, 0x16, 0x0b, 0x00, 0x00, 0x84, 0x00, 0x05, 0x00, 0x06, 0x00, 0x00, // ................
	0x00, 0x1a, 0x0b, 0x00, 0x00, 0x18, 0x0b, 0x00, 0x00, 0x73, 0x00, 0x00, 0x00, 0xc2, 0x00, 0x05, // .........s......
	0x00, 0x06, 0x00, 0x00, 0x00, 0x1c, 0x0b, 0x00, 0x00, 0x1a, 0x0b, 0x00, 0x00, 0x77, 0x00, 0x00, // .............w..
	0x00, 0xc6, 0x00, 0x05, 0x00, 0x06, 0x00, 0x00, 0x00, 0x1e, 0x0b, 0x00, 0x00, 0x1a, 0x0b, 0x00, // ................
	0x00, 0x1c, 0x0b, 0x00, 0x00, 0x84, 0x00, 0x05, 0x00, 0x06, 0x00, 0x00, 0x00, 0x20, 0x0b, 0x00, // ............. ..
	0x00, 0x1e, 0x0b, 0x00, 0x00, 0x7b, 0x00, 0x00, 0x00, 0xc2, 0x00, 0x05, 0x00, 0x06, 0x00, 0x00, // .....{..........
	0x00, 0x22, 0x0b, 0x00, 0x00, 0x20, 0x0b, 0x00, 0x00, 0x6f, 0x00, 0x00, 0x00, 0xc6, 0x00, 0x05, // ."... ...o......
	0x00, 0x06, 0x00, 0x00, 0x00, 0x24, 0x0b, 0x00, 0x00, 0x20, 0x0b, 0x00, 0x00, 0x22, 0x0b, 0x00, // .....$... ..."..
	0x00, 0xc7, 0x00, 0x05, 0x00, 0x06, 0x00, 0x00, 0x00, 0x10, 0x0b, 0x00, 0x00, 0x24, 0x0b, 0x00, // .............$..
	0x00, 0x88, 0x00, 0x00, 0x00, 0x70, 0x00, 0x04, 0x00, 0x08, 0x00, 0x00, 0x00, 0x11, 0x0b, 0x00, // .....p..........
	0x00, 0x10, 0x0b, 0x00, 0x00, 0x85, 0x00, 0x05, 0x00, 0x08, 0x00, 0x00, 0x00, 0x12, 0x0b, 0x00, // ................
	0x00, 0x11, 0x0b, 0x00, 0x00, 0x58, 0x0c, 0x00, 0x00, 0x41, 0x00, 0x07, 0x00, 0xed, 0x01, 0x00, // .....X...A......
	0x00, 0xd2, 0x06, 0x00, 0x00, 0x8c, 0x01, 0x00, 0x00, 0xeb, 0x01, 0x00, 0x00, 0x8f, 0x01, 0x00, // ................
	0x00, 0x34, 0x01, 0x00, 0x00, 0x3d, 0x00, 0x04, 0x00, 0x08, 0x00, 0x00, 0x00, 0xd3, 0x06, 0x00, // .4...=..........
	0x00, 0xd2, 0x06, 0x00, 0x00, 0x41, 0x00, 0x07, 0x00, 0xed, 0x01, 0x00, 0x00, 0xd4, 0x06, 0x00, // .....A..........
	0x00, 0x8c, 0x01, 0x00, 0x00, 0xeb, 0x01, 0x00, 0x00, 0x8f, 0x01, 0x00, 0x00, 0x91, 0x00, 0x00, // ................
	0x00, 0x3d, 0x00, 0x04, 0x00, 0x08, 0x00, 0x00, 0x00, 0xd5, 0x06, 0x00, 0x00, 0xd4, 0x06, 0x00, // .=..............
	0x00, 0x0c, 0x00, 0x08, 0x00, 0x08, 0x00, 0x00, 0x00, 0x2b, 0x0b, 0x00, 0x00, 0x01, 0x00, 0x00, // .........+......
	0x00, 0x2e, 0x00, 0x00, 0x00, 0xd3, 0x06, 0x00, 0x00, 0xd5, 0x06, 0x00, 0x00, 0x12, 0x0b, 0x00, // ................
	0x00, 0x0c, 0x00, 0x07, 0x00, 0x08, 0x00, 0x00, 0x00, 0xd7, 0x06, 0x00, 0x00, 0x01, 0x00, 0x00, // ................
	0x00, 0x28, 0x00, 0x00, 0x00, 0xf6, 0x03, 0x00, 0x00, 0x2b, 0x0b, 0x00, 0x00, 0x52, 0x00, 0x06, // .(.......+...R..
	0x00, 0x39, 0x00, 0x00, 0x00, 0x23, 0x0c, 0x00, 0x00, 0xd7, 0x06, 0x00, 0x00, 0x91, 0x0c, 0x00, // .9...#..........
	0x00, 0x03, 0x00, 0x00, 0x00, 0x41, 0x00, 0x07, 0x00, 0xed, 0x01, 0x00, 0x00, 0xd9, 0x06, 0x00, // .....A..........
	0x00, 0x8c, 0x01, 0x00, 0x00, 0xeb, 0x01, 0x00, 0x00, 0x8f, 0x01, 0x00, 0x00, 0xe0, 0x00, 0x00, // ................
	0x00, 0x3d, 0x00, 0x04, 0x00, 0x08, 0x00, 0x00, 0x00, 0xda, 0x06, 0x00, 0x00, 0xd9, 0x06, 0x00, // .=..............
	0x00, 0x0c, 0x00, 0x07, 0x00, 0x08, 0x00, 0x00, 0x00, 0xdb, 0x06, 0x00, 0x00, 0x01, 0x00, 0x00, // ................
	0x00, 0x28, 0x00, 0x00, 0x00, 0xa2, 0x00, 0x00, 0x00, 0xda, 0x06, 0x00, 0x00, 0x85, 0x00, 0x05, // .(..............
	0x00, 0x08, 0x00, 0x00, 0x00, 0xdf, 0x06, 0x00, 0x00, 0xdb, 0x06, 0x00, 0x00, 0x6a, 0x0a, 0x00, // .............j..
	0x00, 0x52, 0x00, 0x06, 0x00, 0x39, 0x00, 0x00, 0x00, 0x25, 0x0c, 0x00, 0x00, 0xdf, 0x06, 0x00, // .R...9...%......
	0x00, 0x92, 0x0c, 0x00, 0x00, 0x03, 0x00, 0x00, 0x00, 0x7c, 0x00, 0x04, 0x00, 0x08, 0x00, 0x00, // .........|......
	0x00, 0x4e, 0x0b, 0x00, 0x00, 0x21, 0x08, 0x00, 0x00, 0x50, 0x00, 0x07, 0x00, 0x39, 0x00, 0x00, // .N...!...P...9..
	0x00, 0x5d, 0x0c, 0x00, 0x00, 0xa2, 0x00, 0x00, 0x00, 0xa2, 0x00, 0x00, 0x00, 0xa2, 0x00, 0x00, // .]..............
	0x00, 0x4e, 0x0b, 0x00, 0x00, 0x85, 0x00, 0x05, 0x00, 0x08, 0x00, 0x00, 0x00, 0x56, 0x0b, 0x00, // .N...........V..
	0x00, 0x8a, 0x0a, 0x00, 0x00, 0x58, 0x0c, 0x00, 0x00, 0x80, 0x00, 0x05, 0x00, 0x06, 0x00, 0x00, // .....X..........
	0x00, 0xef, 0x06, 0x00, 0x00, 0x21, 0x08, 0x00, 0x00, 0x24, 0x04, 0x00, 0x00, 0xc2, 0x00, 0x05, // .....!...$......
	0x00, 0x06, 0x00, 0x00, 0x00, 0x75, 0x0b, 0x00, 0x00, 0xef, 0x06, 0x00, 0x00, 0x6f, 0x00, 0x00, // .....u.......o..
	0x00, 0xc6, 0x00, 0x05, 0x00, 0x06, 0x00, 0x00, 0x00, 0x77, 0x0b, 0x00, 0x00, 0xef, 0x06, 0x00, // .........w......
	0x00, 0x75, 0x0b, 0x00, 0x00, 0x84, 0x00, 0x05, 0x00, 0x06, 0x00, 0x00, 0x00, 0x79, 0x0b, 0x00, // .u...........y..
	0x00, 0x77, 0x0b, 0x00, 0x00, 0x73, 0x00, 0x00, 0x00, 0xc2, 0x00, 0x05, 0x00, 0x06, 0x00, 0x00, // .w...s..........
	0x00, 0x7b, 0x0b, 0x00, 0x00, 0x79, 0x0b, 0x00, 0x00, 0x77, 0x00, 0x00, 0x00, 0xc6, 0x00, 0x05, // .{...y...w......
	0x00, 0x06, 0x00, 0x00, 0x00, 0x7d, 0x0b, 0x00, 0x00, 0x79, 0x0b, 0x00, 0x00, 0x7b, 0x0b, 0x00, // .....}...y...{..
	0x00, 0x84, 0x00, 0x05, 0x00, 0x06, 0x00, 0x00, 0x00, 0x7f, 0x0b, 0x00, 0x00, 0x7d, 0x0b, 0x00, // .............}..
	0x00, 0x7b, 0x00, 0x00, 0x00, 0xc2, 0x00, 0x05, 0x00, 0x06, 0x00, 0x00, 0x00, 0x81, 0x0b, 0x00, // .{..............
	0x00, 0x7f, 0x0b, 0x00, 0x00, 0x6f, 0x00, 0x00, 0x00, 0xc6, 0x00, 0x05, 0x00, 0x06, 0x00, 0x00, // .....o..........
	0x00, 0x83, 0x0b, 0x00, 0x00, 0x7f, 0x0b, 0x00, 0x00, 0x81, 0x0b, 0x00, 0x00, 0xc7, 0x00, 0x05, // ................
	0x00, 0x06, 0x00, 0x00, 0x00, 0x6f, 0x0b, 0x00, 0x00, 0x83, 0x0b, 0x00, 0x00, 0x88, 0x00, 0x00, // .....o..........
	0x00, 0x70, 0x00, 0x04, 0x00, 0x08, 0x00, 0x00, 0x00, 0x70, 0x0b, 0x00, 0x00, 0x6f, 0x0b, 0x00, // .p.......p...o..
	0x00, 0x85, 0x00, 0x05, 0x00, 0x08, 0x00, 0x00, 0x00, 0x71, 0x0b, 0x00, 0x00, 0x70, 0x0b, 0x00, // .........q...p..
	0x00, 0x58, 0x0c, 0x00, 0x00, 0x80, 0x00, 0x05, 0x00, 0x06, 0x00, 0x00, 0x00, 0xf2, 0x06, 0x00, // .X..............
	0x00, 0x21, 0x08, 0x00, 0x00, 0x29, 0x04, 0x00, 0x00, 0xc2, 0x00, 0x05, 0x00, 0x06, 0x00, 0x00, // .!...)..........
	0x00, 0x90, 0x0b, 0x00, 0x00, 0xf2, 0x06, 0x00, 0x00, 0x6f, 0x00, 0x00, 0x00, 0xc6, 0x00, 0x05, // .........o......
	0x00, 0x06, 0x00, 0x00, 0x00, 0x92, 0x0b, 0x00, 0x00, 0xf2, 0x06, 0x00, 0x00, 0x90, 0x0b, 0x00, // ................
	0x00, 0x84, 0x00, 0x05, 0x00, 0x06, 0x00, 0x00, 0x00, 0x94, 0x0b, 0x00, 0x00, 0x92, 0x0b, 0x00, // ................
	0x00, 0x73, 0x00, 0x00, 0x00, 0xc2, 0x00, 0x05, 0x00, 0x06, 0x00, 0x00, 0x00, 0x96, 0x0b, 0x00, // .s..............
	0x00, 0x94, 0x0b, 0x00, 0x00, 0x77, 0x00, 0x00, 0x00, 0xc6, 0x00, 0x05, 0x00, 0x06, 0x00, 0x00, // .....w..........
	0x00, 0x98, 0x0b, 0x00, 0x00, 0x94, 0x0b, 0x00, 0x00, 0x96, 0x0b, 0x00, 0x00, 0x84, 0x00, 0x05, // ................
	0x00, 0x06, 0x00, 0x00, 0x00, 0x9a, 0x0b, 0x00, 0x00, 0x98, 0x0b, 0x00, 0x00, 0x7b, 0x00, 0x00, // .............{..
	0x00, 0xc2, 0x00, 0x05, 0x00, 0x06, 0x00, 0x00, 0x00, 0x9c, 0x0b, 0x00, 0x00, 0x9a, 0x0b, 0x00, // ................
	0x00, 0x6f, 0x00, 0x00, 0x00, 0xc6, 0x00, 0x05, 0x00, 0x06, 0x00, 0x00, 0x00, 0x9e, 0x0b, 0x00, // .o..............
	0x00, 0x9a, 0x0b, 0x00, 0x00, 0x9c, 0x0b, 0x00, 0x00, 0xc7, 0x00, 0x05, 0x00, 0x06, 0x00, 0x00, // ................
	0x00, 0x8a, 0x0b, 0x00, 0x00, 0x9e, 0x0b, 0x00, 0x00, 0x88, 0x00, 0x00, 0x00, 0x70, 0x00, 0x04, // .............p..
	0x00, 0x08, 0x00, 0x00, 0x00, 0x8b, 0x0b, 0x00, 0x00, 0x8a, 0x0b, 0x00, 0x00, 0x85, 0x00, 0x05, // ................
	0x00, 0x08, 0x00, 0x00, 0x00, 0x8c, 0x0b, 0x00, 0x00, 0x8b, 0x0b, 0x00, 0x00, 0x58, 0x0c, 0x00, // .............X..
	0x00, 0x50, 0x00, 0x06, 0x00, 0x18, 0x00, 0x00, 0x00, 0xf4, 0x06, 0x00, 0x00, 0x56, 0x0b, 0x00, // .P...........V..
	0x00, 0x71, 0x0b, 0x00, 0x00, 0x8c, 0x0b, 0x00, 0x00, 0x41, 0x00, 0x06, 0x00, 0x91, 0x01, 0x00, // .q.......A......
	0x00, 0xf5, 0x06, 0x00, 0x00, 0x8c, 0x01, 0x00, 0x00, 0xeb, 0x01, 0x00, 0x00, 0x1c, 0x04, 0x00, // ................
	0x00, 0x3d, 0x00, 0x04, 0x00, 0x39, 0x00, 0x00, 0x00, 0xf6, 0x06, 0x00, 0x00, 0xf5, 0x06, 0x00, // .=...9..........
	0x00, 0x4f, 0x00, 0x08, 0x00, 0x18, 0x00, 0x00, 0x00, 0xf7, 0x06, 0x00, 0x00, 0xf6, 0x06, 0x00, // .O..............
	0x00, 0xf6, 0x06, 0x00, 0x00, 0x00, 0x00, 0x00, 0x00, 0x01, 0x00, 0x00, 0x00, 0x02, 0x00, 0x00, // ................
	0x00, 0x41, 0x00, 0x06, 0x00, 0x91, 0x01, 0x00, 0x00, 0xf8, 0x06, 0x00, 0x00, 0x8c, 0x01, 0x00, // .A..............
	0x00, 0xeb, 0x01, 0x00, 0x00, 0x1d, 0x04, 0x00, 0x00, 0x3d, 0x00, 0x04, 0x00, 0x39, 0x00, 0x00, // .........=...9..
	0x00, 0xf9, 0x06, 0x00, 0x00, 0xf8, 0x06, 0x00, 0x00, 0x4f, 0x00, 0x08, 0x00, 0x18, 0x00, 0x00, // .........O......
	0x00, 0xfa, 0x06, 0x00, 0x00, 0xf9, 0x06, 0x00, 0x00, 0xf9, 0x06, 0x00, 0x00, 0x00, 0x00, 0x00, // ................
	0x00, 0x01, 0x00, 0x00, 0x00, 0x02, 0x00, 0x00, 0x00, 0x0c, 0x00, 0x08, 0x00, 0x18, 0x00, 0x00, // ................
	0x00, 0xa5, 0x0b, 0x00, 0x00, 0x01, 0x00, 0x00, 0x00, 0x2e, 0x00, 0x00, 0x00, 0xf7, 0x06, 0x00, // ................
	0x00, 0xfa, 0x06, 0x00, 0x00, 0xf4, 0x06, 0x00, 0x00, 0x51, 0x00, 0x05, 0x00, 0x08, 0x00, 0x00, // .........Q......
	0x00, 0xfd, 0x06, 0x00, 0x00, 0xa5, 0x0b, 0x00, 0x00, 0x00, 0x00, 0x00, 0x00, 0x51, 0x00, 0x05, // .............Q..
	0x00, 0x08, 0x00, 0x00, 0x00, 0xff, 0x06, 0x00, 0x00, 0xa5, 0x0b, 0x00, 0x00, 0x01, 0x00, 0x00, // ................
	0x00, 0x51, 0x00, 0x05, 0x00, 0x08, 0x00, 0x00, 0x00, 0x01, 0x07, 0x00, 0x00, 0xa5, 0x0b, 0x00, // .Q..............
	0x00, 0x02, 0x00, 0x00, 0x00, 0x50, 0x00, 0x07, 0x00, 0x39, 0x00, 0x00, 0x00, 0x5e, 0x0c, 0x00, // .....P...9...^..
	0x00, 0xfd, 0x06, 0x00, 0x00, 0xff, 0x06, 0x00, 0x00, 0x01, 0x07, 0x00, 0x00, 0x97, 0x00, 0x00, // ................
	0x00, 0xb8, 0x00, 0x05, 0x00, 0xba, 0x00, 0x00, 0x00, 0x07, 0x07, 0x00, 0x00, 0xdf, 0x06, 0x00, // ................
	0x00, 0xd7, 0x06, 0x00, 0x00, 0xba, 0x00, 0x05, 0x00, 0xba, 0x00, 0x00, 0x00, 0x0b, 0x07, 0x00, // ................
	0x00, 0xdf, 0x06, 0x00, 0x00, 0xa2, 0x00, 0x00, 0x00, 0xa7, 0x00, 0x05, 0x00, 0xba, 0x00, 0x00, // ................
	0x00, 0x0c, 0x07, 0x00, 0x00, 0x07, 0x07, 0x00, 0x00, 0x0b, 0x07, 0x00, 0x00, 0xf7, 0x00, 0x03, // ................
	0x00, 0x4a, 0x07, 0x00, 0x00, 0x00, 0x00, 0x00, 0x00, 0xfa, 0x00, 0x04, 0x00, 0x0c, 0x07, 0x00, // .J..............
	0x00, 0x0d, 0x07, 0x00, 0x00, 0x4a, 0x07, 0x00, 0x00, 0xf8, 0x00, 0x02, 0x00, 0x0d, 0x07, 0x00, // .....J..........
	0x00, 0x41, 0x00, 0x06, 0x00, 0x91, 0x01, 0x00, 0x00, 0x0e, 0x07, 0x00, 0x00, 0x8c, 0x01, 0x00, // .A..............
	0x00, 0xeb, 0x01, 0x00, 0x00, 0x41, 0x02, 0x00, 0x00, 0x3d, 0x00, 0x04, 0x00, 0x39, 0x00, 0x00, // .....A...=...9..
	0x00, 0x0f, 0x07, 0x00, 0x00, 0x0e, 0x07, 0x00, 0x00, 0x4f, 0x00, 0x08, 0x00, 0x18, 0x00, 0x00, // .........O......
	0x00, 0x10, 0x07, 0x00, 0x00, 0x0f, 0x07, 0x00, 0x00, 0x0f, 0x07, 0x00, 0x00, 0x00, 0x00, 0x00, // ................
	0x00, 0x01, 0x00, 0x00, 0x00, 0x02, 0x00, 0x00, 0x00, 0xf7, 0x00, 0x03, 0x00, 0x17, 0x07, 0x00, // ................
	0x00, 0x00, 0x00, 0x00, 0x00, 0xfa, 0x00, 0x04, 0x00, 0x91, 0x06, 0x00, 0x00, 0x12, 0x07, 0x00, // ................
	0x00, 0x17, 0x07, 0x00, 0x00, 0xf8, 0x00, 0x02, 0x00, 0x12, 0x07, 0x00, 0x00, 0x41, 0x00, 0x05, // .............A..
	0x00, 0x49, 0x02, 0x00, 0x00, 0x13, 0x07, 0x00, 0x00, 0x8c, 0x01, 0x00, 0x00, 0x41, 0x02, 0x00, // .I...........A..
	0x00, 0x3d, 0x00, 0x04, 0x00, 0x3a, 0x00, 0x00, 0x00, 0x14, 0x07, 0x00, 0x00, 0x13, 0x07, 0x00, // .=...:..........
	0x00, 0x0c, 0x00, 0x06, 0x00, 0x08, 0x00, 0x00, 0x00, 0xac, 0x0b, 0x00, 0x00, 0x01, 0x00, 0x00, // ................
	0x00, 0x42, 0x00, 0x00, 0x00, 0x10, 0x07, 0x00, 0x00, 0x51, 0x00, 0x05, 0x00, 0x08, 0x00, 0x00, // .B.......Q......
	0x00, 0xae, 0x0b, 0x00, 0x00, 0x0f, 0x07, 0x00, 0x00, 0x00, 0x00, 0x00, 0x00, 0x51, 0x00, 0x05, // .............Q..
	0x00, 0x08, 0x00, 0x00, 0x00, 0xaf, 0x0b, 0x00, 0x00, 0x0f, 0x07, 0x00, 0x00, 0x01, 0x00, 0x00, // ................
	0x00, 0x51, 0x00, 0x05, 0x00, 0x08, 0x00, 0x00, 0x00, 0xb0, 0x0b, 0x00, 0x00, 0x0f, 0x07, 0x00, // .Q..............
	0x00, 0x02, 0x00, 0x00, 0x00, 0x50, 0x00, 0x07, 0x00, 0x39, 0x00, 0x00, 0x00, 0xb1, 0x0b, 0x00, // .....P...9......
	0x00, 0xae, 0x0b, 0x00, 0x00, 0xaf, 0x0b, 0x00, 0x00, 0xb0, 0x0b, 0x00, 0x00, 0xa2, 0x00, 0x00, // ................
	0x00, 0x90, 0x00, 0x05, 0x00, 0x39, 0x00, 0x00, 0x00, 0xb3, 0x0b, 0x00, 0x00, 0xb1, 0x0b, 0x00, // .....9..........
	0x00, 0x14, 0x07, 0x00, 0x00, 0x4f, 0x00, 0x08, 0x00, 0x18, 0x00, 0x00, 0x00, 0xb4, 0x0b, 0x00, // .....O..........
	0x00, 0xb3, 0x0b, 0x00, 0x00, 0xb3, 0x0b, 0x00, 0x00, 0x00, 0x00, 0x00, 0x00, 0x01, 0x00, 0x00, // ................
	0x00, 0x02, 0x00, 0x00, 0x00, 0x0c, 0x00, 0x06, 0x00, 0x08, 0x00, 0x00, 0x00, 0xb6, 0x0b, 0x00, // ................
	0x00, 0x01, 0x00, 0x00, 0x00, 0x42, 0x00, 0x00, 0x00, 0xb4, 0x0b, 0x00, 0x00, 0xba, 0x00, 0x05, // .....B..........
	0x00, 0xba, 0x00, 0x00, 0x00, 0xb7, 0x0b, 0x00, 0x00, 0xb6, 0x0b, 0x00, 0x00, 0xb9, 0x00, 0x00, // ................
	0x00, 0x0c, 0x00, 0x06, 0x00, 0x18, 0x00, 0x00, 0x00, 0xb9, 0x0b, 0x00, 0x00, 0x01, 0x00, 0x00, // ................
	0x00, 0x45, 0x00, 0x00, 0x00, 0xb4, 0x0b, 0x00, 0x00, 0x8e, 0x00, 0x05, 0x00, 0x18, 0x00, 0x00, // .E..............
	0x00, 0xbb, 0x0b, 0x00, 0x00, 0xb9, 0x0b, 0x00, 0x00, 0xac, 0x0b, 0x00, 0x00, 0x50, 0x00, 0x06, // .............P..
	0x00, 0xc1, 0x00, 0x00, 0x00, 0xbd, 0x0b, 0x00, 0x00, 0xb7, 0x0b, 0x00, 0x00, 0xb7, 0x0b, 0x00, // ................
	0x00, 0xb7, 0x0b, 0x00, 0x00, 0xa9, 0x00, 0x06, 0x00, 0x18, 0x00, 0x00, 0x00, 0xbe, 0x0b, 0x00, // ................
	0x00, 0xbd, 0x0b, 0x00, 0x00, 0xbb, 0x0b, 0x00, 0x00, 0x56, 0x0c, 0x00, 0x00, 0xf9, 0x00, 0x02, // .........V......
	0x00, 0x17, 0x07, 0x00, 0x00, 0xf8, 0x00, 0x02, 0x00, 0x17, 0x07, 0x00, 0x00, 0xf5, 0x00, 0x07, // ................
	0x00, 0x18, 0x00, 0x00, 0x00, 0x95, 0x0c, 0x00, 0x00, 0x10, 0x07, 0x00, 0x00, 0x0d, 0x07, 0x00, // ................
	0x00, 0xbe, 0x0b, 0x00, 0x00, 0x12, 0x07, 0x00, 0x00, 0x4f, 0x00, 0x08, 0x00, 0x18, 0x00, 0x00, // .........O......
	0x00, 0x19, 0x07, 0x00, 0x00, 0x23, 0x0c, 0x00, 0x00, 0x23, 0x0c, 0x00, 0x00, 0x00, 0x00, 0x00, // .....#...#......
	0x00, 0x01, 0x00, 0x00, 0x00, 0x02, 0x00, 0x00, 0x00, 0x8e, 0x00, 0x05, 0x00, 0x18, 0x00, 0x00, // ................
	0x00, 0x1c, 0x07, 0x00, 0x00, 0x19, 0x07, 0x00, 0x00, 0xdf, 0x06, 0x00, 0x00, 0x85, 0x00, 0x05, // ................
	0x00, 0x08, 0x00, 0x00, 0x00, 0x20, 0x07, 0x00, 0x00, 0x21, 0x02, 0x00, 0x00, 0xdf, 0x06, 0x00, // ..... ...!......
	0x00, 0x85, 0x00, 0x05, 0x00, 0x08, 0x00, 0x00, 0x00, 0x23, 0x07, 0x00, 0x00, 0x20, 0x07, 0x00, // .........#... ..
	0x00, 0xdf, 0x06, 0x00, 0x00, 0x8e, 0x00, 0x05, 0x00, 0x18, 0x00, 0x00, 0x00, 0x24, 0x07, 0x00, // .............$..
	0x00, 0x95, 0x0c, 0x00, 0x00, 0x23, 0x07, 0x00, 0x00, 0x81, 0x00, 0x05, 0x00, 0x18, 0x00, 0x00, // .....#..........
	0x00, 0x25, 0x07, 0x00, 0x00, 0x1c, 0x07, 0x00, 0x00, 0x24, 0x07, 0x00, 0x00, 0x4f, 0x00, 0x08, // .%.......$...O..
	0x00, 0x18, 0x00, 0x00, 0x00, 0x27, 0x07, 0x00, 0x00, 0x25, 0x0c, 0x00, 0x00, 0x25, 0x0c, 0x00, // .....'...%...%..
	0x00, 0x00, 0x00, 0x00, 0x00, 0x01, 0x00, 0x00, 0x00, 0x02, 0x00, 0x00, 0x00, 0x81, 0x00, 0x05, // ................
	0x00, 0x18, 0x00, 0x00, 0x00, 0x28, 0x07, 0x00, 0x00, 0x27, 0x07, 0x00, 0x00, 0x25, 0x07, 0x00, // .....(...'...%..
	0x00, 0x51, 0x00, 0x05, 0x00, 0x08, 0x00, 0x00, 0x00, 0x2a, 0x07, 0x00, 0x00, 0x28, 0x07, 0x00, // .Q.......*...(..
	0x00, 0x00, 0x00, 0x00, 0x00, 0x51, 0x00, 0x05, 0x00, 0x08, 0x00, 0x00, 0x00, 0x2c, 0x07, 0x00, // .....Q.......,..
	0x00, 0x28, 0x07, 0x00, 0x00, 0x01, 0x00, 0x00, 0x00, 0x51, 0x00, 0x05, 0x00, 0x08, 0x00, 0x00, // .(.......Q......
	0x00, 0x2e, 0x07, 0x00, 0x00, 0x28, 0x07, 0x00, 0x00, 0x02, 0x00, 0x00, 0x00, 0x50, 0x00, 0x07, // .....(.......P..
	0x00, 0x39, 0x00, 0x00, 0x00, 0xb4, 0x0c, 0x00, 0x00, 0x2a, 0x07, 0x00, 0x00, 0x2c, 0x07, 0x00, // .9.......*...,..
	0x00, 0x2e, 0x07, 0x00, 0x00, 0xdf, 0x06, 0x00, 0x00, 0x8e, 0x00, 0x05, 0x00, 0x18, 0x00, 0x00, // ................
	0x00, 0x32, 0x07, 0x00, 0x00, 0x95, 0x0c, 0x00, 0x00, 0xdf, 0x06, 0x00, 0x00, 0x81, 0x00, 0x05, // .2..............
	0x00, 0x18, 0x00, 0x00, 0x00, 0x35, 0x07, 0x00, 0x00, 0x19, 0x07, 0x00, 0x00, 0x32, 0x07, 0x00, // .....5.......2..
	0x00, 0x51, 0x00, 0x05, 0x00, 0x08, 0x00, 0x00, 0x00, 0x37, 0x07, 0x00, 0x00, 0x35, 0x07, 0x00, // .Q.......7...5..
	0x00, 0x00, 0x00, 0x00, 0x00, 0x51, 0x00, 0x05, 0x00, 0x08, 0x00, 0x00, 0x00, 0x39, 0x07, 0x00, // .....Q.......9..
	0x00, 0x35, 0x07, 0x00, 0x00, 0x01, 0x00, 0x00, 0x00, 0x51, 0x00, 0x05, 0x00, 0x08, 0x00, 0x00, // .5.......Q......
	0x00, 0x3b, 0x07, 0x00, 0x00, 0x35, 0x07, 0x00, 0x00, 0x02, 0x00, 0x00, 0x00, 0x50, 0x00, 0x07, // .;...5.......P..
	0x00, 0x39, 0x00, 0x00, 0x00, 0xb5, 0x0c, 0x00, 0x00, 0x37, 0x07, 0x00, 0x00, 0x39, 0x07, 0x00, // .9.......7...9..
	0x00, 0x3b, 0x07, 0x00, 0x00, 0xd7, 0x06, 0x00, 0x00, 0x4f, 0x00, 0x08, 0x00, 0x18, 0x00, 0x00, // .;.......O......
	0x00, 0x3d, 0x07, 0x00, 0x00, 0x5e, 0x0c, 0x00, 0x00, 0x5e, 0x0c, 0x00, 0x00, 0x00, 0x00, 0x00, // .=...^...^......
	0x00, 0x01, 0x00, 0x00, 0x00, 0x02, 0x00, 0x00, 0x00, 0x8e, 0x00, 0x05, 0x00, 0x18, 0x00, 0x00, // ................
	0x00, 0x40, 0x07, 0x00, 0x00, 0x3d, 0x07, 0x00, 0x00, 0xdf, 0x06, 0x00, 0x00, 0x4f, 0x00, 0x08, // .@...=.......O..
	0x00, 0x18, 0x00, 0x00, 0x00, 0x42, 0x07, 0x00, 0x00, 0x5d, 0x0c, 0x00, 0x00, 0x5d, 0x0c, 0x00, // .....B...]...]..
	0x00, 0x00, 0x00, 0x00, 0x00, 0x01, 0x00, 0x00, 0x00, 0x02, 0x00, 0x00, 0x00, 0x81, 0x00, 0x05, // ................
	0x00, 0x18, 0x00, 0x00, 0x00, 0x43, 0x07, 0x00, 0x00, 0x42, 0x07, 0x00, 0x00, 0x40, 0x07, 0x00, // .....C...B...@..
	0x00, 0x51, 0x00, 0x05, 0x00, 0x08, 0x00, 0x00, 0x00, 0x45, 0x07, 0x00, 0x00, 0x43, 0x07, 0x00, // .Q.......E...C..
	0x00, 0x00, 0x00, 0x00, 0x00, 0x52, 0x00, 0x06, 0x00, 0x39, 0x00, 0x00, 0x00, 0x4b, 0x0c, 0x00, // .....R...9...K..
	0x00, 0x45, 0x07, 0x00, 0x00, 0x5d, 0x0c, 0x00, 0x00, 0x00, 0x00, 0x00, 0x00, 0x51, 0x00, 0x05, // .E...].......Q..
	0x00, 0x08, 0x00, 0x00, 0x00, 0x47, 0x07, 0x00, 0x00, 0x43, 0x07, 0x00, 0x00, 0x01, 0x00, 0x00, // .....G...C......
	0x00, 0x52, 0x00, 0x06, 0x00, 0x39, 0x00, 0x00, 0x00, 0x4d, 0x0c, 0x00, 0x00, 0x47, 0x07, 0x00, // .R...9...M...G..
	0x00, 0x4b, 0x0c, 0x00, 0x00, 0x01, 0x00, 0x00, 0x00, 0x51, 0x00, 0x05, 0x00, 0x08, 0x00, 0x00, // .K.......Q......
	0x00, 0x49, 0x07, 0x00, 0x00, 0x43, 0x07, 0x00, 0x00, 0x02, 0x00, 0x00, 0x00, 0x52, 0x00, 0x06, // .I...C.......R..
	0x00, 0x39, 0x00, 0x00, 0x00, 0x4f, 0x0c, 0x00, 0x00, 0x49, 0x07, 0x00, 0x00, 0x4d, 0x0c, 0x00, // .9...O...I...M..
	0x00, 0x02, 0x00, 0x00, 0x00, 0xf9, 0x00, 0x02, 0x00, 0x4a, 0x07, 0x00, 0x00, 0xf8, 0x00, 0x02, // .........J......
	0x00, 0x4a, 0x07, 0x00, 0x00, 0xf5, 0x00, 0x07, 0x00, 0x39, 0x00, 0x00, 0x00, 0xb0, 0x0c, 0x00, // .J.......9......
	0x00, 0x5d, 0x0c, 0x00, 0x00, 0xce, 0x06, 0x00, 0x00, 0x4f, 0x0c, 0x00, 0x00, 0x17, 0x07, 0x00, // .].......O......
	0x00, 0xf5, 0x00, 0x07, 0x00, 0x39, 0x00, 0x00, 0x00, 0xaa, 0x0c, 0x00, 0x00, 0x23, 0x0c, 0x00, // .....9.......#..
	0x00, 0xce, 0x06, 0x00, 0x00, 0xb5, 0x0c, 0x00, 0x00, 0x17, 0x07, 0x00, 0x00, 0xf5, 0x00, 0x07, // ................
	0x00, 0x39, 0x00, 0x00, 0x00, 0xa8, 0x0c, 0x00, 0x00, 0x25, 0x0c, 0x00, 0x00, 0xce, 0x06, 0x00, // .9.......%......
	0x00, 0xb4, 0x0c, 0x00, 0x00, 0x17, 0x07, 0x00, 0x00, 0xf9, 0x00, 0x02, 0x00, 0x4b, 0x07, 0x00, // .............K..
	0x00, 0xf8, 0x00, 0x02, 0x00, 0x4b, 0x07, 0x00, 0x00, 0xf5, 0x00, 0x07, 0x00, 0x39, 0x00, 0x00, // .....K.......9..
	0x00, 0xae, 0x0c, 0x00, 0x00, 0xaf, 0x0c, 0x00, 0x00, 0x51, 0x06, 0x00, 0x00, 0xb0, 0x0c, 0x00, // .........Q......
	0x00, 0x4a, 0x07, 0x00, 0x00, 0xf5, 0x00, 0x07, 0x00, 0x39, 0x00, 0x00, 0x00, 0xa9, 0x0c, 0x00, // .J.......9......
	0x00, 0x8f, 0x0c, 0x00, 0x00, 0x51, 0x06, 0x00, 0x00, 0xaa, 0x0c, 0x00, 0x00, 0x4a, 0x07, 0x00, // .....Q.......J..
	0x00, 0xf5, 0x00, 0x07, 0x00, 0x39, 0x00, 0x00, 0x00, 0xa7, 0x0c, 0x00, 0x00, 0x8c, 0x0c, 0x00, // .....9..........
	0x00, 0x51, 0x06, 0x00, 0x00, 0xa8, 0x0c, 0x00, 0x00, 0x4a, 0x07, 0x00, 0x00, 0xf5, 0x00, 0x07, // .Q.......J......
	0x00, 0x39, 0x00, 0x00, 0x00, 0xa4, 0x0c, 0x00, 0x00, 0x3b, 0x05, 0x00, 0x00, 0x51, 0x06, 0x00, // .9.......;...Q..
	0x00, 0x5e, 0x0c, 0x00, 0x00, 0x4a, 0x07, 0x00, 0x00, 0xf5, 0x00, 0x07, 0x00, 0xba, 0x00, 0x00, // .^...J..........
	0x00, 0x98, 0x0c, 0x00, 0x00, 0x5f, 0x0c, 0x00, 0x00, 0x51, 0x06, 0x00, 0x00, 0x07, 0x07, 0x00, // ....._...Q......
	0x00, 0x4a, 0x07, 0x00, 0x00, 0xa9, 0x00, 0x06, 0x00, 0x08, 0x00, 0x00, 0x00, 0x4d, 0x07, 0x00, // .J...........M..
	0x00, 0x98, 0x0c, 0x00, 0x00, 0x97, 0x00, 0x00, 0x00, 0xa2, 0x00, 0x00, 0x00, 0x52, 0x00, 0x06, // .............R..
	0x00, 0x39, 0x00, 0x00, 0x00, 0x51, 0x0c, 0x00, 0x00, 0x4d, 0x07, 0x00, 0x00, 0xa4, 0x0c, 0x00, // .9...Q...M......
	0x00, 0x03, 0x00, 0x00, 0x00, 0xa8, 0x00, 0x04, 0x00, 0xba, 0x00, 0x00, 0x00, 0x50, 0x07, 0x00, // .............P..
	0x00, 0x98, 0x0c, 0x00, 0x00, 0xf7, 0x00, 0x03, 0x00, 0x54, 0x07, 0x00, 0x00, 0x00, 0x00, 0x00, // .........T......
	0x00, 0xfa, 0x00, 0x04, 0x00, 0x50, 0x07, 0x00, 0x00, 0x51, 0x07, 0x00, 0x00, 0x54, 0x07, 0x00, // .....P...Q...T..
	0x00, 0xf8, 0x00, 0x02, 0x00, 0x51, 0x07, 0x00, 0x00, 0x52, 0x00, 0x06, 0x00, 0x39, 0x00, 0x00, // .....Q...R...9..
	0x00, 0x53, 0x0c, 0x00, 0x00, 0xa2, 0x00, 0x00, 0x00, 0xa7, 0x0c, 0x00, 0x00, 0x03, 0x00, 0x00, // .S..............
	0x00, 0x52, 0x00, 0x06, 0x00, 0x39, 0x00, 0x00, 0x00, 0x55, 0x0c, 0x00, 0x00, 0xa2, 0x00, 0x00, // .R...9...U......
	0x00, 0xa9, 0x0c, 0x00, 0x00, 0x03, 0x00, 0x00, 0x00, 0xf9, 0x00, 0x02, 0x00, 0x54, 0x07, 0x00, // .............T..
	0x00, 0xf8, 0x00, 0x02, 0x00, 0x54, 0x07, 0x00, 0x00, 0xf5, 0x00, 0x07, 0x00, 0x39, 0x00, 0x00, // .....T.......9..
	0x00, 0xac, 0x0c, 0x00, 0x00, 0xa9, 0x0c, 0x00, 0x00, 0x4b, 0x07, 0x00, 0x00, 0x55, 0x0c, 0x00, // .........K...U..
	0x00, 0x51, 0x07, 0x00, 0x00, 0xf5, 0x00, 0x07, 0x00, 0x39, 0x00, 0x00, 0x00, 0xab, 0x0c, 0x00, // .Q.......9......
	0x00, 0xa7, 0x0c, 0x00, 0x00, 0x4b, 0x07, 0x00, 0x00, 0x53, 0x0c, 0x00, 0x00, 0x51, 0x07, 0x00, // .....K...S...Q..
	0x00, 0x3e, 0x00, 0x03, 0x00, 0x2e, 0x05, 0x00, 0x00, 0xab, 0x0c, 0x00, 0x00, 0x3e, 0x00, 0x03, // .>...........>..
	0x00, 0x32, 0x05, 0x00, 0x00, 0xac, 0x0c, 0x00, 0x00, 0x3e, 0x00, 0x03, 0x00, 0x36, 0x05, 0x00, // .2.......>...6..
	0x00, 0xae, 0x0c, 0x00, 0x00, 0x3e, 0x00, 0x03, 0x00, 0x3a, 0x05, 0x00, 0x00, 0x51, 0x0c, 0x00, // .....>...:...Q..
	0x00, 0xf9, 0x00, 0x02, 0x00, 0x64, 0x07, 0x00, 0x00, 0xf8, 0x00, 0x02, 0x00, 0x64, 0x07, 0x00, // .....d.......d..
	0x00, 0xfd, 0x00, 0x01, 0x00, 0x38, 0x00, 0x01, 0x00, 0x00, 0x00, 0x80, 0x02,                   // .....8.......
};
