static const uint8_t cs_raytrace_spv[34612] =
{
	0x43, 0x53, 0x48, 0x0b, 0x00, 0x00, 0x00, 0x00, 0x00, 0x00, 0x00, 0x00, 0x0b, 0x00, 0x0b, 0x75, // CSH............u
	0x5f, 0x72, 0x74, 0x53, 0x70, 0x68, 0x65, 0x72, 0x65, 0x73, 0x02, 0x18, 0xe0, 0x00, 0x18, 0x00, // _rtSpheres......
	0x00, 0x00, 0x00, 0x00, 0x07, 0x75, 0x5f, 0x72, 0x74, 0x53, 0x6b, 0x79, 0x02, 0x01, 0x50, 0x00, // .....u_rtSky..P.
	0x01, 0x00, 0x00, 0x00, 0x00, 0x00, 0x09, 0x75, 0x5f, 0x72, 0x74, 0x4c, 0x69, 0x67, 0x68, 0x74, // .......u_rtLight
	0x02, 0x01, 0x30, 0x00, 0x01, 0x00, 0x00, 0x00, 0x00, 0x00, 0x07, 0x75, 0x5f, 0x72, 0x74, 0x53, // ..0........u_rtS
	0x75, 0x6e, 0x02, 0x01, 0x40, 0x00, 0x01, 0x00, 0x00, 0x00, 0x00, 0x00, 0x0b, 0x75, 0x5f, 0x72, // un..@........u_r
	0x74, 0x4f, 0x70, 0x74, 0x69, 0x6f, 0x6e, 0x73, 0x02, 0x01, 0x20, 0x00, 0x01, 0x00, 0x00, 0x00, // tOptions.. .....
	0x00, 0x00, 0x0a, 0x75, 0x5f, 0x72, 0x74, 0x43, 0x61, 0x6d, 0x65, 0x72, 0x61, 0x02, 0x01, 0x10, // ...u_rtCamera...
	0x00, 0x01, 0x00, 0x00, 0x00, 0x00, 0x00, 0x0f, 0x75, 0x5f, 0x72, 0x74, 0x49, 0x6e, 0x76, 0x56, // ........u_rtInvV
	0x69, 0x65, 0x77, 0x50, 0x72, 0x6f, 0x6a, 0x04, 0x01, 0x60, 0x00, 0x04, 0x00, 0x00, 0x00, 0x00, // iewProj..`......
	0x00, 0x0c, 0x75, 0x5f, 0x72, 0x74, 0x56, 0x69, 0x65, 0x77, 0x50, 0x72, 0x6f, 0x6a, 0x04, 0x01, // ..u_rtViewProj..
	0xa0, 0x00, 0x04, 0x00, 0x00, 0x00, 0x00, 0x00, 0x0a, 0x75, 0x5f, 0x72, 0x74, 0x50, 0x61, 0x72, // .........u_rtPar
	0x61, 0x6d, 0x73, 0x02, 0x01, 0x00, 0x00, 0x01, 0x00, 0x00, 0x00, 0x00, 0x00, 0x0f, 0x73, 0x5f, // ams...........s_
	0x72, 0x74, 0x45, 0x6e, 0x76, 0x69, 0x72, 0x6f, 0x6e, 0x6d, 0x65, 0x6e, 0x74, 0x20, 0x00, 0x03, // rtEnvironment ..
	0x00, 0x00, 0x00, 0x00, 0x04, 0x26, 0x00, 0x0a, 0x73, 0x5f, 0x72, 0x74, 0x54, 0x61, 0x72, 0x67, // .....&..s_rtTarg
	0x65, 0x74, 0x01, 0x00, 0x02, 0x00, 0x03, 0x00, 0x00, 0x02, 0x52, 0x00, 0x30, 0x86, 0x00, 0x00, // et........R.0...
	0x03, 0x02, 0x23, 0x07, 0x00, 0x00, 0x01, 0x00, 0x0b, 0x00, 0x08, 0x00, 0x62, 0x15, 0x00, 0x00, // ..#.........b...
	0x00, 0x00, 0x00, 0x00, 0x11, 0x00, 0x02, 0x00, 0x01, 0x00, 0x00, 0x00, 0x0b, 0x00, 0x06, 0x00, // ................
	0x01, 0x00, 0x00, 0x00, 0x47, 0x4c, 0x53, 0x4c, 0x2e, 0x73, 0x74, 0x64, 0x2e, 0x34, 0x35, 0x30, // ....GLSL.std.450
	0x00, 0x00, 0x00, 0x00, 0x0e, 0x00, 0x03, 0x00, 0x00, 0x00, 0x00, 0x00, 0x01, 0x00, 0x00, 0x00, // ................
	0x0f, 0x00, 0x06, 0x00, 0x05, 0x00, 0x00, 0x00, 0x04, 0x00, 0x00, 0x00, 0x6d, 0x61, 0x69, 0x6e, // ............main
	0x00, 0x00, 0x00, 0x00, 0xff, 0x03, 0x00, 0x00, 0x10, 0x00, 0x06, 0x00, 0x04, 0x00, 0x00, 0x00, // ................
	0x11, 0x00, 0x00, 0x00, 0x10, 0x00, 0x00, 0x00, 0x10, 0x00, 0x00, 0x00, 0x01, 0x00, 0x00, 0x00, // ................
	0x03, 0x00, 0x03, 0x00, 0x05, 0x00, 0x00, 0x00, 0xf4, 0x01, 0x00, 0x00, 0x05, 0x00, 0x04, 0x00, // ................
	0x04, 0x00, 0x00, 0x00, 0x6d, 0x61, 0x69, 0x6e, 0x00, 0x00, 0x00, 0x00, 0x05, 0x00, 0x08, 0x00, // ....main........
	0x70, 0x00, 0x00, 0x00, 0x73, 0x5f, 0x72, 0x74, 0x45, 0x6e, 0x76, 0x69, 0x72, 0x6f, 0x6e, 0x6d, // p...s_rtEnvironm
	0x65, 0x6e, 0x74, 0x53, 0x61, 0x6d, 0x70, 0x6c, 0x65, 0x72, 0x00, 0x00, 0x05, 0x00, 0x08, 0x00, // entSampler......
	0x73, 0x00, 0x00, 0x00, 0x73, 0x5f, 0x72, 0x74, 0x45, 0x6e, 0x76, 0x69, 0x72, 0x6f, 0x6e, 0x6d, // s...s_rtEnvironm
	0x65, 0x6e, 0x74, 0x54, 0x65, 0x78, 0x74, 0x75, 0x72, 0x65, 0x00, 0x00, 0x05, 0x00, 0x06, 0x00, // entTexture......
	0xb9, 0x00, 0x00, 0x00, 0x55, 0x6e, 0x69, 0x66, 0x6f, 0x72, 0x6d, 0x42, 0x6c, 0x6f, 0x63, 0x6b, // ....UniformBlock
	0x00, 0x00, 0x00, 0x00, 0x06, 0x00, 0x06, 0x00, 0xb9, 0x00, 0x00, 0x00, 0x00, 0x00, 0x00, 0x00, // ................
	0x75, 0x5f, 0x72, 0x74, 0x50, 0x61, 0x72, 0x61, 0x6d, 0x73, 0x00, 0x00, 0x06, 0x00, 0x06, 0x00, // u_rtParams......
	0xb9, 0x00, 0x00, 0x00, 0x01, 0x00, 0x00, 0x00, 0x75, 0x5f, 0x72, 0x74, 0x43, 0x61, 0x6d, 0x65, // ........u_rtCame
	0x72, 0x61, 0x00, 0x00, 0x06, 0x00, 0x06, 0x00, 0xb9, 0x00, 0x00, 0x00, 0x02, 0x00, 0x00, 0x00, // ra..............
	0x75, 0x5f, 0x72, 0x74, 0x4f, 0x70, 0x74, 0x69, 0x6f, 0x6e, 0x73, 0x00, 0x06, 0x00, 0x06, 0x00, // u_rtOptions.....
	0xb9, 0x00, 0x00, 0x00, 0x03, 0x00, 0x00, 0x00, 0x75, 0x5f, 0x72, 0x74, 0x4c, 0x69, 0x67, 0x68, // ........u_rtLigh
	0x74, 0x00, 0x00, 0x00, 0x06, 0x00, 0x05, 0x00, 0xb9, 0x00, 0x00, 0x00, 0x04, 0x00, 0x00, 0x00, // t...............
	0x75, 0x5f, 0x72, 0x74, 0x53, 0x75, 0x6e, 0x00, 0x06, 0x00, 0x05, 0x00, 0xb9, 0x00, 0x00, 0x00, // u_rtSun.........
	0x05, 0x00, 0x00, 0x00, 0x75, 0x5f, 0x72, 0x74, 0x53, 0x6b, 0x79, 0x00, 0x06, 0x00, 0x07, 0x00, // ....u_rtSky.....
	0xb9, 0x00, 0x00, 0x00, 0x06, 0x00, 0x00, 0x00, 0x75, 0x5f, 0x72, 0x74, 0x49, 0x6e, 0x76, 0x56, // ........u_rtInvV
	0x69, 0x65, 0x77, 0x50, 0x72, 0x6f, 0x6a, 0x00, 0x06, 0x00, 0x07, 0x00, 0xb9, 0x00, 0x00, 0x00, // iewProj.........
	0x07, 0x00, 0x00, 0x00, 0x75, 0x5f, 0x72, 0x74, 0x56, 0x69, 0x65, 0x77, 0x50, 0x72, 0x6f, 0x6a, // ....u_rtViewProj
	0x00, 0x00, 0x00, 0x00, 0x06, 0x00, 0x06, 0x00, 0xb9, 0x00, 0x00, 0x00, 0x08, 0x00, 0x00, 0x00, // ................
	0x75, 0x5f, 0x72, 0x74, 0x53, 0x70, 0x68, 0x65, 0x72, 0x65, 0x73, 0x00, 0x05, 0x00, 0x03, 0x00, // u_rtSpheres.....
	0xbb, 0x00, 0x00, 0x00, 0x00, 0x00, 0x00, 0x00, 0x05, 0x00, 0x05, 0x00, 0x62, 0x03, 0x00, 0x00, // ............b...
	0x73, 0x5f, 0x72, 0x74, 0x54, 0x61, 0x72, 0x67, 0x65, 0x74, 0x00, 0x00, 0x05, 0x00, 0x08, 0x00, // s_rtTarget......
	0xff, 0x03, 0x00, 0x00, 0x67, 0x6c, 0x5f, 0x47, 0x6c, 0x6f, 0x62, 0x61, 0x6c, 0x49, 0x6e, 0x76, // ....gl_GlobalInv
	0x6f, 0x63, 0x61, 0x74, 0x69, 0x6f, 0x6e, 0x49, 0x44, 0x00, 0x00, 0x00, 0x47, 0x00, 0x04, 0x00, // ocationID...G...
	0x70, 0x00, 0x00, 0x00, 0x21, 0x00, 0x00, 0x00, 0x13, 0x00, 0x00, 0x00, 0x47, 0x00, 0x04, 0x00, // p...!.......G...
	0x70, 0x00, 0x00, 0x00, 0x22, 0x00, 0x00, 0x00, 0x00, 0x00, 0x00, 0x00, 0x47, 0x00, 0x04, 0x00, // p...".......G...
	0x73, 0x00, 0x00, 0x00, 0x21, 0x00, 0x00, 0x00, 0x03, 0x00, 0x00, 0x00, 0x47, 0x00, 0x04, 0x00, // s...!.......G...
	0x73, 0x00, 0x00, 0x00, 0x22, 0x00, 0x00, 0x00, 0x00, 0x00, 0x00, 0x00, 0x47, 0x00, 0x04, 0x00, // s...".......G...
	0xb8, 0x00, 0x00, 0x00, 0x06, 0x00, 0x00, 0x00, 0x10, 0x00, 0x00, 0x00, 0x47, 0x00, 0x03, 0x00, // ............G...
	0xb9, 0x00, 0x00, 0x00, 0x02, 0x00, 0x00, 0x00, 0x48, 0x00, 0x05, 0x00, 0xb9, 0x00, 0x00, 0x00, // ........H.......
	0x00, 0x00, 0x00, 0x00, 0x23, 0x00, 0x00, 0x00, 0x00, 0x00, 0x00, 0x00, 0x48, 0x00, 0x05, 0x00, // ....#.......H...
	0xb9, 0x00, 0x00, 0x00, 0x01, 0x00, 0x00, 0x00, 0x23, 0x00, 0x00, 0x00, 0x10, 0x00, 0x00, 0x00, // ........#.......
	0x48, 0x00, 0x05, 0x00, 0xb9, 0x00, 0x00, 0x00, 0x02, 0x00, 0x00, 0x00, 0x23, 0x00, 0x00, 0x00, // H...........#...
	0x20, 0x00, 0x00, 0x00, 0x48, 0x00, 0x05, 0x00, 0xb9, 0x00, 0x00, 0x00, 0x03, 0x00, 0x00, 0x00, //  ...H...........
	0x23, 0x00, 0x00, 0x00, 0x30, 0x00, 0x00, 0x00, 0x48, 0x00, 0x05, 0x00, 0xb9, 0x00, 0x00, 0x00, // #...0...H.......
	0x04, 0x00, 0x00, 0x00, 0x23, 0x00, 0x00, 0x00, 0x40, 0x00, 0x00, 0x00, 0x48, 0x00, 0x05, 0x00, // ....#...@...H...
	0xb9, 0x00, 0x00, 0x00, 0x05, 0x00, 0x00, 0x00, 0x23, 0x00, 0x00, 0x00, 0x50, 0x00, 0x00, 0x00, // ........#...P...
	0x48, 0x00, 0x04, 0x00, 0xb9, 0x00, 0x00, 0x00, 0x06, 0x00, 0x00, 0x00, 0x04, 0x00, 0x00, 0x00, // H...............
	0x48, 0x00, 0x05, 0x00, 0xb9, 0x00, 0x00, 0x00, 0x06, 0x00, 0x00, 0x00, 0x07, 0x00, 0x00, 0x00, // H...............
	0x10, 0x00, 0x00, 0x00, 0x48, 0x00, 0x05, 0x00, 0xb9, 0x00, 0x00, 0x00, 0x06, 0x00, 0x00, 0x00, // ....H...........
	0x23, 0x00, 0x00, 0x00, 0x60, 0x00, 0x00, 0x00, 0x48, 0x00, 0x04, 0x00, 0xb9, 0x00, 0x00, 0x00, // #...`...H.......
	0x07, 0x00, 0x00, 0x00, 0x04, 0x00, 0x00, 0x00, 0x48, 0x00, 0x05, 0x00, 0xb9, 0x00, 0x00, 0x00, // ........H.......
	0x07, 0x00, 0x00, 0x00, 0x07, 0x00, 0x00, 0x00, 0x10, 0x00, 0x00, 0x00, 0x48, 0x00, 0x05, 0x00, // ............H...
	0xb9, 0x00, 0x00, 0x00, 0x07, 0x00, 0x00, 0x00, 0x23, 0x00, 0x00, 0x00, 0xa0, 0x00, 0x00, 0x00, // ........#.......
	0x48, 0x00, 0x05, 0x00, 0xb9, 0x00, 0x00, 0x00, 0x08, 0x00, 0x00, 0x00, 0x23, 0x00, 0x00, 0x00, // H...........#...
	0xe0, 0x00, 0x00, 0x00, 0x47, 0x00, 0x04, 0x00, 0xbb, 0x00, 0x00, 0x00, 0x21, 0x00, 0x00, 0x00, // ....G.......!...
	0x00, 0x00, 0x00, 0x00, 0x47, 0x00, 0x04, 0x00, 0xbb, 0x00, 0x00, 0x00, 0x22, 0x00, 0x00, 0x00, // ....G......."...
	0x00, 0x00, 0x00, 0x00, 0x47, 0x00, 0x03, 0x00, 0x62, 0x03, 0x00, 0x00, 0x19, 0x00, 0x00, 0x00, // ....G...b.......
	0x47, 0x00, 0x04, 0x00, 0x62, 0x03, 0x00, 0x00, 0x21, 0x00, 0x00, 0x00, 0x02, 0x00, 0x00, 0x00, // G...b...!.......
	0x47, 0x00, 0x04, 0x00, 0x62, 0x03, 0x00, 0x00, 0x22, 0x00, 0x00, 0x00, 0x00, 0x00, 0x00, 0x00, // G...b...".......
	0x47, 0x00, 0x04, 0x00, 0xff, 0x03, 0x00, 0x00, 0x0b, 0x00, 0x00, 0x00, 0x1c, 0x00, 0x00, 0x00, // G...............
	0x13, 0x00, 0x02, 0x00, 0x02, 0x00, 0x00, 0x00, 0x21, 0x00, 0x03, 0x00, 0x03, 0x00, 0x00, 0x00, // ........!.......
	0x02, 0x00, 0x00, 0x00, 0x1a, 0x00, 0x02, 0x00, 0x06, 0x00, 0x00, 0x00, 0x16, 0x00, 0x03, 0x00, // ................
	0x07, 0x00, 0x00, 0x00, 0x20, 0x00, 0x00, 0x00, 0x19, 0x00, 0x09, 0x00, 0x08, 0x00, 0x00, 0x00, // .... ...........
	0x07, 0x00, 0x00, 0x00, 0x03, 0x00, 0x00, 0x00, 0x00, 0x00, 0x00, 0x00, 0x00, 0x00, 0x00, 0x00, // ................
	0x00, 0x00, 0x00, 0x00, 0x01, 0x00, 0x00, 0x00, 0x00, 0x00, 0x00, 0x00, 0x17, 0x00, 0x04, 0x00, // ................
	0x0b, 0x00, 0x00, 0x00, 0x07, 0x00, 0x00, 0x00, 0x03, 0x00, 0x00, 0x00, 0x17, 0x00, 0x04, 0x00, // ................
	0x0e, 0x00, 0x00, 0x00, 0x07, 0x00, 0x00, 0x00, 0x04, 0x00, 0x00, 0x00, 0x19, 0x00, 0x09, 0x00, // ................
	0x29, 0x00, 0x00, 0x00, 0x07, 0x00, 0x00, 0x00, 0x01, 0x00, 0x00, 0x00, 0x00, 0x00, 0x00, 0x00, // )...............
	0x00, 0x00, 0x00, 0x00, 0x00, 0x00, 0x00, 0x00, 0x02, 0x00, 0x00, 0x00, 0x01, 0x00, 0x00, 0x00, // ................
	0x15, 0x00, 0x04, 0x00, 0x2b, 0x00, 0x00, 0x00, 0x20, 0x00, 0x00, 0x00, 0x01, 0x00, 0x00, 0x00, // ....+... .......
	0x17, 0x00, 0x04, 0x00, 0x2c, 0x00, 0x00, 0x00, 0x2b, 0x00, 0x00, 0x00, 0x02, 0x00, 0x00, 0x00, // ....,...+.......
	0x17, 0x00, 0x04, 0x00, 0x5d, 0x00, 0x00, 0x00, 0x07, 0x00, 0x00, 0x00, 0x02, 0x00, 0x00, 0x00, // ....]...........
	0x14, 0x00, 0x02, 0x00, 0x5f, 0x00, 0x00, 0x00, 0x17, 0x00, 0x04, 0x00, 0x67, 0x00, 0x00, 0x00, // ...._.......g...
	0x2b, 0x00, 0x00, 0x00, 0x03, 0x00, 0x00, 0x00, 0x20, 0x00, 0x04, 0x00, 0x6f, 0x00, 0x00, 0x00, // +....... ...o...
	0x00, 0x00, 0x00, 0x00, 0x06, 0x00, 0x00, 0x00, 0x3b, 0x00, 0x04, 0x00, 0x6f, 0x00, 0x00, 0x00, // ........;...o...
	0x70, 0x00, 0x00, 0x00, 0x00, 0x00, 0x00, 0x00, 0x20, 0x00, 0x04, 0x00, 0x72, 0x00, 0x00, 0x00, // p....... ...r...
	0x00, 0x00, 0x00, 0x00, 0x08, 0x00, 0x00, 0x00, 0x3b, 0x00, 0x04, 0x00, 0x72, 0x00, 0x00, 0x00, // ........;...r...
	0x73, 0x00, 0x00, 0x00, 0x00, 0x00, 0x00, 0x00, 0x2b, 0x00, 0x04, 0x00, 0x2b, 0x00, 0x00, 0x00, // s.......+...+...
	0x76, 0x00, 0x00, 0x00, 0x01, 0x00, 0x00, 0x00, 0x2b, 0x00, 0x04, 0x00, 0x2b, 0x00, 0x00, 0x00, // v.......+...+...
	0x7a, 0x00, 0x00, 0x00, 0x00, 0x00, 0x00, 0x00, 0x1b, 0x00, 0x03, 0x00, 0x7e, 0x00, 0x00, 0x00, // z...........~...
	0x08, 0x00, 0x00, 0x00, 0x2b, 0x00, 0x04, 0x00, 0x07, 0x00, 0x00, 0x00, 0x9f, 0x00, 0x00, 0x00, // ....+...........
	0xca, 0xf2, 0x49, 0x71, 0x2b, 0x00, 0x04, 0x00, 0x2b, 0x00, 0x00, 0x00, 0xa0, 0x00, 0x00, 0x00, // ..Iq+...+.......
	0xff, 0xff, 0xff, 0xff, 0x2b, 0x00, 0x04, 0x00, 0x2b, 0x00, 0x00, 0x00, 0xa8, 0x00, 0x00, 0x00, // ....+...+.......
	0x08, 0x00, 0x00, 0x00, 0x18, 0x00, 0x04, 0x00, 0xb5, 0x00, 0x00, 0x00, 0x0e, 0x00, 0x00, 0x00, // ................
	0x04, 0x00, 0x00, 0x00, 0x15, 0x00, 0x04, 0x00, 0xb6, 0x00, 0x00, 0x00, 0x20, 0x00, 0x00, 0x00, // ............ ...
	0x00, 0x00, 0x00, 0x00, 0x2b, 0x00, 0x04, 0x00, 0xb6, 0x00, 0x00, 0x00, 0xb7, 0x00, 0x00, 0x00, // ....+...........
	0x18, 0x00, 0x00, 0x00, 0x1c, 0x00, 0x04, 0x00, 0xb8, 0x00, 0x00, 0x00, 0x0e, 0x00, 0x00, 0x00, // ................
	0xb7, 0x00, 0x00, 0x00, 0x1e, 0x00, 0x0b, 0x00, 0xb9, 0x00, 0x00, 0x00, 0x0e, 0x00, 0x00, 0x00, // ................
	0x0e, 0x00, 0x00, 0x00, 0x0e, 0x00, 0x00, 0x00, 0x0e, 0x00, 0x00, 0x00, 0x0e, 0x00, 0x00, 0x00, // ................
	0x0e, 0x00, 0x00, 0x00, 0xb5, 0x00, 0x00, 0x00, 0xb5, 0x00, 0x00, 0x00, 0xb8, 0x00, 0x00, 0x00, // ................
	0x20, 0x00, 0x04, 0x00, 0xba, 0x00, 0x00, 0x00, 0x02, 0x00, 0x00, 0x00, 0xb9, 0x00, 0x00, 0x00, //  ...............
	0x3b, 0x00, 0x04, 0x00, 0xba, 0x00, 0x00, 0x00, 0xbb, 0x00, 0x00, 0x00, 0x02, 0x00, 0x00, 0x00, // ;...............
	0x2b, 0x00, 0x04, 0x00, 0x2b, 0x00, 0x00, 0x00, 0xbd, 0x00, 0x00, 0x00, 0x03, 0x00, 0x00, 0x00, // +...+...........
	0x20, 0x00, 0x04, 0x00, 0xc0, 0x00, 0x00, 0x00, 0x02, 0x00, 0x00, 0x00, 0x0e, 0x00, 0x00, 0x00, //  ...............
	0x2b, 0x00, 0x04, 0x00, 0xb6, 0x00, 0x00, 0x00, 0xc7, 0x00, 0x00, 0x00, 0x03, 0x00, 0x00, 0x00, // +...............
	0x2b, 0x00, 0x04, 0x00, 0x07, 0x00, 0x00, 0x00, 0xe1, 0x00, 0x00, 0x00, 0x00, 0x00, 0x00, 0x00, // +...............
	0x2b, 0x00, 0x04, 0x00, 0x07, 0x00, 0x00, 0x00, 0xed, 0x00, 0x00, 0x00, 0x6f, 0x12, 0x83, 0x3a, // +...........o..:
	0x2b, 0x00, 0x04, 0x00, 0x07, 0x00, 0x00, 0x00, 0xfc, 0x00, 0x00, 0x00, 0x00, 0x00, 0x80, 0xbf, // +...............
	0x2b, 0x00, 0x04, 0x00, 0x07, 0x00, 0x00, 0x00, 0x04, 0x01, 0x00, 0x00, 0xcd, 0xcc, 0x0c, 0x40, // +..............@
	0x2b, 0x00, 0x04, 0x00, 0x07, 0x00, 0x00, 0x00, 0x0b, 0x01, 0x00, 0x00, 0xd7, 0xa3, 0x20, 0x40, // +............. @
	0x2b, 0x00, 0x04, 0x00, 0x07, 0x00, 0x00, 0x00, 0x0e, 0x01, 0x00, 0x00, 0x8f, 0xc2, 0xf5, 0x3c, // +..............<
	0x2b, 0x00, 0x04, 0x00, 0x07, 0x00, 0x00, 0x00, 0x13, 0x01, 0x00, 0x00, 0x1f, 0x85, 0x1b, 0x40, // +..............@
	0x2b, 0x00, 0x04, 0x00, 0x07, 0x00, 0x00, 0x00, 0x16, 0x01, 0x00, 0x00, 0x3d, 0x0a, 0x17, 0x3f, // +...........=..?
	0x2b, 0x00, 0x04, 0x00, 0x07, 0x00, 0x00, 0x00, 0x1a, 0x01, 0x00, 0x00, 0x29, 0x5c, 0x0f, 0x3e, // +...........)..>
	0x2c, 0x00, 0x06, 0x00, 0x0b, 0x00, 0x00, 0x00, 0x1e, 0x01, 0x00, 0x00, 0xe1, 0x00, 0x00, 0x00, // ,...............
	0xe1, 0x00, 0x00, 0x00, 0xe1, 0x00, 0x00, 0x00, 0x2b, 0x00, 0x04, 0x00, 0x07, 0x00, 0x00, 0x00, // ........+.......
	0x1f, 0x01, 0x00, 0x00, 0x00, 0x00, 0x80, 0x3f, 0x2c, 0x00, 0x06, 0x00, 0x0b, 0x00, 0x00, 0x00, // .......?,.......
	0x20, 0x01, 0x00, 0x00, 0x1f, 0x01, 0x00, 0x00, 0x1f, 0x01, 0x00, 0x00, 0x1f, 0x01, 0x00, 0x00, //  ...............
	0x2b, 0x00, 0x04, 0x00, 0x07, 0x00, 0x00, 0x00, 0x23, 0x01, 0x00, 0x00, 0x2f, 0xba, 0xe8, 0x3e, // +.......#.../..>
	0x2b, 0x00, 0x04, 0x00, 0xb6, 0x00, 0x00, 0x00, 0x2a, 0x01, 0x00, 0x00, 0x01, 0x00, 0x00, 0x00, // +.......*.......
	0x2b, 0x00, 0x04, 0x00, 0x07, 0x00, 0x00, 0x00, 0x2d, 0x01, 0x00, 0x00, 0x00, 0x00, 0x00, 0x3f, // +.......-......?
	0x2b, 0x00, 0x04, 0x00, 0x2b, 0x00, 0x00, 0x00, 0x32, 0x01, 0x00, 0x00, 0x05, 0x00, 0x00, 0x00, // +...+...2.......
	0x2b, 0x00, 0x04, 0x00, 0x07, 0x00, 0x00, 0x00, 0x38, 0x01, 0x00, 0x00, 0xc3, 0xf5, 0xa8, 0x3e, // +.......8......>
	0x2b, 0x00, 0x04, 0x00, 0x07, 0x00, 0x00, 0x00, 0x39, 0x01, 0x00, 0x00, 0x7b, 0x14, 0xae, 0x3e, // +.......9...{..>
	0x2c, 0x00, 0x06, 0x00, 0x0b, 0x00, 0x00, 0x00, 0x3a, 0x01, 0x00, 0x00, 0x38, 0x01, 0x00, 0x00, // ,.......:...8...
	0x39, 0x01, 0x00, 0x00, 0x38, 0x01, 0x00, 0x00, 0x2b, 0x00, 0x04, 0x00, 0x07, 0x00, 0x00, 0x00, // 9...8...+.......
	0x3e, 0x01, 0x00, 0x00, 0x33, 0x33, 0xb3, 0x3e, 0x2c, 0x00, 0x06, 0x00, 0x0b, 0x00, 0x00, 0x00, // >...33.>,.......
	0x3f, 0x01, 0x00, 0x00, 0x3e, 0x01, 0x00, 0x00, 0x3e, 0x01, 0x00, 0x00, 0x3e, 0x01, 0x00, 0x00, // ?...>...>...>...
	0x2b, 0x00, 0x04, 0x00, 0x07, 0x00, 0x00, 0x00, 0x45, 0x01, 0x00, 0x00, 0xcd, 0xcc, 0xcc, 0x3f, // +.......E......?
	0x2b, 0x00, 0x04, 0x00, 0x07, 0x00, 0x00, 0x00, 0x49, 0x01, 0x00, 0x00, 0x66, 0x66, 0x66, 0x3f, // +.......I...fff?
	0x20, 0x00, 0x04, 0x00, 0x58, 0x01, 0x00, 0x00, 0x02, 0x00, 0x00, 0x00, 0x07, 0x00, 0x00, 0x00, //  ...X...........
	0x2b, 0x00, 0x04, 0x00, 0x07, 0x00, 0x00, 0x00, 0x66, 0x01, 0x00, 0x00, 0xa6, 0x9b, 0x44, 0x3c, // +.......f.....D<
	0x2b, 0x00, 0x04, 0x00, 0x07, 0x00, 0x00, 0x00, 0x9a, 0x01, 0x00, 0x00, 0x00, 0x00, 0x40, 0x40, // +.............@@
	0x2b, 0x00, 0x04, 0x00, 0x07, 0x00, 0x00, 0x00, 0x9b, 0x01, 0x00, 0x00, 0x00, 0x00, 0x00, 0x40, // +..............@
	0x2b, 0x00, 0x04, 0x00, 0x07, 0x00, 0x00, 0x00, 0xa2, 0x01, 0x00, 0x00, 0x00, 0x00, 0x40, 0x3f, // +.............@?
	0x2b, 0x00, 0x04, 0x00, 0x07, 0x00, 0x00, 0x00, 0xa3, 0x01, 0x00, 0x00, 0x33, 0x33, 0x93, 0x3f, // +...........33.?
	0x2b, 0x00, 0x04, 0x00, 0x07, 0x00, 0x00, 0x00, 0xb1, 0x01, 0x00, 0x00, 0x00, 0x00, 0x80, 0x43, // +..............C
	0x2b, 0x00, 0x04, 0x00, 0x07, 0x00, 0x00, 0x00, 0xb2, 0x01, 0x00, 0x00, 0x00, 0x00, 0x40, 0x41, // +.............@A
	0x2b, 0x00, 0x04, 0x00, 0x07, 0x00, 0x00, 0x00, 0xbf, 0x01, 0x00, 0x00, 0xcd, 0xcc, 0x0c, 0x3f, // +..............?
	0x2b, 0x00, 0x04, 0x00, 0x07, 0x00, 0x00, 0x00, 0xc0, 0x01, 0x00, 0x00, 0x8f, 0xc2, 0x75, 0x3d, // +.............u=
	0x2b, 0x00, 0x04, 0x00, 0x2b, 0x00, 0x00, 0x00, 0xd4, 0x01, 0x00, 0x00, 0x04, 0x00, 0x00, 0x00, // +...+...........
	0x2b, 0x00, 0x04, 0x00, 0x07, 0x00, 0x00, 0x00, 0xdb, 0x01, 0x00, 0x00, 0xcd, 0xcc, 0x4c, 0x3e, // +.............L>
	0x2b, 0x00, 0x04, 0x00, 0x07, 0x00, 0x00, 0x00, 0xe6, 0x01, 0x00, 0x00, 0x1f, 0x85, 0x6b, 0x3f, // +.............k?
	0x2b, 0x00, 0x04, 0x00, 0x07, 0x00, 0x00, 0x00, 0xf9, 0x01, 0x00, 0x00, 0x66, 0x66, 0x86, 0x3f, // +...........ff.?
	0x2b, 0x00, 0x04, 0x00, 0x2b, 0x00, 0x00, 0x00, 0xff, 0x01, 0x00, 0x00, 0x02, 0x00, 0x00, 0x00, // +...+...........
	0x2b, 0x00, 0x04, 0x00, 0xb6, 0x00, 0x00, 0x00, 0x00, 0x02, 0x00, 0x00, 0x00, 0x00, 0x00, 0x00, // +...............
	0x2b, 0x00, 0x04, 0x00, 0x2b, 0x00, 0x00, 0x00, 0x20, 0x02, 0x00, 0x00, 0x06, 0x00, 0x00, 0x00, // +...+... .......
	0x20, 0x00, 0x04, 0x00, 0x21, 0x02, 0x00, 0x00, 0x02, 0x00, 0x00, 0x00, 0xb5, 0x00, 0x00, 0x00, //  ...!...........
	0x2a, 0x00, 0x03, 0x00, 0x5f, 0x00, 0x00, 0x00, 0x41, 0x02, 0x00, 0x00, 0x2b, 0x00, 0x04, 0x00, // *..._...A...+...
	0x07, 0x00, 0x00, 0x00, 0x80, 0x02, 0x00, 0x00, 0x0a, 0xd7, 0xa3, 0x3c, 0x2b, 0x00, 0x04, 0x00, // ...........<+...
	0x07, 0x00, 0x00, 0x00, 0xa9, 0x02, 0x00, 0x00, 0x00, 0x00, 0xa0, 0x40, 0x2b, 0x00, 0x04, 0x00, // ...........@+...
	0x07, 0x00, 0x00, 0x00, 0xb6, 0x02, 0x00, 0x00, 0x66, 0x66, 0x26, 0x3f, 0x2b, 0x00, 0x04, 0x00, // ........ff&?+...
	0x07, 0x00, 0x00, 0x00, 0xd9, 0x02, 0x00, 0x00, 0x8f, 0xc2, 0x75, 0x3c, 0x2b, 0x00, 0x04, 0x00, // ..........u<+...
	0x2b, 0x00, 0x00, 0x00, 0x27, 0x03, 0x00, 0x00, 0x07, 0x00, 0x00, 0x00, 0x2b, 0x00, 0x04, 0x00, // +...'.......+...
	0xb6, 0x00, 0x00, 0x00, 0x2c, 0x03, 0x00, 0x00, 0x02, 0x00, 0x00, 0x00, 0x2b, 0x00, 0x04, 0x00, // ....,.......+...
	0x07, 0x00, 0x00, 0x00, 0x3a, 0x03, 0x00, 0x00, 0x52, 0x49, 0x1d, 0x39, 0x29, 0x00, 0x03, 0x00, // ....:...RI.9)...
	0x5f, 0x00, 0x00, 0x00, 0x3f, 0x03, 0x00, 0x00, 0x20, 0x00, 0x04, 0x00, 0x61, 0x03, 0x00, 0x00, // _...?... ...a...
	0x00, 0x00, 0x00, 0x00, 0x29, 0x00, 0x00, 0x00, 0x3b, 0x00, 0x04, 0x00, 0x61, 0x03, 0x00, 0x00, // ....)...;...a...
	0x62, 0x03, 0x00, 0x00, 0x00, 0x00, 0x00, 0x00, 0x2b, 0x00, 0x04, 0x00, 0x07, 0x00, 0x00, 0x00, // b.......+.......
	0x79, 0x03, 0x00, 0x00, 0x00, 0x00, 0xc0, 0x3e, 0x2b, 0x00, 0x04, 0x00, 0x07, 0x00, 0x00, 0x00, // y......>+.......
	0x7a, 0x03, 0x00, 0x00, 0x00, 0x00, 0x00, 0x3e, 0x2c, 0x00, 0x05, 0x00, 0x5d, 0x00, 0x00, 0x00, // z......>,...]...
	0x7b, 0x03, 0x00, 0x00, 0x79, 0x03, 0x00, 0x00, 0x7a, 0x03, 0x00, 0x00, 0x2b, 0x00, 0x04, 0x00, // {...y...z...+...
	0x07, 0x00, 0x00, 0x00, 0x94, 0x03, 0x00, 0x00, 0x00, 0x00, 0x60, 0x3f, 0x2c, 0x00, 0x05, 0x00, // ..........`?,...
	0x5d, 0x00, 0x00, 0x00, 0x95, 0x03, 0x00, 0x00, 0x94, 0x03, 0x00, 0x00, 0x79, 0x03, 0x00, 0x00, // ]...........y...
	0x2b, 0x00, 0x04, 0x00, 0x07, 0x00, 0x00, 0x00, 0xac, 0x03, 0x00, 0x00, 0x00, 0x00, 0x20, 0x3f, // +............. ?
	0x2c, 0x00, 0x05, 0x00, 0x5d, 0x00, 0x00, 0x00, 0xad, 0x03, 0x00, 0x00, 0x7a, 0x03, 0x00, 0x00, // ,...].......z...
	0xac, 0x03, 0x00, 0x00, 0x2c, 0x00, 0x05, 0x00, 0x5d, 0x00, 0x00, 0x00, 0xc4, 0x03, 0x00, 0x00, // ....,...].......
	0xac, 0x03, 0x00, 0x00, 0x94, 0x03, 0x00, 0x00, 0x20, 0x00, 0x04, 0x00, 0xfe, 0x03, 0x00, 0x00, // ........ .......
	0x01, 0x00, 0x00, 0x00, 0x67, 0x00, 0x00, 0x00, 0x3b, 0x00, 0x04, 0x00, 0xfe, 0x03, 0x00, 0x00, // ....g...;.......
	0xff, 0x03, 0x00, 0x00, 0x01, 0x00, 0x00, 0x00, 0x2c, 0x00, 0x06, 0x00, 0x0b, 0x00, 0x00, 0x00, // ........,.......
	0xf3, 0x12, 0x00, 0x00, 0x04, 0x01, 0x00, 0x00, 0x04, 0x01, 0x00, 0x00, 0x04, 0x01, 0x00, 0x00, // ................
	0x2c, 0x00, 0x06, 0x00, 0x0b, 0x00, 0x00, 0x00, 0xf4, 0x12, 0x00, 0x00, 0x0e, 0x01, 0x00, 0x00, // ,...............
	0x0e, 0x01, 0x00, 0x00, 0x0e, 0x01, 0x00, 0x00, 0x2c, 0x00, 0x06, 0x00, 0x0b, 0x00, 0x00, 0x00, // ........,.......
	0xf5, 0x12, 0x00, 0x00, 0x16, 0x01, 0x00, 0x00, 0x16, 0x01, 0x00, 0x00, 0x16, 0x01, 0x00, 0x00, // ................
	0x2c, 0x00, 0x06, 0x00, 0x0b, 0x00, 0x00, 0x00, 0xf6, 0x12, 0x00, 0x00, 0x1a, 0x01, 0x00, 0x00, // ,...............
	0x1a, 0x01, 0x00, 0x00, 0x1a, 0x01, 0x00, 0x00, 0x2c, 0x00, 0x06, 0x00, 0x0b, 0x00, 0x00, 0x00, // ........,.......
	0xf7, 0x12, 0x00, 0x00, 0x23, 0x01, 0x00, 0x00, 0x23, 0x01, 0x00, 0x00, 0x23, 0x01, 0x00, 0x00, // ....#...#...#...
	0x2c, 0x00, 0x07, 0x00, 0x0e, 0x00, 0x00, 0x00, 0xf8, 0x12, 0x00, 0x00, 0xe1, 0x00, 0x00, 0x00, // ,...............
	0xe1, 0x00, 0x00, 0x00, 0xe1, 0x00, 0x00, 0x00, 0xe1, 0x00, 0x00, 0x00, 0x01, 0x00, 0x03, 0x00, // ................
	0x0b, 0x00, 0x00, 0x00, 0x19, 0x13, 0x00, 0x00, 0x01, 0x00, 0x03, 0x00, 0x07, 0x00, 0x00, 0x00, // ................
	0x1c, 0x13, 0x00, 0x00, 0x17, 0x00, 0x04, 0x00, 0x5d, 0x15, 0x00, 0x00, 0x5f, 0x00, 0x00, 0x00, // ........]..._...
	0x03, 0x00, 0x00, 0x00, 0x36, 0x00, 0x05, 0x00, 0x02, 0x00, 0x00, 0x00, 0x04, 0x00, 0x00, 0x00, // ....6...........
	0x00, 0x00, 0x00, 0x00, 0x03, 0x00, 0x00, 0x00, 0xf8, 0x00, 0x02, 0x00, 0x05, 0x00, 0x00, 0x00, // ................
	0x3d, 0x00, 0x04, 0x00, 0x06, 0x00, 0x00, 0x00, 0x71, 0x00, 0x00, 0x00, 0x70, 0x00, 0x00, 0x00, // =.......q...p...
	0x3d, 0x00, 0x04, 0x00, 0x08, 0x00, 0x00, 0x00, 0x74, 0x00, 0x00, 0x00, 0x73, 0x00, 0x00, 0x00, // =.......t...s...
	0x3d, 0x00, 0x04, 0x00, 0x67, 0x00, 0x00, 0x00, 0x00, 0x04, 0x00, 0x00, 0xff, 0x03, 0x00, 0x00, // =...g...........
	0xf7, 0x00, 0x03, 0x00, 0xce, 0x04, 0x00, 0x00, 0x00, 0x00, 0x00, 0x00, 0xfb, 0x00, 0x03, 0x00, // ................
	0x00, 0x02, 0x00, 0x00, 0x47, 0x04, 0x00, 0x00, 0xf8, 0x00, 0x02, 0x00, 0x47, 0x04, 0x00, 0x00, // ....G.......G...
	0x4f, 0x00, 0x07, 0x00, 0x2c, 0x00, 0x00, 0x00, 0x49, 0x04, 0x00, 0x00, 0x00, 0x04, 0x00, 0x00, // O...,...I.......
	0x00, 0x04, 0x00, 0x00, 0x00, 0x00, 0x00, 0x00, 0x01, 0x00, 0x00, 0x00, 0x41, 0x00, 0x06, 0x00, // ............A...
	0x58, 0x01, 0x00, 0x00, 0x4a, 0x04, 0x00, 0x00, 0xbb, 0x00, 0x00, 0x00, 0x7a, 0x00, 0x00, 0x00, // X...J.......z...
	0x00, 0x02, 0x00, 0x00, 0x3d, 0x00, 0x04, 0x00, 0x07, 0x00, 0x00, 0x00, 0x4b, 0x04, 0x00, 0x00, // ....=.......K...
	0x4a, 0x04, 0x00, 0x00, 0x41, 0x00, 0x06, 0x00, 0x58, 0x01, 0x00, 0x00, 0x4c, 0x04, 0x00, 0x00, // J...A...X...L...
	0xbb, 0x00, 0x00, 0x00, 0x7a, 0x00, 0x00, 0x00, 0x2a, 0x01, 0x00, 0x00, 0x3d, 0x00, 0x04, 0x00, // ....z...*...=...
	0x07, 0x00, 0x00, 0x00, 0x4d, 0x04, 0x00, 0x00, 0x4c, 0x04, 0x00, 0x00, 0x51, 0x00, 0x05, 0x00, // ....M...L...Q...
	0x2b, 0x00, 0x00, 0x00, 0x4f, 0x04, 0x00, 0x00, 0x00, 0x04, 0x00, 0x00, 0x00, 0x00, 0x00, 0x00, // +...O...........
	0x6f, 0x00, 0x04, 0x00, 0x07, 0x00, 0x00, 0x00, 0x50, 0x04, 0x00, 0x00, 0x4f, 0x04, 0x00, 0x00, // o.......P...O...
	0xbe, 0x00, 0x05, 0x00, 0x5f, 0x00, 0x00, 0x00, 0x52, 0x04, 0x00, 0x00, 0x50, 0x04, 0x00, 0x00, // ...._...R...P...
	0x4b, 0x04, 0x00, 0x00, 0x51, 0x00, 0x05, 0x00, 0x2b, 0x00, 0x00, 0x00, 0x54, 0x04, 0x00, 0x00, // K...Q...+...T...
	0x00, 0x04, 0x00, 0x00, 0x01, 0x00, 0x00, 0x00, 0x6f, 0x00, 0x04, 0x00, 0x07, 0x00, 0x00, 0x00, // ........o.......
	0x55, 0x04, 0x00, 0x00, 0x54, 0x04, 0x00, 0x00, 0xbe, 0x00, 0x05, 0x00, 0x5f, 0x00, 0x00, 0x00, // U...T......._...
	0x57, 0x04, 0x00, 0x00, 0x55, 0x04, 0x00, 0x00, 0x4d, 0x04, 0x00, 0x00, 0xa6, 0x00, 0x05, 0x00, // W...U...M.......
	0x5f, 0x00, 0x00, 0x00, 0x58, 0x04, 0x00, 0x00, 0x52, 0x04, 0x00, 0x00, 0x57, 0x04, 0x00, 0x00, // _...X...R...W...
	0xf7, 0x00, 0x03, 0x00, 0x5a, 0x04, 0x00, 0x00, 0x00, 0x00, 0x00, 0x00, 0xfa, 0x00, 0x04, 0x00, // ....Z...........
	0x58, 0x04, 0x00, 0x00, 0x59, 0x04, 0x00, 0x00, 0x5a, 0x04, 0x00, 0x00, 0xf8, 0x00, 0x02, 0x00, // X...Y...Z.......
	0x59, 0x04, 0x00, 0x00, 0xf9, 0x00, 0x02, 0x00, 0xce, 0x04, 0x00, 0x00, 0xf8, 0x00, 0x02, 0x00, // Y...............
	0x5a, 0x04, 0x00, 0x00, 0x41, 0x00, 0x06, 0x00, 0x58, 0x01, 0x00, 0x00, 0x5b, 0x04, 0x00, 0x00, // Z...A...X...[...
	0xbb, 0x00, 0x00, 0x00, 0x7a, 0x00, 0x00, 0x00, 0x2c, 0x03, 0x00, 0x00, 0x3d, 0x00, 0x04, 0x00, // ....z...,...=...
	0x07, 0x00, 0x00, 0x00, 0x5c, 0x04, 0x00, 0x00, 0x5b, 0x04, 0x00, 0x00, 0x6e, 0x00, 0x04, 0x00, // ........[...n...
	0x2b, 0x00, 0x00, 0x00, 0x5d, 0x04, 0x00, 0x00, 0x5c, 0x04, 0x00, 0x00, 0xb3, 0x00, 0x05, 0x00, // +...]...........
	0x5f, 0x00, 0x00, 0x00, 0x5f, 0x04, 0x00, 0x00, 0x5d, 0x04, 0x00, 0x00, 0x7a, 0x00, 0x00, 0x00, // _..._...]...z...
	0xf7, 0x00, 0x03, 0x00, 0x65, 0x04, 0x00, 0x00, 0x00, 0x00, 0x00, 0x00, 0xfa, 0x00, 0x04, 0x00, // ....e...........
	0x5f, 0x04, 0x00, 0x00, 0x60, 0x04, 0x00, 0x00, 0x65, 0x04, 0x00, 0x00, 0xf8, 0x00, 0x02, 0x00, // _...`...e.......
	0x60, 0x04, 0x00, 0x00, 0x3d, 0x00, 0x04, 0x00, 0x29, 0x00, 0x00, 0x00, 0x62, 0x04, 0x00, 0x00, // `...=...)...b...
	0x62, 0x03, 0x00, 0x00, 0x63, 0x00, 0x04, 0x00, 0x62, 0x04, 0x00, 0x00, 0x49, 0x04, 0x00, 0x00, // b...c...b...I...
	0xf8, 0x12, 0x00, 0x00, 0xf9, 0x00, 0x02, 0x00, 0xce, 0x04, 0x00, 0x00, 0xf8, 0x00, 0x02, 0x00, // ................
	0x65, 0x04, 0x00, 0x00, 0x50, 0x00, 0x05, 0x00, 0x5d, 0x00, 0x00, 0x00, 0x68, 0x04, 0x00, 0x00, // e...P...]...h...
	0x4b, 0x04, 0x00, 0x00, 0x4d, 0x04, 0x00, 0x00, 0x6f, 0x00, 0x04, 0x00, 0x5d, 0x00, 0x00, 0x00, // K...M...o...]...
	0x6a, 0x04, 0x00, 0x00, 0x49, 0x04, 0x00, 0x00, 0x81, 0x00, 0x05, 0x00, 0x5d, 0x00, 0x00, 0x00, // j...I.......]...
	0x6d, 0x04, 0x00, 0x00, 0x6a, 0x04, 0x00, 0x00, 0x7b, 0x03, 0x00, 0x00, 0x88, 0x00, 0x05, 0x00, // m...j...{.......
	0x5d, 0x00, 0x00, 0x00, 0x6f, 0x04, 0x00, 0x00, 0x6d, 0x04, 0x00, 0x00, 0x68, 0x04, 0x00, 0x00, // ]...o...m...h...
	0xf7, 0x00, 0x03, 0x00, 0x14, 0x06, 0x00, 0x00, 0x00, 0x00, 0x00, 0x00, 0xfb, 0x00, 0x03, 0x00, // ................
	0x00, 0x02, 0x00, 0x00, 0x2e, 0x05, 0x00, 0x00, 0xf8, 0x00, 0x02, 0x00, 0x2e, 0x05, 0x00, 0x00, // ................
	0x41, 0x00, 0x06, 0x00, 0x58, 0x01, 0x00, 0x00, 0x2f, 0x05, 0x00, 0x00, 0xbb, 0x00, 0x00, 0x00, // A...X.../.......
	0xff, 0x01, 0x00, 0x00, 0x00, 0x02, 0x00, 0x00, 0x3d, 0x00, 0x04, 0x00, 0x07, 0x00, 0x00, 0x00, // ........=.......
	0x30, 0x05, 0x00, 0x00, 0x2f, 0x05, 0x00, 0x00, 0xba, 0x00, 0x05, 0x00, 0x5f, 0x00, 0x00, 0x00, // 0.../......._...
	0x31, 0x05, 0x00, 0x00, 0x30, 0x05, 0x00, 0x00, 0x2d, 0x01, 0x00, 0x00, 0x41, 0x00, 0x06, 0x00, // 1...0...-...A...
	0x58, 0x01, 0x00, 0x00, 0x32, 0x05, 0x00, 0x00, 0xbb, 0x00, 0x00, 0x00, 0xff, 0x01, 0x00, 0x00, // X...2...........
	0x2a, 0x01, 0x00, 0x00, 0x3d, 0x00, 0x04, 0x00, 0x07, 0x00, 0x00, 0x00, 0x33, 0x05, 0x00, 0x00, // *...=.......3...
	0x32, 0x05, 0x00, 0x00, 0xba, 0x00, 0x05, 0x00, 0x5f, 0x00, 0x00, 0x00, 0x34, 0x05, 0x00, 0x00, // 2......._...4...
	0x33, 0x05, 0x00, 0x00, 0x2d, 0x01, 0x00, 0x00, 0x51, 0x00, 0x05, 0x00, 0x07, 0x00, 0x00, 0x00, // 3...-...Q.......
	0x36, 0x05, 0x00, 0x00, 0x6f, 0x04, 0x00, 0x00, 0x00, 0x00, 0x00, 0x00, 0x85, 0x00, 0x05, 0x00, // 6...o...........
	0x07, 0x00, 0x00, 0x00, 0x37, 0x05, 0x00, 0x00, 0x36, 0x05, 0x00, 0x00, 0x9b, 0x01, 0x00, 0x00, // ....7...6.......
	0x83, 0x00, 0x05, 0x00, 0x07, 0x00, 0x00, 0x00, 0x38, 0x05, 0x00, 0x00, 0x37, 0x05, 0x00, 0x00, // ........8...7...
	0x1f, 0x01, 0x00, 0x00, 0x51, 0x00, 0x05, 0x00, 0x07, 0x00, 0x00, 0x00, 0x3a, 0x05, 0x00, 0x00, // ....Q.......:...
	0x6f, 0x04, 0x00, 0x00, 0x01, 0x00, 0x00, 0x00, 0x85, 0x00, 0x05, 0x00, 0x07, 0x00, 0x00, 0x00, // o...............
	0x3b, 0x05, 0x00, 0x00, 0x3a, 0x05, 0x00, 0x00, 0x9b, 0x01, 0x00, 0x00, 0x83, 0x00, 0x05, 0x00, // ;...:...........
	0x07, 0x00, 0x00, 0x00, 0x3c, 0x05, 0x00, 0x00, 0x1f, 0x01, 0x00, 0x00, 0x3b, 0x05, 0x00, 0x00, // ....<.......;...
	0x83, 0x00, 0x05, 0x00, 0x07, 0x00, 0x00, 0x00, 0x3f, 0x05, 0x00, 0x00, 0x3b, 0x05, 0x00, 0x00, // ........?...;...
	0x1f, 0x01, 0x00, 0x00, 0xa9, 0x00, 0x06, 0x00, 0x07, 0x00, 0x00, 0x00, 0x41, 0x05, 0x00, 0x00, // ............A...
	0x34, 0x05, 0x00, 0x00, 0x3f, 0x05, 0x00, 0x00, 0x3c, 0x05, 0x00, 0x00, 0x41, 0x00, 0x05, 0x00, // 4...?...<...A...
	0xc0, 0x00, 0x00, 0x00, 0x42, 0x05, 0x00, 0x00, 0xbb, 0x00, 0x00, 0x00, 0x76, 0x00, 0x00, 0x00, // ....B.......v...
	0x3d, 0x00, 0x04, 0x00, 0x0e, 0x00, 0x00, 0x00, 0x43, 0x05, 0x00, 0x00, 0x42, 0x05, 0x00, 0x00, // =.......C...B...
	0x4f, 0x00, 0x08, 0x00, 0x0b, 0x00, 0x00, 0x00, 0x44, 0x05, 0x00, 0x00, 0x43, 0x05, 0x00, 0x00, // O.......D...C...
	0x43, 0x05, 0x00, 0x00, 0x00, 0x00, 0x00, 0x00, 0x01, 0x00, 0x00, 0x00, 0x02, 0x00, 0x00, 0x00, // C...............
	0x50, 0x00, 0x07, 0x00, 0x0e, 0x00, 0x00, 0x00, 0x47, 0x05, 0x00, 0x00, 0x38, 0x05, 0x00, 0x00, // P.......G...8...
	0x41, 0x05, 0x00, 0x00, 0x1f, 0x01, 0x00, 0x00, 0x1f, 0x01, 0x00, 0x00, 0x41, 0x00, 0x05, 0x00, // A...........A...
	0x21, 0x02, 0x00, 0x00, 0x48, 0x05, 0x00, 0x00, 0xbb, 0x00, 0x00, 0x00, 0x20, 0x02, 0x00, 0x00, // !...H....... ...
	0x3d, 0x00, 0x04, 0x00, 0xb5, 0x00, 0x00, 0x00, 0x49, 0x05, 0x00, 0x00, 0x48, 0x05, 0x00, 0x00, // =.......I...H...
	0x90, 0x00, 0x05, 0x00, 0x0e, 0x00, 0x00, 0x00, 0x4a, 0x05, 0x00, 0x00, 0x47, 0x05, 0x00, 0x00, // ........J...G...
	0x49, 0x05, 0x00, 0x00, 0x4f, 0x00, 0x08, 0x00, 0x0b, 0x00, 0x00, 0x00, 0x4c, 0x05, 0x00, 0x00, // I...O.......L...
	0x4a, 0x05, 0x00, 0x00, 0x4a, 0x05, 0x00, 0x00, 0x00, 0x00, 0x00, 0x00, 0x01, 0x00, 0x00, 0x00, // J...J...........
	0x02, 0x00, 0x00, 0x00, 0x51, 0x00, 0x05, 0x00, 0x07, 0x00, 0x00, 0x00, 0x4e, 0x05, 0x00, 0x00, // ....Q.......N...
	0x4a, 0x05, 0x00, 0x00, 0x03, 0x00, 0x00, 0x00, 0x50, 0x00, 0x06, 0x00, 0x0b, 0x00, 0x00, 0x00, // J.......P.......
	0x4f, 0x05, 0x00, 0x00, 0x4e, 0x05, 0x00, 0x00, 0x4e, 0x05, 0x00, 0x00, 0x4e, 0x05, 0x00, 0x00, // O...N...N...N...
	0x88, 0x00, 0x05, 0x00, 0x0b, 0x00, 0x00, 0x00, 0x50, 0x05, 0x00, 0x00, 0x4c, 0x05, 0x00, 0x00, // ........P...L...
	0x4f, 0x05, 0x00, 0x00, 0x83, 0x00, 0x05, 0x00, 0x0b, 0x00, 0x00, 0x00, 0x53, 0x05, 0x00, 0x00, // O...........S...
	0x50, 0x05, 0x00, 0x00, 0x44, 0x05, 0x00, 0x00, 0x0c, 0x00, 0x06, 0x00, 0x0b, 0x00, 0x00, 0x00, // P...D...........
	0x54, 0x05, 0x00, 0x00, 0x01, 0x00, 0x00, 0x00, 0x45, 0x00, 0x00, 0x00, 0x53, 0x05, 0x00, 0x00, // T.......E...S...
	0xf9, 0x00, 0x02, 0x00, 0x22, 0x06, 0x00, 0x00, 0xf8, 0x00, 0x02, 0x00, 0x22, 0x06, 0x00, 0x00, // ...."......."...
	0xf5, 0x00, 0x07, 0x00, 0x07, 0x00, 0x00, 0x00, 0xfb, 0x12, 0x00, 0x00, 0x9f, 0x00, 0x00, 0x00, // ................
	0x2e, 0x05, 0x00, 0x00, 0x95, 0x14, 0x00, 0x00, 0x5e, 0x06, 0x00, 0x00, 0xf5, 0x00, 0x07, 0x00, // ........^.......
	0x2b, 0x00, 0x00, 0x00, 0xfa, 0x12, 0x00, 0x00, 0xa0, 0x00, 0x00, 0x00, 0x2e, 0x05, 0x00, 0x00, // +...............
	0x93, 0x14, 0x00, 0x00, 0x5e, 0x06, 0x00, 0x00, 0xf5, 0x00, 0x07, 0x00, 0x2b, 0x00, 0x00, 0x00, // ....^.......+...
	0xf9, 0x12, 0x00, 0x00, 0x7a, 0x00, 0x00, 0x00, 0x2e, 0x05, 0x00, 0x00, 0x60, 0x06, 0x00, 0x00, // ....z.......`...
	0x5e, 0x06, 0x00, 0x00, 0xb1, 0x00, 0x05, 0x00, 0x5f, 0x00, 0x00, 0x00, 0x25, 0x06, 0x00, 0x00, // ^......._...%...
	0xf9, 0x12, 0x00, 0x00, 0xa8, 0x00, 0x00, 0x00, 0xf6, 0x00, 0x04, 0x00, 0x61, 0x06, 0x00, 0x00, // ............a...
	0x5e, 0x06, 0x00, 0x00, 0x00, 0x00, 0x00, 0x00, 0xfa, 0x00, 0x04, 0x00, 0x25, 0x06, 0x00, 0x00, // ^...........%...
	0x26, 0x06, 0x00, 0x00, 0x61, 0x06, 0x00, 0x00, 0xf8, 0x00, 0x02, 0x00, 0x26, 0x06, 0x00, 0x00, // &...a.......&...
	0xaf, 0x00, 0x05, 0x00, 0x5f, 0x00, 0x00, 0x00, 0x29, 0x06, 0x00, 0x00, 0xf9, 0x12, 0x00, 0x00, // ...._...).......
	0x5d, 0x04, 0x00, 0x00, 0xaa, 0x00, 0x05, 0x00, 0x5f, 0x00, 0x00, 0x00, 0x2c, 0x06, 0x00, 0x00, // ]......._...,...
	0xf9, 0x12, 0x00, 0x00, 0xa0, 0x00, 0x00, 0x00, 0xa6, 0x00, 0x05, 0x00, 0x5f, 0x00, 0x00, 0x00, // ............_...
	0x2d, 0x06, 0x00, 0x00, 0x29, 0x06, 0x00, 0x00, 0x2c, 0x06, 0x00, 0x00, 0xf7, 0x00, 0x03, 0x00, // -...)...,.......
	0x2f, 0x06, 0x00, 0x00, 0x00, 0x00, 0x00, 0x00, 0xfa, 0x00, 0x04, 0x00, 0x2d, 0x06, 0x00, 0x00, // /...........-...
	0x2e, 0x06, 0x00, 0x00, 0x2f, 0x06, 0x00, 0x00, 0xf8, 0x00, 0x02, 0x00, 0x2e, 0x06, 0x00, 0x00, // ..../...........
	0xf9, 0x00, 0x02, 0x00, 0x5e, 0x06, 0x00, 0x00, 0xf8, 0x00, 0x02, 0x00, 0x2f, 0x06, 0x00, 0x00, // ....^......./...
	0x84, 0x00, 0x05, 0x00, 0x2b, 0x00, 0x00, 0x00, 0x31, 0x06, 0x00, 0x00, 0xf9, 0x12, 0x00, 0x00, // ....+...1.......
	0xbd, 0x00, 0x00, 0x00, 0x41, 0x00, 0x06, 0x00, 0xc0, 0x00, 0x00, 0x00, 0x33, 0x06, 0x00, 0x00, // ....A.......3...
	0xbb, 0x00, 0x00, 0x00, 0xa8, 0x00, 0x00, 0x00, 0x31, 0x06, 0x00, 0x00, 0x3d, 0x00, 0x04, 0x00, // ........1...=...
	0x0e, 0x00, 0x00, 0x00, 0x34, 0x06, 0x00, 0x00, 0x33, 0x06, 0x00, 0x00, 0x4f, 0x00, 0x08, 0x00, // ....4...3...O...
	0x0b, 0x00, 0x00, 0x00, 0x36, 0x06, 0x00, 0x00, 0x34, 0x06, 0x00, 0x00, 0x34, 0x06, 0x00, 0x00, // ....6...4...4...
	0x00, 0x00, 0x00, 0x00, 0x01, 0x00, 0x00, 0x00, 0x02, 0x00, 0x00, 0x00, 0x51, 0x00, 0x05, 0x00, // ............Q...
	0x07, 0x00, 0x00, 0x00, 0x38, 0x06, 0x00, 0x00, 0x34, 0x06, 0x00, 0x00, 0x03, 0x00, 0x00, 0x00, // ....8...4.......
	0x83, 0x00, 0x05, 0x00, 0x0b, 0x00, 0x00, 0x00, 0x3b, 0x06, 0x00, 0x00, 0x44, 0x05, 0x00, 0x00, // ........;...D...
	0x36, 0x06, 0x00, 0x00, 0x94, 0x00, 0x05, 0x00, 0x07, 0x00, 0x00, 0x00, 0x3e, 0x06, 0x00, 0x00, // 6...........>...
	0x3b, 0x06, 0x00, 0x00, 0x54, 0x05, 0x00, 0x00, 0x94, 0x00, 0x05, 0x00, 0x07, 0x00, 0x00, 0x00, // ;...T...........
	0x41, 0x06, 0x00, 0x00, 0x3b, 0x06, 0x00, 0x00, 0x3b, 0x06, 0x00, 0x00, 0x85, 0x00, 0x05, 0x00, // A...;...;.......
	0x07, 0x00, 0x00, 0x00, 0x44, 0x06, 0x00, 0x00, 0x38, 0x06, 0x00, 0x00, 0x38, 0x06, 0x00, 0x00, // ....D...8...8...
	0x83, 0x00, 0x05, 0x00, 0x07, 0x00, 0x00, 0x00, 0x45, 0x06, 0x00, 0x00, 0x41, 0x06, 0x00, 0x00, // ........E...A...
	0x44, 0x06, 0x00, 0x00, 0x85, 0x00, 0x05, 0x00, 0x07, 0x00, 0x00, 0x00, 0x48, 0x06, 0x00, 0x00, // D...........H...
	0x3e, 0x06, 0x00, 0x00, 0x3e, 0x06, 0x00, 0x00, 0x83, 0x00, 0x05, 0x00, 0x07, 0x00, 0x00, 0x00, // >...>...........
	0x4a, 0x06, 0x00, 0x00, 0x48, 0x06, 0x00, 0x00, 0x45, 0x06, 0x00, 0x00, 0xb8, 0x00, 0x05, 0x00, // J...H...E.......
	0x5f, 0x00, 0x00, 0x00, 0x4c, 0x06, 0x00, 0x00, 0x4a, 0x06, 0x00, 0x00, 0xe1, 0x00, 0x00, 0x00, // _...L...J.......
	0xf7, 0x00, 0x03, 0x00, 0x4e, 0x06, 0x00, 0x00, 0x00, 0x00, 0x00, 0x00, 0xfa, 0x00, 0x04, 0x00, // ....N...........
	0x4c, 0x06, 0x00, 0x00, 0x4d, 0x06, 0x00, 0x00, 0x4e, 0x06, 0x00, 0x00, 0xf8, 0x00, 0x02, 0x00, // L...M...N.......
	0x4d, 0x06, 0x00, 0x00, 0xf9, 0x00, 0x02, 0x00, 0x5e, 0x06, 0x00, 0x00, 0xf8, 0x00, 0x02, 0x00, // M.......^.......
	0x4e, 0x06, 0x00, 0x00, 0x7f, 0x00, 0x04, 0x00, 0x07, 0x00, 0x00, 0x00, 0x50, 0x06, 0x00, 0x00, // N...........P...
	0x3e, 0x06, 0x00, 0x00, 0x0c, 0x00, 0x06, 0x00, 0x07, 0x00, 0x00, 0x00, 0x52, 0x06, 0x00, 0x00, // >...........R...
	0x01, 0x00, 0x00, 0x00, 0x1f, 0x00, 0x00, 0x00, 0x4a, 0x06, 0x00, 0x00, 0x83, 0x00, 0x05, 0x00, // ........J.......
	0x07, 0x00, 0x00, 0x00, 0x53, 0x06, 0x00, 0x00, 0x50, 0x06, 0x00, 0x00, 0x52, 0x06, 0x00, 0x00, // ....S...P...R...
	0xba, 0x00, 0x05, 0x00, 0x5f, 0x00, 0x00, 0x00, 0x55, 0x06, 0x00, 0x00, 0x53, 0x06, 0x00, 0x00, // ...._...U...S...
	0xed, 0x00, 0x00, 0x00, 0xb8, 0x00, 0x05, 0x00, 0x5f, 0x00, 0x00, 0x00, 0x58, 0x06, 0x00, 0x00, // ........_...X...
	0x53, 0x06, 0x00, 0x00, 0xfb, 0x12, 0x00, 0x00, 0xa7, 0x00, 0x05, 0x00, 0x5f, 0x00, 0x00, 0x00, // S..........._...
	0x59, 0x06, 0x00, 0x00, 0x55, 0x06, 0x00, 0x00, 0x58, 0x06, 0x00, 0x00, 0xa9, 0x00, 0x06, 0x00, // Y...U...X.......
	0x07, 0x00, 0x00, 0x00, 0x43, 0x15, 0x00, 0x00, 0x59, 0x06, 0x00, 0x00, 0x53, 0x06, 0x00, 0x00, // ....C...Y...S...
	0xfb, 0x12, 0x00, 0x00, 0xa9, 0x00, 0x06, 0x00, 0x2b, 0x00, 0x00, 0x00, 0x44, 0x15, 0x00, 0x00, // ........+...D...
	0x59, 0x06, 0x00, 0x00, 0xf9, 0x12, 0x00, 0x00, 0xfa, 0x12, 0x00, 0x00, 0xf9, 0x00, 0x02, 0x00, // Y...............
	0x5e, 0x06, 0x00, 0x00, 0xf8, 0x00, 0x02, 0x00, 0x5e, 0x06, 0x00, 0x00, 0xf5, 0x00, 0x09, 0x00, // ^.......^.......
	0x07, 0x00, 0x00, 0x00, 0x95, 0x14, 0x00, 0x00, 0xfb, 0x12, 0x00, 0x00, 0x2e, 0x06, 0x00, 0x00, // ................
	0xfb, 0x12, 0x00, 0x00, 0x4d, 0x06, 0x00, 0x00, 0x43, 0x15, 0x00, 0x00, 0x4e, 0x06, 0x00, 0x00, // ....M...C...N...
	0xf5, 0x00, 0x09, 0x00, 0x2b, 0x00, 0x00, 0x00, 0x93, 0x14, 0x00, 0x00, 0xfa, 0x12, 0x00, 0x00, // ....+...........
	0x2e, 0x06, 0x00, 0x00, 0xfa, 0x12, 0x00, 0x00, 0x4d, 0x06, 0x00, 0x00, 0x44, 0x15, 0x00, 0x00, // ........M...D...
	0x4e, 0x06, 0x00, 0x00, 0x80, 0x00, 0x05, 0x00, 0x2b, 0x00, 0x00, 0x00, 0x60, 0x06, 0x00, 0x00, // N.......+...`...
	0xf9, 0x12, 0x00, 0x00, 0x76, 0x00, 0x00, 0x00, 0xf9, 0x00, 0x02, 0x00, 0x22, 0x06, 0x00, 0x00, // ....v......."...
	0xf8, 0x00, 0x02, 0x00, 0x61, 0x06, 0x00, 0x00, 0xaf, 0x00, 0x05, 0x00, 0x5f, 0x00, 0x00, 0x00, // ....a......._...
	0x63, 0x06, 0x00, 0x00, 0xfa, 0x12, 0x00, 0x00, 0x7a, 0x00, 0x00, 0x00, 0xa9, 0x00, 0x06, 0x00, // c.......z.......
	0x07, 0x00, 0x00, 0x00, 0x65, 0x06, 0x00, 0x00, 0x63, 0x06, 0x00, 0x00, 0xfb, 0x12, 0x00, 0x00, // ....e...c.......
	0xfc, 0x00, 0x00, 0x00, 0xb1, 0x00, 0x05, 0x00, 0x5f, 0x00, 0x00, 0x00, 0x5b, 0x05, 0x00, 0x00, // ........_...[...
	0xfa, 0x12, 0x00, 0x00, 0x7a, 0x00, 0x00, 0x00, 0xf7, 0x00, 0x03, 0x00, 0x5d, 0x05, 0x00, 0x00, // ....z.......]...
	0x00, 0x00, 0x00, 0x00, 0xfa, 0x00, 0x04, 0x00, 0x5b, 0x05, 0x00, 0x00, 0x5c, 0x05, 0x00, 0x00, // ........[.......
	0x5d, 0x05, 0x00, 0x00, 0xf8, 0x00, 0x02, 0x00, 0x5c, 0x05, 0x00, 0x00, 0xf9, 0x00, 0x02, 0x00, // ]...............
	0x14, 0x06, 0x00, 0x00, 0xf8, 0x00, 0x02, 0x00, 0x5d, 0x05, 0x00, 0x00, 0x8e, 0x00, 0x05, 0x00, // ........].......
	0x0b, 0x00, 0x00, 0x00, 0x61, 0x05, 0x00, 0x00, 0x54, 0x05, 0x00, 0x00, 0x65, 0x06, 0x00, 0x00, // ....a...T...e...
	0x81, 0x00, 0x05, 0x00, 0x0b, 0x00, 0x00, 0x00, 0x62, 0x05, 0x00, 0x00, 0x44, 0x05, 0x00, 0x00, // ........b...D...
	0x61, 0x05, 0x00, 0x00, 0xf9, 0x00, 0x02, 0x00, 0x69, 0x05, 0x00, 0x00, 0xf8, 0x00, 0x02, 0x00, // a.......i.......
	0x69, 0x05, 0x00, 0x00, 0xf5, 0x00, 0x07, 0x00, 0x0b, 0x00, 0x00, 0x00, 0x08, 0x13, 0x00, 0x00, // i...............
	0x1e, 0x01, 0x00, 0x00, 0x5d, 0x05, 0x00, 0x00, 0xbe, 0x05, 0x00, 0x00, 0xf6, 0x05, 0x00, 0x00, // ....]...........
	0xf5, 0x00, 0x07, 0x00, 0x0b, 0x00, 0x00, 0x00, 0x06, 0x13, 0x00, 0x00, 0x20, 0x01, 0x00, 0x00, // ............ ...
	0x5d, 0x05, 0x00, 0x00, 0xeb, 0x05, 0x00, 0x00, 0xf6, 0x05, 0x00, 0x00, 0xf5, 0x00, 0x07, 0x00, // ]...............
	0x2b, 0x00, 0x00, 0x00, 0x00, 0x13, 0x00, 0x00, 0xfa, 0x12, 0x00, 0x00, 0x5d, 0x05, 0x00, 0x00, // +...........]...
	0x0b, 0x13, 0x00, 0x00, 0xf6, 0x05, 0x00, 0x00, 0xf5, 0x00, 0x07, 0x00, 0x07, 0x00, 0x00, 0x00, // ................
	0xff, 0x12, 0x00, 0x00, 0x65, 0x06, 0x00, 0x00, 0x5d, 0x05, 0x00, 0x00, 0xf1, 0x07, 0x00, 0x00, // ....e...].......
	0xf6, 0x05, 0x00, 0x00, 0xf5, 0x00, 0x07, 0x00, 0x0b, 0x00, 0x00, 0x00, 0xfe, 0x12, 0x00, 0x00, // ................
	0x54, 0x05, 0x00, 0x00, 0x5d, 0x05, 0x00, 0x00, 0xc2, 0x05, 0x00, 0x00, 0xf6, 0x05, 0x00, 0x00, // T...]...........
	0xf5, 0x00, 0x07, 0x00, 0x0b, 0x00, 0x00, 0x00, 0xfd, 0x12, 0x00, 0x00, 0x44, 0x05, 0x00, 0x00, // ............D...
	0x5d, 0x05, 0x00, 0x00, 0xc6, 0x05, 0x00, 0x00, 0xf6, 0x05, 0x00, 0x00, 0xf5, 0x00, 0x07, 0x00, // ]...............
	0x2b, 0x00, 0x00, 0x00, 0xfc, 0x12, 0x00, 0x00, 0x7a, 0x00, 0x00, 0x00, 0x5d, 0x05, 0x00, 0x00, // +.......z...]...
	0xf8, 0x05, 0x00, 0x00, 0xf6, 0x05, 0x00, 0x00, 0xb1, 0x00, 0x05, 0x00, 0x5f, 0x00, 0x00, 0x00, // ............_...
	0x6c, 0x05, 0x00, 0x00, 0xfc, 0x12, 0x00, 0x00, 0xbd, 0x00, 0x00, 0x00, 0xf6, 0x00, 0x04, 0x00, // l...............
	0xf9, 0x05, 0x00, 0x00, 0xf6, 0x05, 0x00, 0x00, 0x00, 0x00, 0x00, 0x00, 0xfa, 0x00, 0x04, 0x00, // ................
	0x6c, 0x05, 0x00, 0x00, 0x6d, 0x05, 0x00, 0x00, 0xf9, 0x05, 0x00, 0x00, 0xf8, 0x00, 0x02, 0x00, // l...m...........
	0x6d, 0x05, 0x00, 0x00, 0x8e, 0x00, 0x05, 0x00, 0x0b, 0x00, 0x00, 0x00, 0x71, 0x05, 0x00, 0x00, // m...........q...
	0xfe, 0x12, 0x00, 0x00, 0xff, 0x12, 0x00, 0x00, 0x81, 0x00, 0x05, 0x00, 0x0b, 0x00, 0x00, 0x00, // ................
	0x72, 0x05, 0x00, 0x00, 0xfd, 0x12, 0x00, 0x00, 0x71, 0x05, 0x00, 0x00, 0x84, 0x00, 0x05, 0x00, // r.......q.......
	0x2b, 0x00, 0x00, 0x00, 0x74, 0x05, 0x00, 0x00, 0x00, 0x13, 0x00, 0x00, 0xbd, 0x00, 0x00, 0x00, // +...t...........
	0x41, 0x00, 0x06, 0x00, 0xc0, 0x00, 0x00, 0x00, 0x76, 0x05, 0x00, 0x00, 0xbb, 0x00, 0x00, 0x00, // A.......v.......
	0xa8, 0x00, 0x00, 0x00, 0x74, 0x05, 0x00, 0x00, 0x3d, 0x00, 0x04, 0x00, 0x0e, 0x00, 0x00, 0x00, // ....t...=.......
	0x77, 0x05, 0x00, 0x00, 0x76, 0x05, 0x00, 0x00, 0x80, 0x00, 0x05, 0x00, 0x2b, 0x00, 0x00, 0x00, // w...v.......+...
	0x7a, 0x05, 0x00, 0x00, 0x74, 0x05, 0x00, 0x00, 0x76, 0x00, 0x00, 0x00, 0x41, 0x00, 0x06, 0x00, // z...t...v...A...
	0xc0, 0x00, 0x00, 0x00, 0x7b, 0x05, 0x00, 0x00, 0xbb, 0x00, 0x00, 0x00, 0xa8, 0x00, 0x00, 0x00, // ....{...........
	0x7a, 0x05, 0x00, 0x00, 0x3d, 0x00, 0x04, 0x00, 0x0e, 0x00, 0x00, 0x00, 0x7c, 0x05, 0x00, 0x00, // z...=.......|...
	0x7b, 0x05, 0x00, 0x00, 0x80, 0x00, 0x05, 0x00, 0x2b, 0x00, 0x00, 0x00, 0x7f, 0x05, 0x00, 0x00, // {.......+.......
	0x74, 0x05, 0x00, 0x00, 0xff, 0x01, 0x00, 0x00, 0x41, 0x00, 0x06, 0x00, 0xc0, 0x00, 0x00, 0x00, // t.......A.......
	0x80, 0x05, 0x00, 0x00, 0xbb, 0x00, 0x00, 0x00, 0xa8, 0x00, 0x00, 0x00, 0x7f, 0x05, 0x00, 0x00, // ................
	0x3d, 0x00, 0x04, 0x00, 0x0e, 0x00, 0x00, 0x00, 0x81, 0x05, 0x00, 0x00, 0x80, 0x05, 0x00, 0x00, // =...............
	0x4f, 0x00, 0x08, 0x00, 0x0b, 0x00, 0x00, 0x00, 0x84, 0x05, 0x00, 0x00, 0x77, 0x05, 0x00, 0x00, // O...........w...
	0x77, 0x05, 0x00, 0x00, 0x00, 0x00, 0x00, 0x00, 0x01, 0x00, 0x00, 0x00, 0x02, 0x00, 0x00, 0x00, // w...............
	0x83, 0x00, 0x05, 0x00, 0x0b, 0x00, 0x00, 0x00, 0x85, 0x05, 0x00, 0x00, 0x72, 0x05, 0x00, 0x00, // ............r...
	0x84, 0x05, 0x00, 0x00, 0x0c, 0x00, 0x06, 0x00, 0x0b, 0x00, 0x00, 0x00, 0x86, 0x05, 0x00, 0x00, // ................
	0x01, 0x00, 0x00, 0x00, 0x45, 0x00, 0x00, 0x00, 0x85, 0x05, 0x00, 0x00, 0x51, 0x00, 0x05, 0x00, // ....E.......Q...
	0x07, 0x00, 0x00, 0x00, 0x88, 0x05, 0x00, 0x00, 0x81, 0x05, 0x00, 0x00, 0x00, 0x00, 0x00, 0x00, // ................
	0x0c, 0x00, 0x08, 0x00, 0x07, 0x00, 0x00, 0x00, 0x89, 0x05, 0x00, 0x00, 0x01, 0x00, 0x00, 0x00, // ................
	0x2b, 0x00, 0x00, 0x00, 0x88, 0x05, 0x00, 0x00, 0x80, 0x02, 0x00, 0x00, 0x1f, 0x01, 0x00, 0x00, // +...............
	0x51, 0x00, 0x05, 0x00, 0x07, 0x00, 0x00, 0x00, 0x8b, 0x05, 0x00, 0x00, 0x81, 0x05, 0x00, 0x00, // Q...............
	0x01, 0x00, 0x00, 0x00, 0x0c, 0x00, 0x08, 0x00, 0x07, 0x00, 0x00, 0x00, 0x8c, 0x05, 0x00, 0x00, // ................
	0x01, 0x00, 0x00, 0x00, 0x2b, 0x00, 0x00, 0x00, 0x8b, 0x05, 0x00, 0x00, 0xe1, 0x00, 0x00, 0x00, // ....+...........
	0x1f, 0x01, 0x00, 0x00, 0x51, 0x00, 0x05, 0x00, 0x07, 0x00, 0x00, 0x00, 0x8e, 0x05, 0x00, 0x00, // ....Q...........
	0x7c, 0x05, 0x00, 0x00, 0x03, 0x00, 0x00, 0x00, 0x0c, 0x00, 0x08, 0x00, 0x07, 0x00, 0x00, 0x00, // |...............
	0x8f, 0x05, 0x00, 0x00, 0x01, 0x00, 0x00, 0x00, 0x2b, 0x00, 0x00, 0x00, 0x8e, 0x05, 0x00, 0x00, // ........+.......
	0x80, 0x02, 0x00, 0x00, 0x1f, 0x01, 0x00, 0x00, 0x4f, 0x00, 0x08, 0x00, 0x0b, 0x00, 0x00, 0x00, // ........O.......
	0x93, 0x05, 0x00, 0x00, 0x7c, 0x05, 0x00, 0x00, 0x7c, 0x05, 0x00, 0x00, 0x00, 0x00, 0x00, 0x00, // ....|...|.......
	0x01, 0x00, 0x00, 0x00, 0x02, 0x00, 0x00, 0x00, 0x0c, 0x00, 0x07, 0x00, 0x0b, 0x00, 0x00, 0x00, // ................
	0xed, 0x06, 0x00, 0x00, 0x01, 0x00, 0x00, 0x00, 0x28, 0x00, 0x00, 0x00, 0x93, 0x05, 0x00, 0x00, // ........(.......
	0x1e, 0x01, 0x00, 0x00, 0x0c, 0x00, 0x07, 0x00, 0x0b, 0x00, 0x00, 0x00, 0xef, 0x06, 0x00, 0x00, // ................
	0x01, 0x00, 0x00, 0x00, 0x1a, 0x00, 0x00, 0x00, 0xed, 0x06, 0x00, 0x00, 0xf3, 0x12, 0x00, 0x00, // ................
	0x41, 0x00, 0x05, 0x00, 0xc0, 0x00, 0x00, 0x00, 0x8f, 0x06, 0x00, 0x00, 0xbb, 0x00, 0x00, 0x00, // A...............
	0xbd, 0x00, 0x00, 0x00, 0x3d, 0x00, 0x04, 0x00, 0x0e, 0x00, 0x00, 0x00, 0x90, 0x06, 0x00, 0x00, // ....=...........
	0x8f, 0x06, 0x00, 0x00, 0x4f, 0x00, 0x08, 0x00, 0x0b, 0x00, 0x00, 0x00, 0x91, 0x06, 0x00, 0x00, // ....O...........
	0x90, 0x06, 0x00, 0x00, 0x90, 0x06, 0x00, 0x00, 0x00, 0x00, 0x00, 0x00, 0x01, 0x00, 0x00, 0x00, // ................
	0x02, 0x00, 0x00, 0x00, 0x7f, 0x00, 0x04, 0x00, 0x0b, 0x00, 0x00, 0x00, 0x92, 0x06, 0x00, 0x00, // ................
	0x91, 0x06, 0x00, 0x00, 0x0c, 0x00, 0x06, 0x00, 0x0b, 0x00, 0x00, 0x00, 0x93, 0x06, 0x00, 0x00, // ................
	0x01, 0x00, 0x00, 0x00, 0x45, 0x00, 0x00, 0x00, 0x92, 0x06, 0x00, 0x00, 0x94, 0x00, 0x05, 0x00, // ....E...........
	0x07, 0x00, 0x00, 0x00, 0x96, 0x06, 0x00, 0x00, 0x86, 0x05, 0x00, 0x00, 0x93, 0x06, 0x00, 0x00, // ................
	0x0c, 0x00, 0x07, 0x00, 0x07, 0x00, 0x00, 0x00, 0x97, 0x06, 0x00, 0x00, 0x01, 0x00, 0x00, 0x00, // ................
	0x28, 0x00, 0x00, 0x00, 0x96, 0x06, 0x00, 0x00, 0xe1, 0x00, 0x00, 0x00, 0x85, 0x00, 0x05, 0x00, // (...............
	0x07, 0x00, 0x00, 0x00, 0x9b, 0x06, 0x00, 0x00, 0x96, 0x06, 0x00, 0x00, 0x2d, 0x01, 0x00, 0x00, // ............-...
	0x81, 0x00, 0x05, 0x00, 0x07, 0x00, 0x00, 0x00, 0x9c, 0x06, 0x00, 0x00, 0x9b, 0x06, 0x00, 0x00, // ................
	0x2d, 0x01, 0x00, 0x00, 0x0c, 0x00, 0x07, 0x00, 0x07, 0x00, 0x00, 0x00, 0x9d, 0x06, 0x00, 0x00, // -...............
	0x01, 0x00, 0x00, 0x00, 0x28, 0x00, 0x00, 0x00, 0x9c, 0x06, 0x00, 0x00, 0xe1, 0x00, 0x00, 0x00, // ....(...........
	0x85, 0x00, 0x05, 0x00, 0x07, 0x00, 0x00, 0x00, 0xa0, 0x06, 0x00, 0x00, 0x9d, 0x06, 0x00, 0x00, // ................
	0x9d, 0x06, 0x00, 0x00, 0x51, 0x00, 0x05, 0x00, 0x07, 0x00, 0x00, 0x00, 0xa2, 0x06, 0x00, 0x00, // ....Q...........
	0x86, 0x05, 0x00, 0x00, 0x01, 0x00, 0x00, 0x00, 0x85, 0x00, 0x05, 0x00, 0x07, 0x00, 0x00, 0x00, // ................
	0xa3, 0x06, 0x00, 0x00, 0xa2, 0x06, 0x00, 0x00, 0x2d, 0x01, 0x00, 0x00, 0x81, 0x00, 0x05, 0x00, // ........-.......
	0x07, 0x00, 0x00, 0x00, 0xa4, 0x06, 0x00, 0x00, 0xa3, 0x06, 0x00, 0x00, 0x2d, 0x01, 0x00, 0x00, // ............-...
	0x0c, 0x00, 0x08, 0x00, 0x07, 0x00, 0x00, 0x00, 0xa5, 0x06, 0x00, 0x00, 0x01, 0x00, 0x00, 0x00, // ................
	0x2b, 0x00, 0x00, 0x00, 0xa4, 0x06, 0x00, 0x00, 0xe1, 0x00, 0x00, 0x00, 0x1f, 0x01, 0x00, 0x00, // +...............
	0x85, 0x00, 0x05, 0x00, 0x07, 0x00, 0x00, 0x00, 0xa8, 0x06, 0x00, 0x00, 0xa5, 0x06, 0x00, 0x00, // ................
	0xa5, 0x06, 0x00, 0x00, 0x85, 0x00, 0x05, 0x00, 0x07, 0x00, 0x00, 0x00, 0xaa, 0x06, 0x00, 0x00, // ................
	0x9b, 0x01, 0x00, 0x00, 0xa5, 0x06, 0x00, 0x00, 0x83, 0x00, 0x05, 0x00, 0x07, 0x00, 0x00, 0x00, // ................
	0xab, 0x06, 0x00, 0x00, 0x9a, 0x01, 0x00, 0x00, 0xaa, 0x06, 0x00, 0x00, 0x85, 0x00, 0x05, 0x00, // ................
	0x07, 0x00, 0x00, 0x00, 0xac, 0x06, 0x00, 0x00, 0xa8, 0x06, 0x00, 0x00, 0xab, 0x06, 0x00, 0x00, // ................
	0x41, 0x00, 0x05, 0x00, 0xc0, 0x00, 0x00, 0x00, 0xfa, 0x06, 0x00, 0x00, 0xbb, 0x00, 0x00, 0x00, // A...............
	0x32, 0x01, 0x00, 0x00, 0x3d, 0x00, 0x04, 0x00, 0x0e, 0x00, 0x00, 0x00, 0xfb, 0x06, 0x00, 0x00, // 2...=...........
	0xfa, 0x06, 0x00, 0x00, 0x4f, 0x00, 0x08, 0x00, 0x0b, 0x00, 0x00, 0x00, 0xfc, 0x06, 0x00, 0x00, // ....O...........
	0xfb, 0x06, 0x00, 0x00, 0xfb, 0x06, 0x00, 0x00, 0x00, 0x00, 0x00, 0x00, 0x01, 0x00, 0x00, 0x00, // ................
	0x02, 0x00, 0x00, 0x00, 0x41, 0x00, 0x06, 0x00, 0x58, 0x01, 0x00, 0x00, 0xfd, 0x06, 0x00, 0x00, // ....A...X.......
	0xbb, 0x00, 0x00, 0x00, 0x32, 0x01, 0x00, 0x00, 0xc7, 0x00, 0x00, 0x00, 0x3d, 0x00, 0x04, 0x00, // ....2.......=...
	0x07, 0x00, 0x00, 0x00, 0xfe, 0x06, 0x00, 0x00, 0xfd, 0x06, 0x00, 0x00, 0x8e, 0x00, 0x05, 0x00, // ................
	0x0b, 0x00, 0x00, 0x00, 0xff, 0x06, 0x00, 0x00, 0xfc, 0x06, 0x00, 0x00, 0xfe, 0x06, 0x00, 0x00, // ................
	0x0c, 0x00, 0x08, 0x00, 0x07, 0x00, 0x00, 0x00, 0x05, 0x07, 0x00, 0x00, 0x01, 0x00, 0x00, 0x00, // ................
	0x2e, 0x00, 0x00, 0x00, 0xa2, 0x01, 0x00, 0x00, 0xa3, 0x01, 0x00, 0x00, 0xac, 0x06, 0x00, 0x00, // ................
	0x8e, 0x00, 0x05, 0x00, 0x0b, 0x00, 0x00, 0x00, 0xb0, 0x06, 0x00, 0x00, 0xff, 0x06, 0x00, 0x00, // ................
	0x05, 0x07, 0x00, 0x00, 0x83, 0x00, 0x05, 0x00, 0x0b, 0x00, 0x00, 0x00, 0xb4, 0x06, 0x00, 0x00, // ................
	0x93, 0x06, 0x00, 0x00, 0xfe, 0x12, 0x00, 0x00, 0x0c, 0x00, 0x06, 0x00, 0x0b, 0x00, 0x00, 0x00, // ................
	0xb5, 0x06, 0x00, 0x00, 0x01, 0x00, 0x00, 0x00, 0x45, 0x00, 0x00, 0x00, 0xb4, 0x06, 0x00, 0x00, // ........E.......
	0x0c, 0x00, 0x08, 0x00, 0x07, 0x00, 0x00, 0x00, 0x0b, 0x07, 0x00, 0x00, 0x01, 0x00, 0x00, 0x00, // ................
	0x2e, 0x00, 0x00, 0x00, 0xb1, 0x01, 0x00, 0x00, 0xb2, 0x01, 0x00, 0x00, 0x89, 0x05, 0x00, 0x00, // ................
	0x94, 0x00, 0x05, 0x00, 0x07, 0x00, 0x00, 0x00, 0xba, 0x06, 0x00, 0x00, 0x86, 0x05, 0x00, 0x00, // ................
	0xb5, 0x06, 0x00, 0x00, 0x0c, 0x00, 0x07, 0x00, 0x07, 0x00, 0x00, 0x00, 0xbb, 0x06, 0x00, 0x00, // ................
	0x01, 0x00, 0x00, 0x00, 0x28, 0x00, 0x00, 0x00, 0xba, 0x06, 0x00, 0x00, 0xe1, 0x00, 0x00, 0x00, // ....(...........
	0x0c, 0x00, 0x07, 0x00, 0x07, 0x00, 0x00, 0x00, 0xbd, 0x06, 0x00, 0x00, 0x01, 0x00, 0x00, 0x00, // ................
	0x1a, 0x00, 0x00, 0x00, 0xbb, 0x06, 0x00, 0x00, 0x0b, 0x07, 0x00, 0x00, 0x0c, 0x00, 0x08, 0x00, // ................
	0x07, 0x00, 0x00, 0x00, 0x11, 0x07, 0x00, 0x00, 0x01, 0x00, 0x00, 0x00, 0x2e, 0x00, 0x00, 0x00, // ................
	0xbf, 0x01, 0x00, 0x00, 0xc0, 0x01, 0x00, 0x00, 0x89, 0x05, 0x00, 0x00, 0x85, 0x00, 0x05, 0x00, // ................
	0x07, 0x00, 0x00, 0x00, 0xc0, 0x06, 0x00, 0x00, 0xbd, 0x06, 0x00, 0x00, 0x11, 0x07, 0x00, 0x00, // ................
	0x8e, 0x00, 0x05, 0x00, 0x0b, 0x00, 0x00, 0x00, 0x22, 0x07, 0x00, 0x00, 0x86, 0x05, 0x00, 0x00, // ........".......
	0x66, 0x01, 0x00, 0x00, 0x81, 0x00, 0x05, 0x00, 0x0b, 0x00, 0x00, 0x00, 0x23, 0x07, 0x00, 0x00, // f...........#...
	0x72, 0x05, 0x00, 0x00, 0x22, 0x07, 0x00, 0x00, 0xf9, 0x00, 0x02, 0x00, 0x37, 0x07, 0x00, 0x00, // r...".......7...
	0xf8, 0x00, 0x02, 0x00, 0x37, 0x07, 0x00, 0x00, 0xf5, 0x00, 0x07, 0x00, 0x07, 0x00, 0x00, 0x00, // ....7...........
	0x03, 0x13, 0x00, 0x00, 0x9f, 0x00, 0x00, 0x00, 0x6d, 0x05, 0x00, 0x00, 0x99, 0x14, 0x00, 0x00, // ........m.......
	0x73, 0x07, 0x00, 0x00, 0xf5, 0x00, 0x07, 0x00, 0x2b, 0x00, 0x00, 0x00, 0x02, 0x13, 0x00, 0x00, // s.......+.......
	0xa0, 0x00, 0x00, 0x00, 0x6d, 0x05, 0x00, 0x00, 0x97, 0x14, 0x00, 0x00, 0x73, 0x07, 0x00, 0x00, // ....m.......s...
	0xf5, 0x00, 0x07, 0x00, 0x2b, 0x00, 0x00, 0x00, 0x01, 0x13, 0x00, 0x00, 0x7a, 0x00, 0x00, 0x00, // ....+.......z...
	0x6d, 0x05, 0x00, 0x00, 0x75, 0x07, 0x00, 0x00, 0x73, 0x07, 0x00, 0x00, 0xb1, 0x00, 0x05, 0x00, // m...u...s.......
	0x5f, 0x00, 0x00, 0x00, 0x3a, 0x07, 0x00, 0x00, 0x01, 0x13, 0x00, 0x00, 0xa8, 0x00, 0x00, 0x00, // _...:...........
	0xf6, 0x00, 0x04, 0x00, 0x76, 0x07, 0x00, 0x00, 0x73, 0x07, 0x00, 0x00, 0x00, 0x00, 0x00, 0x00, // ....v...s.......
	0xfa, 0x00, 0x04, 0x00, 0x3a, 0x07, 0x00, 0x00, 0x3b, 0x07, 0x00, 0x00, 0x76, 0x07, 0x00, 0x00, // ....:...;...v...
	0xf8, 0x00, 0x02, 0x00, 0x3b, 0x07, 0x00, 0x00, 0xaf, 0x00, 0x05, 0x00, 0x5f, 0x00, 0x00, 0x00, // ....;......._...
	0x3e, 0x07, 0x00, 0x00, 0x01, 0x13, 0x00, 0x00, 0x5d, 0x04, 0x00, 0x00, 0xaa, 0x00, 0x05, 0x00, // >.......].......
	0x5f, 0x00, 0x00, 0x00, 0x41, 0x07, 0x00, 0x00, 0x01, 0x13, 0x00, 0x00, 0x00, 0x13, 0x00, 0x00, // _...A...........
	0xa6, 0x00, 0x05, 0x00, 0x5f, 0x00, 0x00, 0x00, 0x42, 0x07, 0x00, 0x00, 0x3e, 0x07, 0x00, 0x00, // ...._...B...>...
	0x41, 0x07, 0x00, 0x00, 0xf7, 0x00, 0x03, 0x00, 0x44, 0x07, 0x00, 0x00, 0x00, 0x00, 0x00, 0x00, // A.......D.......
	0xfa, 0x00, 0x04, 0x00, 0x42, 0x07, 0x00, 0x00, 0x43, 0x07, 0x00, 0x00, 0x44, 0x07, 0x00, 0x00, // ....B...C...D...
	0xf8, 0x00, 0x02, 0x00, 0x43, 0x07, 0x00, 0x00, 0xf9, 0x00, 0x02, 0x00, 0x73, 0x07, 0x00, 0x00, // ....C.......s...
	0xf8, 0x00, 0x02, 0x00, 0x44, 0x07, 0x00, 0x00, 0x84, 0x00, 0x05, 0x00, 0x2b, 0x00, 0x00, 0x00, // ....D.......+...
	0x46, 0x07, 0x00, 0x00, 0x01, 0x13, 0x00, 0x00, 0xbd, 0x00, 0x00, 0x00, 0x41, 0x00, 0x06, 0x00, // F...........A...
	0xc0, 0x00, 0x00, 0x00, 0x48, 0x07, 0x00, 0x00, 0xbb, 0x00, 0x00, 0x00, 0xa8, 0x00, 0x00, 0x00, // ....H...........
	0x46, 0x07, 0x00, 0x00, 0x3d, 0x00, 0x04, 0x00, 0x0e, 0x00, 0x00, 0x00, 0x49, 0x07, 0x00, 0x00, // F...=.......I...
	0x48, 0x07, 0x00, 0x00, 0x4f, 0x00, 0x08, 0x00, 0x0b, 0x00, 0x00, 0x00, 0x4b, 0x07, 0x00, 0x00, // H...O.......K...
	0x49, 0x07, 0x00, 0x00, 0x49, 0x07, 0x00, 0x00, 0x00, 0x00, 0x00, 0x00, 0x01, 0x00, 0x00, 0x00, // I...I...........
	0x02, 0x00, 0x00, 0x00, 0x51, 0x00, 0x05, 0x00, 0x07, 0x00, 0x00, 0x00, 0x4d, 0x07, 0x00, 0x00, // ....Q.......M...
	0x49, 0x07, 0x00, 0x00, 0x03, 0x00, 0x00, 0x00, 0x83, 0x00, 0x05, 0x00, 0x0b, 0x00, 0x00, 0x00, // I...............
	0x50, 0x07, 0x00, 0x00, 0x23, 0x07, 0x00, 0x00, 0x4b, 0x07, 0x00, 0x00, 0x94, 0x00, 0x05, 0x00, // P...#...K.......
	0x07, 0x00, 0x00, 0x00, 0x53, 0x07, 0x00, 0x00, 0x50, 0x07, 0x00, 0x00, 0x93, 0x06, 0x00, 0x00, // ....S...P.......
	0x94, 0x00, 0x05, 0x00, 0x07, 0x00, 0x00, 0x00, 0x56, 0x07, 0x00, 0x00, 0x50, 0x07, 0x00, 0x00, // ........V...P...
	0x50, 0x07, 0x00, 0x00, 0x85, 0x00, 0x05, 0x00, 0x07, 0x00, 0x00, 0x00, 0x59, 0x07, 0x00, 0x00, // P...........Y...
	0x4d, 0x07, 0x00, 0x00, 0x4d, 0x07, 0x00, 0x00, 0x83, 0x00, 0x05, 0x00, 0x07, 0x00, 0x00, 0x00, // M...M...........
	0x5a, 0x07, 0x00, 0x00, 0x56, 0x07, 0x00, 0x00, 0x59, 0x07, 0x00, 0x00, 0x85, 0x00, 0x05, 0x00, // Z...V...Y.......
	0x07, 0x00, 0x00, 0x00, 0x5d, 0x07, 0x00, 0x00, 0x53, 0x07, 0x00, 0x00, 0x53, 0x07, 0x00, 0x00, // ....]...S...S...
	0x83, 0x00, 0x05, 0x00, 0x07, 0x00, 0x00, 0x00, 0x5f, 0x07, 0x00, 0x00, 0x5d, 0x07, 0x00, 0x00, // ........_...]...
	0x5a, 0x07, 0x00, 0x00, 0xb8, 0x00, 0x05, 0x00, 0x5f, 0x00, 0x00, 0x00, 0x61, 0x07, 0x00, 0x00, // Z......._...a...
	0x5f, 0x07, 0x00, 0x00, 0xe1, 0x00, 0x00, 0x00, 0xf7, 0x00, 0x03, 0x00, 0x63, 0x07, 0x00, 0x00, // _...........c...
	0x00, 0x00, 0x00, 0x00, 0xfa, 0x00, 0x04, 0x00, 0x61, 0x07, 0x00, 0x00, 0x62, 0x07, 0x00, 0x00, // ........a...b...
	0x63, 0x07, 0x00, 0x00, 0xf8, 0x00, 0x02, 0x00, 0x62, 0x07, 0x00, 0x00, 0xf9, 0x00, 0x02, 0x00, // c.......b.......
	0x73, 0x07, 0x00, 0x00, 0xf8, 0x00, 0x02, 0x00, 0x63, 0x07, 0x00, 0x00, 0x7f, 0x00, 0x04, 0x00, // s.......c.......
	0x07, 0x00, 0x00, 0x00, 0x65, 0x07, 0x00, 0x00, 0x53, 0x07, 0x00, 0x00, 0x0c, 0x00, 0x06, 0x00, // ....e...S.......
	0x07, 0x00, 0x00, 0x00, 0x67, 0x07, 0x00, 0x00, 0x01, 0x00, 0x00, 0x00, 0x1f, 0x00, 0x00, 0x00, // ....g...........
	0x5f, 0x07, 0x00, 0x00, 0x83, 0x00, 0x05, 0x00, 0x07, 0x00, 0x00, 0x00, 0x68, 0x07, 0x00, 0x00, // _...........h...
	0x65, 0x07, 0x00, 0x00, 0x67, 0x07, 0x00, 0x00, 0xba, 0x00, 0x05, 0x00, 0x5f, 0x00, 0x00, 0x00, // e...g......._...
	0x6a, 0x07, 0x00, 0x00, 0x68, 0x07, 0x00, 0x00, 0xed, 0x00, 0x00, 0x00, 0xb8, 0x00, 0x05, 0x00, // j...h...........
	0x5f, 0x00, 0x00, 0x00, 0x6d, 0x07, 0x00, 0x00, 0x68, 0x07, 0x00, 0x00, 0x03, 0x13, 0x00, 0x00, // _...m...h.......
	0xa7, 0x00, 0x05, 0x00, 0x5f, 0x00, 0x00, 0x00, 0x6e, 0x07, 0x00, 0x00, 0x6a, 0x07, 0x00, 0x00, // ...._...n...j...
	0x6d, 0x07, 0x00, 0x00, 0xa9, 0x00, 0x06, 0x00, 0x07, 0x00, 0x00, 0x00, 0x45, 0x15, 0x00, 0x00, // m...........E...
	0x6e, 0x07, 0x00, 0x00, 0x68, 0x07, 0x00, 0x00, 0x03, 0x13, 0x00, 0x00, 0xa9, 0x00, 0x06, 0x00, // n...h...........
	0x2b, 0x00, 0x00, 0x00, 0x46, 0x15, 0x00, 0x00, 0x6e, 0x07, 0x00, 0x00, 0x01, 0x13, 0x00, 0x00, // +...F...n.......
	0x02, 0x13, 0x00, 0x00, 0xf9, 0x00, 0x02, 0x00, 0x73, 0x07, 0x00, 0x00, 0xf8, 0x00, 0x02, 0x00, // ........s.......
	0x73, 0x07, 0x00, 0x00, 0xf5, 0x00, 0x09, 0x00, 0x07, 0x00, 0x00, 0x00, 0x99, 0x14, 0x00, 0x00, // s...............
	0x03, 0x13, 0x00, 0x00, 0x43, 0x07, 0x00, 0x00, 0x03, 0x13, 0x00, 0x00, 0x62, 0x07, 0x00, 0x00, // ....C.......b...
	0x45, 0x15, 0x00, 0x00, 0x63, 0x07, 0x00, 0x00, 0xf5, 0x00, 0x09, 0x00, 0x2b, 0x00, 0x00, 0x00, // E...c.......+...
	0x97, 0x14, 0x00, 0x00, 0x02, 0x13, 0x00, 0x00, 0x43, 0x07, 0x00, 0x00, 0x02, 0x13, 0x00, 0x00, // ........C.......
	0x62, 0x07, 0x00, 0x00, 0x46, 0x15, 0x00, 0x00, 0x63, 0x07, 0x00, 0x00, 0x80, 0x00, 0x05, 0x00, // b...F...c.......
	0x2b, 0x00, 0x00, 0x00, 0x75, 0x07, 0x00, 0x00, 0x01, 0x13, 0x00, 0x00, 0x76, 0x00, 0x00, 0x00, // +...u.......v...
	0xf9, 0x00, 0x02, 0x00, 0x37, 0x07, 0x00, 0x00, 0xf8, 0x00, 0x02, 0x00, 0x76, 0x07, 0x00, 0x00, // ....7.......v...
	0xaf, 0x00, 0x05, 0x00, 0x5f, 0x00, 0x00, 0x00, 0x78, 0x07, 0x00, 0x00, 0x02, 0x13, 0x00, 0x00, // ...._...x.......
	0x7a, 0x00, 0x00, 0x00, 0xa9, 0x00, 0x06, 0x00, 0x07, 0x00, 0x00, 0x00, 0x7a, 0x07, 0x00, 0x00, // z...........z...
	0x78, 0x07, 0x00, 0x00, 0x03, 0x13, 0x00, 0x00, 0xfc, 0x00, 0x00, 0x00, 0xba, 0x00, 0x05, 0x00, // x...............
	0x5f, 0x00, 0x00, 0x00, 0x29, 0x07, 0x00, 0x00, 0x7a, 0x07, 0x00, 0x00, 0xe1, 0x00, 0x00, 0x00, // _...)...z.......
	0xa9, 0x00, 0x06, 0x00, 0x07, 0x00, 0x00, 0x00, 0x2a, 0x07, 0x00, 0x00, 0x29, 0x07, 0x00, 0x00, // ........*...)...
	0xe1, 0x00, 0x00, 0x00, 0x1f, 0x01, 0x00, 0x00, 0x41, 0x00, 0x05, 0x00, 0xc0, 0x00, 0x00, 0x00, // ........A.......
	0xc8, 0x06, 0x00, 0x00, 0xbb, 0x00, 0x00, 0x00, 0xd4, 0x01, 0x00, 0x00, 0x3d, 0x00, 0x04, 0x00, // ............=...
	0x0e, 0x00, 0x00, 0x00, 0xc9, 0x06, 0x00, 0x00, 0xc8, 0x06, 0x00, 0x00, 0x4f, 0x00, 0x08, 0x00, // ............O...
	0x0b, 0x00, 0x00, 0x00, 0xca, 0x06, 0x00, 0x00, 0xc9, 0x06, 0x00, 0x00, 0xc9, 0x06, 0x00, 0x00, // ................
	0x00, 0x00, 0x00, 0x00, 0x01, 0x00, 0x00, 0x00, 0x02, 0x00, 0x00, 0x00, 0x85, 0x00, 0x05, 0x00, // ................
	0x07, 0x00, 0x00, 0x00, 0xcc, 0x06, 0x00, 0x00, 0x97, 0x06, 0x00, 0x00, 0x49, 0x01, 0x00, 0x00, // ............I...
	0x85, 0x00, 0x05, 0x00, 0x07, 0x00, 0x00, 0x00, 0xce, 0x06, 0x00, 0x00, 0xa0, 0x06, 0x00, 0x00, // ................
	0xdb, 0x01, 0x00, 0x00, 0x81, 0x00, 0x05, 0x00, 0x07, 0x00, 0x00, 0x00, 0xcf, 0x06, 0x00, 0x00, // ................
	0xcc, 0x06, 0x00, 0x00, 0xce, 0x06, 0x00, 0x00, 0x8e, 0x00, 0x05, 0x00, 0x0b, 0x00, 0x00, 0x00, // ................
	0xd0, 0x06, 0x00, 0x00, 0xca, 0x06, 0x00, 0x00, 0xcf, 0x06, 0x00, 0x00, 0x8e, 0x00, 0x05, 0x00, // ................
	0x0b, 0x00, 0x00, 0x00, 0xd2, 0x06, 0x00, 0x00, 0xd0, 0x06, 0x00, 0x00, 0x2a, 0x07, 0x00, 0x00, // ............*...
	0x81, 0x00, 0x05, 0x00, 0x0b, 0x00, 0x00, 0x00, 0xd3, 0x06, 0x00, 0x00, 0xb0, 0x06, 0x00, 0x00, // ................
	0xd2, 0x06, 0x00, 0x00, 0x85, 0x00, 0x05, 0x00, 0x0b, 0x00, 0x00, 0x00, 0xd4, 0x06, 0x00, 0x00, // ................
	0xef, 0x06, 0x00, 0x00, 0xd3, 0x06, 0x00, 0x00, 0x85, 0x00, 0x05, 0x00, 0x07, 0x00, 0x00, 0x00, // ................
	0xd7, 0x06, 0x00, 0x00, 0x8c, 0x05, 0x00, 0x00, 0xe6, 0x01, 0x00, 0x00, 0x83, 0x00, 0x05, 0x00, // ................
	0x07, 0x00, 0x00, 0x00, 0xd8, 0x06, 0x00, 0x00, 0x1f, 0x01, 0x00, 0x00, 0xd7, 0x06, 0x00, 0x00, // ................
	0x8e, 0x00, 0x05, 0x00, 0x0b, 0x00, 0x00, 0x00, 0xd9, 0x06, 0x00, 0x00, 0xd4, 0x06, 0x00, 0x00, // ................
	0xd8, 0x06, 0x00, 0x00, 0x8e, 0x00, 0x05, 0x00, 0x0b, 0x00, 0x00, 0x00, 0xde, 0x06, 0x00, 0x00, // ................
	0xca, 0x06, 0x00, 0x00, 0xc0, 0x06, 0x00, 0x00, 0x8e, 0x00, 0x05, 0x00, 0x0b, 0x00, 0x00, 0x00, // ................
	0xe0, 0x06, 0x00, 0x00, 0xde, 0x06, 0x00, 0x00, 0x2a, 0x07, 0x00, 0x00, 0x0c, 0x00, 0x08, 0x00, // ........*.......
	0x07, 0x00, 0x00, 0x00, 0x80, 0x07, 0x00, 0x00, 0x01, 0x00, 0x00, 0x00, 0x2e, 0x00, 0x00, 0x00, // ................
	0x3e, 0x01, 0x00, 0x00, 0x1f, 0x01, 0x00, 0x00, 0x8c, 0x05, 0x00, 0x00, 0x8e, 0x00, 0x05, 0x00, // >...............
	0x0b, 0x00, 0x00, 0x00, 0xe3, 0x06, 0x00, 0x00, 0xe0, 0x06, 0x00, 0x00, 0x80, 0x07, 0x00, 0x00, // ................
	0x81, 0x00, 0x05, 0x00, 0x0b, 0x00, 0x00, 0x00, 0xe4, 0x06, 0x00, 0x00, 0xd9, 0x06, 0x00, 0x00, // ................
	0xe3, 0x06, 0x00, 0x00, 0x8e, 0x00, 0x05, 0x00, 0x0b, 0x00, 0x00, 0x00, 0xe6, 0x06, 0x00, 0x00, // ................
	0xe4, 0x06, 0x00, 0x00, 0xf9, 0x01, 0x00, 0x00, 0x7f, 0x00, 0x04, 0x00, 0x0b, 0x00, 0x00, 0x00, // ................
	0x9c, 0x05, 0x00, 0x00, 0xfe, 0x12, 0x00, 0x00, 0x94, 0x00, 0x05, 0x00, 0x07, 0x00, 0x00, 0x00, // ................
	0x9d, 0x05, 0x00, 0x00, 0x86, 0x05, 0x00, 0x00, 0x9c, 0x05, 0x00, 0x00, 0x0c, 0x00, 0x07, 0x00, // ................
	0x07, 0x00, 0x00, 0x00, 0x9e, 0x05, 0x00, 0x00, 0x01, 0x00, 0x00, 0x00, 0x28, 0x00, 0x00, 0x00, // ............(...
	0x9d, 0x05, 0x00, 0x00, 0xe1, 0x00, 0x00, 0x00, 0x83, 0x00, 0x05, 0x00, 0x07, 0x00, 0x00, 0x00, // ................
	0xa1, 0x05, 0x00, 0x00, 0x1f, 0x01, 0x00, 0x00, 0x8f, 0x05, 0x00, 0x00, 0x83, 0x00, 0x05, 0x00, // ................
	0x07, 0x00, 0x00, 0x00, 0xa3, 0x05, 0x00, 0x00, 0x1f, 0x01, 0x00, 0x00, 0x9e, 0x05, 0x00, 0x00, // ................
	0x0c, 0x00, 0x07, 0x00, 0x07, 0x00, 0x00, 0x00, 0xa4, 0x05, 0x00, 0x00, 0x01, 0x00, 0x00, 0x00, // ................
	0x1a, 0x00, 0x00, 0x00, 0xa3, 0x05, 0x00, 0x00, 0xa9, 0x02, 0x00, 0x00, 0x85, 0x00, 0x05, 0x00, // ................
	0x07, 0x00, 0x00, 0x00, 0xa5, 0x05, 0x00, 0x00, 0xa1, 0x05, 0x00, 0x00, 0xa4, 0x05, 0x00, 0x00, // ................
	0x81, 0x00, 0x05, 0x00, 0x07, 0x00, 0x00, 0x00, 0xa6, 0x05, 0x00, 0x00, 0x8f, 0x05, 0x00, 0x00, // ................
	0xa5, 0x05, 0x00, 0x00, 0x0c, 0x00, 0x08, 0x00, 0x07, 0x00, 0x00, 0x00, 0x86, 0x07, 0x00, 0x00, // ................
	0x01, 0x00, 0x00, 0x00, 0x2e, 0x00, 0x00, 0x00, 0xbf, 0x01, 0x00, 0x00, 0x1f, 0x01, 0x00, 0x00, // ................
	0x8c, 0x05, 0x00, 0x00, 0x85, 0x00, 0x05, 0x00, 0x07, 0x00, 0x00, 0x00, 0xaa, 0x05, 0x00, 0x00, // ................
	0xa6, 0x05, 0x00, 0x00, 0x86, 0x07, 0x00, 0x00, 0x85, 0x00, 0x05, 0x00, 0x07, 0x00, 0x00, 0x00, // ................
	0xac, 0x05, 0x00, 0x00, 0x89, 0x05, 0x00, 0x00, 0xb6, 0x02, 0x00, 0x00, 0x83, 0x00, 0x05, 0x00, // ................
	0x07, 0x00, 0x00, 0x00, 0xad, 0x05, 0x00, 0x00, 0x1f, 0x01, 0x00, 0x00, 0xac, 0x05, 0x00, 0x00, // ................
	0x85, 0x00, 0x05, 0x00, 0x07, 0x00, 0x00, 0x00, 0xae, 0x05, 0x00, 0x00, 0xaa, 0x05, 0x00, 0x00, // ................
	0xad, 0x05, 0x00, 0x00, 0x50, 0x00, 0x06, 0x00, 0x0b, 0x00, 0x00, 0x00, 0xb4, 0x05, 0x00, 0x00, // ....P...........
	0x8c, 0x05, 0x00, 0x00, 0x8c, 0x05, 0x00, 0x00, 0x8c, 0x05, 0x00, 0x00, 0x0c, 0x00, 0x08, 0x00, // ................
	0x0b, 0x00, 0x00, 0x00, 0xa1, 0x07, 0x00, 0x00, 0x01, 0x00, 0x00, 0x00, 0x2e, 0x00, 0x00, 0x00, // ................
	0x20, 0x01, 0x00, 0x00, 0xef, 0x06, 0x00, 0x00, 0xb4, 0x05, 0x00, 0x00, 0x85, 0x00, 0x05, 0x00, //  ...............
	0x0b, 0x00, 0x00, 0x00, 0xb9, 0x05, 0x00, 0x00, 0x06, 0x13, 0x00, 0x00, 0xe6, 0x06, 0x00, 0x00, // ................
	0x83, 0x00, 0x05, 0x00, 0x07, 0x00, 0x00, 0x00, 0xbb, 0x05, 0x00, 0x00, 0x1f, 0x01, 0x00, 0x00, // ................
	0xae, 0x05, 0x00, 0x00, 0x8e, 0x00, 0x05, 0x00, 0x0b, 0x00, 0x00, 0x00, 0xbc, 0x05, 0x00, 0x00, // ................
	0xb9, 0x05, 0x00, 0x00, 0xbb, 0x05, 0x00, 0x00, 0x81, 0x00, 0x05, 0x00, 0x0b, 0x00, 0x00, 0x00, // ................
	0xbe, 0x05, 0x00, 0x00, 0x08, 0x13, 0x00, 0x00, 0xbc, 0x05, 0x00, 0x00, 0x0c, 0x00, 0x07, 0x00, // ................
	0x0b, 0x00, 0x00, 0x00, 0xc1, 0x05, 0x00, 0x00, 0x01, 0x00, 0x00, 0x00, 0x47, 0x00, 0x00, 0x00, // ............G...
	0xfe, 0x12, 0x00, 0x00, 0x86, 0x05, 0x00, 0x00, 0x0c, 0x00, 0x06, 0x00, 0x0b, 0x00, 0x00, 0x00, // ................
	0xc2, 0x05, 0x00, 0x00, 0x01, 0x00, 0x00, 0x00, 0x45, 0x00, 0x00, 0x00, 0xc1, 0x05, 0x00, 0x00, // ........E.......
	0x8e, 0x00, 0x05, 0x00, 0x0b, 0x00, 0x00, 0x00, 0xc5, 0x05, 0x00, 0x00, 0x86, 0x05, 0x00, 0x00, // ................
	0xd9, 0x02, 0x00, 0x00, 0x81, 0x00, 0x05, 0x00, 0x0b, 0x00, 0x00, 0x00, 0xc6, 0x05, 0x00, 0x00, // ................
	0x72, 0x05, 0x00, 0x00, 0xc5, 0x05, 0x00, 0x00, 0xf9, 0x00, 0x02, 0x00, 0xae, 0x07, 0x00, 0x00, // r...............
	0xf8, 0x00, 0x02, 0x00, 0xae, 0x07, 0x00, 0x00, 0xf5, 0x00, 0x07, 0x00, 0x07, 0x00, 0x00, 0x00, // ................
	0x0c, 0x13, 0x00, 0x00, 0x9f, 0x00, 0x00, 0x00, 0x76, 0x07, 0x00, 0x00, 0xa5, 0x14, 0x00, 0x00, // ........v.......
	0xea, 0x07, 0x00, 0x00, 0xf5, 0x00, 0x07, 0x00, 0x2b, 0x00, 0x00, 0x00, 0x0b, 0x13, 0x00, 0x00, // ........+.......
	0xa0, 0x00, 0x00, 0x00, 0x76, 0x07, 0x00, 0x00, 0xa3, 0x14, 0x00, 0x00, 0xea, 0x07, 0x00, 0x00, // ....v...........
	0xf5, 0x00, 0x07, 0x00, 0x2b, 0x00, 0x00, 0x00, 0x0a, 0x13, 0x00, 0x00, 0x7a, 0x00, 0x00, 0x00, // ....+.......z...
	0x76, 0x07, 0x00, 0x00, 0xec, 0x07, 0x00, 0x00, 0xea, 0x07, 0x00, 0x00, 0xb1, 0x00, 0x05, 0x00, // v...............
	0x5f, 0x00, 0x00, 0x00, 0xb1, 0x07, 0x00, 0x00, 0x0a, 0x13, 0x00, 0x00, 0xa8, 0x00, 0x00, 0x00, // _...............
	0xf6, 0x00, 0x04, 0x00, 0xed, 0x07, 0x00, 0x00, 0xea, 0x07, 0x00, 0x00, 0x00, 0x00, 0x00, 0x00, // ................
	0xfa, 0x00, 0x04, 0x00, 0xb1, 0x07, 0x00, 0x00, 0xb2, 0x07, 0x00, 0x00, 0xed, 0x07, 0x00, 0x00, // ................
	0xf8, 0x00, 0x02, 0x00, 0xb2, 0x07, 0x00, 0x00, 0xaf, 0x00, 0x05, 0x00, 0x5f, 0x00, 0x00, 0x00, // ............_...
	0xb5, 0x07, 0x00, 0x00, 0x0a, 0x13, 0x00, 0x00, 0x5d, 0x04, 0x00, 0x00, 0xaa, 0x00, 0x05, 0x00, // ........].......
	0x5f, 0x00, 0x00, 0x00, 0xb8, 0x07, 0x00, 0x00, 0x0a, 0x13, 0x00, 0x00, 0x00, 0x13, 0x00, 0x00, // _...............
	0xa6, 0x00, 0x05, 0x00, 0x5f, 0x00, 0x00, 0x00, 0xb9, 0x07, 0x00, 0x00, 0xb5, 0x07, 0x00, 0x00, // ...._...........
	0xb8, 0x07, 0x00, 0x00, 0xf7, 0x00, 0x03, 0x00, 0xbb, 0x07, 0x00, 0x00, 0x00, 0x00, 0x00, 0x00, // ................
	0xfa, 0x00, 0x04, 0x00, 0xb9, 0x07, 0x00, 0x00, 0xba, 0x07, 0x00, 0x00, 0xbb, 0x07, 0x00, 0x00, // ................
	0xf8, 0x00, 0x02, 0x00, 0xba, 0x07, 0x00, 0x00, 0xf9, 0x00, 0x02, 0x00, 0xea, 0x07, 0x00, 0x00, // ................
	0xf8, 0x00, 0x02, 0x00, 0xbb, 0x07, 0x00, 0x00, 0x84, 0x00, 0x05, 0x00, 0x2b, 0x00, 0x00, 0x00, // ............+...
	0xbd, 0x07, 0x00, 0x00, 0x0a, 0x13, 0x00, 0x00, 0xbd, 0x00, 0x00, 0x00, 0x41, 0x00, 0x06, 0x00, // ............A...
	0xc0, 0x00, 0x00, 0x00, 0xbf, 0x07, 0x00, 0x00, 0xbb, 0x00, 0x00, 0x00, 0xa8, 0x00, 0x00, 0x00, // ................
	0xbd, 0x07, 0x00, 0x00, 0x3d, 0x00, 0x04, 0x00, 0x0e, 0x00, 0x00, 0x00, 0xc0, 0x07, 0x00, 0x00, // ....=...........
	0xbf, 0x07, 0x00, 0x00, 0x4f, 0x00, 0x08, 0x00, 0x0b, 0x00, 0x00, 0x00, 0xc2, 0x07, 0x00, 0x00, // ....O...........
	0xc0, 0x07, 0x00, 0x00, 0xc0, 0x07, 0x00, 0x00, 0x00, 0x00, 0x00, 0x00, 0x01, 0x00, 0x00, 0x00, // ................
	0x02, 0x00, 0x00, 0x00, 0x51, 0x00, 0x05, 0x00, 0x07, 0x00, 0x00, 0x00, 0xc4, 0x07, 0x00, 0x00, // ....Q...........
	0xc0, 0x07, 0x00, 0x00, 0x03, 0x00, 0x00, 0x00, 0x83, 0x00, 0x05, 0x00, 0x0b, 0x00, 0x00, 0x00, // ................
	0xc7, 0x07, 0x00, 0x00, 0xc6, 0x05, 0x00, 0x00, 0xc2, 0x07, 0x00, 0x00, 0x94, 0x00, 0x05, 0x00, // ................
	0x07, 0x00, 0x00, 0x00, 0xca, 0x07, 0x00, 0x00, 0xc7, 0x07, 0x00, 0x00, 0xc2, 0x05, 0x00, 0x00, // ................
	0x94, 0x00, 0x05, 0x00, 0x07, 0x00, 0x00, 0x00, 0xcd, 0x07, 0x00, 0x00, 0xc7, 0x07, 0x00, 0x00, // ................
	0xc7, 0x07, 0x00, 0x00, 0x85, 0x00, 0x05, 0x00, 0x07, 0x00, 0x00, 0x00, 0xd0, 0x07, 0x00, 0x00, // ................
	0xc4, 0x07, 0x00, 0x00, 0xc4, 0x07, 0x00, 0x00, 0x83, 0x00, 0x05, 0x00, 0x07, 0x00, 0x00, 0x00, // ................
	0xd1, 0x07, 0x00, 0x00, 0xcd, 0x07, 0x00, 0x00, 0xd0, 0x07, 0x00, 0x00, 0x85, 0x00, 0x05, 0x00, // ................
	0x07, 0x00, 0x00, 0x00, 0xd4, 0x07, 0x00, 0x00, 0xca, 0x07, 0x00, 0x00, 0xca, 0x07, 0x00, 0x00, // ................
	0x83, 0x00, 0x05, 0x00, 0x07, 0x00, 0x00, 0x00, 0xd6, 0x07, 0x00, 0x00, 0xd4, 0x07, 0x00, 0x00, // ................
	0xd1, 0x07, 0x00, 0x00, 0xb8, 0x00, 0x05, 0x00, 0x5f, 0x00, 0x00, 0x00, 0xd8, 0x07, 0x00, 0x00, // ........_.......
	0xd6, 0x07, 0x00, 0x00, 0xe1, 0x00, 0x00, 0x00, 0xf7, 0x00, 0x03, 0x00, 0xda, 0x07, 0x00, 0x00, // ................
	0x00, 0x00, 0x00, 0x00, 0xfa, 0x00, 0x04, 0x00, 0xd8, 0x07, 0x00, 0x00, 0xd9, 0x07, 0x00, 0x00, // ................
	0xda, 0x07, 0x00, 0x00, 0xf8, 0x00, 0x02, 0x00, 0xd9, 0x07, 0x00, 0x00, 0xf9, 0x00, 0x02, 0x00, // ................
	0xea, 0x07, 0x00, 0x00, 0xf8, 0x00, 0x02, 0x00, 0xda, 0x07, 0x00, 0x00, 0x7f, 0x00, 0x04, 0x00, // ................
	0x07, 0x00, 0x00, 0x00, 0xdc, 0x07, 0x00, 0x00, 0xca, 0x07, 0x00, 0x00, 0x0c, 0x00, 0x06, 0x00, // ................
	0x07, 0x00, 0x00, 0x00, 0xde, 0x07, 0x00, 0x00, 0x01, 0x00, 0x00, 0x00, 0x1f, 0x00, 0x00, 0x00, // ................
	0xd6, 0x07, 0x00, 0x00, 0x83, 0x00, 0x05, 0x00, 0x07, 0x00, 0x00, 0x00, 0xdf, 0x07, 0x00, 0x00, // ................
	0xdc, 0x07, 0x00, 0x00, 0xde, 0x07, 0x00, 0x00, 0xba, 0x00, 0x05, 0x00, 0x5f, 0x00, 0x00, 0x00, // ............_...
	0xe1, 0x07, 0x00, 0x00, 0xdf, 0x07, 0x00, 0x00, 0xed, 0x00, 0x00, 0x00, 0xb8, 0x00, 0x05, 0x00, // ................
	0x5f, 0x00, 0x00, 0x00, 0xe4, 0x07, 0x00, 0x00, 0xdf, 0x07, 0x00, 0x00, 0x0c, 0x13, 0x00, 0x00, // _...............
	0xa7, 0x00, 0x05, 0x00, 0x5f, 0x00, 0x00, 0x00, 0xe5, 0x07, 0x00, 0x00, 0xe1, 0x07, 0x00, 0x00, // ...._...........
	0xe4, 0x07, 0x00, 0x00, 0xa9, 0x00, 0x06, 0x00, 0x07, 0x00, 0x00, 0x00, 0x47, 0x15, 0x00, 0x00, // ............G...
	0xe5, 0x07, 0x00, 0x00, 0xdf, 0x07, 0x00, 0x00, 0x0c, 0x13, 0x00, 0x00, 0xa9, 0x00, 0x06, 0x00, // ................
	0x2b, 0x00, 0x00, 0x00, 0x48, 0x15, 0x00, 0x00, 0xe5, 0x07, 0x00, 0x00, 0x0a, 0x13, 0x00, 0x00, // +...H...........
	0x0b, 0x13, 0x00, 0x00, 0xf9, 0x00, 0x02, 0x00, 0xea, 0x07, 0x00, 0x00, 0xf8, 0x00, 0x02, 0x00, // ................
	0xea, 0x07, 0x00, 0x00, 0xf5, 0x00, 0x09, 0x00, 0x07, 0x00, 0x00, 0x00, 0xa5, 0x14, 0x00, 0x00, // ................
	0x0c, 0x13, 0x00, 0x00, 0xba, 0x07, 0x00, 0x00, 0x0c, 0x13, 0x00, 0x00, 0xd9, 0x07, 0x00, 0x00, // ................
	0x47, 0x15, 0x00, 0x00, 0xda, 0x07, 0x00, 0x00, 0xf5, 0x00, 0x09, 0x00, 0x2b, 0x00, 0x00, 0x00, // G...........+...
	0xa3, 0x14, 0x00, 0x00, 0x0b, 0x13, 0x00, 0x00, 0xba, 0x07, 0x00, 0x00, 0x0b, 0x13, 0x00, 0x00, // ................
	0xd9, 0x07, 0x00, 0x00, 0x48, 0x15, 0x00, 0x00, 0xda, 0x07, 0x00, 0x00, 0x80, 0x00, 0x05, 0x00, // ....H...........
	0x2b, 0x00, 0x00, 0x00, 0xec, 0x07, 0x00, 0x00, 0x0a, 0x13, 0x00, 0x00, 0x76, 0x00, 0x00, 0x00, // +...........v...
	0xf9, 0x00, 0x02, 0x00, 0xae, 0x07, 0x00, 0x00, 0xf8, 0x00, 0x02, 0x00, 0xed, 0x07, 0x00, 0x00, // ................
	0xaf, 0x00, 0x05, 0x00, 0x5f, 0x00, 0x00, 0x00, 0xef, 0x07, 0x00, 0x00, 0x0b, 0x13, 0x00, 0x00, // ...._...........
	0x7a, 0x00, 0x00, 0x00, 0xa9, 0x00, 0x06, 0x00, 0x07, 0x00, 0x00, 0x00, 0xf1, 0x07, 0x00, 0x00, // z...............
	0xef, 0x07, 0x00, 0x00, 0x0c, 0x13, 0x00, 0x00, 0xfc, 0x00, 0x00, 0x00, 0xb1, 0x00, 0x05, 0x00, // ................
	0x5f, 0x00, 0x00, 0x00, 0xce, 0x05, 0x00, 0x00, 0x0b, 0x13, 0x00, 0x00, 0x7a, 0x00, 0x00, 0x00, // _...........z...
	0xf7, 0x00, 0x03, 0x00, 0xe6, 0x05, 0x00, 0x00, 0x00, 0x00, 0x00, 0x00, 0xfa, 0x00, 0x04, 0x00, // ................
	0xce, 0x05, 0x00, 0x00, 0xcf, 0x05, 0x00, 0x00, 0xe6, 0x05, 0x00, 0x00, 0xf8, 0x00, 0x02, 0x00, // ................
	0xcf, 0x05, 0x00, 0x00, 0x56, 0x00, 0x05, 0x00, 0x7e, 0x00, 0x00, 0x00, 0xf8, 0x07, 0x00, 0x00, // ....V...~.......
	0x74, 0x00, 0x00, 0x00, 0x71, 0x00, 0x00, 0x00, 0x58, 0x00, 0x07, 0x00, 0x0e, 0x00, 0x00, 0x00, // t...q...X.......
	0xfb, 0x07, 0x00, 0x00, 0xf8, 0x07, 0x00, 0x00, 0xc2, 0x05, 0x00, 0x00, 0x02, 0x00, 0x00, 0x00, // ................
	0xe1, 0x00, 0x00, 0x00, 0x4f, 0x00, 0x08, 0x00, 0x0b, 0x00, 0x00, 0x00, 0xd4, 0x05, 0x00, 0x00, // ....O...........
	0xfb, 0x07, 0x00, 0x00, 0xfb, 0x07, 0x00, 0x00, 0x00, 0x00, 0x00, 0x00, 0x01, 0x00, 0x00, 0x00, // ................
	0x02, 0x00, 0x00, 0x00, 0x51, 0x00, 0x05, 0x00, 0x07, 0x00, 0x00, 0x00, 0x0a, 0x08, 0x00, 0x00, // ....Q...........
	0xc2, 0x05, 0x00, 0x00, 0x01, 0x00, 0x00, 0x00, 0x85, 0x00, 0x05, 0x00, 0x07, 0x00, 0x00, 0x00, // ................
	0x0b, 0x08, 0x00, 0x00, 0x0a, 0x08, 0x00, 0x00, 0x2d, 0x01, 0x00, 0x00, 0x81, 0x00, 0x05, 0x00, // ........-.......
	0x07, 0x00, 0x00, 0x00, 0x0c, 0x08, 0x00, 0x00, 0x0b, 0x08, 0x00, 0x00, 0x2d, 0x01, 0x00, 0x00, // ............-...
	0x0c, 0x00, 0x08, 0x00, 0x07, 0x00, 0x00, 0x00, 0x0d, 0x08, 0x00, 0x00, 0x01, 0x00, 0x00, 0x00, // ................
	0x2b, 0x00, 0x00, 0x00, 0x0c, 0x08, 0x00, 0x00, 0xe1, 0x00, 0x00, 0x00, 0x1f, 0x01, 0x00, 0x00, // +...............
	0x94, 0x00, 0x05, 0x00, 0x07, 0x00, 0x00, 0x00, 0x12, 0x08, 0x00, 0x00, 0xfc, 0x06, 0x00, 0x00, // ................
	0x3a, 0x01, 0x00, 0x00, 0x50, 0x00, 0x06, 0x00, 0x0b, 0x00, 0x00, 0x00, 0x21, 0x08, 0x00, 0x00, // :...P.......!...
	0x12, 0x08, 0x00, 0x00, 0x12, 0x08, 0x00, 0x00, 0x12, 0x08, 0x00, 0x00, 0x0c, 0x00, 0x08, 0x00, // ................
	0x0b, 0x00, 0x00, 0x00, 0x27, 0x08, 0x00, 0x00, 0x01, 0x00, 0x00, 0x00, 0x2e, 0x00, 0x00, 0x00, // ....'...........
	0xfc, 0x06, 0x00, 0x00, 0x21, 0x08, 0x00, 0x00, 0x3f, 0x01, 0x00, 0x00, 0x8e, 0x00, 0x05, 0x00, // ....!...?.......
	0x0b, 0x00, 0x00, 0x00, 0x16, 0x08, 0x00, 0x00, 0x27, 0x08, 0x00, 0x00, 0x45, 0x01, 0x00, 0x00, // ........'...E...
	0x8e, 0x00, 0x05, 0x00, 0x0b, 0x00, 0x00, 0x00, 0x18, 0x08, 0x00, 0x00, 0xfc, 0x06, 0x00, 0x00, // ................
	0x49, 0x01, 0x00, 0x00, 0x50, 0x00, 0x06, 0x00, 0x0b, 0x00, 0x00, 0x00, 0x1a, 0x08, 0x00, 0x00, // I...P...........
	0x0d, 0x08, 0x00, 0x00, 0x0d, 0x08, 0x00, 0x00, 0x0d, 0x08, 0x00, 0x00, 0x0c, 0x00, 0x08, 0x00, // ................
	0x0b, 0x00, 0x00, 0x00, 0x2d, 0x08, 0x00, 0x00, 0x01, 0x00, 0x00, 0x00, 0x2e, 0x00, 0x00, 0x00, // ....-...........
	0x16, 0x08, 0x00, 0x00, 0x18, 0x08, 0x00, 0x00, 0x1a, 0x08, 0x00, 0x00, 0x51, 0x00, 0x05, 0x00, // ............Q...
	0x07, 0x00, 0x00, 0x00, 0xd8, 0x05, 0x00, 0x00, 0xfb, 0x07, 0x00, 0x00, 0x03, 0x00, 0x00, 0x00, // ................
	0x0c, 0x00, 0x08, 0x00, 0x07, 0x00, 0x00, 0x00, 0xd9, 0x05, 0x00, 0x00, 0x01, 0x00, 0x00, 0x00, // ................
	0x2b, 0x00, 0x00, 0x00, 0xd8, 0x05, 0x00, 0x00, 0xe1, 0x00, 0x00, 0x00, 0x1f, 0x01, 0x00, 0x00, // +...............
	0x83, 0x00, 0x05, 0x00, 0x07, 0x00, 0x00, 0x00, 0xda, 0x05, 0x00, 0x00, 0x1f, 0x01, 0x00, 0x00, // ................
	0xd9, 0x05, 0x00, 0x00, 0x8e, 0x00, 0x05, 0x00, 0x0b, 0x00, 0x00, 0x00, 0xdb, 0x05, 0x00, 0x00, // ................
	0x2d, 0x08, 0x00, 0x00, 0xda, 0x05, 0x00, 0x00, 0x81, 0x00, 0x05, 0x00, 0x0b, 0x00, 0x00, 0x00, // -...............
	0xdc, 0x05, 0x00, 0x00, 0xd4, 0x05, 0x00, 0x00, 0xdb, 0x05, 0x00, 0x00, 0x85, 0x00, 0x05, 0x00, // ................
	0x0b, 0x00, 0x00, 0x00, 0xdf, 0x05, 0x00, 0x00, 0x06, 0x13, 0x00, 0x00, 0xdc, 0x05, 0x00, 0x00, // ................
	0x85, 0x00, 0x05, 0x00, 0x0b, 0x00, 0x00, 0x00, 0xe1, 0x05, 0x00, 0x00, 0xdf, 0x05, 0x00, 0x00, // ................
	0xa1, 0x07, 0x00, 0x00, 0x8e, 0x00, 0x05, 0x00, 0x0b, 0x00, 0x00, 0x00, 0xe3, 0x05, 0x00, 0x00, // ................
	0xe1, 0x05, 0x00, 0x00, 0xae, 0x05, 0x00, 0x00, 0x81, 0x00, 0x05, 0x00, 0x0b, 0x00, 0x00, 0x00, // ................
	0xe5, 0x05, 0x00, 0x00, 0xbe, 0x05, 0x00, 0x00, 0xe3, 0x05, 0x00, 0x00, 0xf9, 0x00, 0x02, 0x00, // ................
	0xf9, 0x05, 0x00, 0x00, 0xf8, 0x00, 0x02, 0x00, 0xe6, 0x05, 0x00, 0x00, 0x8e, 0x00, 0x05, 0x00, // ................
	0x0b, 0x00, 0x00, 0x00, 0xe9, 0x05, 0x00, 0x00, 0xa1, 0x07, 0x00, 0x00, 0xae, 0x05, 0x00, 0x00, // ................
	0x85, 0x00, 0x05, 0x00, 0x0b, 0x00, 0x00, 0x00, 0xeb, 0x05, 0x00, 0x00, 0x06, 0x13, 0x00, 0x00, // ................
	0xe9, 0x05, 0x00, 0x00, 0x94, 0x00, 0x05, 0x00, 0x07, 0x00, 0x00, 0x00, 0xee, 0x05, 0x00, 0x00, // ................
	0xeb, 0x05, 0x00, 0x00, 0x20, 0x01, 0x00, 0x00, 0xb8, 0x00, 0x05, 0x00, 0x5f, 0x00, 0x00, 0x00, // .... ......._...
	0xef, 0x05, 0x00, 0x00, 0xee, 0x05, 0x00, 0x00, 0x80, 0x02, 0x00, 0x00, 0xf7, 0x00, 0x03, 0x00, // ................
	0xf1, 0x05, 0x00, 0x00, 0x00, 0x00, 0x00, 0x00, 0xfa, 0x00, 0x04, 0x00, 0xef, 0x05, 0x00, 0x00, // ................
	0xf0, 0x05, 0x00, 0x00, 0xf1, 0x05, 0x00, 0x00, 0xf8, 0x00, 0x02, 0x00, 0xf0, 0x05, 0x00, 0x00, // ................
	0xf9, 0x00, 0x02, 0x00, 0xf9, 0x05, 0x00, 0x00, 0xf8, 0x00, 0x02, 0x00, 0xf1, 0x05, 0x00, 0x00, // ................
	0xf9, 0x00, 0x02, 0x00, 0xf6, 0x05, 0x00, 0x00, 0xf8, 0x00, 0x02, 0x00, 0xf6, 0x05, 0x00, 0x00, // ................
	0x80, 0x00, 0x05, 0x00, 0x2b, 0x00, 0x00, 0x00, 0xf8, 0x05, 0x00, 0x00, 0xfc, 0x12, 0x00, 0x00, // ....+...........
	0x76, 0x00, 0x00, 0x00, 0xf9, 0x00, 0x02, 0x00, 0x69, 0x05, 0x00, 0x00, 0xf8, 0x00, 0x02, 0x00, // v.......i.......
	0xf9, 0x05, 0x00, 0x00, 0xf5, 0x00, 0x09, 0x00, 0x0b, 0x00, 0x00, 0x00, 0x11, 0x13, 0x00, 0x00, // ................
	0x08, 0x13, 0x00, 0x00, 0x69, 0x05, 0x00, 0x00, 0xe5, 0x05, 0x00, 0x00, 0xcf, 0x05, 0x00, 0x00, // ....i...........
	0xbe, 0x05, 0x00, 0x00, 0xf0, 0x05, 0x00, 0x00, 0x8e, 0x00, 0x05, 0x00, 0x0b, 0x00, 0x00, 0x00, // ................
	0x37, 0x08, 0x00, 0x00, 0x11, 0x13, 0x00, 0x00, 0x0b, 0x01, 0x00, 0x00, 0x81, 0x00, 0x05, 0x00, // 7...............
	0x0b, 0x00, 0x00, 0x00, 0x39, 0x08, 0x00, 0x00, 0x37, 0x08, 0x00, 0x00, 0xf4, 0x12, 0x00, 0x00, // ....9...7.......
	0x85, 0x00, 0x05, 0x00, 0x0b, 0x00, 0x00, 0x00, 0x3a, 0x08, 0x00, 0x00, 0x11, 0x13, 0x00, 0x00, // ........:.......
	0x39, 0x08, 0x00, 0x00, 0x8e, 0x00, 0x05, 0x00, 0x0b, 0x00, 0x00, 0x00, 0x3d, 0x08, 0x00, 0x00, // 9...........=...
	0x11, 0x13, 0x00, 0x00, 0x13, 0x01, 0x00, 0x00, 0x81, 0x00, 0x05, 0x00, 0x0b, 0x00, 0x00, 0x00, // ................
	0x3f, 0x08, 0x00, 0x00, 0x3d, 0x08, 0x00, 0x00, 0xf5, 0x12, 0x00, 0x00, 0x85, 0x00, 0x05, 0x00, // ?...=...........
	0x0b, 0x00, 0x00, 0x00, 0x40, 0x08, 0x00, 0x00, 0x11, 0x13, 0x00, 0x00, 0x3f, 0x08, 0x00, 0x00, // ....@.......?...
	0x81, 0x00, 0x05, 0x00, 0x0b, 0x00, 0x00, 0x00, 0x42, 0x08, 0x00, 0x00, 0x40, 0x08, 0x00, 0x00, // ........B...@...
	0xf6, 0x12, 0x00, 0x00, 0x88, 0x00, 0x05, 0x00, 0x0b, 0x00, 0x00, 0x00, 0x43, 0x08, 0x00, 0x00, // ............C...
	0x3a, 0x08, 0x00, 0x00, 0x42, 0x08, 0x00, 0x00, 0x0c, 0x00, 0x08, 0x00, 0x0b, 0x00, 0x00, 0x00, // :...B...........
	0x44, 0x08, 0x00, 0x00, 0x01, 0x00, 0x00, 0x00, 0x2b, 0x00, 0x00, 0x00, 0x43, 0x08, 0x00, 0x00, // D.......+...C...
	0x1e, 0x01, 0x00, 0x00, 0x20, 0x01, 0x00, 0x00, 0x0c, 0x00, 0x07, 0x00, 0x0b, 0x00, 0x00, 0x00, // .... ...........
	0x47, 0x08, 0x00, 0x00, 0x01, 0x00, 0x00, 0x00, 0x1a, 0x00, 0x00, 0x00, 0x44, 0x08, 0x00, 0x00, // G...........D...
	0xf7, 0x12, 0x00, 0x00, 0x51, 0x00, 0x05, 0x00, 0x07, 0x00, 0x00, 0x00, 0xfd, 0x05, 0x00, 0x00, // ....Q...........
	0x62, 0x05, 0x00, 0x00, 0x00, 0x00, 0x00, 0x00, 0x51, 0x00, 0x05, 0x00, 0x07, 0x00, 0x00, 0x00, // b.......Q.......
	0xfe, 0x05, 0x00, 0x00, 0x62, 0x05, 0x00, 0x00, 0x01, 0x00, 0x00, 0x00, 0x51, 0x00, 0x05, 0x00, // ....b.......Q...
	0x07, 0x00, 0x00, 0x00, 0xff, 0x05, 0x00, 0x00, 0x62, 0x05, 0x00, 0x00, 0x02, 0x00, 0x00, 0x00, // ........b.......
	0x50, 0x00, 0x07, 0x00, 0x0e, 0x00, 0x00, 0x00, 0x00, 0x06, 0x00, 0x00, 0xfd, 0x05, 0x00, 0x00, // P...............
	0xfe, 0x05, 0x00, 0x00, 0xff, 0x05, 0x00, 0x00, 0x1f, 0x01, 0x00, 0x00, 0x41, 0x00, 0x05, 0x00, // ............A...
	0x21, 0x02, 0x00, 0x00, 0x01, 0x06, 0x00, 0x00, 0xbb, 0x00, 0x00, 0x00, 0x27, 0x03, 0x00, 0x00, // !...........'...
	0x3d, 0x00, 0x04, 0x00, 0xb5, 0x00, 0x00, 0x00, 0x02, 0x06, 0x00, 0x00, 0x01, 0x06, 0x00, 0x00, // =...............
	0x90, 0x00, 0x05, 0x00, 0x0e, 0x00, 0x00, 0x00, 0x03, 0x06, 0x00, 0x00, 0x00, 0x06, 0x00, 0x00, // ................
	0x02, 0x06, 0x00, 0x00, 0x51, 0x00, 0x05, 0x00, 0x07, 0x00, 0x00, 0x00, 0x05, 0x06, 0x00, 0x00, // ....Q...........
	0x03, 0x06, 0x00, 0x00, 0x02, 0x00, 0x00, 0x00, 0x51, 0x00, 0x05, 0x00, 0x07, 0x00, 0x00, 0x00, // ........Q.......
	0x07, 0x06, 0x00, 0x00, 0x03, 0x06, 0x00, 0x00, 0x03, 0x00, 0x00, 0x00, 0x88, 0x00, 0x05, 0x00, // ................
	0x07, 0x00, 0x00, 0x00, 0x08, 0x06, 0x00, 0x00, 0x05, 0x06, 0x00, 0x00, 0x07, 0x06, 0x00, 0x00, // ................
	0x85, 0x00, 0x05, 0x00, 0x07, 0x00, 0x00, 0x00, 0x0b, 0x06, 0x00, 0x00, 0x08, 0x06, 0x00, 0x00, // ................
	0x2d, 0x01, 0x00, 0x00, 0x81, 0x00, 0x05, 0x00, 0x07, 0x00, 0x00, 0x00, 0x0c, 0x06, 0x00, 0x00, // -...............
	0x0b, 0x06, 0x00, 0x00, 0x2d, 0x01, 0x00, 0x00, 0xa9, 0x00, 0x06, 0x00, 0x07, 0x00, 0x00, 0x00, // ....-...........
	0x0e, 0x06, 0x00, 0x00, 0x31, 0x05, 0x00, 0x00, 0x0c, 0x06, 0x00, 0x00, 0x08, 0x06, 0x00, 0x00, // ....1...........
	0x83, 0x00, 0x05, 0x00, 0x07, 0x00, 0x00, 0x00, 0x10, 0x06, 0x00, 0x00, 0x0e, 0x06, 0x00, 0x00, // ................
	0x3a, 0x03, 0x00, 0x00, 0x0c, 0x00, 0x08, 0x00, 0x07, 0x00, 0x00, 0x00, 0x11, 0x06, 0x00, 0x00, // :...............
	0x01, 0x00, 0x00, 0x00, 0x2b, 0x00, 0x00, 0x00, 0x10, 0x06, 0x00, 0x00, 0xe1, 0x00, 0x00, 0x00, // ....+...........
	0x1f, 0x01, 0x00, 0x00, 0xf9, 0x00, 0x02, 0x00, 0x14, 0x06, 0x00, 0x00, 0xf8, 0x00, 0x02, 0x00, // ................
	0x14, 0x06, 0x00, 0x00, 0xf5, 0x00, 0x07, 0x00, 0x07, 0x00, 0x00, 0x00, 0x1a, 0x13, 0x00, 0x00, // ................
	0x1c, 0x13, 0x00, 0x00, 0x5c, 0x05, 0x00, 0x00, 0x11, 0x06, 0x00, 0x00, 0xf9, 0x05, 0x00, 0x00, // ................
	0xf5, 0x00, 0x07, 0x00, 0x0b, 0x00, 0x00, 0x00, 0x17, 0x13, 0x00, 0x00, 0x19, 0x13, 0x00, 0x00, // ................
	0x5c, 0x05, 0x00, 0x00, 0x47, 0x08, 0x00, 0x00, 0xf9, 0x05, 0x00, 0x00, 0xf5, 0x00, 0x07, 0x00, // ....G...........
	0x5f, 0x00, 0x00, 0x00, 0x16, 0x13, 0x00, 0x00, 0x41, 0x02, 0x00, 0x00, 0x5c, 0x05, 0x00, 0x00, // _.......A.......
	0x3f, 0x03, 0x00, 0x00, 0xf9, 0x05, 0x00, 0x00, 0xf7, 0x00, 0x03, 0x00, 0x7d, 0x04, 0x00, 0x00, // ?...........}...
	0x00, 0x00, 0x00, 0x00, 0xfa, 0x00, 0x04, 0x00, 0x16, 0x13, 0x00, 0x00, 0x74, 0x04, 0x00, 0x00, // ............t...
	0x7d, 0x04, 0x00, 0x00, 0xf8, 0x00, 0x02, 0x00, 0x74, 0x04, 0x00, 0x00, 0x0c, 0x00, 0x07, 0x00, // }.......t.......
	0x07, 0x00, 0x00, 0x00, 0x7a, 0x04, 0x00, 0x00, 0x01, 0x00, 0x00, 0x00, 0x25, 0x00, 0x00, 0x00, // ....z.......%...
	0x1f, 0x01, 0x00, 0x00, 0x1a, 0x13, 0x00, 0x00, 0xf9, 0x00, 0x02, 0x00, 0x7d, 0x04, 0x00, 0x00, // ............}...
	0xf8, 0x00, 0x02, 0x00, 0x7d, 0x04, 0x00, 0x00, 0xf5, 0x00, 0x07, 0x00, 0x07, 0x00, 0x00, 0x00, // ....}...........
	0x80, 0x13, 0x00, 0x00, 0x1f, 0x01, 0x00, 0x00, 0x14, 0x06, 0x00, 0x00, 0x7a, 0x04, 0x00, 0x00, // ............z...
	0x74, 0x04, 0x00, 0x00, 0xa9, 0x00, 0x06, 0x00, 0x2b, 0x00, 0x00, 0x00, 0x5c, 0x15, 0x00, 0x00, // t.......+.......
	0x16, 0x13, 0x00, 0x00, 0x76, 0x00, 0x00, 0x00, 0x7a, 0x00, 0x00, 0x00, 0x50, 0x00, 0x06, 0x00, // ....v...z...P...
	0x5d, 0x15, 0x00, 0x00, 0x5e, 0x15, 0x00, 0x00, 0x16, 0x13, 0x00, 0x00, 0x16, 0x13, 0x00, 0x00, // ]...^...........
	0x16, 0x13, 0x00, 0x00, 0xa9, 0x00, 0x06, 0x00, 0x0b, 0x00, 0x00, 0x00, 0x5f, 0x15, 0x00, 0x00, // ............_...
	0x5e, 0x15, 0x00, 0x00, 0x17, 0x13, 0x00, 0x00, 0x1e, 0x01, 0x00, 0x00, 0x81, 0x00, 0x05, 0x00, // ^...............
	0x5d, 0x00, 0x00, 0x00, 0x7f, 0x04, 0x00, 0x00, 0x6a, 0x04, 0x00, 0x00, 0x95, 0x03, 0x00, 0x00, // ].......j.......
	0x88, 0x00, 0x05, 0x00, 0x5d, 0x00, 0x00, 0x00, 0x81, 0x04, 0x00, 0x00, 0x7f, 0x04, 0x00, 0x00, // ....]...........
	0x68, 0x04, 0x00, 0x00, 0xf7, 0x00, 0x03, 0x00, 0x83, 0x09, 0x00, 0x00, 0x00, 0x00, 0x00, 0x00, // h...............
	0xfb, 0x00, 0x03, 0x00, 0x00, 0x02, 0x00, 0x00, 0x9d, 0x08, 0x00, 0x00, 0xf8, 0x00, 0x02, 0x00, // ................
	0x9d, 0x08, 0x00, 0x00, 0x51, 0x00, 0x05, 0x00, 0x07, 0x00, 0x00, 0x00, 0xa5, 0x08, 0x00, 0x00, // ....Q...........
	0x81, 0x04, 0x00, 0x00, 0x00, 0x00, 0x00, 0x00, 0x85, 0x00, 0x05, 0x00, 0x07, 0x00, 0x00, 0x00, // ................
	0xa6, 0x08, 0x00, 0x00, 0xa5, 0x08, 0x00, 0x00, 0x9b, 0x01, 0x00, 0x00, 0x83, 0x00, 0x05, 0x00, // ................
	0x07, 0x00, 0x00, 0x00, 0xa7, 0x08, 0x00, 0x00, 0xa6, 0x08, 0x00, 0x00, 0x1f, 0x01, 0x00, 0x00, // ................
	0x51, 0x00, 0x05, 0x00, 0x07, 0x00, 0x00, 0x00, 0xa9, 0x08, 0x00, 0x00, 0x81, 0x04, 0x00, 0x00, // Q...............
	0x01, 0x00, 0x00, 0x00, 0x85, 0x00, 0x05, 0x00, 0x07, 0x00, 0x00, 0x00, 0xaa, 0x08, 0x00, 0x00, // ................
	0xa9, 0x08, 0x00, 0x00, 0x9b, 0x01, 0x00, 0x00, 0x83, 0x00, 0x05, 0x00, 0x07, 0x00, 0x00, 0x00, // ................
	0xab, 0x08, 0x00, 0x00, 0x1f, 0x01, 0x00, 0x00, 0xaa, 0x08, 0x00, 0x00, 0x83, 0x00, 0x05, 0x00, // ................
	0x07, 0x00, 0x00, 0x00, 0xae, 0x08, 0x00, 0x00, 0xaa, 0x08, 0x00, 0x00, 0x1f, 0x01, 0x00, 0x00, // ................
	0xa9, 0x00, 0x06, 0x00, 0x07, 0x00, 0x00, 0x00, 0xb0, 0x08, 0x00, 0x00, 0x34, 0x05, 0x00, 0x00, // ............4...
	0xae, 0x08, 0x00, 0x00, 0xab, 0x08, 0x00, 0x00, 0x50, 0x00, 0x07, 0x00, 0x0e, 0x00, 0x00, 0x00, // ........P.......
	0xb6, 0x08, 0x00, 0x00, 0xa7, 0x08, 0x00, 0x00, 0xb0, 0x08, 0x00, 0x00, 0x1f, 0x01, 0x00, 0x00, // ................
	0x1f, 0x01, 0x00, 0x00, 0x90, 0x00, 0x05, 0x00, 0x0e, 0x00, 0x00, 0x00, 0xb9, 0x08, 0x00, 0x00, // ................
	0xb6, 0x08, 0x00, 0x00, 0x49, 0x05, 0x00, 0x00, 0x4f, 0x00, 0x08, 0x00, 0x0b, 0x00, 0x00, 0x00, // ....I...O.......
	0xbb, 0x08, 0x00, 0x00, 0xb9, 0x08, 0x00, 0x00, 0xb9, 0x08, 0x00, 0x00, 0x00, 0x00, 0x00, 0x00, // ................
	0x01, 0x00, 0x00, 0x00, 0x02, 0x00, 0x00, 0x00, 0x51, 0x00, 0x05, 0x00, 0x07, 0x00, 0x00, 0x00, // ........Q.......
	0xbd, 0x08, 0x00, 0x00, 0xb9, 0x08, 0x00, 0x00, 0x03, 0x00, 0x00, 0x00, 0x50, 0x00, 0x06, 0x00, // ............P...
	0x0b, 0x00, 0x00, 0x00, 0xbe, 0x08, 0x00, 0x00, 0xbd, 0x08, 0x00, 0x00, 0xbd, 0x08, 0x00, 0x00, // ................
	0xbd, 0x08, 0x00, 0x00, 0x88, 0x00, 0x05, 0x00, 0x0b, 0x00, 0x00, 0x00, 0xbf, 0x08, 0x00, 0x00, // ................
	0xbb, 0x08, 0x00, 0x00, 0xbe, 0x08, 0x00, 0x00, 0x83, 0x00, 0x05, 0x00, 0x0b, 0x00, 0x00, 0x00, // ................
	0xc2, 0x08, 0x00, 0x00, 0xbf, 0x08, 0x00, 0x00, 0x44, 0x05, 0x00, 0x00, 0x0c, 0x00, 0x06, 0x00, // ........D.......
	0x0b, 0x00, 0x00, 0x00, 0xc3, 0x08, 0x00, 0x00, 0x01, 0x00, 0x00, 0x00, 0x45, 0x00, 0x00, 0x00, // ............E...
	0xc2, 0x08, 0x00, 0x00, 0xf9, 0x00, 0x02, 0x00, 0x91, 0x09, 0x00, 0x00, 0xf8, 0x00, 0x02, 0x00, // ................
	0x91, 0x09, 0x00, 0x00, 0xf5, 0x00, 0x07, 0x00, 0x07, 0x00, 0x00, 0x00, 0x3d, 0x13, 0x00, 0x00, // ............=...
	0x9f, 0x00, 0x00, 0x00, 0x9d, 0x08, 0x00, 0x00, 0xbb, 0x14, 0x00, 0x00, 0xcd, 0x09, 0x00, 0x00, // ................
	0xf5, 0x00, 0x07, 0x00, 0x2b, 0x00, 0x00, 0x00, 0x3c, 0x13, 0x00, 0x00, 0xa0, 0x00, 0x00, 0x00, // ....+...<.......
	0x9d, 0x08, 0x00, 0x00, 0xb9, 0x14, 0x00, 0x00, 0xcd, 0x09, 0x00, 0x00, 0xf5, 0x00, 0x07, 0x00, // ................
	0x2b, 0x00, 0x00, 0x00, 0x3b, 0x13, 0x00, 0x00, 0x7a, 0x00, 0x00, 0x00, 0x9d, 0x08, 0x00, 0x00, // +...;...z.......
	0xcf, 0x09, 0x00, 0x00, 0xcd, 0x09, 0x00, 0x00, 0xb1, 0x00, 0x05, 0x00, 0x5f, 0x00, 0x00, 0x00, // ............_...
	0x94, 0x09, 0x00, 0x00, 0x3b, 0x13, 0x00, 0x00, 0xa8, 0x00, 0x00, 0x00, 0xf6, 0x00, 0x04, 0x00, // ....;...........
	0xd0, 0x09, 0x00, 0x00, 0xcd, 0x09, 0x00, 0x00, 0x00, 0x00, 0x00, 0x00, 0xfa, 0x00, 0x04, 0x00, // ................
	0x94, 0x09, 0x00, 0x00, 0x95, 0x09, 0x00, 0x00, 0xd0, 0x09, 0x00, 0x00, 0xf8, 0x00, 0x02, 0x00, // ................
	0x95, 0x09, 0x00, 0x00, 0xaf, 0x00, 0x05, 0x00, 0x5f, 0x00, 0x00, 0x00, 0x98, 0x09, 0x00, 0x00, // ........_.......
	0x3b, 0x13, 0x00, 0x00, 0x5d, 0x04, 0x00, 0x00, 0xaa, 0x00, 0x05, 0x00, 0x5f, 0x00, 0x00, 0x00, // ;...]......._...
	0x9b, 0x09, 0x00, 0x00, 0x3b, 0x13, 0x00, 0x00, 0xa0, 0x00, 0x00, 0x00, 0xa6, 0x00, 0x05, 0x00, // ....;...........
	0x5f, 0x00, 0x00, 0x00, 0x9c, 0x09, 0x00, 0x00, 0x98, 0x09, 0x00, 0x00, 0x9b, 0x09, 0x00, 0x00, // _...............
	0xf7, 0x00, 0x03, 0x00, 0x9e, 0x09, 0x00, 0x00, 0x00, 0x00, 0x00, 0x00, 0xfa, 0x00, 0x04, 0x00, // ................
	0x9c, 0x09, 0x00, 0x00, 0x9d, 0x09, 0x00, 0x00, 0x9e, 0x09, 0x00, 0x00, 0xf8, 0x00, 0x02, 0x00, // ................
	0x9d, 0x09, 0x00, 0x00, 0xf9, 0x00, 0x02, 0x00, 0xcd, 0x09, 0x00, 0x00, 0xf8, 0x00, 0x02, 0x00, // ................
	0x9e, 0x09, 0x00, 0x00, 0x84, 0x00, 0x05, 0x00, 0x2b, 0x00, 0x00, 0x00, 0xa0, 0x09, 0x00, 0x00, // ........+.......
	0x3b, 0x13, 0x00, 0x00, 0xbd, 0x00, 0x00, 0x00, 0x41, 0x00, 0x06, 0x00, 0xc0, 0x00, 0x00, 0x00, // ;.......A.......
	0xa2, 0x09, 0x00, 0x00, 0xbb, 0x00, 0x00, 0x00, 0xa8, 0x00, 0x00, 0x00, 0xa0, 0x09, 0x00, 0x00, // ................
	0x3d, 0x00, 0x04, 0x00, 0x0e, 0x00, 0x00, 0x00, 0xa3, 0x09, 0x00, 0x00, 0xa2, 0x09, 0x00, 0x00, // =...............
	0x4f, 0x00, 0x08, 0x00, 0x0b, 0x00, 0x00, 0x00, 0xa5, 0x09, 0x00, 0x00, 0xa3, 0x09, 0x00, 0x00, // O...............
	0xa3, 0x09, 0x00, 0x00, 0x00, 0x00, 0x00, 0x00, 0x01, 0x00, 0x00, 0x00, 0x02, 0x00, 0x00, 0x00, // ................
	0x51, 0x00, 0x05, 0x00, 0x07, 0x00, 0x00, 0x00, 0xa7, 0x09, 0x00, 0x00, 0xa3, 0x09, 0x00, 0x00, // Q...............
	0x03, 0x00, 0x00, 0x00, 0x83, 0x00, 0x05, 0x00, 0x0b, 0x00, 0x00, 0x00, 0xaa, 0x09, 0x00, 0x00, // ................
	0x44, 0x05, 0x00, 0x00, 0xa5, 0x09, 0x00, 0x00, 0x94, 0x00, 0x05, 0x00, 0x07, 0x00, 0x00, 0x00, // D...............
	0xad, 0x09, 0x00, 0x00, 0xaa, 0x09, 0x00, 0x00, 0xc3, 0x08, 0x00, 0x00, 0x94, 0x00, 0x05, 0x00, // ................
	0x07, 0x00, 0x00, 0x00, 0xb0, 0x09, 0x00, 0x00, 0xaa, 0x09, 0x00, 0x00, 0xaa, 0x09, 0x00, 0x00, // ................
	0x85, 0x00, 0x05, 0x00, 0x07, 0x00, 0x00, 0x00, 0xb3, 0x09, 0x00, 0x00, 0xa7, 0x09, 0x00, 0x00, // ................
	0xa7, 0x09, 0x00, 0x00, 0x83, 0x00, 0x05, 0x00, 0x07, 0x00, 0x00, 0x00, 0xb4, 0x09, 0x00, 0x00, // ................
	0xb0, 0x09, 0x00, 0x00, 0xb3, 0x09, 0x00, 0x00, 0x85, 0x00, 0x05, 0x00, 0x07, 0x00, 0x00, 0x00, // ................
	0xb7, 0x09, 0x00, 0x00, 0xad, 0x09, 0x00, 0x00, 0xad, 0x09, 0x00, 0x00, 0x83, 0x00, 0x05, 0x00, // ................
	0x07, 0x00, 0x00, 0x00, 0xb9, 0x09, 0x00, 0x00, 0xb7, 0x09, 0x00, 0x00, 0xb4, 0x09, 0x00, 0x00, // ................
	0xb8, 0x00, 0x05, 0x00, 0x5f, 0x00, 0x00, 0x00, 0xbb, 0x09, 0x00, 0x00, 0xb9, 0x09, 0x00, 0x00, // ...._...........
	0xe1, 0x00, 0x00, 0x00, 0xf7, 0x00, 0x03, 0x00, 0xbd, 0x09, 0x00, 0x00, 0x00, 0x00, 0x00, 0x00, // ................
	0xfa, 0x00, 0x04, 0x00, 0xbb, 0x09, 0x00, 0x00, 0xbc, 0x09, 0x00, 0x00, 0xbd, 0x09, 0x00, 0x00, // ................
	0xf8, 0x00, 0x02, 0x00, 0xbc, 0x09, 0x00, 0x00, 0xf9, 0x00, 0x02, 0x00, 0xcd, 0x09, 0x00, 0x00, // ................
	0xf8, 0x00, 0x02, 0x00, 0xbd, 0x09, 0x00, 0x00, 0x7f, 0x00, 0x04, 0x00, 0x07, 0x00, 0x00, 0x00, // ................
	0xbf, 0x09, 0x00, 0x00, 0xad, 0x09, 0x00, 0x00, 0x0c, 0x00, 0x06, 0x00, 0x07, 0x00, 0x00, 0x00, // ................
	0xc1, 0x09, 0x00, 0x00, 0x01, 0x00, 0x00, 0x00, 0x1f, 0x00, 0x00, 0x00, 0xb9, 0x09, 0x00, 0x00, // ................
	0x83, 0x00, 0x05, 0x00, 0x07, 0x00, 0x00, 0x00, 0xc2, 0x09, 0x00, 0x00, 0xbf, 0x09, 0x00, 0x00, // ................
	0xc1, 0x09, 0x00, 0x00, 0xba, 0x00, 0x05, 0x00, 0x5f, 0x00, 0x00, 0x00, 0xc4, 0x09, 0x00, 0x00, // ........_.......
	0xc2, 0x09, 0x00, 0x00, 0xed, 0x00, 0x00, 0x00, 0xb8, 0x00, 0x05, 0x00, 0x5f, 0x00, 0x00, 0x00, // ............_...
	0xc7, 0x09, 0x00, 0x00, 0xc2, 0x09, 0x00, 0x00, 0x3d, 0x13, 0x00, 0x00, 0xa7, 0x00, 0x05, 0x00, // ........=.......
	0x5f, 0x00, 0x00, 0x00, 0xc8, 0x09, 0x00, 0x00, 0xc4, 0x09, 0x00, 0x00, 0xc7, 0x09, 0x00, 0x00, // _...............
	0xa9, 0x00, 0x06, 0x00, 0x07, 0x00, 0x00, 0x00, 0x49, 0x15, 0x00, 0x00, 0xc8, 0x09, 0x00, 0x00, // ........I.......
	0xc2, 0x09, 0x00, 0x00, 0x3d, 0x13, 0x00, 0x00, 0xa9, 0x00, 0x06, 0x00, 0x2b, 0x00, 0x00, 0x00, // ....=.......+...
	0x4a, 0x15, 0x00, 0x00, 0xc8, 0x09, 0x00, 0x00, 0x3b, 0x13, 0x00, 0x00, 0x3c, 0x13, 0x00, 0x00, // J.......;...<...
	0xf9, 0x00, 0x02, 0x00, 0xcd, 0x09, 0x00, 0x00, 0xf8, 0x00, 0x02, 0x00, 0xcd, 0x09, 0x00, 0x00, // ................
	0xf5, 0x00, 0x09, 0x00, 0x07, 0x00, 0x00, 0x00, 0xbb, 0x14, 0x00, 0x00, 0x3d, 0x13, 0x00, 0x00, // ............=...
	0x9d, 0x09, 0x00, 0x00, 0x3d, 0x13, 0x00, 0x00, 0xbc, 0x09, 0x00, 0x00, 0x49, 0x15, 0x00, 0x00, // ....=.......I...
	0xbd, 0x09, 0x00, 0x00, 0xf5, 0x00, 0x09, 0x00, 0x2b, 0x00, 0x00, 0x00, 0xb9, 0x14, 0x00, 0x00, // ........+.......
	0x3c, 0x13, 0x00, 0x00, 0x9d, 0x09, 0x00, 0x00, 0x3c, 0x13, 0x00, 0x00, 0xbc, 0x09, 0x00, 0x00, // <.......<.......
	0x4a, 0x15, 0x00, 0x00, 0xbd, 0x09, 0x00, 0x00, 0x80, 0x00, 0x05, 0x00, 0x2b, 0x00, 0x00, 0x00, // J...........+...
	0xcf, 0x09, 0x00, 0x00, 0x3b, 0x13, 0x00, 0x00, 0x76, 0x00, 0x00, 0x00, 0xf9, 0x00, 0x02, 0x00, // ....;...v.......
	0x91, 0x09, 0x00, 0x00, 0xf8, 0x00, 0x02, 0x00, 0xd0, 0x09, 0x00, 0x00, 0xaf, 0x00, 0x05, 0x00, // ................
	0x5f, 0x00, 0x00, 0x00, 0xd2, 0x09, 0x00, 0x00, 0x3c, 0x13, 0x00, 0x00, 0x7a, 0x00, 0x00, 0x00, // _.......<...z...
	0xa9, 0x00, 0x06, 0x00, 0x07, 0x00, 0x00, 0x00, 0xd4, 0x09, 0x00, 0x00, 0xd2, 0x09, 0x00, 0x00, // ................
	0x3d, 0x13, 0x00, 0x00, 0xfc, 0x00, 0x00, 0x00, 0xb1, 0x00, 0x05, 0x00, 0x5f, 0x00, 0x00, 0x00, // =..........._...
	0xca, 0x08, 0x00, 0x00, 0x3c, 0x13, 0x00, 0x00, 0x7a, 0x00, 0x00, 0x00, 0xf7, 0x00, 0x03, 0x00, // ....<...z.......
	0xcc, 0x08, 0x00, 0x00, 0x00, 0x00, 0x00, 0x00, 0xfa, 0x00, 0x04, 0x00, 0xca, 0x08, 0x00, 0x00, // ................
	0xcb, 0x08, 0x00, 0x00, 0xcc, 0x08, 0x00, 0x00, 0xf8, 0x00, 0x02, 0x00, 0xcb, 0x08, 0x00, 0x00, // ................
	0xf9, 0x00, 0x02, 0x00, 0x83, 0x09, 0x00, 0x00, 0xf8, 0x00, 0x02, 0x00, 0xcc, 0x08, 0x00, 0x00, // ................
	0x8e, 0x00, 0x05, 0x00, 0x0b, 0x00, 0x00, 0x00, 0xd0, 0x08, 0x00, 0x00, 0xc3, 0x08, 0x00, 0x00, // ................
	0xd4, 0x09, 0x00, 0x00, 0x81, 0x00, 0x05, 0x00, 0x0b, 0x00, 0x00, 0x00, 0xd1, 0x08, 0x00, 0x00, // ................
	0x44, 0x05, 0x00, 0x00, 0xd0, 0x08, 0x00, 0x00, 0xf9, 0x00, 0x02, 0x00, 0xd8, 0x08, 0x00, 0x00, // D...............
	0xf8, 0x00, 0x02, 0x00, 0xd8, 0x08, 0x00, 0x00, 0xf5, 0x00, 0x07, 0x00, 0x0b, 0x00, 0x00, 0x00, // ................
	0x4a, 0x13, 0x00, 0x00, 0x1e, 0x01, 0x00, 0x00, 0xcc, 0x08, 0x00, 0x00, 0x2d, 0x09, 0x00, 0x00, // J...........-...
	0x65, 0x09, 0x00, 0x00, 0xf5, 0x00, 0x07, 0x00, 0x0b, 0x00, 0x00, 0x00, 0x48, 0x13, 0x00, 0x00, // e...........H...
	0x20, 0x01, 0x00, 0x00, 0xcc, 0x08, 0x00, 0x00, 0x5a, 0x09, 0x00, 0x00, 0x65, 0x09, 0x00, 0x00, //  .......Z...e...
	0xf5, 0x00, 0x07, 0x00, 0x2b, 0x00, 0x00, 0x00, 0x42, 0x13, 0x00, 0x00, 0x3c, 0x13, 0x00, 0x00, // ....+...B...<...
	0xcc, 0x08, 0x00, 0x00, 0x4d, 0x13, 0x00, 0x00, 0x65, 0x09, 0x00, 0x00, 0xf5, 0x00, 0x07, 0x00, // ....M...e.......
	0x07, 0x00, 0x00, 0x00, 0x41, 0x13, 0x00, 0x00, 0xd4, 0x09, 0x00, 0x00, 0xcc, 0x08, 0x00, 0x00, // ....A...........
	0x60, 0x0b, 0x00, 0x00, 0x65, 0x09, 0x00, 0x00, 0xf5, 0x00, 0x07, 0x00, 0x0b, 0x00, 0x00, 0x00, // `...e...........
	0x40, 0x13, 0x00, 0x00, 0xc3, 0x08, 0x00, 0x00, 0xcc, 0x08, 0x00, 0x00, 0x31, 0x09, 0x00, 0x00, // @...........1...
	0x65, 0x09, 0x00, 0x00, 0xf5, 0x00, 0x07, 0x00, 0x0b, 0x00, 0x00, 0x00, 0x3f, 0x13, 0x00, 0x00, // e...........?...
	0x44, 0x05, 0x00, 0x00, 0xcc, 0x08, 0x00, 0x00, 0x35, 0x09, 0x00, 0x00, 0x65, 0x09, 0x00, 0x00, // D.......5...e...
	0xf5, 0x00, 0x07, 0x00, 0x2b, 0x00, 0x00, 0x00, 0x3e, 0x13, 0x00, 0x00, 0x7a, 0x00, 0x00, 0x00, // ....+...>...z...
	0xcc, 0x08, 0x00, 0x00, 0x67, 0x09, 0x00, 0x00, 0x65, 0x09, 0x00, 0x00, 0xb1, 0x00, 0x05, 0x00, // ....g...e.......
	0x5f, 0x00, 0x00, 0x00, 0xdb, 0x08, 0x00, 0x00, 0x3e, 0x13, 0x00, 0x00, 0xbd, 0x00, 0x00, 0x00, // _.......>.......
	0xf6, 0x00, 0x04, 0x00, 0x68, 0x09, 0x00, 0x00, 0x65, 0x09, 0x00, 0x00, 0x00, 0x00, 0x00, 0x00, // ....h...e.......
	0xfa, 0x00, 0x04, 0x00, 0xdb, 0x08, 0x00, 0x00, 0xdc, 0x08, 0x00, 0x00, 0x68, 0x09, 0x00, 0x00, // ............h...
	0xf8, 0x00, 0x02, 0x00, 0xdc, 0x08, 0x00, 0x00, 0x8e, 0x00, 0x05, 0x00, 0x0b, 0x00, 0x00, 0x00, // ................
	0xe0, 0x08, 0x00, 0x00, 0x40, 0x13, 0x00, 0x00, 0x41, 0x13, 0x00, 0x00, 0x81, 0x00, 0x05, 0x00, // ....@...A.......
	0x0b, 0x00, 0x00, 0x00, 0xe1, 0x08, 0x00, 0x00, 0x3f, 0x13, 0x00, 0x00, 0xe0, 0x08, 0x00, 0x00, // ........?.......
	0x84, 0x00, 0x05, 0x00, 0x2b, 0x00, 0x00, 0x00, 0xe3, 0x08, 0x00, 0x00, 0x42, 0x13, 0x00, 0x00, // ....+.......B...
	0xbd, 0x00, 0x00, 0x00, 0x41, 0x00, 0x06, 0x00, 0xc0, 0x00, 0x00, 0x00, 0xe5, 0x08, 0x00, 0x00, // ....A...........
	0xbb, 0x00, 0x00, 0x00, 0xa8, 0x00, 0x00, 0x00, 0xe3, 0x08, 0x00, 0x00, 0x3d, 0x00, 0x04, 0x00, // ............=...
	0x0e, 0x00, 0x00, 0x00, 0xe6, 0x08, 0x00, 0x00, 0xe5, 0x08, 0x00, 0x00, 0x80, 0x00, 0x05, 0x00, // ................
	0x2b, 0x00, 0x00, 0x00, 0xe9, 0x08, 0x00, 0x00, 0xe3, 0x08, 0x00, 0x00, 0x76, 0x00, 0x00, 0x00, // +...........v...
	0x41, 0x00, 0x06, 0x00, 0xc0, 0x00, 0x00, 0x00, 0xea, 0x08, 0x00, 0x00, 0xbb, 0x00, 0x00, 0x00, // A...............
	0xa8, 0x00, 0x00, 0x00, 0xe9, 0x08, 0x00, 0x00, 0x3d, 0x00, 0x04, 0x00, 0x0e, 0x00, 0x00, 0x00, // ........=.......
	0xeb, 0x08, 0x00, 0x00, 0xea, 0x08, 0x00, 0x00, 0x80, 0x00, 0x05, 0x00, 0x2b, 0x00, 0x00, 0x00, // ............+...
	0xee, 0x08, 0x00, 0x00, 0xe3, 0x08, 0x00, 0x00, 0xff, 0x01, 0x00, 0x00, 0x41, 0x00, 0x06, 0x00, // ............A...
	0xc0, 0x00, 0x00, 0x00, 0xef, 0x08, 0x00, 0x00, 0xbb, 0x00, 0x00, 0x00, 0xa8, 0x00, 0x00, 0x00, // ................
	0xee, 0x08, 0x00, 0x00, 0x3d, 0x00, 0x04, 0x00, 0x0e, 0x00, 0x00, 0x00, 0xf0, 0x08, 0x00, 0x00, // ....=...........
	0xef, 0x08, 0x00, 0x00, 0x4f, 0x00, 0x08, 0x00, 0x0b, 0x00, 0x00, 0x00, 0xf3, 0x08, 0x00, 0x00, // ....O...........
	0xe6, 0x08, 0x00, 0x00, 0xe6, 0x08, 0x00, 0x00, 0x00, 0x00, 0x00, 0x00, 0x01, 0x00, 0x00, 0x00, // ................
	0x02, 0x00, 0x00, 0x00, 0x83, 0x00, 0x05, 0x00, 0x0b, 0x00, 0x00, 0x00, 0xf4, 0x08, 0x00, 0x00, // ................
	0xe1, 0x08, 0x00, 0x00, 0xf3, 0x08, 0x00, 0x00, 0x0c, 0x00, 0x06, 0x00, 0x0b, 0x00, 0x00, 0x00, // ................
	0xf5, 0x08, 0x00, 0x00, 0x01, 0x00, 0x00, 0x00, 0x45, 0x00, 0x00, 0x00, 0xf4, 0x08, 0x00, 0x00, // ........E.......
	0x51, 0x00, 0x05, 0x00, 0x07, 0x00, 0x00, 0x00, 0xf7, 0x08, 0x00, 0x00, 0xf0, 0x08, 0x00, 0x00, // Q...............
	0x00, 0x00, 0x00, 0x00, 0x0c, 0x00, 0x08, 0x00, 0x07, 0x00, 0x00, 0x00, 0xf8, 0x08, 0x00, 0x00, // ................
	0x01, 0x00, 0x00, 0x00, 0x2b, 0x00, 0x00, 0x00, 0xf7, 0x08, 0x00, 0x00, 0x80, 0x02, 0x00, 0x00, // ....+...........
	0x1f, 0x01, 0x00, 0x00, 0x51, 0x00, 0x05, 0x00, 0x07, 0x00, 0x00, 0x00, 0xfa, 0x08, 0x00, 0x00, // ....Q...........
	0xf0, 0x08, 0x00, 0x00, 0x01, 0x00, 0x00, 0x00, 0x0c, 0x00, 0x08, 0x00, 0x07, 0x00, 0x00, 0x00, // ................
	0xfb, 0x08, 0x00, 0x00, 0x01, 0x00, 0x00, 0x00, 0x2b, 0x00, 0x00, 0x00, 0xfa, 0x08, 0x00, 0x00, // ........+.......
	0xe1, 0x00, 0x00, 0x00, 0x1f, 0x01, 0x00, 0x00, 0x51, 0x00, 0x05, 0x00, 0x07, 0x00, 0x00, 0x00, // ........Q.......
	0xfd, 0x08, 0x00, 0x00, 0xeb, 0x08, 0x00, 0x00, 0x03, 0x00, 0x00, 0x00, 0x0c, 0x00, 0x08, 0x00, // ................
	0x07, 0x00, 0x00, 0x00, 0xfe, 0x08, 0x00, 0x00, 0x01, 0x00, 0x00, 0x00, 0x2b, 0x00, 0x00, 0x00, // ............+...
	0xfd, 0x08, 0x00, 0x00, 0x80, 0x02, 0x00, 0x00, 0x1f, 0x01, 0x00, 0x00, 0x4f, 0x00, 0x08, 0x00, // ............O...
	0x0b, 0x00, 0x00, 0x00, 0x02, 0x09, 0x00, 0x00, 0xeb, 0x08, 0x00, 0x00, 0xeb, 0x08, 0x00, 0x00, // ................
	0x00, 0x00, 0x00, 0x00, 0x01, 0x00, 0x00, 0x00, 0x02, 0x00, 0x00, 0x00, 0x0c, 0x00, 0x07, 0x00, // ................
	0x0b, 0x00, 0x00, 0x00, 0x5c, 0x0a, 0x00, 0x00, 0x01, 0x00, 0x00, 0x00, 0x28, 0x00, 0x00, 0x00, // ............(...
	0x02, 0x09, 0x00, 0x00, 0x1e, 0x01, 0x00, 0x00, 0x0c, 0x00, 0x07, 0x00, 0x0b, 0x00, 0x00, 0x00, // ................
	0x5e, 0x0a, 0x00, 0x00, 0x01, 0x00, 0x00, 0x00, 0x1a, 0x00, 0x00, 0x00, 0x5c, 0x0a, 0x00, 0x00, // ^...............
	0xf3, 0x12, 0x00, 0x00, 0x41, 0x00, 0x05, 0x00, 0xc0, 0x00, 0x00, 0x00, 0xfe, 0x09, 0x00, 0x00, // ....A...........
	0xbb, 0x00, 0x00, 0x00, 0xbd, 0x00, 0x00, 0x00, 0x3d, 0x00, 0x04, 0x00, 0x0e, 0x00, 0x00, 0x00, // ........=.......
	0xff, 0x09, 0x00, 0x00, 0xfe, 0x09, 0x00, 0x00, 0x4f, 0x00, 0x08, 0x00, 0x0b, 0x00, 0x00, 0x00, // ........O.......
	0x00, 0x0a, 0x00, 0x00, 0xff, 0x09, 0x00, 0x00, 0xff, 0x09, 0x00, 0x00, 0x00, 0x00, 0x00, 0x00, // ................
	0x01, 0x00, 0x00, 0x00, 0x02, 0x00, 0x00, 0x00, 0x7f, 0x00, 0x04, 0x00, 0x0b, 0x00, 0x00, 0x00, // ................
	0x01, 0x0a, 0x00, 0x00, 0x00, 0x0a, 0x00, 0x00, 0x0c, 0x00, 0x06, 0x00, 0x0b, 0x00, 0x00, 0x00, // ................
	0x02, 0x0a, 0x00, 0x00, 0x01, 0x00, 0x00, 0x00, 0x45, 0x00, 0x00, 0x00, 0x01, 0x0a, 0x00, 0x00, // ........E.......
	0x94, 0x00, 0x05, 0x00, 0x07, 0x00, 0x00, 0x00, 0x05, 0x0a, 0x00, 0x00, 0xf5, 0x08, 0x00, 0x00, // ................
	0x02, 0x0a, 0x00, 0x00, 0x0c, 0x00, 0x07, 0x00, 0x07, 0x00, 0x00, 0x00, 0x06, 0x0a, 0x00, 0x00, // ................
	0x01, 0x00, 0x00, 0x00, 0x28, 0x00, 0x00, 0x00, 0x05, 0x0a, 0x00, 0x00, 0xe1, 0x00, 0x00, 0x00, // ....(...........
	0x85, 0x00, 0x05, 0x00, 0x07, 0x00, 0x00, 0x00, 0x0a, 0x0a, 0x00, 0x00, 0x05, 0x0a, 0x00, 0x00, // ................
	0x2d, 0x01, 0x00, 0x00, 0x81, 0x00, 0x05, 0x00, 0x07, 0x00, 0x00, 0x00, 0x0b, 0x0a, 0x00, 0x00, // -...............
	0x0a, 0x0a, 0x00, 0x00, 0x2d, 0x01, 0x00, 0x00, 0x0c, 0x00, 0x07, 0x00, 0x07, 0x00, 0x00, 0x00, // ....-...........
	0x0c, 0x0a, 0x00, 0x00, 0x01, 0x00, 0x00, 0x00, 0x28, 0x00, 0x00, 0x00, 0x0b, 0x0a, 0x00, 0x00, // ........(.......
	0xe1, 0x00, 0x00, 0x00, 0x85, 0x00, 0x05, 0x00, 0x07, 0x00, 0x00, 0x00, 0x0f, 0x0a, 0x00, 0x00, // ................
	0x0c, 0x0a, 0x00, 0x00, 0x0c, 0x0a, 0x00, 0x00, 0x51, 0x00, 0x05, 0x00, 0x07, 0x00, 0x00, 0x00, // ........Q.......
	0x11, 0x0a, 0x00, 0x00, 0xf5, 0x08, 0x00, 0x00, 0x01, 0x00, 0x00, 0x00, 0x85, 0x00, 0x05, 0x00, // ................
	0x07, 0x00, 0x00, 0x00, 0x12, 0x0a, 0x00, 0x00, 0x11, 0x0a, 0x00, 0x00, 0x2d, 0x01, 0x00, 0x00, // ............-...
	0x81, 0x00, 0x05, 0x00, 0x07, 0x00, 0x00, 0x00, 0x13, 0x0a, 0x00, 0x00, 0x12, 0x0a, 0x00, 0x00, // ................
	0x2d, 0x01, 0x00, 0x00, 0x0c, 0x00, 0x08, 0x00, 0x07, 0x00, 0x00, 0x00, 0x14, 0x0a, 0x00, 0x00, // -...............
	0x01, 0x00, 0x00, 0x00, 0x2b, 0x00, 0x00, 0x00, 0x13, 0x0a, 0x00, 0x00, 0xe1, 0x00, 0x00, 0x00, // ....+...........
	0x1f, 0x01, 0x00, 0x00, 0x85, 0x00, 0x05, 0x00, 0x07, 0x00, 0x00, 0x00, 0x17, 0x0a, 0x00, 0x00, // ................
	0x14, 0x0a, 0x00, 0x00, 0x14, 0x0a, 0x00, 0x00, 0x85, 0x00, 0x05, 0x00, 0x07, 0x00, 0x00, 0x00, // ................
	0x19, 0x0a, 0x00, 0x00, 0x9b, 0x01, 0x00, 0x00, 0x14, 0x0a, 0x00, 0x00, 0x83, 0x00, 0x05, 0x00, // ................
	0x07, 0x00, 0x00, 0x00, 0x1a, 0x0a, 0x00, 0x00, 0x9a, 0x01, 0x00, 0x00, 0x19, 0x0a, 0x00, 0x00, // ................
	0x85, 0x00, 0x05, 0x00, 0x07, 0x00, 0x00, 0x00, 0x1b, 0x0a, 0x00, 0x00, 0x17, 0x0a, 0x00, 0x00, // ................
	0x1a, 0x0a, 0x00, 0x00, 0x41, 0x00, 0x05, 0x00, 0xc0, 0x00, 0x00, 0x00, 0x69, 0x0a, 0x00, 0x00, // ....A.......i...
	0xbb, 0x00, 0x00, 0x00, 0x32, 0x01, 0x00, 0x00, 0x3d, 0x00, 0x04, 0x00, 0x0e, 0x00, 0x00, 0x00, // ....2...=.......
	0x6a, 0x0a, 0x00, 0x00, 0x69, 0x0a, 0x00, 0x00, 0x4f, 0x00, 0x08, 0x00, 0x0b, 0x00, 0x00, 0x00, // j...i...O.......
	0x6b, 0x0a, 0x00, 0x00, 0x6a, 0x0a, 0x00, 0x00, 0x6a, 0x0a, 0x00, 0x00, 0x00, 0x00, 0x00, 0x00, // k...j...j.......
	0x01, 0x00, 0x00, 0x00, 0x02, 0x00, 0x00, 0x00, 0x41, 0x00, 0x06, 0x00, 0x58, 0x01, 0x00, 0x00, // ........A...X...
	0x6c, 0x0a, 0x00, 0x00, 0xbb, 0x00, 0x00, 0x00, 0x32, 0x01, 0x00, 0x00, 0xc7, 0x00, 0x00, 0x00, // l.......2.......
	0x3d, 0x00, 0x04, 0x00, 0x07, 0x00, 0x00, 0x00, 0x6d, 0x0a, 0x00, 0x00, 0x6c, 0x0a, 0x00, 0x00, // =.......m...l...
	0x8e, 0x00, 0x05, 0x00, 0x0b, 0x00, 0x00, 0x00, 0x6e, 0x0a, 0x00, 0x00, 0x6b, 0x0a, 0x00, 0x00, // ........n...k...
	0x6d, 0x0a, 0x00, 0x00, 0x0c, 0x00, 0x08, 0x00, 0x07, 0x00, 0x00, 0x00, 0x74, 0x0a, 0x00, 0x00, // m...........t...
	0x01, 0x00, 0x00, 0x00, 0x2e, 0x00, 0x00, 0x00, 0xa2, 0x01, 0x00, 0x00, 0xa3, 0x01, 0x00, 0x00, // ................
	0x1b, 0x0a, 0x00, 0x00, 0x8e, 0x00, 0x05, 0x00, 0x0b, 0x00, 0x00, 0x00, 0x1f, 0x0a, 0x00, 0x00, // ................
	0x6e, 0x0a, 0x00, 0x00, 0x74, 0x0a, 0x00, 0x00, 0x83, 0x00, 0x05, 0x00, 0x0b, 0x00, 0x00, 0x00, // n...t...........
	0x23, 0x0a, 0x00, 0x00, 0x02, 0x0a, 0x00, 0x00, 0x40, 0x13, 0x00, 0x00, 0x0c, 0x00, 0x06, 0x00, // #.......@.......
	0x0b, 0x00, 0x00, 0x00, 0x24, 0x0a, 0x00, 0x00, 0x01, 0x00, 0x00, 0x00, 0x45, 0x00, 0x00, 0x00, // ....$.......E...
	0x23, 0x0a, 0x00, 0x00, 0x0c, 0x00, 0x08, 0x00, 0x07, 0x00, 0x00, 0x00, 0x7a, 0x0a, 0x00, 0x00, // #...........z...
	0x01, 0x00, 0x00, 0x00, 0x2e, 0x00, 0x00, 0x00, 0xb1, 0x01, 0x00, 0x00, 0xb2, 0x01, 0x00, 0x00, // ................
	0xf8, 0x08, 0x00, 0x00, 0x94, 0x00, 0x05, 0x00, 0x07, 0x00, 0x00, 0x00, 0x29, 0x0a, 0x00, 0x00, // ............)...
	0xf5, 0x08, 0x00, 0x00, 0x24, 0x0a, 0x00, 0x00, 0x0c, 0x00, 0x07, 0x00, 0x07, 0x00, 0x00, 0x00, // ....$...........
	0x2a, 0x0a, 0x00, 0x00, 0x01, 0x00, 0x00, 0x00, 0x28, 0x00, 0x00, 0x00, 0x29, 0x0a, 0x00, 0x00, // *.......(...)...
	0xe1, 0x00, 0x00, 0x00, 0x0c, 0x00, 0x07, 0x00, 0x07, 0x00, 0x00, 0x00, 0x2c, 0x0a, 0x00, 0x00, // ............,...
	0x01, 0x00, 0x00, 0x00, 0x1a, 0x00, 0x00, 0x00, 0x2a, 0x0a, 0x00, 0x00, 0x7a, 0x0a, 0x00, 0x00, // ........*...z...
	0x0c, 0x00, 0x08, 0x00, 0x07, 0x00, 0x00, 0x00, 0x80, 0x0a, 0x00, 0x00, 0x01, 0x00, 0x00, 0x00, // ................
	0x2e, 0x00, 0x00, 0x00, 0xbf, 0x01, 0x00, 0x00, 0xc0, 0x01, 0x00, 0x00, 0xf8, 0x08, 0x00, 0x00, // ................
	0x85, 0x00, 0x05, 0x00, 0x07, 0x00, 0x00, 0x00, 0x2f, 0x0a, 0x00, 0x00, 0x2c, 0x0a, 0x00, 0x00, // ......../...,...
	0x80, 0x0a, 0x00, 0x00, 0x8e, 0x00, 0x05, 0x00, 0x0b, 0x00, 0x00, 0x00, 0x91, 0x0a, 0x00, 0x00, // ................
	0xf5, 0x08, 0x00, 0x00, 0x66, 0x01, 0x00, 0x00, 0x81, 0x00, 0x05, 0x00, 0x0b, 0x00, 0x00, 0x00, // ....f...........
	0x92, 0x0a, 0x00, 0x00, 0xe1, 0x08, 0x00, 0x00, 0x91, 0x0a, 0x00, 0x00, 0xf9, 0x00, 0x02, 0x00, // ................
	0xa6, 0x0a, 0x00, 0x00, 0xf8, 0x00, 0x02, 0x00, 0xa6, 0x0a, 0x00, 0x00, 0xf5, 0x00, 0x07, 0x00, // ................
	0x07, 0x00, 0x00, 0x00, 0x45, 0x13, 0x00, 0x00, 0x9f, 0x00, 0x00, 0x00, 0xdc, 0x08, 0x00, 0x00, // ....E...........
	0xbf, 0x14, 0x00, 0x00, 0xe2, 0x0a, 0x00, 0x00, 0xf5, 0x00, 0x07, 0x00, 0x2b, 0x00, 0x00, 0x00, // ............+...
	0x44, 0x13, 0x00, 0x00, 0xa0, 0x00, 0x00, 0x00, 0xdc, 0x08, 0x00, 0x00, 0xbd, 0x14, 0x00, 0x00, // D...............
	0xe2, 0x0a, 0x00, 0x00, 0xf5, 0x00, 0x07, 0x00, 0x2b, 0x00, 0x00, 0x00, 0x43, 0x13, 0x00, 0x00, // ........+...C...
	0x7a, 0x00, 0x00, 0x00, 0xdc, 0x08, 0x00, 0x00, 0xe4, 0x0a, 0x00, 0x00, 0xe2, 0x0a, 0x00, 0x00, // z...............
	0xb1, 0x00, 0x05, 0x00, 0x5f, 0x00, 0x00, 0x00, 0xa9, 0x0a, 0x00, 0x00, 0x43, 0x13, 0x00, 0x00, // ...._.......C...
	0xa8, 0x00, 0x00, 0x00, 0xf6, 0x00, 0x04, 0x00, 0xe5, 0x0a, 0x00, 0x00, 0xe2, 0x0a, 0x00, 0x00, // ................
	0x00, 0x00, 0x00, 0x00, 0xfa, 0x00, 0x04, 0x00, 0xa9, 0x0a, 0x00, 0x00, 0xaa, 0x0a, 0x00, 0x00, // ................
	0xe5, 0x0a, 0x00, 0x00, 0xf8, 0x00, 0x02, 0x00, 0xaa, 0x0a, 0x00, 0x00, 0xaf, 0x00, 0x05, 0x00, // ................
	0x5f, 0x00, 0x00, 0x00, 0xad, 0x0a, 0x00, 0x00, 0x43, 0x13, 0x00, 0x00, 0x5d, 0x04, 0x00, 0x00, // _.......C...]...
	0xaa, 0x00, 0x05, 0x00, 0x5f, 0x00, 0x00, 0x00, 0xb0, 0x0a, 0x00, 0x00, 0x43, 0x13, 0x00, 0x00, // ...._.......C...
	0x42, 0x13, 0x00, 0x00, 0xa6, 0x00, 0x05, 0x00, 0x5f, 0x00, 0x00, 0x00, 0xb1, 0x0a, 0x00, 0x00, // B......._.......
	0xad, 0x0a, 0x00, 0x00, 0xb0, 0x0a, 0x00, 0x00, 0xf7, 0x00, 0x03, 0x00, 0xb3, 0x0a, 0x00, 0x00, // ................
	0x00, 0x00, 0x00, 0x00, 0xfa, 0x00, 0x04, 0x00, 0xb1, 0x0a, 0x00, 0x00, 0xb2, 0x0a, 0x00, 0x00, // ................
	0xb3, 0x0a, 0x00, 0x00, 0xf8, 0x00, 0x02, 0x00, 0xb2, 0x0a, 0x00, 0x00, 0xf9, 0x00, 0x02, 0x00, // ................
	0xe2, 0x0a, 0x00, 0x00, 0xf8, 0x00, 0x02, 0x00, 0xb3, 0x0a, 0x00, 0x00, 0x84, 0x00, 0x05, 0x00, // ................
	0x2b, 0x00, 0x00, 0x00, 0xb5, 0x0a, 0x00, 0x00, 0x43, 0x13, 0x00, 0x00, 0xbd, 0x00, 0x00, 0x00, // +.......C.......
	0x41, 0x00, 0x06, 0x00, 0xc0, 0x00, 0x00, 0x00, 0xb7, 0x0a, 0x00, 0x00, 0xbb, 0x00, 0x00, 0x00, // A...............
	0xa8, 0x00, 0x00, 0x00, 0xb5, 0x0a, 0x00, 0x00, 0x3d, 0x00, 0x04, 0x00, 0x0e, 0x00, 0x00, 0x00, // ........=.......
	0xb8, 0x0a, 0x00, 0x00, 0xb7, 0x0a, 0x00, 0x00, 0x4f, 0x00, 0x08, 0x00, 0x0b, 0x00, 0x00, 0x00, // ........O.......
	0xba, 0x0a, 0x00, 0x00, 0xb8, 0x0a, 0x00, 0x00, 0xb8, 0x0a, 0x00, 0x00, 0x00, 0x00, 0x00, 0x00, // ................
	0x01, 0x00, 0x00, 0x00, 0x02, 0x00, 0x00, 0x00, 0x51, 0x00, 0x05, 0x00, 0x07, 0x00, 0x00, 0x00, // ........Q.......
	0xbc, 0x0a, 0x00, 0x00, 0xb8, 0x0a, 0x00, 0x00, 0x03, 0x00, 0x00, 0x00, 0x83, 0x00, 0x05, 0x00, // ................
	0x0b, 0x00, 0x00, 0x00, 0xbf, 0x0a, 0x00, 0x00, 0x92, 0x0a, 0x00, 0x00, 0xba, 0x0a, 0x00, 0x00, // ................
	0x94, 0x00, 0x05, 0x00, 0x07, 0x00, 0x00, 0x00, 0xc2, 0x0a, 0x00, 0x00, 0xbf, 0x0a, 0x00, 0x00, // ................
	0x02, 0x0a, 0x00, 0x00, 0x94, 0x00, 0x05, 0x00, 0x07, 0x00, 0x00, 0x00, 0xc5, 0x0a, 0x00, 0x00, // ................
	0xbf, 0x0a, 0x00, 0x00, 0xbf, 0x0a, 0x00, 0x00, 0x85, 0x00, 0x05, 0x00, 0x07, 0x00, 0x00, 0x00, // ................
	0xc8, 0x0a, 0x00, 0x00, 0xbc, 0x0a, 0x00, 0x00, 0xbc, 0x0a, 0x00, 0x00, 0x83, 0x00, 0x05, 0x00, // ................
	0x07, 0x00, 0x00, 0x00, 0xc9, 0x0a, 0x00, 0x00, 0xc5, 0x0a, 0x00, 0x00, 0xc8, 0x0a, 0x00, 0x00, // ................
	0x85, 0x00, 0x05, 0x00, 0x07, 0x00, 0x00, 0x00, 0xcc, 0x0a, 0x00, 0x00, 0xc2, 0x0a, 0x00, 0x00, // ................
	0xc2, 0x0a, 0x00, 0x00, 0x83, 0x00, 0x05, 0x00, 0x07, 0x00, 0x00, 0x00, 0xce, 0x0a, 0x00, 0x00, // ................
	0xcc, 0x0a, 0x00, 0x00, 0xc9, 0x0a, 0x00, 0x00, 0xb8, 0x00, 0x05, 0x00, 0x5f, 0x00, 0x00, 0x00, // ............_...
	0xd0, 0x0a, 0x00, 0x00, 0xce, 0x0a, 0x00, 0x00, 0xe1, 0x00, 0x00, 0x00, 0xf7, 0x00, 0x03, 0x00, // ................
	0xd2, 0x0a, 0x00, 0x00, 0x00, 0x00, 0x00, 0x00, 0xfa, 0x00, 0x04, 0x00, 0xd0, 0x0a, 0x00, 0x00, // ................
	0xd1, 0x0a, 0x00, 0x00, 0xd2, 0x0a, 0x00, 0x00, 0xf8, 0x00, 0x02, 0x00, 0xd1, 0x0a, 0x00, 0x00, // ................
	0xf9, 0x00, 0x02, 0x00, 0xe2, 0x0a, 0x00, 0x00, 0xf8, 0x00, 0x02, 0x00, 0xd2, 0x0a, 0x00, 0x00, // ................
	0x7f, 0x00, 0x04, 0x00, 0x07, 0x00, 0x00, 0x00, 0xd4, 0x0a, 0x00, 0x00, 0xc2, 0x0a, 0x00, 0x00, // ................
	0x0c, 0x00, 0x06, 0x00, 0x07, 0x00, 0x00, 0x00, 0xd6, 0x0a, 0x00, 0x00, 0x01, 0x00, 0x00, 0x00, // ................
	0x1f, 0x00, 0x00, 0x00, 0xce, 0x0a, 0x00, 0x00, 0x83, 0x00, 0x05, 0x00, 0x07, 0x00, 0x00, 0x00, // ................
	0xd7, 0x0a, 0x00, 0x00, 0xd4, 0x0a, 0x00, 0x00, 0xd6, 0x0a, 0x00, 0x00, 0xba, 0x00, 0x05, 0x00, // ................
	0x5f, 0x00, 0x00, 0x00, 0xd9, 0x0a, 0x00, 0x00, 0xd7, 0x0a, 0x00, 0x00, 0xed, 0x00, 0x00, 0x00, // _...............
	0xb8, 0x00, 0x05, 0x00, 0x5f, 0x00, 0x00, 0x00, 0xdc, 0x0a, 0x00, 0x00, 0xd7, 0x0a, 0x00, 0x00, // ...._...........
	0x45, 0x13, 0x00, 0x00, 0xa7, 0x00, 0x05, 0x00, 0x5f, 0x00, 0x00, 0x00, 0xdd, 0x0a, 0x00, 0x00, // E......._.......
	0xd9, 0x0a, 0x00, 0x00, 0xdc, 0x0a, 0x00, 0x00, 0xa9, 0x00, 0x06, 0x00, 0x07, 0x00, 0x00, 0x00, // ................
	0x4b, 0x15, 0x00, 0x00, 0xdd, 0x0a, 0x00, 0x00, 0xd7, 0x0a, 0x00, 0x00, 0x45, 0x13, 0x00, 0x00, // K...........E...
	0xa9, 0x00, 0x06, 0x00, 0x2b, 0x00, 0x00, 0x00, 0x4c, 0x15, 0x00, 0x00, 0xdd, 0x0a, 0x00, 0x00, // ....+...L.......
	0x43, 0x13, 0x00, 0x00, 0x44, 0x13, 0x00, 0x00, 0xf9, 0x00, 0x02, 0x00, 0xe2, 0x0a, 0x00, 0x00, // C...D...........
	0xf8, 0x00, 0x02, 0x00, 0xe2, 0x0a, 0x00, 0x00, 0xf5, 0x00, 0x09, 0x00, 0x07, 0x00, 0x00, 0x00, // ................
	0xbf, 0x14, 0x00, 0x00, 0x45, 0x13, 0x00, 0x00, 0xb2, 0x0a, 0x00, 0x00, 0x45, 0x13, 0x00, 0x00, // ....E.......E...
	0xd1, 0x0a, 0x00, 0x00, 0x4b, 0x15, 0x00, 0x00, 0xd2, 0x0a, 0x00, 0x00, 0xf5, 0x00, 0x09, 0x00, // ....K...........
	0x2b, 0x00, 0x00, 0x00, 0xbd, 0x14, 0x00, 0x00, 0x44, 0x13, 0x00, 0x00, 0xb2, 0x0a, 0x00, 0x00, // +.......D.......
	0x44, 0x13, 0x00, 0x00, 0xd1, 0x0a, 0x00, 0x00, 0x4c, 0x15, 0x00, 0x00, 0xd2, 0x0a, 0x00, 0x00, // D.......L.......
	0x80, 0x00, 0x05, 0x00, 0x2b, 0x00, 0x00, 0x00, 0xe4, 0x0a, 0x00, 0x00, 0x43, 0x13, 0x00, 0x00, // ....+.......C...
	0x76, 0x00, 0x00, 0x00, 0xf9, 0x00, 0x02, 0x00, 0xa6, 0x0a, 0x00, 0x00, 0xf8, 0x00, 0x02, 0x00, // v...............
	0xe5, 0x0a, 0x00, 0x00, 0xaf, 0x00, 0x05, 0x00, 0x5f, 0x00, 0x00, 0x00, 0xe7, 0x0a, 0x00, 0x00, // ........_.......
	0x44, 0x13, 0x00, 0x00, 0x7a, 0x00, 0x00, 0x00, 0xa9, 0x00, 0x06, 0x00, 0x07, 0x00, 0x00, 0x00, // D...z...........
	0xe9, 0x0a, 0x00, 0x00, 0xe7, 0x0a, 0x00, 0x00, 0x45, 0x13, 0x00, 0x00, 0xfc, 0x00, 0x00, 0x00, // ........E.......
	0xba, 0x00, 0x05, 0x00, 0x5f, 0x00, 0x00, 0x00, 0x98, 0x0a, 0x00, 0x00, 0xe9, 0x0a, 0x00, 0x00, // ...._...........
	0xe1, 0x00, 0x00, 0x00, 0xa9, 0x00, 0x06, 0x00, 0x07, 0x00, 0x00, 0x00, 0x99, 0x0a, 0x00, 0x00, // ................
	0x98, 0x0a, 0x00, 0x00, 0xe1, 0x00, 0x00, 0x00, 0x1f, 0x01, 0x00, 0x00, 0x41, 0x00, 0x05, 0x00, // ............A...
	0xc0, 0x00, 0x00, 0x00, 0x37, 0x0a, 0x00, 0x00, 0xbb, 0x00, 0x00, 0x00, 0xd4, 0x01, 0x00, 0x00, // ....7...........
	0x3d, 0x00, 0x04, 0x00, 0x0e, 0x00, 0x00, 0x00, 0x38, 0x0a, 0x00, 0x00, 0x37, 0x0a, 0x00, 0x00, // =.......8...7...
	0x4f, 0x00, 0x08, 0x00, 0x0b, 0x00, 0x00, 0x00, 0x39, 0x0a, 0x00, 0x00, 0x38, 0x0a, 0x00, 0x00, // O.......9...8...
	0x38, 0x0a, 0x00, 0x00, 0x00, 0x00, 0x00, 0x00, 0x01, 0x00, 0x00, 0x00, 0x02, 0x00, 0x00, 0x00, // 8...............
	0x85, 0x00, 0x05, 0x00, 0x07, 0x00, 0x00, 0x00, 0x3b, 0x0a, 0x00, 0x00, 0x06, 0x0a, 0x00, 0x00, // ........;.......
	0x49, 0x01, 0x00, 0x00, 0x85, 0x00, 0x05, 0x00, 0x07, 0x00, 0x00, 0x00, 0x3d, 0x0a, 0x00, 0x00, // I...........=...
	0x0f, 0x0a, 0x00, 0x00, 0xdb, 0x01, 0x00, 0x00, 0x81, 0x00, 0x05, 0x00, 0x07, 0x00, 0x00, 0x00, // ................
	0x3e, 0x0a, 0x00, 0x00, 0x3b, 0x0a, 0x00, 0x00, 0x3d, 0x0a, 0x00, 0x00, 0x8e, 0x00, 0x05, 0x00, // >...;...=.......
	0x0b, 0x00, 0x00, 0x00, 0x3f, 0x0a, 0x00, 0x00, 0x39, 0x0a, 0x00, 0x00, 0x3e, 0x0a, 0x00, 0x00, // ....?...9...>...
	0x8e, 0x00, 0x05, 0x00, 0x0b, 0x00, 0x00, 0x00, 0x41, 0x0a, 0x00, 0x00, 0x3f, 0x0a, 0x00, 0x00, // ........A...?...
	0x99, 0x0a, 0x00, 0x00, 0x81, 0x00, 0x05, 0x00, 0x0b, 0x00, 0x00, 0x00, 0x42, 0x0a, 0x00, 0x00, // ............B...
	0x1f, 0x0a, 0x00, 0x00, 0x41, 0x0a, 0x00, 0x00, 0x85, 0x00, 0x05, 0x00, 0x0b, 0x00, 0x00, 0x00, // ....A...........
	0x43, 0x0a, 0x00, 0x00, 0x5e, 0x0a, 0x00, 0x00, 0x42, 0x0a, 0x00, 0x00, 0x85, 0x00, 0x05, 0x00, // C...^...B.......
	0x07, 0x00, 0x00, 0x00, 0x46, 0x0a, 0x00, 0x00, 0xfb, 0x08, 0x00, 0x00, 0xe6, 0x01, 0x00, 0x00, // ....F...........
	0x83, 0x00, 0x05, 0x00, 0x07, 0x00, 0x00, 0x00, 0x47, 0x0a, 0x00, 0x00, 0x1f, 0x01, 0x00, 0x00, // ........G.......
	0x46, 0x0a, 0x00, 0x00, 0x8e, 0x00, 0x05, 0x00, 0x0b, 0x00, 0x00, 0x00, 0x48, 0x0a, 0x00, 0x00, // F...........H...
	0x43, 0x0a, 0x00, 0x00, 0x47, 0x0a, 0x00, 0x00, 0x8e, 0x00, 0x05, 0x00, 0x0b, 0x00, 0x00, 0x00, // C...G...........
	0x4d, 0x0a, 0x00, 0x00, 0x39, 0x0a, 0x00, 0x00, 0x2f, 0x0a, 0x00, 0x00, 0x8e, 0x00, 0x05, 0x00, // M...9.../.......
	0x0b, 0x00, 0x00, 0x00, 0x4f, 0x0a, 0x00, 0x00, 0x4d, 0x0a, 0x00, 0x00, 0x99, 0x0a, 0x00, 0x00, // ....O...M.......
	0x0c, 0x00, 0x08, 0x00, 0x07, 0x00, 0x00, 0x00, 0xef, 0x0a, 0x00, 0x00, 0x01, 0x00, 0x00, 0x00, // ................
	0x2e, 0x00, 0x00, 0x00, 0x3e, 0x01, 0x00, 0x00, 0x1f, 0x01, 0x00, 0x00, 0xfb, 0x08, 0x00, 0x00, // ....>...........
	0x8e, 0x00, 0x05, 0x00, 0x0b, 0x00, 0x00, 0x00, 0x52, 0x0a, 0x00, 0x00, 0x4f, 0x0a, 0x00, 0x00, // ........R...O...
	0xef, 0x0a, 0x00, 0x00, 0x81, 0x00, 0x05, 0x00, 0x0b, 0x00, 0x00, 0x00, 0x53, 0x0a, 0x00, 0x00, // ............S...
	0x48, 0x0a, 0x00, 0x00, 0x52, 0x0a, 0x00, 0x00, 0x8e, 0x00, 0x05, 0x00, 0x0b, 0x00, 0x00, 0x00, // H...R...........
	0x55, 0x0a, 0x00, 0x00, 0x53, 0x0a, 0x00, 0x00, 0xf9, 0x01, 0x00, 0x00, 0x7f, 0x00, 0x04, 0x00, // U...S...........
	0x0b, 0x00, 0x00, 0x00, 0x0b, 0x09, 0x00, 0x00, 0x40, 0x13, 0x00, 0x00, 0x94, 0x00, 0x05, 0x00, // ........@.......
	0x07, 0x00, 0x00, 0x00, 0x0c, 0x09, 0x00, 0x00, 0xf5, 0x08, 0x00, 0x00, 0x0b, 0x09, 0x00, 0x00, // ................
	0x0c, 0x00, 0x07, 0x00, 0x07, 0x00, 0x00, 0x00, 0x0d, 0x09, 0x00, 0x00, 0x01, 0x00, 0x00, 0x00, // ................
	0x28, 0x00, 0x00, 0x00, 0x0c, 0x09, 0x00, 0x00, 0xe1, 0x00, 0x00, 0x00, 0x83, 0x00, 0x05, 0x00, // (...............
	0x07, 0x00, 0x00, 0x00, 0x10, 0x09, 0x00, 0x00, 0x1f, 0x01, 0x00, 0x00, 0xfe, 0x08, 0x00, 0x00, // ................
	0x83, 0x00, 0x05, 0x00, 0x07, 0x00, 0x00, 0x00, 0x12, 0x09, 0x00, 0x00, 0x1f, 0x01, 0x00, 0x00, // ................
	0x0d, 0x09, 0x00, 0x00, 0x0c, 0x00, 0x07, 0x00, 0x07, 0x00, 0x00, 0x00, 0x13, 0x09, 0x00, 0x00, // ................
	0x01, 0x00, 0x00, 0x00, 0x1a, 0x00, 0x00, 0x00, 0x12, 0x09, 0x00, 0x00, 0xa9, 0x02, 0x00, 0x00, // ................
	0x85, 0x00, 0x05, 0x00, 0x07, 0x00, 0x00, 0x00, 0x14, 0x09, 0x00, 0x00, 0x10, 0x09, 0x00, 0x00, // ................
	0x13, 0x09, 0x00, 0x00, 0x81, 0x00, 0x05, 0x00, 0x07, 0x00, 0x00, 0x00, 0x15, 0x09, 0x00, 0x00, // ................
	0xfe, 0x08, 0x00, 0x00, 0x14, 0x09, 0x00, 0x00, 0x0c, 0x00, 0x08, 0x00, 0x07, 0x00, 0x00, 0x00, // ................
	0xf5, 0x0a, 0x00, 0x00, 0x01, 0x00, 0x00, 0x00, 0x2e, 0x00, 0x00, 0x00, 0xbf, 0x01, 0x00, 0x00, // ................
	0x1f, 0x01, 0x00, 0x00, 0xfb, 0x08, 0x00, 0x00, 0x85, 0x00, 0x05, 0x00, 0x07, 0x00, 0x00, 0x00, // ................
	0x19, 0x09, 0x00, 0x00, 0x15, 0x09, 0x00, 0x00, 0xf5, 0x0a, 0x00, 0x00, 0x85, 0x00, 0x05, 0x00, // ................
	0x07, 0x00, 0x00, 0x00, 0x1b, 0x09, 0x00, 0x00, 0xf8, 0x08, 0x00, 0x00, 0xb6, 0x02, 0x00, 0x00, // ................
	0x83, 0x00, 0x05, 0x00, 0x07, 0x00, 0x00, 0x00, 0x1c, 0x09, 0x00, 0x00, 0x1f, 0x01, 0x00, 0x00, // ................
	0x1b, 0x09, 0x00, 0x00, 0x85, 0x00, 0x05, 0x00, 0x07, 0x00, 0x00, 0x00, 0x1d, 0x09, 0x00, 0x00, // ................
	0x19, 0x09, 0x00, 0x00, 0x1c, 0x09, 0x00, 0x00, 0x50, 0x00, 0x06, 0x00, 0x0b, 0x00, 0x00, 0x00, // ........P.......
	0x23, 0x09, 0x00, 0x00, 0xfb, 0x08, 0x00, 0x00, 0xfb, 0x08, 0x00, 0x00, 0xfb, 0x08, 0x00, 0x00, // #...............
	0x0c, 0x00, 0x08, 0x00, 0x0b, 0x00, 0x00, 0x00, 0x10, 0x0b, 0x00, 0x00, 0x01, 0x00, 0x00, 0x00, // ................
	0x2e, 0x00, 0x00, 0x00, 0x20, 0x01, 0x00, 0x00, 0x5e, 0x0a, 0x00, 0x00, 0x23, 0x09, 0x00, 0x00, // .... ...^...#...
	0x85, 0x00, 0x05, 0x00, 0x0b, 0x00, 0x00, 0x00, 0x28, 0x09, 0x00, 0x00, 0x48, 0x13, 0x00, 0x00, // ........(...H...
	0x55, 0x0a, 0x00, 0x00, 0x83, 0x00, 0x05, 0x00, 0x07, 0x00, 0x00, 0x00, 0x2a, 0x09, 0x00, 0x00, // U...........*...
	0x1f, 0x01, 0x00, 0x00, 0x1d, 0x09, 0x00, 0x00, 0x8e, 0x00, 0x05, 0x00, 0x0b, 0x00, 0x00, 0x00, // ................
	0x2b, 0x09, 0x00, 0x00, 0x28, 0x09, 0x00, 0x00, 0x2a, 0x09, 0x00, 0x00, 0x81, 0x00, 0x05, 0x00, // +...(...*.......
	0x0b, 0x00, 0x00, 0x00, 0x2d, 0x09, 0x00, 0x00, 0x4a, 0x13, 0x00, 0x00, 0x2b, 0x09, 0x00, 0x00, // ....-...J...+...
	0x0c, 0x00, 0x07, 0x00, 0x0b, 0x00, 0x00, 0x00, 0x30, 0x09, 0x00, 0x00, 0x01, 0x00, 0x00, 0x00, // ........0.......
	0x47, 0x00, 0x00, 0x00, 0x40, 0x13, 0x00, 0x00, 0xf5, 0x08, 0x00, 0x00, 0x0c, 0x00, 0x06, 0x00, // G...@...........
	0x0b, 0x00, 0x00, 0x00, 0x31, 0x09, 0x00, 0x00, 0x01, 0x00, 0x00, 0x00, 0x45, 0x00, 0x00, 0x00, // ....1.......E...
	0x30, 0x09, 0x00, 0x00, 0x8e, 0x00, 0x05, 0x00, 0x0b, 0x00, 0x00, 0x00, 0x34, 0x09, 0x00, 0x00, // 0...........4...
	0xf5, 0x08, 0x00, 0x00, 0xd9, 0x02, 0x00, 0x00, 0x81, 0x00, 0x05, 0x00, 0x0b, 0x00, 0x00, 0x00, // ................
	0x35, 0x09, 0x00, 0x00, 0xe1, 0x08, 0x00, 0x00, 0x34, 0x09, 0x00, 0x00, 0xf9, 0x00, 0x02, 0x00, // 5.......4.......
	0x1d, 0x0b, 0x00, 0x00, 0xf8, 0x00, 0x02, 0x00, 0x1d, 0x0b, 0x00, 0x00, 0xf5, 0x00, 0x07, 0x00, // ................
	0x07, 0x00, 0x00, 0x00, 0x4e, 0x13, 0x00, 0x00, 0x9f, 0x00, 0x00, 0x00, 0xe5, 0x0a, 0x00, 0x00, // ....N...........
	0xcb, 0x14, 0x00, 0x00, 0x59, 0x0b, 0x00, 0x00, 0xf5, 0x00, 0x07, 0x00, 0x2b, 0x00, 0x00, 0x00, // ....Y.......+...
	0x4d, 0x13, 0x00, 0x00, 0xa0, 0x00, 0x00, 0x00, 0xe5, 0x0a, 0x00, 0x00, 0xc9, 0x14, 0x00, 0x00, // M...............
	0x59, 0x0b, 0x00, 0x00, 0xf5, 0x00, 0x07, 0x00, 0x2b, 0x00, 0x00, 0x00, 0x4c, 0x13, 0x00, 0x00, // Y.......+...L...
	0x7a, 0x00, 0x00, 0x00, 0xe5, 0x0a, 0x00, 0x00, 0x5b, 0x0b, 0x00, 0x00, 0x59, 0x0b, 0x00, 0x00, // z.......[...Y...
	0xb1, 0x00, 0x05, 0x00, 0x5f, 0x00, 0x00, 0x00, 0x20, 0x0b, 0x00, 0x00, 0x4c, 0x13, 0x00, 0x00, // ...._... ...L...
	0xa8, 0x00, 0x00, 0x00, 0xf6, 0x00, 0x04, 0x00, 0x5c, 0x0b, 0x00, 0x00, 0x59, 0x0b, 0x00, 0x00, // ............Y...
	0x00, 0x00, 0x00, 0x00, 0xfa, 0x00, 0x04, 0x00, 0x20, 0x0b, 0x00, 0x00, 0x21, 0x0b, 0x00, 0x00, // ........ ...!...
	0x5c, 0x0b, 0x00, 0x00, 0xf8, 0x00, 0x02, 0x00, 0x21, 0x0b, 0x00, 0x00, 0xaf, 0x00, 0x05, 0x00, // ........!.......
	0x5f, 0x00, 0x00, 0x00, 0x24, 0x0b, 0x00, 0x00, 0x4c, 0x13, 0x00, 0x00, 0x5d, 0x04, 0x00, 0x00, // _...$...L...]...
	0xaa, 0x00, 0x05, 0x00, 0x5f, 0x00, 0x00, 0x00, 0x27, 0x0b, 0x00, 0x00, 0x4c, 0x13, 0x00, 0x00, // ...._...'...L...
	0x42, 0x13, 0x00, 0x00, 0xa6, 0x00, 0x05, 0x00, 0x5f, 0x00, 0x00, 0x00, 0x28, 0x0b, 0x00, 0x00, // B......._...(...
	0x24, 0x0b, 0x00, 0x00, 0x27, 0x0b, 0x00, 0x00, 0xf7, 0x00, 0x03, 0x00, 0x2a, 0x0b, 0x00, 0x00, // $...'.......*...
	0x00, 0x00, 0x00, 0x00, 0xfa, 0x00, 0x04, 0x00, 0x28, 0x0b, 0x00, 0x00, 0x29, 0x0b, 0x00, 0x00, // ........(...)...
	0x2a, 0x0b, 0x00, 0x00, 0xf8, 0x00, 0x02, 0x00, 0x29, 0x0b, 0x00, 0x00, 0xf9, 0x00, 0x02, 0x00, // *.......).......
	0x59, 0x0b, 0x00, 0x00, 0xf8, 0x00, 0x02, 0x00, 0x2a, 0x0b, 0x00, 0x00, 0x84, 0x00, 0x05, 0x00, // Y.......*.......
	0x2b, 0x00, 0x00, 0x00, 0x2c, 0x0b, 0x00, 0x00, 0x4c, 0x13, 0x00, 0x00, 0xbd, 0x00, 0x00, 0x00, // +...,...L.......
	0x41, 0x00, 0x06, 0x00, 0xc0, 0x00, 0x00, 0x00, 0x2e, 0x0b, 0x00, 0x00, 0xbb, 0x00, 0x00, 0x00, // A...............
	0xa8, 0x00, 0x00, 0x00, 0x2c, 0x0b, 0x00, 0x00, 0x3d, 0x00, 0x04, 0x00, 0x0e, 0x00, 0x00, 0x00, // ....,...=.......
	0x2f, 0x0b, 0x00, 0x00, 0x2e, 0x0b, 0x00, 0x00, 0x4f, 0x00, 0x08, 0x00, 0x0b, 0x00, 0x00, 0x00, // /.......O.......
	0x31, 0x0b, 0x00, 0x00, 0x2f, 0x0b, 0x00, 0x00, 0x2f, 0x0b, 0x00, 0x00, 0x00, 0x00, 0x00, 0x00, // 1.../.../.......
	0x01, 0x00, 0x00, 0x00, 0x02, 0x00, 0x00, 0x00, 0x51, 0x00, 0x05, 0x00, 0x07, 0x00, 0x00, 0x00, // ........Q.......
	0x33, 0x0b, 0x00, 0x00, 0x2f, 0x0b, 0x00, 0x00, 0x03, 0x00, 0x00, 0x00, 0x83, 0x00, 0x05, 0x00, // 3.../...........
	0x0b, 0x00, 0x00, 0x00, 0x36, 0x0b, 0x00, 0x00, 0x35, 0x09, 0x00, 0x00, 0x31, 0x0b, 0x00, 0x00, // ....6...5...1...
	0x94, 0x00, 0x05, 0x00, 0x07, 0x00, 0x00, 0x00, 0x39, 0x0b, 0x00, 0x00, 0x36, 0x0b, 0x00, 0x00, // ........9...6...
	0x31, 0x09, 0x00, 0x00, 0x94, 0x00, 0x05, 0x00, 0x07, 0x00, 0x00, 0x00, 0x3c, 0x0b, 0x00, 0x00, // 1...........<...
	0x36, 0x0b, 0x00, 0x00, 0x36, 0x0b, 0x00, 0x00, 0x85, 0x00, 0x05, 0x00, 0x07, 0x00, 0x00, 0x00, // 6...6...........
	0x3f, 0x0b, 0x00, 0x00, 0x33, 0x0b, 0x00, 0x00, 0x33, 0x0b, 0x00, 0x00, 0x83, 0x00, 0x05, 0x00, // ?...3...3.......
	0x07, 0x00, 0x00, 0x00, 0x40, 0x0b, 0x00, 0x00, 0x3c, 0x0b, 0x00, 0x00, 0x3f, 0x0b, 0x00, 0x00, // ....@...<...?...
	0x85, 0x00, 0x05, 0x00, 0x07, 0x00, 0x00, 0x00, 0x43, 0x0b, 0x00, 0x00, 0x39, 0x0b, 0x00, 0x00, // ........C...9...
	0x39, 0x0b, 0x00, 0x00, 0x83, 0x00, 0x05, 0x00, 0x07, 0x00, 0x00, 0x00, 0x45, 0x0b, 0x00, 0x00, // 9...........E...
	0x43, 0x0b, 0x00, 0x00, 0x40, 0x0b, 0x00, 0x00, 0xb8, 0x00, 0x05, 0x00, 0x5f, 0x00, 0x00, 0x00, // C...@......._...
	0x47, 0x0b, 0x00, 0x00, 0x45, 0x0b, 0x00, 0x00, 0xe1, 0x00, 0x00, 0x00, 0xf7, 0x00, 0x03, 0x00, // G...E...........
	0x49, 0x0b, 0x00, 0x00, 0x00, 0x00, 0x00, 0x00, 0xfa, 0x00, 0x04, 0x00, 0x47, 0x0b, 0x00, 0x00, // I...........G...
	0x48, 0x0b, 0x00, 0x00, 0x49, 0x0b, 0x00, 0x00, 0xf8, 0x00, 0x02, 0x00, 0x48, 0x0b, 0x00, 0x00, // H...I.......H...
	0xf9, 0x00, 0x02, 0x00, 0x59, 0x0b, 0x00, 0x00, 0xf8, 0x00, 0x02, 0x00, 0x49, 0x0b, 0x00, 0x00, // ....Y.......I...
	0x7f, 0x00, 0x04, 0x00, 0x07, 0x00, 0x00, 0x00, 0x4b, 0x0b, 0x00, 0x00, 0x39, 0x0b, 0x00, 0x00, // ........K...9...
	0x0c, 0x00, 0x06, 0x00, 0x07, 0x00, 0x00, 0x00, 0x4d, 0x0b, 0x00, 0x00, 0x01, 0x00, 0x00, 0x00, // ........M.......
	0x1f, 0x00, 0x00, 0x00, 0x45, 0x0b, 0x00, 0x00, 0x83, 0x00, 0x05, 0x00, 0x07, 0x00, 0x00, 0x00, // ....E...........
	0x4e, 0x0b, 0x00, 0x00, 0x4b, 0x0b, 0x00, 0x00, 0x4d, 0x0b, 0x00, 0x00, 0xba, 0x00, 0x05, 0x00, // N...K...M.......
	0x5f, 0x00, 0x00, 0x00, 0x50, 0x0b, 0x00, 0x00, 0x4e, 0x0b, 0x00, 0x00, 0xed, 0x00, 0x00, 0x00, // _...P...N.......
	0xb8, 0x00, 0x05, 0x00, 0x5f, 0x00, 0x00, 0x00, 0x53, 0x0b, 0x00, 0x00, 0x4e, 0x0b, 0x00, 0x00, // ...._...S...N...
	0x4e, 0x13, 0x00, 0x00, 0xa7, 0x00, 0x05, 0x00, 0x5f, 0x00, 0x00, 0x00, 0x54, 0x0b, 0x00, 0x00, // N......._...T...
	0x50, 0x0b, 0x00, 0x00, 0x53, 0x0b, 0x00, 0x00, 0xa9, 0x00, 0x06, 0x00, 0x07, 0x00, 0x00, 0x00, // P...S...........
	0x4d, 0x15, 0x00, 0x00, 0x54, 0x0b, 0x00, 0x00, 0x4e, 0x0b, 0x00, 0x00, 0x4e, 0x13, 0x00, 0x00, // M...T...N...N...
	0xa9, 0x00, 0x06, 0x00, 0x2b, 0x00, 0x00, 0x00, 0x4e, 0x15, 0x00, 0x00, 0x54, 0x0b, 0x00, 0x00, // ....+...N...T...
	0x4c, 0x13, 0x00, 0x00, 0x4d, 0x13, 0x00, 0x00, 0xf9, 0x00, 0x02, 0x00, 0x59, 0x0b, 0x00, 0x00, // L...M.......Y...
	0xf8, 0x00, 0x02, 0x00, 0x59, 0x0b, 0x00, 0x00, 0xf5, 0x00, 0x09, 0x00, 0x07, 0x00, 0x00, 0x00, // ....Y...........
	0xcb, 0x14, 0x00, 0x00, 0x4e, 0x13, 0x00, 0x00, 0x29, 0x0b, 0x00, 0x00, 0x4e, 0x13, 0x00, 0x00, // ....N...)...N...
	0x48, 0x0b, 0x00, 0x00, 0x4d, 0x15, 0x00, 0x00, 0x49, 0x0b, 0x00, 0x00, 0xf5, 0x00, 0x09, 0x00, // H...M...I.......
	0x2b, 0x00, 0x00, 0x00, 0xc9, 0x14, 0x00, 0x00, 0x4d, 0x13, 0x00, 0x00, 0x29, 0x0b, 0x00, 0x00, // +.......M...)...
	0x4d, 0x13, 0x00, 0x00, 0x48, 0x0b, 0x00, 0x00, 0x4e, 0x15, 0x00, 0x00, 0x49, 0x0b, 0x00, 0x00, // M...H...N...I...
	0x80, 0x00, 0x05, 0x00, 0x2b, 0x00, 0x00, 0x00, 0x5b, 0x0b, 0x00, 0x00, 0x4c, 0x13, 0x00, 0x00, // ....+...[...L...
	0x76, 0x00, 0x00, 0x00, 0xf9, 0x00, 0x02, 0x00, 0x1d, 0x0b, 0x00, 0x00, 0xf8, 0x00, 0x02, 0x00, // v...............
	0x5c, 0x0b, 0x00, 0x00, 0xaf, 0x00, 0x05, 0x00, 0x5f, 0x00, 0x00, 0x00, 0x5e, 0x0b, 0x00, 0x00, // ........_...^...
	0x4d, 0x13, 0x00, 0x00, 0x7a, 0x00, 0x00, 0x00, 0xa9, 0x00, 0x06, 0x00, 0x07, 0x00, 0x00, 0x00, // M...z...........
	0x60, 0x0b, 0x00, 0x00, 0x5e, 0x0b, 0x00, 0x00, 0x4e, 0x13, 0x00, 0x00, 0xfc, 0x00, 0x00, 0x00, // `...^...N.......
	0xb1, 0x00, 0x05, 0x00, 0x5f, 0x00, 0x00, 0x00, 0x3d, 0x09, 0x00, 0x00, 0x4d, 0x13, 0x00, 0x00, // ...._...=...M...
	0x7a, 0x00, 0x00, 0x00, 0xf7, 0x00, 0x03, 0x00, 0x55, 0x09, 0x00, 0x00, 0x00, 0x00, 0x00, 0x00, // z.......U.......
	0xfa, 0x00, 0x04, 0x00, 0x3d, 0x09, 0x00, 0x00, 0x3e, 0x09, 0x00, 0x00, 0x55, 0x09, 0x00, 0x00, // ....=...>...U...
	0xf8, 0x00, 0x02, 0x00, 0x3e, 0x09, 0x00, 0x00, 0x56, 0x00, 0x05, 0x00, 0x7e, 0x00, 0x00, 0x00, // ....>...V...~...
	0x67, 0x0b, 0x00, 0x00, 0x74, 0x00, 0x00, 0x00, 0x71, 0x00, 0x00, 0x00, 0x58, 0x00, 0x07, 0x00, // g...t...q...X...
	0x0e, 0x00, 0x00, 0x00, 0x6a, 0x0b, 0x00, 0x00, 0x67, 0x0b, 0x00, 0x00, 0x31, 0x09, 0x00, 0x00, // ....j...g...1...
	0x02, 0x00, 0x00, 0x00, 0xe1, 0x00, 0x00, 0x00, 0x4f, 0x00, 0x08, 0x00, 0x0b, 0x00, 0x00, 0x00, // ........O.......
	0x43, 0x09, 0x00, 0x00, 0x6a, 0x0b, 0x00, 0x00, 0x6a, 0x0b, 0x00, 0x00, 0x00, 0x00, 0x00, 0x00, // C...j...j.......
	0x01, 0x00, 0x00, 0x00, 0x02, 0x00, 0x00, 0x00, 0x51, 0x00, 0x05, 0x00, 0x07, 0x00, 0x00, 0x00, // ........Q.......
	0x79, 0x0b, 0x00, 0x00, 0x31, 0x09, 0x00, 0x00, 0x01, 0x00, 0x00, 0x00, 0x85, 0x00, 0x05, 0x00, // y...1...........
	0x07, 0x00, 0x00, 0x00, 0x7a, 0x0b, 0x00, 0x00, 0x79, 0x0b, 0x00, 0x00, 0x2d, 0x01, 0x00, 0x00, // ....z...y...-...
	0x81, 0x00, 0x05, 0x00, 0x07, 0x00, 0x00, 0x00, 0x7b, 0x0b, 0x00, 0x00, 0x7a, 0x0b, 0x00, 0x00, // ........{...z...
	0x2d, 0x01, 0x00, 0x00, 0x0c, 0x00, 0x08, 0x00, 0x07, 0x00, 0x00, 0x00, 0x7c, 0x0b, 0x00, 0x00, // -...........|...
	0x01, 0x00, 0x00, 0x00, 0x2b, 0x00, 0x00, 0x00, 0x7b, 0x0b, 0x00, 0x00, 0xe1, 0x00, 0x00, 0x00, // ....+...{.......
	0x1f, 0x01, 0x00, 0x00, 0x94, 0x00, 0x05, 0x00, 0x07, 0x00, 0x00, 0x00, 0x81, 0x0b, 0x00, 0x00, // ................
	0x6b, 0x0a, 0x00, 0x00, 0x3a, 0x01, 0x00, 0x00, 0x50, 0x00, 0x06, 0x00, 0x0b, 0x00, 0x00, 0x00, // k...:...P.......
	0x90, 0x0b, 0x00, 0x00, 0x81, 0x0b, 0x00, 0x00, 0x81, 0x0b, 0x00, 0x00, 0x81, 0x0b, 0x00, 0x00, // ................
	0x0c, 0x00, 0x08, 0x00, 0x0b, 0x00, 0x00, 0x00, 0x96, 0x0b, 0x00, 0x00, 0x01, 0x00, 0x00, 0x00, // ................
	0x2e, 0x00, 0x00, 0x00, 0x6b, 0x0a, 0x00, 0x00, 0x90, 0x0b, 0x00, 0x00, 0x3f, 0x01, 0x00, 0x00, // ....k.......?...
	0x8e, 0x00, 0x05, 0x00, 0x0b, 0x00, 0x00, 0x00, 0x85, 0x0b, 0x00, 0x00, 0x96, 0x0b, 0x00, 0x00, // ................
	0x45, 0x01, 0x00, 0x00, 0x8e, 0x00, 0x05, 0x00, 0x0b, 0x00, 0x00, 0x00, 0x87, 0x0b, 0x00, 0x00, // E...............
	0x6b, 0x0a, 0x00, 0x00, 0x49, 0x01, 0x00, 0x00, 0x50, 0x00, 0x06, 0x00, 0x0b, 0x00, 0x00, 0x00, // k...I...P.......
	0x89, 0x0b, 0x00, 0x00, 0x7c, 0x0b, 0x00, 0x00, 0x7c, 0x0b, 0x00, 0x00, 0x7c, 0x0b, 0x00, 0x00, // ....|...|...|...
	0x0c, 0x00, 0x08, 0x00, 0x0b, 0x00, 0x00, 0x00, 0x9c, 0x0b, 0x00, 0x00, 0x01, 0x00, 0x00, 0x00, // ................
	0x2e, 0x00, 0x00, 0x00, 0x85, 0x0b, 0x00, 0x00, 0x87, 0x0b, 0x00, 0x00, 0x89, 0x0b, 0x00, 0x00, // ................
	0x51, 0x00, 0x05, 0x00, 0x07, 0x00, 0x00, 0x00, 0x47, 0x09, 0x00, 0x00, 0x6a, 0x0b, 0x00, 0x00, // Q.......G...j...
	0x03, 0x00, 0x00, 0x00, 0x0c, 0x00, 0x08, 0x00, 0x07, 0x00, 0x00, 0x00, 0x48, 0x09, 0x00, 0x00, // ............H...
	0x01, 0x00, 0x00, 0x00, 0x2b, 0x00, 0x00, 0x00, 0x47, 0x09, 0x00, 0x00, 0xe1, 0x00, 0x00, 0x00, // ....+...G.......
	0x1f, 0x01, 0x00, 0x00, 0x83, 0x00, 0x05, 0x00, 0x07, 0x00, 0x00, 0x00, 0x49, 0x09, 0x00, 0x00, // ............I...
	0x1f, 0x01, 0x00, 0x00, 0x48, 0x09, 0x00, 0x00, 0x8e, 0x00, 0x05, 0x00, 0x0b, 0x00, 0x00, 0x00, // ....H...........
	0x4a, 0x09, 0x00, 0x00, 0x9c, 0x0b, 0x00, 0x00, 0x49, 0x09, 0x00, 0x00, 0x81, 0x00, 0x05, 0x00, // J.......I.......
	0x0b, 0x00, 0x00, 0x00, 0x4b, 0x09, 0x00, 0x00, 0x43, 0x09, 0x00, 0x00, 0x4a, 0x09, 0x00, 0x00, // ....K...C...J...
	0x85, 0x00, 0x05, 0x00, 0x0b, 0x00, 0x00, 0x00, 0x4e, 0x09, 0x00, 0x00, 0x48, 0x13, 0x00, 0x00, // ........N...H...
	0x4b, 0x09, 0x00, 0x00, 0x85, 0x00, 0x05, 0x00, 0x0b, 0x00, 0x00, 0x00, 0x50, 0x09, 0x00, 0x00, // K...........P...
	0x4e, 0x09, 0x00, 0x00, 0x10, 0x0b, 0x00, 0x00, 0x8e, 0x00, 0x05, 0x00, 0x0b, 0x00, 0x00, 0x00, // N...............
	0x52, 0x09, 0x00, 0x00, 0x50, 0x09, 0x00, 0x00, 0x1d, 0x09, 0x00, 0x00, 0x81, 0x00, 0x05, 0x00, // R...P...........
	0x0b, 0x00, 0x00, 0x00, 0x54, 0x09, 0x00, 0x00, 0x2d, 0x09, 0x00, 0x00, 0x52, 0x09, 0x00, 0x00, // ....T...-...R...
	0xf9, 0x00, 0x02, 0x00, 0x68, 0x09, 0x00, 0x00, 0xf8, 0x00, 0x02, 0x00, 0x55, 0x09, 0x00, 0x00, // ....h.......U...
	0x8e, 0x00, 0x05, 0x00, 0x0b, 0x00, 0x00, 0x00, 0x58, 0x09, 0x00, 0x00, 0x10, 0x0b, 0x00, 0x00, // ........X.......
	0x1d, 0x09, 0x00, 0x00, 0x85, 0x00, 0x05, 0x00, 0x0b, 0x00, 0x00, 0x00, 0x5a, 0x09, 0x00, 0x00, // ............Z...
	0x48, 0x13, 0x00, 0x00, 0x58, 0x09, 0x00, 0x00, 0x94, 0x00, 0x05, 0x00, 0x07, 0x00, 0x00, 0x00, // H...X...........
	0x5d, 0x09, 0x00, 0x00, 0x5a, 0x09, 0x00, 0x00, 0x20, 0x01, 0x00, 0x00, 0xb8, 0x00, 0x05, 0x00, // ]...Z... .......
	0x5f, 0x00, 0x00, 0x00, 0x5e, 0x09, 0x00, 0x00, 0x5d, 0x09, 0x00, 0x00, 0x80, 0x02, 0x00, 0x00, // _...^...].......
	0xf7, 0x00, 0x03, 0x00, 0x60, 0x09, 0x00, 0x00, 0x00, 0x00, 0x00, 0x00, 0xfa, 0x00, 0x04, 0x00, // ....`...........
	0x5e, 0x09, 0x00, 0x00, 0x5f, 0x09, 0x00, 0x00, 0x60, 0x09, 0x00, 0x00, 0xf8, 0x00, 0x02, 0x00, // ^..._...`.......
	0x5f, 0x09, 0x00, 0x00, 0xf9, 0x00, 0x02, 0x00, 0x68, 0x09, 0x00, 0x00, 0xf8, 0x00, 0x02, 0x00, // _.......h.......
	0x60, 0x09, 0x00, 0x00, 0xf9, 0x00, 0x02, 0x00, 0x65, 0x09, 0x00, 0x00, 0xf8, 0x00, 0x02, 0x00, // `.......e.......
	0x65, 0x09, 0x00, 0x00, 0x80, 0x00, 0x05, 0x00, 0x2b, 0x00, 0x00, 0x00, 0x67, 0x09, 0x00, 0x00, // e.......+...g...
	0x3e, 0x13, 0x00, 0x00, 0x76, 0x00, 0x00, 0x00, 0xf9, 0x00, 0x02, 0x00, 0xd8, 0x08, 0x00, 0x00, // >...v...........
	0xf8, 0x00, 0x02, 0x00, 0x68, 0x09, 0x00, 0x00, 0xf5, 0x00, 0x09, 0x00, 0x0b, 0x00, 0x00, 0x00, // ....h...........
	0x53, 0x13, 0x00, 0x00, 0x4a, 0x13, 0x00, 0x00, 0xd8, 0x08, 0x00, 0x00, 0x54, 0x09, 0x00, 0x00, // S...J.......T...
	0x3e, 0x09, 0x00, 0x00, 0x2d, 0x09, 0x00, 0x00, 0x5f, 0x09, 0x00, 0x00, 0x8e, 0x00, 0x05, 0x00, // >...-..._.......
	0x0b, 0x00, 0x00, 0x00, 0xa6, 0x0b, 0x00, 0x00, 0x53, 0x13, 0x00, 0x00, 0x0b, 0x01, 0x00, 0x00, // ........S.......
	0x81, 0x00, 0x05, 0x00, 0x0b, 0x00, 0x00, 0x00, 0xa8, 0x0b, 0x00, 0x00, 0xa6, 0x0b, 0x00, 0x00, // ................
	0xf4, 0x12, 0x00, 0x00, 0x85, 0x00, 0x05, 0x00, 0x0b, 0x00, 0x00, 0x00, 0xa9, 0x0b, 0x00, 0x00, // ................
	0x53, 0x13, 0x00, 0x00, 0xa8, 0x0b, 0x00, 0x00, 0x8e, 0x00, 0x05, 0x00, 0x0b, 0x00, 0x00, 0x00, // S...............
	0xac, 0x0b, 0x00, 0x00, 0x53, 0x13, 0x00, 0x00, 0x13, 0x01, 0x00, 0x00, 0x81, 0x00, 0x05, 0x00, // ....S...........
	0x0b, 0x00, 0x00, 0x00, 0xae, 0x0b, 0x00, 0x00, 0xac, 0x0b, 0x00, 0x00, 0xf5, 0x12, 0x00, 0x00, // ................
	0x85, 0x00, 0x05, 0x00, 0x0b, 0x00, 0x00, 0x00, 0xaf, 0x0b, 0x00, 0x00, 0x53, 0x13, 0x00, 0x00, // ............S...
	0xae, 0x0b, 0x00, 0x00, 0x81, 0x00, 0x05, 0x00, 0x0b, 0x00, 0x00, 0x00, 0xb1, 0x0b, 0x00, 0x00, // ................
	0xaf, 0x0b, 0x00, 0x00, 0xf6, 0x12, 0x00, 0x00, 0x88, 0x00, 0x05, 0x00, 0x0b, 0x00, 0x00, 0x00, // ................
	0xb2, 0x0b, 0x00, 0x00, 0xa9, 0x0b, 0x00, 0x00, 0xb1, 0x0b, 0x00, 0x00, 0x0c, 0x00, 0x08, 0x00, // ................
	0x0b, 0x00, 0x00, 0x00, 0xb3, 0x0b, 0x00, 0x00, 0x01, 0x00, 0x00, 0x00, 0x2b, 0x00, 0x00, 0x00, // ............+...
	0xb2, 0x0b, 0x00, 0x00, 0x1e, 0x01, 0x00, 0x00, 0x20, 0x01, 0x00, 0x00, 0x0c, 0x00, 0x07, 0x00, // ........ .......
	0x0b, 0x00, 0x00, 0x00, 0xb6, 0x0b, 0x00, 0x00, 0x01, 0x00, 0x00, 0x00, 0x1a, 0x00, 0x00, 0x00, // ................
	0xb3, 0x0b, 0x00, 0x00, 0xf7, 0x12, 0x00, 0x00, 0x51, 0x00, 0x05, 0x00, 0x07, 0x00, 0x00, 0x00, // ........Q.......
	0x6c, 0x09, 0x00, 0x00, 0xd1, 0x08, 0x00, 0x00, 0x00, 0x00, 0x00, 0x00, 0x51, 0x00, 0x05, 0x00, // l...........Q...
	0x07, 0x00, 0x00, 0x00, 0x6d, 0x09, 0x00, 0x00, 0xd1, 0x08, 0x00, 0x00, 0x01, 0x00, 0x00, 0x00, // ....m...........
	0x51, 0x00, 0x05, 0x00, 0x07, 0x00, 0x00, 0x00, 0x6e, 0x09, 0x00, 0x00, 0xd1, 0x08, 0x00, 0x00, // Q.......n.......
	0x02, 0x00, 0x00, 0x00, 0x50, 0x00, 0x07, 0x00, 0x0e, 0x00, 0x00, 0x00, 0x6f, 0x09, 0x00, 0x00, // ....P.......o...
	0x6c, 0x09, 0x00, 0x00, 0x6d, 0x09, 0x00, 0x00, 0x6e, 0x09, 0x00, 0x00, 0x1f, 0x01, 0x00, 0x00, // l...m...n.......
	0x41, 0x00, 0x05, 0x00, 0x21, 0x02, 0x00, 0x00, 0x70, 0x09, 0x00, 0x00, 0xbb, 0x00, 0x00, 0x00, // A...!...p.......
	0x27, 0x03, 0x00, 0x00, 0x3d, 0x00, 0x04, 0x00, 0xb5, 0x00, 0x00, 0x00, 0x71, 0x09, 0x00, 0x00, // '...=.......q...
	0x70, 0x09, 0x00, 0x00, 0x90, 0x00, 0x05, 0x00, 0x0e, 0x00, 0x00, 0x00, 0x72, 0x09, 0x00, 0x00, // p...........r...
	0x6f, 0x09, 0x00, 0x00, 0x71, 0x09, 0x00, 0x00, 0x51, 0x00, 0x05, 0x00, 0x07, 0x00, 0x00, 0x00, // o...q...Q.......
	0x74, 0x09, 0x00, 0x00, 0x72, 0x09, 0x00, 0x00, 0x02, 0x00, 0x00, 0x00, 0x51, 0x00, 0x05, 0x00, // t...r.......Q...
	0x07, 0x00, 0x00, 0x00, 0x76, 0x09, 0x00, 0x00, 0x72, 0x09, 0x00, 0x00, 0x03, 0x00, 0x00, 0x00, // ....v...r.......
	0x88, 0x00, 0x05, 0x00, 0x07, 0x00, 0x00, 0x00, 0x77, 0x09, 0x00, 0x00, 0x74, 0x09, 0x00, 0x00, // ........w...t...
	0x76, 0x09, 0x00, 0x00, 0x85, 0x00, 0x05, 0x00, 0x07, 0x00, 0x00, 0x00, 0x7a, 0x09, 0x00, 0x00, // v...........z...
	0x77, 0x09, 0x00, 0x00, 0x2d, 0x01, 0x00, 0x00, 0x81, 0x00, 0x05, 0x00, 0x07, 0x00, 0x00, 0x00, // w...-...........
	0x7b, 0x09, 0x00, 0x00, 0x7a, 0x09, 0x00, 0x00, 0x2d, 0x01, 0x00, 0x00, 0xa9, 0x00, 0x06, 0x00, // {...z...-.......
	0x07, 0x00, 0x00, 0x00, 0x7d, 0x09, 0x00, 0x00, 0x31, 0x05, 0x00, 0x00, 0x7b, 0x09, 0x00, 0x00, // ....}...1...{...
	0x77, 0x09, 0x00, 0x00, 0x83, 0x00, 0x05, 0x00, 0x07, 0x00, 0x00, 0x00, 0x7f, 0x09, 0x00, 0x00, // w...............
	0x7d, 0x09, 0x00, 0x00, 0x3a, 0x03, 0x00, 0x00, 0x0c, 0x00, 0x08, 0x00, 0x07, 0x00, 0x00, 0x00, // }...:...........
	0x80, 0x09, 0x00, 0x00, 0x01, 0x00, 0x00, 0x00, 0x2b, 0x00, 0x00, 0x00, 0x7f, 0x09, 0x00, 0x00, // ........+.......
	0xe1, 0x00, 0x00, 0x00, 0x1f, 0x01, 0x00, 0x00, 0xf9, 0x00, 0x02, 0x00, 0x83, 0x09, 0x00, 0x00, // ................
	0xf8, 0x00, 0x02, 0x00, 0x83, 0x09, 0x00, 0x00, 0xf5, 0x00, 0x07, 0x00, 0x07, 0x00, 0x00, 0x00, // ................
	0x66, 0x13, 0x00, 0x00, 0x1c, 0x13, 0x00, 0x00, 0xcb, 0x08, 0x00, 0x00, 0x80, 0x09, 0x00, 0x00, // f...............
	0x68, 0x09, 0x00, 0x00, 0xf5, 0x00, 0x07, 0x00, 0x0b, 0x00, 0x00, 0x00, 0x59, 0x13, 0x00, 0x00, // h...........Y...
	0x19, 0x13, 0x00, 0x00, 0xcb, 0x08, 0x00, 0x00, 0xb6, 0x0b, 0x00, 0x00, 0x68, 0x09, 0x00, 0x00, // ............h...
	0xf5, 0x00, 0x07, 0x00, 0x5f, 0x00, 0x00, 0x00, 0x58, 0x13, 0x00, 0x00, 0x41, 0x02, 0x00, 0x00, // ...._...X...A...
	0xcb, 0x08, 0x00, 0x00, 0x3f, 0x03, 0x00, 0x00, 0x68, 0x09, 0x00, 0x00, 0xf7, 0x00, 0x03, 0x00, // ....?...h.......
	0x8f, 0x04, 0x00, 0x00, 0x00, 0x00, 0x00, 0x00, 0xfa, 0x00, 0x04, 0x00, 0x58, 0x13, 0x00, 0x00, // ............X...
	0x86, 0x04, 0x00, 0x00, 0x8f, 0x04, 0x00, 0x00, 0xf8, 0x00, 0x02, 0x00, 0x86, 0x04, 0x00, 0x00, // ................
	0x81, 0x00, 0x05, 0x00, 0x0b, 0x00, 0x00, 0x00, 0x89, 0x04, 0x00, 0x00, 0x5f, 0x15, 0x00, 0x00, // ............_...
	0x59, 0x13, 0x00, 0x00, 0x0c, 0x00, 0x07, 0x00, 0x07, 0x00, 0x00, 0x00, 0x8c, 0x04, 0x00, 0x00, // Y...............
	0x01, 0x00, 0x00, 0x00, 0x25, 0x00, 0x00, 0x00, 0x80, 0x13, 0x00, 0x00, 0x66, 0x13, 0x00, 0x00, // ....%.......f...
	0x53, 0x00, 0x04, 0x00, 0x2b, 0x00, 0x00, 0x00, 0x60, 0x15, 0x00, 0x00, 0xff, 0x01, 0x00, 0x00, // S...+...`.......
	0x53, 0x00, 0x04, 0x00, 0x2b, 0x00, 0x00, 0x00, 0x61, 0x15, 0x00, 0x00, 0x76, 0x00, 0x00, 0x00, // S...+...a...v...
	0xa9, 0x00, 0x06, 0x00, 0x2b, 0x00, 0x00, 0x00, 0x8e, 0x04, 0x00, 0x00, 0x16, 0x13, 0x00, 0x00, // ....+...........
	0xff, 0x01, 0x00, 0x00, 0x76, 0x00, 0x00, 0x00, 0xf9, 0x00, 0x02, 0x00, 0x8f, 0x04, 0x00, 0x00, // ....v...........
	0xf8, 0x00, 0x02, 0x00, 0x8f, 0x04, 0x00, 0x00, 0xf5, 0x00, 0x07, 0x00, 0x2b, 0x00, 0x00, 0x00, // ............+...
	0xfa, 0x13, 0x00, 0x00, 0x5c, 0x15, 0x00, 0x00, 0x83, 0x09, 0x00, 0x00, 0x8e, 0x04, 0x00, 0x00, // ................
	0x86, 0x04, 0x00, 0x00, 0xf5, 0x00, 0x07, 0x00, 0x07, 0x00, 0x00, 0x00, 0xef, 0x13, 0x00, 0x00, // ................
	0x80, 0x13, 0x00, 0x00, 0x83, 0x09, 0x00, 0x00, 0x8c, 0x04, 0x00, 0x00, 0x86, 0x04, 0x00, 0x00, // ................
	0xf5, 0x00, 0x07, 0x00, 0x0b, 0x00, 0x00, 0x00, 0xe4, 0x13, 0x00, 0x00, 0x5f, 0x15, 0x00, 0x00, // ............_...
	0x83, 0x09, 0x00, 0x00, 0x89, 0x04, 0x00, 0x00, 0x86, 0x04, 0x00, 0x00, 0x81, 0x00, 0x05, 0x00, // ................
	0x5d, 0x00, 0x00, 0x00, 0x91, 0x04, 0x00, 0x00, 0x6a, 0x04, 0x00, 0x00, 0xad, 0x03, 0x00, 0x00, // ].......j.......
	0x88, 0x00, 0x05, 0x00, 0x5d, 0x00, 0x00, 0x00, 0x93, 0x04, 0x00, 0x00, 0x91, 0x04, 0x00, 0x00, // ....]...........
	0x68, 0x04, 0x00, 0x00, 0xf7, 0x00, 0x03, 0x00, 0xf2, 0x0c, 0x00, 0x00, 0x00, 0x00, 0x00, 0x00, // h...............
	0xfb, 0x00, 0x03, 0x00, 0x00, 0x02, 0x00, 0x00, 0x0c, 0x0c, 0x00, 0x00, 0xf8, 0x00, 0x02, 0x00, // ................
	0x0c, 0x0c, 0x00, 0x00, 0x51, 0x00, 0x05, 0x00, 0x07, 0x00, 0x00, 0x00, 0x14, 0x0c, 0x00, 0x00, // ....Q...........
	0x93, 0x04, 0x00, 0x00, 0x00, 0x00, 0x00, 0x00, 0x85, 0x00, 0x05, 0x00, 0x07, 0x00, 0x00, 0x00, // ................
	0x15, 0x0c, 0x00, 0x00, 0x14, 0x0c, 0x00, 0x00, 0x9b, 0x01, 0x00, 0x00, 0x83, 0x00, 0x05, 0x00, // ................
	0x07, 0x00, 0x00, 0x00, 0x16, 0x0c, 0x00, 0x00, 0x15, 0x0c, 0x00, 0x00, 0x1f, 0x01, 0x00, 0x00, // ................
	0x51, 0x00, 0x05, 0x00, 0x07, 0x00, 0x00, 0x00, 0x18, 0x0c, 0x00, 0x00, 0x93, 0x04, 0x00, 0x00, // Q...............
	0x01, 0x00, 0x00, 0x00, 0x85, 0x00, 0x05, 0x00, 0x07, 0x00, 0x00, 0x00, 0x19, 0x0c, 0x00, 0x00, // ................
	0x18, 0x0c, 0x00, 0x00, 0x9b, 0x01, 0x00, 0x00, 0x83, 0x00, 0x05, 0x00, 0x07, 0x00, 0x00, 0x00, // ................
	0x1a, 0x0c, 0x00, 0x00, 0x1f, 0x01, 0x00, 0x00, 0x19, 0x0c, 0x00, 0x00, 0x83, 0x00, 0x05, 0x00, // ................
	0x07, 0x00, 0x00, 0x00, 0x1d, 0x0c, 0x00, 0x00, 0x19, 0x0c, 0x00, 0x00, 0x1f, 0x01, 0x00, 0x00, // ................
	0xa9, 0x00, 0x06, 0x00, 0x07, 0x00, 0x00, 0x00, 0x1f, 0x0c, 0x00, 0x00, 0x34, 0x05, 0x00, 0x00, // ............4...
	0x1d, 0x0c, 0x00, 0x00, 0x1a, 0x0c, 0x00, 0x00, 0x50, 0x00, 0x07, 0x00, 0x0e, 0x00, 0x00, 0x00, // ........P.......
	0x25, 0x0c, 0x00, 0x00, 0x16, 0x0c, 0x00, 0x00, 0x1f, 0x0c, 0x00, 0x00, 0x1f, 0x01, 0x00, 0x00, // %...............
	0x1f, 0x01, 0x00, 0x00, 0x90, 0x00, 0x05, 0x00, 0x0e, 0x00, 0x00, 0x00, 0x28, 0x0c, 0x00, 0x00, // ............(...
	0x25, 0x0c, 0x00, 0x00, 0x49, 0x05, 0x00, 0x00, 0x4f, 0x00, 0x08, 0x00, 0x0b, 0x00, 0x00, 0x00, // %...I...O.......
	0x2a, 0x0c, 0x00, 0x00, 0x28, 0x0c, 0x00, 0x00, 0x28, 0x0c, 0x00, 0x00, 0x00, 0x00, 0x00, 0x00, // *...(...(.......
	0x01, 0x00, 0x00, 0x00, 0x02, 0x00, 0x00, 0x00, 0x51, 0x00, 0x05, 0x00, 0x07, 0x00, 0x00, 0x00, // ........Q.......
	0x2c, 0x0c, 0x00, 0x00, 0x28, 0x0c, 0x00, 0x00, 0x03, 0x00, 0x00, 0x00, 0x50, 0x00, 0x06, 0x00, // ,...(.......P...
	0x0b, 0x00, 0x00, 0x00, 0x2d, 0x0c, 0x00, 0x00, 0x2c, 0x0c, 0x00, 0x00, 0x2c, 0x0c, 0x00, 0x00, // ....-...,...,...
	0x2c, 0x0c, 0x00, 0x00, 0x88, 0x00, 0x05, 0x00, 0x0b, 0x00, 0x00, 0x00, 0x2e, 0x0c, 0x00, 0x00, // ,...............
	0x2a, 0x0c, 0x00, 0x00, 0x2d, 0x0c, 0x00, 0x00, 0x83, 0x00, 0x05, 0x00, 0x0b, 0x00, 0x00, 0x00, // *...-...........
	0x31, 0x0c, 0x00, 0x00, 0x2e, 0x0c, 0x00, 0x00, 0x44, 0x05, 0x00, 0x00, 0x0c, 0x00, 0x06, 0x00, // 1.......D.......
	0x0b, 0x00, 0x00, 0x00, 0x32, 0x0c, 0x00, 0x00, 0x01, 0x00, 0x00, 0x00, 0x45, 0x00, 0x00, 0x00, // ....2.......E...
	0x31, 0x0c, 0x00, 0x00, 0xf9, 0x00, 0x02, 0x00, 0x00, 0x0d, 0x00, 0x00, 0xf8, 0x00, 0x02, 0x00, // 1...............
	0x00, 0x0d, 0x00, 0x00, 0xf5, 0x00, 0x07, 0x00, 0x07, 0x00, 0x00, 0x00, 0x96, 0x13, 0x00, 0x00, // ................
	0x9f, 0x00, 0x00, 0x00, 0x0c, 0x0c, 0x00, 0x00, 0xe5, 0x14, 0x00, 0x00, 0x3c, 0x0d, 0x00, 0x00, // ............<...
	0xf5, 0x00, 0x07, 0x00, 0x2b, 0x00, 0x00, 0x00, 0x95, 0x13, 0x00, 0x00, 0xa0, 0x00, 0x00, 0x00, // ....+...........
	0x0c, 0x0c, 0x00, 0x00, 0xe3, 0x14, 0x00, 0x00, 0x3c, 0x0d, 0x00, 0x00, 0xf5, 0x00, 0x07, 0x00, // ........<.......
	0x2b, 0x00, 0x00, 0x00, 0x94, 0x13, 0x00, 0x00, 0x7a, 0x00, 0x00, 0x00, 0x0c, 0x0c, 0x00, 0x00, // +.......z.......
	0x3e, 0x0d, 0x00, 0x00, 0x3c, 0x0d, 0x00, 0x00, 0xb1, 0x00, 0x05, 0x00, 0x5f, 0x00, 0x00, 0x00, // >...<......._...
	0x03, 0x0d, 0x00, 0x00, 0x94, 0x13, 0x00, 0x00, 0xa8, 0x00, 0x00, 0x00, 0xf6, 0x00, 0x04, 0x00, // ................
	0x3f, 0x0d, 0x00, 0x00, 0x3c, 0x0d, 0x00, 0x00, 0x00, 0x00, 0x00, 0x00, 0xfa, 0x00, 0x04, 0x00, // ?...<...........
	0x03, 0x0d, 0x00, 0x00, 0x04, 0x0d, 0x00, 0x00, 0x3f, 0x0d, 0x00, 0x00, 0xf8, 0x00, 0x02, 0x00, // ........?.......
	0x04, 0x0d, 0x00, 0x00, 0xaf, 0x00, 0x05, 0x00, 0x5f, 0x00, 0x00, 0x00, 0x07, 0x0d, 0x00, 0x00, // ........_.......
	0x94, 0x13, 0x00, 0x00, 0x5d, 0x04, 0x00, 0x00, 0xaa, 0x00, 0x05, 0x00, 0x5f, 0x00, 0x00, 0x00, // ....]......._...
	0x0a, 0x0d, 0x00, 0x00, 0x94, 0x13, 0x00, 0x00, 0xa0, 0x00, 0x00, 0x00, 0xa6, 0x00, 0x05, 0x00, // ................
	0x5f, 0x00, 0x00, 0x00, 0x0b, 0x0d, 0x00, 0x00, 0x07, 0x0d, 0x00, 0x00, 0x0a, 0x0d, 0x00, 0x00, // _...............
	0xf7, 0x00, 0x03, 0x00, 0x0d, 0x0d, 0x00, 0x00, 0x00, 0x00, 0x00, 0x00, 0xfa, 0x00, 0x04, 0x00, // ................
	0x0b, 0x0d, 0x00, 0x00, 0x0c, 0x0d, 0x00, 0x00, 0x0d, 0x0d, 0x00, 0x00, 0xf8, 0x00, 0x02, 0x00, // ................
	0x0c, 0x0d, 0x00, 0x00, 0xf9, 0x00, 0x02, 0x00, 0x3c, 0x0d, 0x00, 0x00, 0xf8, 0x00, 0x02, 0x00, // ........<.......
	0x0d, 0x0d, 0x00, 0x00, 0x84, 0x00, 0x05, 0x00, 0x2b, 0x00, 0x00, 0x00, 0x0f, 0x0d, 0x00, 0x00, // ........+.......
	0x94, 0x13, 0x00, 0x00, 0xbd, 0x00, 0x00, 0x00, 0x41, 0x00, 0x06, 0x00, 0xc0, 0x00, 0x00, 0x00, // ........A.......
	0x11, 0x0d, 0x00, 0x00, 0xbb, 0x00, 0x00, 0x00, 0xa8, 0x00, 0x00, 0x00, 0x0f, 0x0d, 0x00, 0x00, // ................
	0x3d, 0x00, 0x04, 0x00, 0x0e, 0x00, 0x00, 0x00, 0x12, 0x0d, 0x00, 0x00, 0x11, 0x0d, 0x00, 0x00, // =...............
	0x4f, 0x00, 0x08, 0x00, 0x0b, 0x00, 0x00, 0x00, 0x14, 0x0d, 0x00, 0x00, 0x12, 0x0d, 0x00, 0x00, // O...............
	0x12, 0x0d, 0x00, 0x00, 0x00, 0x00, 0x00, 0x00, 0x01, 0x00, 0x00, 0x00, 0x02, 0x00, 0x00, 0x00, // ................
	0x51, 0x00, 0x05, 0x00, 0x07, 0x00, 0x00, 0x00, 0x16, 0x0d, 0x00, 0x00, 0x12, 0x0d, 0x00, 0x00, // Q...............
	0x03, 0x00, 0x00, 0x00, 0x83, 0x00, 0x05, 0x00, 0x0b, 0x00, 0x00, 0x00, 0x19, 0x0d, 0x00, 0x00, // ................
	0x44, 0x05, 0x00, 0x00, 0x14, 0x0d, 0x00, 0x00, 0x94, 0x00, 0x05, 0x00, 0x07, 0x00, 0x00, 0x00, // D...............
	0x1c, 0x0d, 0x00, 0x00, 0x19, 0x0d, 0x00, 0x00, 0x32, 0x0c, 0x00, 0x00, 0x94, 0x00, 0x05, 0x00, // ........2.......
	0x07, 0x00, 0x00, 0x00, 0x1f, 0x0d, 0x00, 0x00, 0x19, 0x0d, 0x00, 0x00, 0x19, 0x0d, 0x00, 0x00, // ................
	0x85, 0x00, 0x05, 0x00, 0x07, 0x00, 0x00, 0x00, 0x22, 0x0d, 0x00, 0x00, 0x16, 0x0d, 0x00, 0x00, // ........".......
	0x16, 0x0d, 0x00, 0x00, 0x83, 0x00, 0x05, 0x00, 0x07, 0x00, 0x00, 0x00, 0x23, 0x0d, 0x00, 0x00, // ............#...
	0x1f, 0x0d, 0x00, 0x00, 0x22, 0x0d, 0x00, 0x00, 0x85, 0x00, 0x05, 0x00, 0x07, 0x00, 0x00, 0x00, // ...."...........
	0x26, 0x0d, 0x00, 0x00, 0x1c, 0x0d, 0x00, 0x00, 0x1c, 0x0d, 0x00, 0x00, 0x83, 0x00, 0x05, 0x00, // &...............
	0x07, 0x00, 0x00, 0x00, 0x28, 0x0d, 0x00, 0x00, 0x26, 0x0d, 0x00, 0x00, 0x23, 0x0d, 0x00, 0x00, // ....(...&...#...
	0xb8, 0x00, 0x05, 0x00, 0x5f, 0x00, 0x00, 0x00, 0x2a, 0x0d, 0x00, 0x00, 0x28, 0x0d, 0x00, 0x00, // ...._...*...(...
	0xe1, 0x00, 0x00, 0x00, 0xf7, 0x00, 0x03, 0x00, 0x2c, 0x0d, 0x00, 0x00, 0x00, 0x00, 0x00, 0x00, // ........,.......
	0xfa, 0x00, 0x04, 0x00, 0x2a, 0x0d, 0x00, 0x00, 0x2b, 0x0d, 0x00, 0x00, 0x2c, 0x0d, 0x00, 0x00, // ....*...+...,...
	0xf8, 0x00, 0x02, 0x00, 0x2b, 0x0d, 0x00, 0x00, 0xf9, 0x00, 0x02, 0x00, 0x3c, 0x0d, 0x00, 0x00, // ....+.......<...
	0xf8, 0x00, 0x02, 0x00, 0x2c, 0x0d, 0x00, 0x00, 0x7f, 0x00, 0x04, 0x00, 0x07, 0x00, 0x00, 0x00, // ....,...........
	0x2e, 0x0d, 0x00, 0x00, 0x1c, 0x0d, 0x00, 0x00, 0x0c, 0x00, 0x06, 0x00, 0x07, 0x00, 0x00, 0x00, // ................
	0x30, 0x0d, 0x00, 0x00, 0x01, 0x00, 0x00, 0x00, 0x1f, 0x00, 0x00, 0x00, 0x28, 0x0d, 0x00, 0x00, // 0...........(...
	0x83, 0x00, 0x05, 0x00, 0x07, 0x00, 0x00, 0x00, 0x31, 0x0d, 0x00, 0x00, 0x2e, 0x0d, 0x00, 0x00, // ........1.......
	0x30, 0x0d, 0x00, 0x00, 0xba, 0x00, 0x05, 0x00, 0x5f, 0x00, 0x00, 0x00, 0x33, 0x0d, 0x00, 0x00, // 0......._...3...
	0x31, 0x0d, 0x00, 0x00, 0xed, 0x00, 0x00, 0x00, 0xb8, 0x00, 0x05, 0x00, 0x5f, 0x00, 0x00, 0x00, // 1..........._...
	0x36, 0x0d, 0x00, 0x00, 0x31, 0x0d, 0x00, 0x00, 0x96, 0x13, 0x00, 0x00, 0xa7, 0x00, 0x05, 0x00, // 6...1...........
	0x5f, 0x00, 0x00, 0x00, 0x37, 0x0d, 0x00, 0x00, 0x33, 0x0d, 0x00, 0x00, 0x36, 0x0d, 0x00, 0x00, // _...7...3...6...
	0xa9, 0x00, 0x06, 0x00, 0x07, 0x00, 0x00, 0x00, 0x4f, 0x15, 0x00, 0x00, 0x37, 0x0d, 0x00, 0x00, // ........O...7...
	0x31, 0x0d, 0x00, 0x00, 0x96, 0x13, 0x00, 0x00, 0xa9, 0x00, 0x06, 0x00, 0x2b, 0x00, 0x00, 0x00, // 1...........+...
	0x50, 0x15, 0x00, 0x00, 0x37, 0x0d, 0x00, 0x00, 0x94, 0x13, 0x00, 0x00, 0x95, 0x13, 0x00, 0x00, // P...7...........
	0xf9, 0x00, 0x02, 0x00, 0x3c, 0x0d, 0x00, 0x00, 0xf8, 0x00, 0x02, 0x00, 0x3c, 0x0d, 0x00, 0x00, // ....<.......<...
	0xf5, 0x00, 0x09, 0x00, 0x07, 0x00, 0x00, 0x00, 0xe5, 0x14, 0x00, 0x00, 0x96, 0x13, 0x00, 0x00, // ................
	0x0c, 0x0d, 0x00, 0x00, 0x96, 0x13, 0x00, 0x00, 0x2b, 0x0d, 0x00, 0x00, 0x4f, 0x15, 0x00, 0x00, // ........+...O...
	0x2c, 0x0d, 0x00, 0x00, 0xf5, 0x00, 0x09, 0x00, 0x2b, 0x00, 0x00, 0x00, 0xe3, 0x14, 0x00, 0x00, // ,.......+.......
	0x95, 0x13, 0x00, 0x00, 0x0c, 0x0d, 0x00, 0x00, 0x95, 0x13, 0x00, 0x00, 0x2b, 0x0d, 0x00, 0x00, // ............+...
	0x50, 0x15, 0x00, 0x00, 0x2c, 0x0d, 0x00, 0x00, 0x80, 0x00, 0x05, 0x00, 0x2b, 0x00, 0x00, 0x00, // P...,.......+...
	0x3e, 0x0d, 0x00, 0x00, 0x94, 0x13, 0x00, 0x00, 0x76, 0x00, 0x00, 0x00, 0xf9, 0x00, 0x02, 0x00, // >.......v.......
	0x00, 0x0d, 0x00, 0x00, 0xf8, 0x00, 0x02, 0x00, 0x3f, 0x0d, 0x00, 0x00, 0xaf, 0x00, 0x05, 0x00, // ........?.......
	0x5f, 0x00, 0x00, 0x00, 0x41, 0x0d, 0x00, 0x00, 0x95, 0x13, 0x00, 0x00, 0x7a, 0x00, 0x00, 0x00, // _...A.......z...
	0xa9, 0x00, 0x06, 0x00, 0x07, 0x00, 0x00, 0x00, 0x43, 0x0d, 0x00, 0x00, 0x41, 0x0d, 0x00, 0x00, // ........C...A...
	0x96, 0x13, 0x00, 0x00, 0xfc, 0x00, 0x00, 0x00, 0xb1, 0x00, 0x05, 0x00, 0x5f, 0x00, 0x00, 0x00, // ............_...
	0x39, 0x0c, 0x00, 0x00, 0x95, 0x13, 0x00, 0x00, 0x7a, 0x00, 0x00, 0x00, 0xf7, 0x00, 0x03, 0x00, // 9.......z.......
	0x3b, 0x0c, 0x00, 0x00, 0x00, 0x00, 0x00, 0x00, 0xfa, 0x00, 0x04, 0x00, 0x39, 0x0c, 0x00, 0x00, // ;...........9...
	0x3a, 0x0c, 0x00, 0x00, 0x3b, 0x0c, 0x00, 0x00, 0xf8, 0x00, 0x02, 0x00, 0x3a, 0x0c, 0x00, 0x00, // :...;.......:...
	0xf9, 0x00, 0x02, 0x00, 0xf2, 0x0c, 0x00, 0x00, 0xf8, 0x00, 0x02, 0x00, 0x3b, 0x0c, 0x00, 0x00, // ............;...
	0x8e, 0x00, 0x05, 0x00, 0x0b, 0x00, 0x00, 0x00, 0x3f, 0x0c, 0x00, 0x00, 0x32, 0x0c, 0x00, 0x00, // ........?...2...
	0x43, 0x0d, 0x00, 0x00, 0x81, 0x00, 0x05, 0x00, 0x0b, 0x00, 0x00, 0x00, 0x40, 0x0c, 0x00, 0x00, // C...........@...
	0x44, 0x05, 0x00, 0x00, 0x3f, 0x0c, 0x00, 0x00, 0xf9, 0x00, 0x02, 0x00, 0x47, 0x0c, 0x00, 0x00, // D...?.......G...
	0xf8, 0x00, 0x02, 0x00, 0x47, 0x0c, 0x00, 0x00, 0xf5, 0x00, 0x07, 0x00, 0x0b, 0x00, 0x00, 0x00, // ....G...........
	0xa3, 0x13, 0x00, 0x00, 0x1e, 0x01, 0x00, 0x00, 0x3b, 0x0c, 0x00, 0x00, 0x9c, 0x0c, 0x00, 0x00, // ........;.......
	0xd4, 0x0c, 0x00, 0x00, 0xf5, 0x00, 0x07, 0x00, 0x0b, 0x00, 0x00, 0x00, 0xa1, 0x13, 0x00, 0x00, // ................
	0x20, 0x01, 0x00, 0x00, 0x3b, 0x0c, 0x00, 0x00, 0xc9, 0x0c, 0x00, 0x00, 0xd4, 0x0c, 0x00, 0x00, //  ...;...........
	0xf5, 0x00, 0x07, 0x00, 0x2b, 0x00, 0x00, 0x00, 0x9b, 0x13, 0x00, 0x00, 0x95, 0x13, 0x00, 0x00, // ....+...........
	0x3b, 0x0c, 0x00, 0x00, 0xa6, 0x13, 0x00, 0x00, 0xd4, 0x0c, 0x00, 0x00, 0xf5, 0x00, 0x07, 0x00, // ;...............
	0x07, 0x00, 0x00, 0x00, 0x9a, 0x13, 0x00, 0x00, 0x43, 0x0d, 0x00, 0x00, 0x3b, 0x0c, 0x00, 0x00, // ........C...;...
	0xcf, 0x0e, 0x00, 0x00, 0xd4, 0x0c, 0x00, 0x00, 0xf5, 0x00, 0x07, 0x00, 0x0b, 0x00, 0x00, 0x00, // ................
	0x99, 0x13, 0x00, 0x00, 0x32, 0x0c, 0x00, 0x00, 0x3b, 0x0c, 0x00, 0x00, 0xa0, 0x0c, 0x00, 0x00, // ....2...;.......
	0xd4, 0x0c, 0x00, 0x00, 0xf5, 0x00, 0x07, 0x00, 0x0b, 0x00, 0x00, 0x00, 0x98, 0x13, 0x00, 0x00, // ................
	0x44, 0x05, 0x00, 0x00, 0x3b, 0x0c, 0x00, 0x00, 0xa4, 0x0c, 0x00, 0x00, 0xd4, 0x0c, 0x00, 0x00, // D...;...........
	0xf5, 0x00, 0x07, 0x00, 0x2b, 0x00, 0x00, 0x00, 0x97, 0x13, 0x00, 0x00, 0x7a, 0x00, 0x00, 0x00, // ....+.......z...
	0x3b, 0x0c, 0x00, 0x00, 0xd6, 0x0c, 0x00, 0x00, 0xd4, 0x0c, 0x00, 0x00, 0xb1, 0x00, 0x05, 0x00, // ;...............
	0x5f, 0x00, 0x00, 0x00, 0x4a, 0x0c, 0x00, 0x00, 0x97, 0x13, 0x00, 0x00, 0xbd, 0x00, 0x00, 0x00, // _...J...........
	0xf6, 0x00, 0x04, 0x00, 0xd7, 0x0c, 0x00, 0x00, 0xd4, 0x0c, 0x00, 0x00, 0x00, 0x00, 0x00, 0x00, // ................
	0xfa, 0x00, 0x04, 0x00, 0x4a, 0x0c, 0x00, 0x00, 0x4b, 0x0c, 0x00, 0x00, 0xd7, 0x0c, 0x00, 0x00, // ....J...K.......
	0xf8, 0x00, 0x02, 0x00, 0x4b, 0x0c, 0x00, 0x00, 0x8e, 0x00, 0x05, 0x00, 0x0b, 0x00, 0x00, 0x00, // ....K...........
	0x4f, 0x0c, 0x00, 0x00, 0x99, 0x13, 0x00, 0x00, 0x9a, 0x13, 0x00, 0x00, 0x81, 0x00, 0x05, 0x00, // O...............
	0x0b, 0x00, 0x00, 0x00, 0x50, 0x0c, 0x00, 0x00, 0x98, 0x13, 0x00, 0x00, 0x4f, 0x0c, 0x00, 0x00, // ....P.......O...
	0x84, 0x00, 0x05, 0x00, 0x2b, 0x00, 0x00, 0x00, 0x52, 0x0c, 0x00, 0x00, 0x9b, 0x13, 0x00, 0x00, // ....+...R.......
	0xbd, 0x00, 0x00, 0x00, 0x41, 0x00, 0x06, 0x00, 0xc0, 0x00, 0x00, 0x00, 0x54, 0x0c, 0x00, 0x00, // ....A.......T...
	0xbb, 0x00, 0x00, 0x00, 0xa8, 0x00, 0x00, 0x00, 0x52, 0x0c, 0x00, 0x00, 0x3d, 0x00, 0x04, 0x00, // ........R...=...
	0x0e, 0x00, 0x00, 0x00, 0x55, 0x0c, 0x00, 0x00, 0x54, 0x0c, 0x00, 0x00, 0x80, 0x00, 0x05, 0x00, // ....U...T.......
	0x2b, 0x00, 0x00, 0x00, 0x58, 0x0c, 0x00, 0x00, 0x52, 0x0c, 0x00, 0x00, 0x76, 0x00, 0x00, 0x00, // +...X...R...v...
	0x41, 0x00, 0x06, 0x00, 0xc0, 0x00, 0x00, 0x00, 0x59, 0x0c, 0x00, 0x00, 0xbb, 0x00, 0x00, 0x00, // A.......Y.......
	0xa8, 0x00, 0x00, 0x00, 0x58, 0x0c, 0x00, 0x00, 0x3d, 0x00, 0x04, 0x00, 0x0e, 0x00, 0x00, 0x00, // ....X...=.......
	0x5a, 0x0c, 0x00, 0x00, 0x59, 0x0c, 0x00, 0x00, 0x80, 0x00, 0x05, 0x00, 0x2b, 0x00, 0x00, 0x00, // Z...Y.......+...
	0x5d, 0x0c, 0x00, 0x00, 0x52, 0x0c, 0x00, 0x00, 0xff, 0x01, 0x00, 0x00, 0x41, 0x00, 0x06, 0x00, // ]...R.......A...
	0xc0, 0x00, 0x00, 0x00, 0x5e, 0x0c, 0x00, 0x00, 0xbb, 0x00, 0x00, 0x00, 0xa8, 0x00, 0x00, 0x00, // ....^...........
	0x5d, 0x0c, 0x00, 0x00, 0x3d, 0x00, 0x04, 0x00, 0x0e, 0x00, 0x00, 0x00, 0x5f, 0x0c, 0x00, 0x00, // ]...=......._...
	0x5e, 0x0c, 0x00, 0x00, 0x4f, 0x00, 0x08, 0x00, 0x0b, 0x00, 0x00, 0x00, 0x62, 0x0c, 0x00, 0x00, // ^...O.......b...
	0x55, 0x0c, 0x00, 0x00, 0x55, 0x0c, 0x00, 0x00, 0x00, 0x00, 0x00, 0x00, 0x01, 0x00, 0x00, 0x00, // U...U...........
	0x02, 0x00, 0x00, 0x00, 0x83, 0x00, 0x05, 0x00, 0x0b, 0x00, 0x00, 0x00, 0x63, 0x0c, 0x00, 0x00, // ............c...
	0x50, 0x0c, 0x00, 0x00, 0x62, 0x0c, 0x00, 0x00, 0x0c, 0x00, 0x06, 0x00, 0x0b, 0x00, 0x00, 0x00, // P...b...........
	0x64, 0x0c, 0x00, 0x00, 0x01, 0x00, 0x00, 0x00, 0x45, 0x00, 0x00, 0x00, 0x63, 0x0c, 0x00, 0x00, // d.......E...c...
	0x51, 0x00, 0x05, 0x00, 0x07, 0x00, 0x00, 0x00, 0x66, 0x0c, 0x00, 0x00, 0x5f, 0x0c, 0x00, 0x00, // Q.......f..._...
	0x00, 0x00, 0x00, 0x00, 0x0c, 0x00, 0x08, 0x00, 0x07, 0x00, 0x00, 0x00, 0x67, 0x0c, 0x00, 0x00, // ............g...
	0x01, 0x00, 0x00, 0x00, 0x2b, 0x00, 0x00, 0x00, 0x66, 0x0c, 0x00, 0x00, 0x80, 0x02, 0x00, 0x00, // ....+...f.......
	0x1f, 0x01, 0x00, 0x00, 0x51, 0x00, 0x05, 0x00, 0x07, 0x00, 0x00, 0x00, 0x69, 0x0c, 0x00, 0x00, // ....Q.......i...
	0x5f, 0x0c, 0x00, 0x00, 0x01, 0x00, 0x00, 0x00, 0x0c, 0x00, 0x08, 0x00, 0x07, 0x00, 0x00, 0x00, // _...............
	0x6a, 0x0c, 0x00, 0x00, 0x01, 0x00, 0x00, 0x00, 0x2b, 0x00, 0x00, 0x00, 0x69, 0x0c, 0x00, 0x00, // j.......+...i...
	0xe1, 0x00, 0x00, 0x00, 0x1f, 0x01, 0x00, 0x00, 0x51, 0x00, 0x05, 0x00, 0x07, 0x00, 0x00, 0x00, // ........Q.......
	0x6c, 0x0c, 0x00, 0x00, 0x5a, 0x0c, 0x00, 0x00, 0x03, 0x00, 0x00, 0x00, 0x0c, 0x00, 0x08, 0x00, // l...Z...........
	0x07, 0x00, 0x00, 0x00, 0x6d, 0x0c, 0x00, 0x00, 0x01, 0x00, 0x00, 0x00, 0x2b, 0x00, 0x00, 0x00, // ....m.......+...
	0x6c, 0x0c, 0x00, 0x00, 0x80, 0x02, 0x00, 0x00, 0x1f, 0x01, 0x00, 0x00, 0x4f, 0x00, 0x08, 0x00, // l...........O...
	0x0b, 0x00, 0x00, 0x00, 0x71, 0x0c, 0x00, 0x00, 0x5a, 0x0c, 0x00, 0x00, 0x5a, 0x0c, 0x00, 0x00, // ....q...Z...Z...
	0x00, 0x00, 0x00, 0x00, 0x01, 0x00, 0x00, 0x00, 0x02, 0x00, 0x00, 0x00, 0x0c, 0x00, 0x07, 0x00, // ................
	0x0b, 0x00, 0x00, 0x00, 0xcb, 0x0d, 0x00, 0x00, 0x01, 0x00, 0x00, 0x00, 0x28, 0x00, 0x00, 0x00, // ............(...
	0x71, 0x0c, 0x00, 0x00, 0x1e, 0x01, 0x00, 0x00, 0x0c, 0x00, 0x07, 0x00, 0x0b, 0x00, 0x00, 0x00, // q...............
	0xcd, 0x0d, 0x00, 0x00, 0x01, 0x00, 0x00, 0x00, 0x1a, 0x00, 0x00, 0x00, 0xcb, 0x0d, 0x00, 0x00, // ................
	0xf3, 0x12, 0x00, 0x00, 0x41, 0x00, 0x05, 0x00, 0xc0, 0x00, 0x00, 0x00, 0x6d, 0x0d, 0x00, 0x00, // ....A.......m...
	0xbb, 0x00, 0x00, 0x00, 0xbd, 0x00, 0x00, 0x00, 0x3d, 0x00, 0x04, 0x00, 0x0e, 0x00, 0x00, 0x00, // ........=.......
	0x6e, 0x0d, 0x00, 0x00, 0x6d, 0x0d, 0x00, 0x00, 0x4f, 0x00, 0x08, 0x00, 0x0b, 0x00, 0x00, 0x00, // n...m...O.......
	0x6f, 0x0d, 0x00, 0x00, 0x6e, 0x0d, 0x00, 0x00, 0x6e, 0x0d, 0x00, 0x00, 0x00, 0x00, 0x00, 0x00, // o...n...n.......
	0x01, 0x00, 0x00, 0x00, 0x02, 0x00, 0x00, 0x00, 0x7f, 0x00, 0x04, 0x00, 0x0b, 0x00, 0x00, 0x00, // ................
	0x70, 0x0d, 0x00, 0x00, 0x6f, 0x0d, 0x00, 0x00, 0x0c, 0x00, 0x06, 0x00, 0x0b, 0x00, 0x00, 0x00, // p...o...........
	0x71, 0x0d, 0x00, 0x00, 0x01, 0x00, 0x00, 0x00, 0x45, 0x00, 0x00, 0x00, 0x70, 0x0d, 0x00, 0x00, // q.......E...p...
	0x94, 0x00, 0x05, 0x00, 0x07, 0x00, 0x00, 0x00, 0x74, 0x0d, 0x00, 0x00, 0x64, 0x0c, 0x00, 0x00, // ........t...d...
	0x71, 0x0d, 0x00, 0x00, 0x0c, 0x00, 0x07, 0x00, 0x07, 0x00, 0x00, 0x00, 0x75, 0x0d, 0x00, 0x00, // q...........u...
	0x01, 0x00, 0x00, 0x00, 0x28, 0x00, 0x00, 0x00, 0x74, 0x0d, 0x00, 0x00, 0xe1, 0x00, 0x00, 0x00, // ....(...t.......
	0x85, 0x00, 0x05, 0x00, 0x07, 0x00, 0x00, 0x00, 0x79, 0x0d, 0x00, 0x00, 0x74, 0x0d, 0x00, 0x00, // ........y...t...
	0x2d, 0x01, 0x00, 0x00, 0x81, 0x00, 0x05, 0x00, 0x07, 0x00, 0x00, 0x00, 0x7a, 0x0d, 0x00, 0x00, // -...........z...
	0x79, 0x0d, 0x00, 0x00, 0x2d, 0x01, 0x00, 0x00, 0x0c, 0x00, 0x07, 0x00, 0x07, 0x00, 0x00, 0x00, // y...-...........
	0x7b, 0x0d, 0x00, 0x00, 0x01, 0x00, 0x00, 0x00, 0x28, 0x00, 0x00, 0x00, 0x7a, 0x0d, 0x00, 0x00, // {.......(...z...
	0xe1, 0x00, 0x00, 0x00, 0x85, 0x00, 0x05, 0x00, 0x07, 0x00, 0x00, 0x00, 0x7e, 0x0d, 0x00, 0x00, // ............~...
	0x7b, 0x0d, 0x00, 0x00, 0x7b, 0x0d, 0x00, 0x00, 0x51, 0x00, 0x05, 0x00, 0x07, 0x00, 0x00, 0x00, // {...{...Q.......
	0x80, 0x0d, 0x00, 0x00, 0x64, 0x0c, 0x00, 0x00, 0x01, 0x00, 0x00, 0x00, 0x85, 0x00, 0x05, 0x00, // ....d...........
	0x07, 0x00, 0x00, 0x00, 0x81, 0x0d, 0x00, 0x00, 0x80, 0x0d, 0x00, 0x00, 0x2d, 0x01, 0x00, 0x00, // ............-...
	0x81, 0x00, 0x05, 0x00, 0x07, 0x00, 0x00, 0x00, 0x82, 0x0d, 0x00, 0x00, 0x81, 0x0d, 0x00, 0x00, // ................
	0x2d, 0x01, 0x00, 0x00, 0x0c, 0x00, 0x08, 0x00, 0x07, 0x00, 0x00, 0x00, 0x83, 0x0d, 0x00, 0x00, // -...............
	0x01, 0x00, 0x00, 0x00, 0x2b, 0x00, 0x00, 0x00, 0x82, 0x0d, 0x00, 0x00, 0xe1, 0x00, 0x00, 0x00, // ....+...........
	0x1f, 0x01, 0x00, 0x00, 0x85, 0x00, 0x05, 0x00, 0x07, 0x00, 0x00, 0x00, 0x86, 0x0d, 0x00, 0x00, // ................
	0x83, 0x0d, 0x00, 0x00, 0x83, 0x0d, 0x00, 0x00, 0x85, 0x00, 0x05, 0x00, 0x07, 0x00, 0x00, 0x00, // ................
	0x88, 0x0d, 0x00, 0x00, 0x9b, 0x01, 0x00, 0x00, 0x83, 0x0d, 0x00, 0x00, 0x83, 0x00, 0x05, 0x00, // ................
	0x07, 0x00, 0x00, 0x00, 0x89, 0x0d, 0x00, 0x00, 0x9a, 0x01, 0x00, 0x00, 0x88, 0x0d, 0x00, 0x00, // ................
	0x85, 0x00, 0x05, 0x00, 0x07, 0x00, 0x00, 0x00, 0x8a, 0x0d, 0x00, 0x00, 0x86, 0x0d, 0x00, 0x00, // ................
	0x89, 0x0d, 0x00, 0x00, 0x41, 0x00, 0x05, 0x00, 0xc0, 0x00, 0x00, 0x00, 0xd8, 0x0d, 0x00, 0x00, // ....A...........
	0xbb, 0x00, 0x00, 0x00, 0x32, 0x01, 0x00, 0x00, 0x3d, 0x00, 0x04, 0x00, 0x0e, 0x00, 0x00, 0x00, // ....2...=.......
	0xd9, 0x0d, 0x00, 0x00, 0xd8, 0x0d, 0x00, 0x00, 0x4f, 0x00, 0x08, 0x00, 0x0b, 0x00, 0x00, 0x00, // ........O.......
	0xda, 0x0d, 0x00, 0x00, 0xd9, 0x0d, 0x00, 0x00, 0xd9, 0x0d, 0x00, 0x00, 0x00, 0x00, 0x00, 0x00, // ................
	0x01, 0x00, 0x00, 0x00, 0x02, 0x00, 0x00, 0x00, 0x41, 0x00, 0x06, 0x00, 0x58, 0x01, 0x00, 0x00, // ........A...X...
	0xdb, 0x0d, 0x00, 0x00, 0xbb, 0x00, 0x00, 0x00, 0x32, 0x01, 0x00, 0x00, 0xc7, 0x00, 0x00, 0x00, // ........2.......
	0x3d, 0x00, 0x04, 0x00, 0x07, 0x00, 0x00, 0x00, 0xdc, 0x0d, 0x00, 0x00, 0xdb, 0x0d, 0x00, 0x00, // =...............
	0x8e, 0x00, 0x05, 0x00, 0x0b, 0x00, 0x00, 0x00, 0xdd, 0x0d, 0x00, 0x00, 0xda, 0x0d, 0x00, 0x00, // ................
	0xdc, 0x0d, 0x00, 0x00, 0x0c, 0x00, 0x08, 0x00, 0x07, 0x00, 0x00, 0x00, 0xe3, 0x0d, 0x00, 0x00, // ................
	0x01, 0x00, 0x00, 0x00, 0x2e, 0x00, 0x00, 0x00, 0xa2, 0x01, 0x00, 0x00, 0xa3, 0x01, 0x00, 0x00, // ................
	0x8a, 0x0d, 0x00, 0x00, 0x8e, 0x00, 0x05, 0x00, 0x0b, 0x00, 0x00, 0x00, 0x8e, 0x0d, 0x00, 0x00, // ................
	0xdd, 0x0d, 0x00, 0x00, 0xe3, 0x0d, 0x00, 0x00, 0x83, 0x00, 0x05, 0x00, 0x0b, 0x00, 0x00, 0x00, // ................
	0x92, 0x0d, 0x00, 0x00, 0x71, 0x0d, 0x00, 0x00, 0x99, 0x13, 0x00, 0x00, 0x0c, 0x00, 0x06, 0x00, // ....q...........
	0x0b, 0x00, 0x00, 0x00, 0x93, 0x0d, 0x00, 0x00, 0x01, 0x00, 0x00, 0x00, 0x45, 0x00, 0x00, 0x00, // ............E...
	0x92, 0x0d, 0x00, 0x00, 0x0c, 0x00, 0x08, 0x00, 0x07, 0x00, 0x00, 0x00, 0xe9, 0x0d, 0x00, 0x00, // ................
	0x01, 0x00, 0x00, 0x00, 0x2e, 0x00, 0x00, 0x00, 0xb1, 0x01, 0x00, 0x00, 0xb2, 0x01, 0x00, 0x00, // ................
	0x67, 0x0c, 0x00, 0x00, 0x94, 0x00, 0x05, 0x00, 0x07, 0x00, 0x00, 0x00, 0x98, 0x0d, 0x00, 0x00, // g...............
	0x64, 0x0c, 0x00, 0x00, 0x93, 0x0d, 0x00, 0x00, 0x0c, 0x00, 0x07, 0x00, 0x07, 0x00, 0x00, 0x00, // d...............
	0x99, 0x0d, 0x00, 0x00, 0x01, 0x00, 0x00, 0x00, 0x28, 0x00, 0x00, 0x00, 0x98, 0x0d, 0x00, 0x00, // ........(.......
	0xe1, 0x00, 0x00, 0x00, 0x0c, 0x00, 0x07, 0x00, 0x07, 0x00, 0x00, 0x00, 0x9b, 0x0d, 0x00, 0x00, // ................
	0x01, 0x00, 0x00, 0x00, 0x1a, 0x00, 0x00, 0x00, 0x99, 0x0d, 0x00, 0x00, 0xe9, 0x0d, 0x00, 0x00, // ................
	0x0c, 0x00, 0x08, 0x00, 0x07, 0x00, 0x00, 0x00, 0xef, 0x0d, 0x00, 0x00, 0x01, 0x00, 0x00, 0x00, // ................
	0x2e, 0x00, 0x00, 0x00, 0xbf, 0x01, 0x00, 0x00, 0xc0, 0x01, 0x00, 0x00, 0x67, 0x0c, 0x00, 0x00, // ............g...
	0x85, 0x00, 0x05, 0x00, 0x07, 0x00, 0x00, 0x00, 0x9e, 0x0d, 0x00, 0x00, 0x9b, 0x0d, 0x00, 0x00, // ................
	0xef, 0x0d, 0x00, 0x00, 0x8e, 0x00, 0x05, 0x00, 0x0b, 0x00, 0x00, 0x00, 0x00, 0x0e, 0x00, 0x00, // ................
	0x64, 0x0c, 0x00, 0x00, 0x66, 0x01, 0x00, 0x00, 0x81, 0x00, 0x05, 0x00, 0x0b, 0x00, 0x00, 0x00, // d...f...........
	0x01, 0x0e, 0x00, 0x00, 0x50, 0x0c, 0x00, 0x00, 0x00, 0x0e, 0x00, 0x00, 0xf9, 0x00, 0x02, 0x00, // ....P...........
	0x15, 0x0e, 0x00, 0x00, 0xf8, 0x00, 0x02, 0x00, 0x15, 0x0e, 0x00, 0x00, 0xf5, 0x00, 0x07, 0x00, // ................
	0x07, 0x00, 0x00, 0x00, 0x9e, 0x13, 0x00, 0x00, 0x9f, 0x00, 0x00, 0x00, 0x4b, 0x0c, 0x00, 0x00, // ............K...
	0xe9, 0x14, 0x00, 0x00, 0x51, 0x0e, 0x00, 0x00, 0xf5, 0x00, 0x07, 0x00, 0x2b, 0x00, 0x00, 0x00, // ....Q.......+...
	0x9d, 0x13, 0x00, 0x00, 0xa0, 0x00, 0x00, 0x00, 0x4b, 0x0c, 0x00, 0x00, 0xe7, 0x14, 0x00, 0x00, // ........K.......
	0x51, 0x0e, 0x00, 0x00, 0xf5, 0x00, 0x07, 0x00, 0x2b, 0x00, 0x00, 0x00, 0x9c, 0x13, 0x00, 0x00, // Q.......+.......
	0x7a, 0x00, 0x00, 0x00, 0x4b, 0x0c, 0x00, 0x00, 0x53, 0x0e, 0x00, 0x00, 0x51, 0x0e, 0x00, 0x00, // z...K...S...Q...
	0xb1, 0x00, 0x05, 0x00, 0x5f, 0x00, 0x00, 0x00, 0x18, 0x0e, 0x00, 0x00, 0x9c, 0x13, 0x00, 0x00, // ...._...........
	0xa8, 0x00, 0x00, 0x00, 0xf6, 0x00, 0x04, 0x00, 0x54, 0x0e, 0x00, 0x00, 0x51, 0x0e, 0x00, 0x00, // ........T...Q...
	0x00, 0x00, 0x00, 0x00, 0xfa, 0x00, 0x04, 0x00, 0x18, 0x0e, 0x00, 0x00, 0x19, 0x0e, 0x00, 0x00, // ................
	0x54, 0x0e, 0x00, 0x00, 0xf8, 0x00, 0x02, 0x00, 0x19, 0x0e, 0x00, 0x00, 0xaf, 0x00, 0x05, 0x00, // T...............
	0x5f, 0x00, 0x00, 0x00, 0x1c, 0x0e, 0x00, 0x00, 0x9c, 0x13, 0x00, 0x00, 0x5d, 0x04, 0x00, 0x00, // _...........]...
	0xaa, 0x00, 0x05, 0x00, 0x5f, 0x00, 0x00, 0x00, 0x1f, 0x0e, 0x00, 0x00, 0x9c, 0x13, 0x00, 0x00, // ...._...........
	0x9b, 0x13, 0x00, 0x00, 0xa6, 0x00, 0x05, 0x00, 0x5f, 0x00, 0x00, 0x00, 0x20, 0x0e, 0x00, 0x00, // ........_... ...
	0x1c, 0x0e, 0x00, 0x00, 0x1f, 0x0e, 0x00, 0x00, 0xf7, 0x00, 0x03, 0x00, 0x22, 0x0e, 0x00, 0x00, // ............"...
	0x00, 0x00, 0x00, 0x00, 0xfa, 0x00, 0x04, 0x00, 0x20, 0x0e, 0x00, 0x00, 0x21, 0x0e, 0x00, 0x00, // ........ ...!...
	0x22, 0x0e, 0x00, 0x00, 0xf8, 0x00, 0x02, 0x00, 0x21, 0x0e, 0x00, 0x00, 0xf9, 0x00, 0x02, 0x00, // ".......!.......
	0x51, 0x0e, 0x00, 0x00, 0xf8, 0x00, 0x02, 0x00, 0x22, 0x0e, 0x00, 0x00, 0x84, 0x00, 0x05, 0x00, // Q.......".......
	0x2b, 0x00, 0x00, 0x00, 0x24, 0x0e, 0x00, 0x00, 0x9c, 0x13, 0x00, 0x00, 0xbd, 0x00, 0x00, 0x00, // +...$...........
	0x41, 0x00, 0x06, 0x00, 0xc0, 0x00, 0x00, 0x00, 0x26, 0x0e, 0x00, 0x00, 0xbb, 0x00, 0x00, 0x00, // A.......&.......
	0xa8, 0x00, 0x00, 0x00, 0x24, 0x0e, 0x00, 0x00, 0x3d, 0x00, 0x04, 0x00, 0x0e, 0x00, 0x00, 0x00, // ....$...=.......
	0x27, 0x0e, 0x00, 0x00, 0x26, 0x0e, 0x00, 0x00, 0x4f, 0x00, 0x08, 0x00, 0x0b, 0x00, 0x00, 0x00, // '...&...O.......
	0x29, 0x0e, 0x00, 0x00, 0x27, 0x0e, 0x00, 0x00, 0x27, 0x0e, 0x00, 0x00, 0x00, 0x00, 0x00, 0x00, // )...'...'.......
	0x01, 0x00, 0x00, 0x00, 0x02, 0x00, 0x00, 0x00, 0x51, 0x00, 0x05, 0x00, 0x07, 0x00, 0x00, 0x00, // ........Q.......
	0x2b, 0x0e, 0x00, 0x00, 0x27, 0x0e, 0x00, 0x00, 0x03, 0x00, 0x00, 0x00, 0x83, 0x00, 0x05, 0x00, // +...'...........
	0x0b, 0x00, 0x00, 0x00, 0x2e, 0x0e, 0x00, 0x00, 0x01, 0x0e, 0x00, 0x00, 0x29, 0x0e, 0x00, 0x00, // ............)...
	0x94, 0x00, 0x05, 0x00, 0x07, 0x00, 0x00, 0x00, 0x31, 0x0e, 0x00, 0x00, 0x2e, 0x0e, 0x00, 0x00, // ........1.......
	0x71, 0x0d, 0x00, 0x00, 0x94, 0x00, 0x05, 0x00, 0x07, 0x00, 0x00, 0x00, 0x34, 0x0e, 0x00, 0x00, // q...........4...
	0x2e, 0x0e, 0x00, 0x00, 0x2e, 0x0e, 0x00, 0x00, 0x85, 0x00, 0x05, 0x00, 0x07, 0x00, 0x00, 0x00, // ................
	0x37, 0x0e, 0x00, 0x00, 0x2b, 0x0e, 0x00, 0x00, 0x2b, 0x0e, 0x00, 0x00, 0x83, 0x00, 0x05, 0x00, // 7...+...+.......
	0x07, 0x00, 0x00, 0x00, 0x38, 0x0e, 0x00, 0x00, 0x34, 0x0e, 0x00, 0x00, 0x37, 0x0e, 0x00, 0x00, // ....8...4...7...
	0x85, 0x00, 0x05, 0x00, 0x07, 0x00, 0x00, 0x00, 0x3b, 0x0e, 0x00, 0x00, 0x31, 0x0e, 0x00, 0x00, // ........;...1...
	0x31, 0x0e, 0x00, 0x00, 0x83, 0x00, 0x05, 0x00, 0x07, 0x00, 0x00, 0x00, 0x3d, 0x0e, 0x00, 0x00, // 1...........=...
	0x3b, 0x0e, 0x00, 0x00, 0x38, 0x0e, 0x00, 0x00, 0xb8, 0x00, 0x05, 0x00, 0x5f, 0x00, 0x00, 0x00, // ;...8......._...
	0x3f, 0x0e, 0x00, 0x00, 0x3d, 0x0e, 0x00, 0x00, 0xe1, 0x00, 0x00, 0x00, 0xf7, 0x00, 0x03, 0x00, // ?...=...........
	0x41, 0x0e, 0x00, 0x00, 0x00, 0x00, 0x00, 0x00, 0xfa, 0x00, 0x04, 0x00, 0x3f, 0x0e, 0x00, 0x00, // A...........?...
	0x40, 0x0e, 0x00, 0x00, 0x41, 0x0e, 0x00, 0x00, 0xf8, 0x00, 0x02, 0x00, 0x40, 0x0e, 0x00, 0x00, // @...A.......@...
	0xf9, 0x00, 0x02, 0x00, 0x51, 0x0e, 0x00, 0x00, 0xf8, 0x00, 0x02, 0x00, 0x41, 0x0e, 0x00, 0x00, // ....Q.......A...
	0x7f, 0x00, 0x04, 0x00, 0x07, 0x00, 0x00, 0x00, 0x43, 0x0e, 0x00, 0x00, 0x31, 0x0e, 0x00, 0x00, // ........C...1...
	0x0c, 0x00, 0x06, 0x00, 0x07, 0x00, 0x00, 0x00, 0x45, 0x0e, 0x00, 0x00, 0x01, 0x00, 0x00, 0x00, // ........E.......
	0x1f, 0x00, 0x00, 0x00, 0x3d, 0x0e, 0x00, 0x00, 0x83, 0x00, 0x05, 0x00, 0x07, 0x00, 0x00, 0x00, // ....=...........
	0x46, 0x0e, 0x00, 0x00, 0x43, 0x0e, 0x00, 0x00, 0x45, 0x0e, 0x00, 0x00, 0xba, 0x00, 0x05, 0x00, // F...C...E.......
	0x5f, 0x00, 0x00, 0x00, 0x48, 0x0e, 0x00, 0x00, 0x46, 0x0e, 0x00, 0x00, 0xed, 0x00, 0x00, 0x00, // _...H...F.......
	0xb8, 0x00, 0x05, 0x00, 0x5f, 0x00, 0x00, 0x00, 0x4b, 0x0e, 0x00, 0x00, 0x46, 0x0e, 0x00, 0x00, // ...._...K...F...
	0x9e, 0x13, 0x00, 0x00, 0xa7, 0x00, 0x05, 0x00, 0x5f, 0x00, 0x00, 0x00, 0x4c, 0x0e, 0x00, 0x00, // ........_...L...
	0x48, 0x0e, 0x00, 0x00, 0x4b, 0x0e, 0x00, 0x00, 0xa9, 0x00, 0x06, 0x00, 0x07, 0x00, 0x00, 0x00, // H...K...........
	0x51, 0x15, 0x00, 0x00, 0x4c, 0x0e, 0x00, 0x00, 0x46, 0x0e, 0x00, 0x00, 0x9e, 0x13, 0x00, 0x00, // Q...L...F.......
	0xa9, 0x00, 0x06, 0x00, 0x2b, 0x00, 0x00, 0x00, 0x52, 0x15, 0x00, 0x00, 0x4c, 0x0e, 0x00, 0x00, // ....+...R...L...
	0x9c, 0x13, 0x00, 0x00, 0x9d, 0x13, 0x00, 0x00, 0xf9, 0x00, 0x02, 0x00, 0x51, 0x0e, 0x00, 0x00, // ............Q...
	0xf8, 0x00, 0x02, 0x00, 0x51, 0x0e, 0x00, 0x00, 0xf5, 0x00, 0x09, 0x00, 0x07, 0x00, 0x00, 0x00, // ....Q...........
	0xe9, 0x14, 0x00, 0x00, 0x9e, 0x13, 0x00, 0x00, 0x21, 0x0e, 0x00, 0x00, 0x9e, 0x13, 0x00, 0x00, // ........!.......
	0x40, 0x0e, 0x00, 0x00, 0x51, 0x15, 0x00, 0x00, 0x41, 0x0e, 0x00, 0x00, 0xf5, 0x00, 0x09, 0x00, // @...Q...A.......
	0x2b, 0x00, 0x00, 0x00, 0xe7, 0x14, 0x00, 0x00, 0x9d, 0x13, 0x00, 0x00, 0x21, 0x0e, 0x00, 0x00, // +...........!...
	0x9d, 0x13, 0x00, 0x00, 0x40, 0x0e, 0x00, 0x00, 0x52, 0x15, 0x00, 0x00, 0x41, 0x0e, 0x00, 0x00, // ....@...R...A...
	0x80, 0x00, 0x05, 0x00, 0x2b, 0x00, 0x00, 0x00, 0x53, 0x0e, 0x00, 0x00, 0x9c, 0x13, 0x00, 0x00, // ....+...S.......
	0x76, 0x00, 0x00, 0x00, 0xf9, 0x00, 0x02, 0x00, 0x15, 0x0e, 0x00, 0x00, 0xf8, 0x00, 0x02, 0x00, // v...............
	0x54, 0x0e, 0x00, 0x00, 0xaf, 0x00, 0x05, 0x00, 0x5f, 0x00, 0x00, 0x00, 0x56, 0x0e, 0x00, 0x00, // T......._...V...
	0x9d, 0x13, 0x00, 0x00, 0x7a, 0x00, 0x00, 0x00, 0xa9, 0x00, 0x06, 0x00, 0x07, 0x00, 0x00, 0x00, // ....z...........
	0x58, 0x0e, 0x00, 0x00, 0x56, 0x0e, 0x00, 0x00, 0x9e, 0x13, 0x00, 0x00, 0xfc, 0x00, 0x00, 0x00, // X...V...........
	0xba, 0x00, 0x05, 0x00, 0x5f, 0x00, 0x00, 0x00, 0x07, 0x0e, 0x00, 0x00, 0x58, 0x0e, 0x00, 0x00, // ...._.......X...
	0xe1, 0x00, 0x00, 0x00, 0xa9, 0x00, 0x06, 0x00, 0x07, 0x00, 0x00, 0x00, 0x08, 0x0e, 0x00, 0x00, // ................
	0x07, 0x0e, 0x00, 0x00, 0xe1, 0x00, 0x00, 0x00, 0x1f, 0x01, 0x00, 0x00, 0x41, 0x00, 0x05, 0x00, // ............A...
	0xc0, 0x00, 0x00, 0x00, 0xa6, 0x0d, 0x00, 0x00, 0xbb, 0x00, 0x00, 0x00, 0xd4, 0x01, 0x00, 0x00, // ................
	0x3d, 0x00, 0x04, 0x00, 0x0e, 0x00, 0x00, 0x00, 0xa7, 0x0d, 0x00, 0x00, 0xa6, 0x0d, 0x00, 0x00, // =...............
	0x4f, 0x00, 0x08, 0x00, 0x0b, 0x00, 0x00, 0x00, 0xa8, 0x0d, 0x00, 0x00, 0xa7, 0x0d, 0x00, 0x00, // O...............
	0xa7, 0x0d, 0x00, 0x00, 0x00, 0x00, 0x00, 0x00, 0x01, 0x00, 0x00, 0x00, 0x02, 0x00, 0x00, 0x00, // ................
	0x85, 0x00, 0x05, 0x00, 0x07, 0x00, 0x00, 0x00, 0xaa, 0x0d, 0x00, 0x00, 0x75, 0x0d, 0x00, 0x00, // ............u...
	0x49, 0x01, 0x00, 0x00, 0x85, 0x00, 0x05, 0x00, 0x07, 0x00, 0x00, 0x00, 0xac, 0x0d, 0x00, 0x00, // I...............
	0x7e, 0x0d, 0x00, 0x00, 0xdb, 0x01, 0x00, 0x00, 0x81, 0x00, 0x05, 0x00, 0x07, 0x00, 0x00, 0x00, // ~...............
	0xad, 0x0d, 0x00, 0x00, 0xaa, 0x0d, 0x00, 0x00, 0xac, 0x0d, 0x00, 0x00, 0x8e, 0x00, 0x05, 0x00, // ................
	0x0b, 0x00, 0x00, 0x00, 0xae, 0x0d, 0x00, 0x00, 0xa8, 0x0d, 0x00, 0x00, 0xad, 0x0d, 0x00, 0x00, // ................
	0x8e, 0x00, 0x05, 0x00, 0x0b, 0x00, 0x00, 0x00, 0xb0, 0x0d, 0x00, 0x00, 0xae, 0x0d, 0x00, 0x00, // ................
	0x08, 0x0e, 0x00, 0x00, 0x81, 0x00, 0x05, 0x00, 0x0b, 0x00, 0x00, 0x00, 0xb1, 0x0d, 0x00, 0x00, // ................
	0x8e, 0x0d, 0x00, 0x00, 0xb0, 0x0d, 0x00, 0x00, 0x85, 0x00, 0x05, 0x00, 0x0b, 0x00, 0x00, 0x00, // ................
	0xb2, 0x0d, 0x00, 0x00, 0xcd, 0x0d, 0x00, 0x00, 0xb1, 0x0d, 0x00, 0x00, 0x85, 0x00, 0x05, 0x00, // ................
	0x07, 0x00, 0x00, 0x00, 0xb5, 0x0d, 0x00, 0x00, 0x6a, 0x0c, 0x00, 0x00, 0xe6, 0x01, 0x00, 0x00, // ........j.......
	0x83, 0x00, 0x05, 0x00, 0x07, 0x00, 0x00, 0x00, 0xb6, 0x0d, 0x00, 0x00, 0x1f, 0x01, 0x00, 0x00, // ................
	0xb5, 0x0d, 0x00, 0x00, 0x8e, 0x00, 0x05, 0x00, 0x0b, 0x00, 0x00, 0x00, 0xb7, 0x0d, 0x00, 0x00, // ................
	0xb2, 0x0d, 0x00, 0x00, 0xb6, 0x0d, 0x00, 0x00, 0x8e, 0x00, 0x05, 0x00, 0x0b, 0x00, 0x00, 0x00, // ................
	0xbc, 0x0d, 0x00, 0x00, 0xa8, 0x0d, 0x00, 0x00, 0x9e, 0x0d, 0x00, 0x00, 0x8e, 0x00, 0x05, 0x00, // ................
	0x0b, 0x00, 0x00, 0x00, 0xbe, 0x0d, 0x00, 0x00, 0xbc, 0x0d, 0x00, 0x00, 0x08, 0x0e, 0x00, 0x00, // ................
	0x0c, 0x00, 0x08, 0x00, 0x07, 0x00, 0x00, 0x00, 0x5e, 0x0e, 0x00, 0x00, 0x01, 0x00, 0x00, 0x00, // ........^.......
	0x2e, 0x00, 0x00, 0x00, 0x3e, 0x01, 0x00, 0x00, 0x1f, 0x01, 0x00, 0x00, 0x6a, 0x0c, 0x00, 0x00, // ....>.......j...
	0x8e, 0x00, 0x05, 0x00, 0x0b, 0x00, 0x00, 0x00, 0xc1, 0x0d, 0x00, 0x00, 0xbe, 0x0d, 0x00, 0x00, // ................
	0x5e, 0x0e, 0x00, 0x00, 0x81, 0x00, 0x05, 0x00, 0x0b, 0x00, 0x00, 0x00, 0xc2, 0x0d, 0x00, 0x00, // ^...............
	0xb7, 0x0d, 0x00, 0x00, 0xc1, 0x0d, 0x00, 0x00, 0x8e, 0x00, 0x05, 0x00, 0x0b, 0x00, 0x00, 0x00, // ................
	0xc4, 0x0d, 0x00, 0x00, 0xc2, 0x0d, 0x00, 0x00, 0xf9, 0x01, 0x00, 0x00, 0x7f, 0x00, 0x04, 0x00, // ................
	0x0b, 0x00, 0x00, 0x00, 0x7a, 0x0c, 0x00, 0x00, 0x99, 0x13, 0x00, 0x00, 0x94, 0x00, 0x05, 0x00, // ....z...........
	0x07, 0x00, 0x00, 0x00, 0x7b, 0x0c, 0x00, 0x00, 0x64, 0x0c, 0x00, 0x00, 0x7a, 0x0c, 0x00, 0x00, // ....{...d...z...
	0x0c, 0x00, 0x07, 0x00, 0x07, 0x00, 0x00, 0x00, 0x7c, 0x0c, 0x00, 0x00, 0x01, 0x00, 0x00, 0x00, // ........|.......
	0x28, 0x00, 0x00, 0x00, 0x7b, 0x0c, 0x00, 0x00, 0xe1, 0x00, 0x00, 0x00, 0x83, 0x00, 0x05, 0x00, // (...{...........
	0x07, 0x00, 0x00, 0x00, 0x7f, 0x0c, 0x00, 0x00, 0x1f, 0x01, 0x00, 0x00, 0x6d, 0x0c, 0x00, 0x00, // ............m...
	0x83, 0x00, 0x05, 0x00, 0x07, 0x00, 0x00, 0x00, 0x81, 0x0c, 0x00, 0x00, 0x1f, 0x01, 0x00, 0x00, // ................
	0x7c, 0x0c, 0x00, 0x00, 0x0c, 0x00, 0x07, 0x00, 0x07, 0x00, 0x00, 0x00, 0x82, 0x0c, 0x00, 0x00, // |...............
	0x01, 0x00, 0x00, 0x00, 0x1a, 0x00, 0x00, 0x00, 0x81, 0x0c, 0x00, 0x00, 0xa9, 0x02, 0x00, 0x00, // ................
	0x85, 0x00, 0x05, 0x00, 0x07, 0x00, 0x00, 0x00, 0x83, 0x0c, 0x00, 0x00, 0x7f, 0x0c, 0x00, 0x00, // ................
	0x82, 0x0c, 0x00, 0x00, 0x81, 0x00, 0x05, 0x00, 0x07, 0x00, 0x00, 0x00, 0x84, 0x0c, 0x00, 0x00, // ................
	0x6d, 0x0c, 0x00, 0x00, 0x83, 0x0c, 0x00, 0x00, 0x0c, 0x00, 0x08, 0x00, 0x07, 0x00, 0x00, 0x00, // m...............
	0x64, 0x0e, 0x00, 0x00, 0x01, 0x00, 0x00, 0x00, 0x2e, 0x00, 0x00, 0x00, 0xbf, 0x01, 0x00, 0x00, // d...............
	0x1f, 0x01, 0x00, 0x00, 0x6a, 0x0c, 0x00, 0x00, 0x85, 0x00, 0x05, 0x00, 0x07, 0x00, 0x00, 0x00, // ....j...........
	0x88, 0x0c, 0x00, 0x00, 0x84, 0x0c, 0x00, 0x00, 0x64, 0x0e, 0x00, 0x00, 0x85, 0x00, 0x05, 0x00, // ........d.......
	0x07, 0x00, 0x00, 0x00, 0x8a, 0x0c, 0x00, 0x00, 0x67, 0x0c, 0x00, 0x00, 0xb6, 0x02, 0x00, 0x00, // ........g.......
	0x83, 0x00, 0x05, 0x00, 0x07, 0x00, 0x00, 0x00, 0x8b, 0x0c, 0x00, 0x00, 0x1f, 0x01, 0x00, 0x00, // ................
	0x8a, 0x0c, 0x00, 0x00, 0x85, 0x00, 0x05, 0x00, 0x07, 0x00, 0x00, 0x00, 0x8c, 0x0c, 0x00, 0x00, // ................
	0x88, 0x0c, 0x00, 0x00, 0x8b, 0x0c, 0x00, 0x00, 0x50, 0x00, 0x06, 0x00, 0x0b, 0x00, 0x00, 0x00, // ........P.......
	0x92, 0x0c, 0x00, 0x00, 0x6a, 0x0c, 0x00, 0x00, 0x6a, 0x0c, 0x00, 0x00, 0x6a, 0x0c, 0x00, 0x00, // ....j...j...j...
	0x0c, 0x00, 0x08, 0x00, 0x0b, 0x00, 0x00, 0x00, 0x7f, 0x0e, 0x00, 0x00, 0x01, 0x00, 0x00, 0x00, // ................
	0x2e, 0x00, 0x00, 0x00, 0x20, 0x01, 0x00, 0x00, 0xcd, 0x0d, 0x00, 0x00, 0x92, 0x0c, 0x00, 0x00, // .... ...........
	0x85, 0x00, 0x05, 0x00, 0x0b, 0x00, 0x00, 0x00, 0x97, 0x0c, 0x00, 0x00, 0xa1, 0x13, 0x00, 0x00, // ................
	0xc4, 0x0d, 0x00, 0x00, 0x83, 0x00, 0x05, 0x00, 0x07, 0x00, 0x00, 0x00, 0x99, 0x0c, 0x00, 0x00, // ................
	0x1f, 0x01, 0x00, 0x00, 0x8c, 0x0c, 0x00, 0x00, 0x8e, 0x00, 0x05, 0x00, 0x0b, 0x00, 0x00, 0x00, // ................
	0x9a, 0x0c, 0x00, 0x00, 0x97, 0x0c, 0x00, 0x00, 0x99, 0x0c, 0x00, 0x00, 0x81, 0x00, 0x05, 0x00, // ................
	0x0b, 0x00, 0x00, 0x00, 0x9c, 0x0c, 0x00, 0x00, 0xa3, 0x13, 0x00, 0x00, 0x9a, 0x0c, 0x00, 0x00, // ................
	0x0c, 0x00, 0x07, 0x00, 0x0b, 0x00, 0x00, 0x00, 0x9f, 0x0c, 0x00, 0x00, 0x01, 0x00, 0x00, 0x00, // ................
	0x47, 0x00, 0x00, 0x00, 0x99, 0x13, 0x00, 0x00, 0x64, 0x0c, 0x00, 0x00, 0x0c, 0x00, 0x06, 0x00, // G.......d.......
	0x0b, 0x00, 0x00, 0x00, 0xa0, 0x0c, 0x00, 0x00, 0x01, 0x00, 0x00, 0x00, 0x45, 0x00, 0x00, 0x00, // ............E...
	0x9f, 0x0c, 0x00, 0x00, 0x8e, 0x00, 0x05, 0x00, 0x0b, 0x00, 0x00, 0x00, 0xa3, 0x0c, 0x00, 0x00, // ................
	0x64, 0x0c, 0x00, 0x00, 0xd9, 0x02, 0x00, 0x00, 0x81, 0x00, 0x05, 0x00, 0x0b, 0x00, 0x00, 0x00, // d...............
	0xa4, 0x0c, 0x00, 0x00, 0x50, 0x0c, 0x00, 0x00, 0xa3, 0x0c, 0x00, 0x00, 0xf9, 0x00, 0x02, 0x00, // ....P...........
	0x8c, 0x0e, 0x00, 0x00, 0xf8, 0x00, 0x02, 0x00, 0x8c, 0x0e, 0x00, 0x00, 0xf5, 0x00, 0x07, 0x00, // ................
	0x07, 0x00, 0x00, 0x00, 0xa7, 0x13, 0x00, 0x00, 0x9f, 0x00, 0x00, 0x00, 0x54, 0x0e, 0x00, 0x00, // ............T...
	0xf5, 0x14, 0x00, 0x00, 0xc8, 0x0e, 0x00, 0x00, 0xf5, 0x00, 0x07, 0x00, 0x2b, 0x00, 0x00, 0x00, // ............+...
	0xa6, 0x13, 0x00, 0x00, 0xa0, 0x00, 0x00, 0x00, 0x54, 0x0e, 0x00, 0x00, 0xf3, 0x14, 0x00, 0x00, // ........T.......
	0xc8, 0x0e, 0x00, 0x00, 0xf5, 0x00, 0x07, 0x00, 0x2b, 0x00, 0x00, 0x00, 0xa5, 0x13, 0x00, 0x00, // ........+.......
	0x7a, 0x00, 0x00, 0x00, 0x54, 0x0e, 0x00, 0x00, 0xca, 0x0e, 0x00, 0x00, 0xc8, 0x0e, 0x00, 0x00, // z...T...........
	0xb1, 0x00, 0x05, 0x00, 0x5f, 0x00, 0x00, 0x00, 0x8f, 0x0e, 0x00, 0x00, 0xa5, 0x13, 0x00, 0x00, // ...._...........
	0xa8, 0x00, 0x00, 0x00, 0xf6, 0x00, 0x04, 0x00, 0xcb, 0x0e, 0x00, 0x00, 0xc8, 0x0e, 0x00, 0x00, // ................
	0x00, 0x00, 0x00, 0x00, 0xfa, 0x00, 0x04, 0x00, 0x8f, 0x0e, 0x00, 0x00, 0x90, 0x0e, 0x00, 0x00, // ................
	0xcb, 0x0e, 0x00, 0x00, 0xf8, 0x00, 0x02, 0x00, 0x90, 0x0e, 0x00, 0x00, 0xaf, 0x00, 0x05, 0x00, // ................
	0x5f, 0x00, 0x00, 0x00, 0x93, 0x0e, 0x00, 0x00, 0xa5, 0x13, 0x00, 0x00, 0x5d, 0x04, 0x00, 0x00, // _...........]...
	0xaa, 0x00, 0x05, 0x00, 0x5f, 0x00, 0x00, 0x00, 0x96, 0x0e, 0x00, 0x00, 0xa5, 0x13, 0x00, 0x00, // ...._...........
	0x9b, 0x13, 0x00, 0x00, 0xa6, 0x00, 0x05, 0x00, 0x5f, 0x00, 0x00, 0x00, 0x97, 0x0e, 0x00, 0x00, // ........_.......
	0x93, 0x0e, 0x00, 0x00, 0x96, 0x0e, 0x00, 0x00, 0xf7, 0x00, 0x03, 0x00, 0x99, 0x0e, 0x00, 0x00, // ................
	0x00, 0x00, 0x00, 0x00, 0xfa, 0x00, 0x04, 0x00, 0x97, 0x0e, 0x00, 0x00, 0x98, 0x0e, 0x00, 0x00, // ................
	0x99, 0x0e, 0x00, 0x00, 0xf8, 0x00, 0x02, 0x00, 0x98, 0x0e, 0x00, 0x00, 0xf9, 0x00, 0x02, 0x00, // ................
	0xc8, 0x0e, 0x00, 0x00, 0xf8, 0x00, 0x02, 0x00, 0x99, 0x0e, 0x00, 0x00, 0x84, 0x00, 0x05, 0x00, // ................
	0x2b, 0x00, 0x00, 0x00, 0x9b, 0x0e, 0x00, 0x00, 0xa5, 0x13, 0x00, 0x00, 0xbd, 0x00, 0x00, 0x00, // +...............
	0x41, 0x00, 0x06, 0x00, 0xc0, 0x00, 0x00, 0x00, 0x9d, 0x0e, 0x00, 0x00, 0xbb, 0x00, 0x00, 0x00, // A...............
	0xa8, 0x00, 0x00, 0x00, 0x9b, 0x0e, 0x00, 0x00, 0x3d, 0x00, 0x04, 0x00, 0x0e, 0x00, 0x00, 0x00, // ........=.......
	0x9e, 0x0e, 0x00, 0x00, 0x9d, 0x0e, 0x00, 0x00, 0x4f, 0x00, 0x08, 0x00, 0x0b, 0x00, 0x00, 0x00, // ........O.......
	0xa0, 0x0e, 0x00, 0x00, 0x9e, 0x0e, 0x00, 0x00, 0x9e, 0x0e, 0x00, 0x00, 0x00, 0x00, 0x00, 0x00, // ................
	0x01, 0x00, 0x00, 0x00, 0x02, 0x00, 0x00, 0x00, 0x51, 0x00, 0x05, 0x00, 0x07, 0x00, 0x00, 0x00, // ........Q.......
	0xa2, 0x0e, 0x00, 0x00, 0x9e, 0x0e, 0x00, 0x00, 0x03, 0x00, 0x00, 0x00, 0x83, 0x00, 0x05, 0x00, // ................
	0x0b, 0x00, 0x00, 0x00, 0xa5, 0x0e, 0x00, 0x00, 0xa4, 0x0c, 0x00, 0x00, 0xa0, 0x0e, 0x00, 0x00, // ................
	0x94, 0x00, 0x05, 0x00, 0x07, 0x00, 0x00, 0x00, 0xa8, 0x0e, 0x00, 0x00, 0xa5, 0x0e, 0x00, 0x00, // ................
	0xa0, 0x0c, 0x00, 0x00, 0x94, 0x00, 0x05, 0x00, 0x07, 0x00, 0x00, 0x00, 0xab, 0x0e, 0x00, 0x00, // ................
	0xa5, 0x0e, 0x00, 0x00, 0xa5, 0x0e, 0x00, 0x00, 0x85, 0x00, 0x05, 0x00, 0x07, 0x00, 0x00, 0x00, // ................
	0xae, 0x0e, 0x00, 0x00, 0xa2, 0x0e, 0x00, 0x00, 0xa2, 0x0e, 0x00, 0x00, 0x83, 0x00, 0x05, 0x00, // ................
	0x07, 0x00, 0x00, 0x00, 0xaf, 0x0e, 0x00, 0x00, 0xab, 0x0e, 0x00, 0x00, 0xae, 0x0e, 0x00, 0x00, // ................
	0x85, 0x00, 0x05, 0x00, 0x07, 0x00, 0x00, 0x00, 0xb2, 0x0e, 0x00, 0x00, 0xa8, 0x0e, 0x00, 0x00, // ................
	0xa8, 0x0e, 0x00, 0x00, 0x83, 0x00, 0x05, 0x00, 0x07, 0x00, 0x00, 0x00, 0xb4, 0x0e, 0x00, 0x00, // ................
	0xb2, 0x0e, 0x00, 0x00, 0xaf, 0x0e, 0x00, 0x00, 0xb8, 0x00, 0x05, 0x00, 0x5f, 0x00, 0x00, 0x00, // ............_...
	0xb6, 0x0e, 0x00, 0x00, 0xb4, 0x0e, 0x00, 0x00, 0xe1, 0x00, 0x00, 0x00, 0xf7, 0x00, 0x03, 0x00, // ................
	0xb8, 0x0e, 0x00, 0x00, 0x00, 0x00, 0x00, 0x00, 0xfa, 0x00, 0x04, 0x00, 0xb6, 0x0e, 0x00, 0x00, // ................
	0xb7, 0x0e, 0x00, 0x00, 0xb8, 0x0e, 0x00, 0x00, 0xf8, 0x00, 0x02, 0x00, 0xb7, 0x0e, 0x00, 0x00, // ................
	0xf9, 0x00, 0x02, 0x00, 0xc8, 0x0e, 0x00, 0x00, 0xf8, 0x00, 0x02, 0x00, 0xb8, 0x0e, 0x00, 0x00, // ................
	0x7f, 0x00, 0x04, 0x00, 0x07, 0x00, 0x00, 0x00, 0xba, 0x0e, 0x00, 0x00, 0xa8, 0x0e, 0x00, 0x00, // ................
	0x0c, 0x00, 0x06, 0x00, 0x07, 0x00, 0x00, 0x00, 0xbc, 0x0e, 0x00, 0x00, 0x01, 0x00, 0x00, 0x00, // ................
	0x1f, 0x00, 0x00, 0x00, 0xb4, 0x0e, 0x00, 0x00, 0x83, 0x00, 0x05, 0x00, 0x07, 0x00, 0x00, 0x00, // ................
	0xbd, 0x0e, 0x00, 0x00, 0xba, 0x0e, 0x00, 0x00, 0xbc, 0x0e, 0x00, 0x00, 0xba, 0x00, 0x05, 0x00, // ................
	0x5f, 0x00, 0x00, 0x00, 0xbf, 0x0e, 0x00, 0x00, 0xbd, 0x0e, 0x00, 0x00, 0xed, 0x00, 0x00, 0x00, // _...............
	0xb8, 0x00, 0x05, 0x00, 0x5f, 0x00, 0x00, 0x00, 0xc2, 0x0e, 0x00, 0x00, 0xbd, 0x0e, 0x00, 0x00, // ...._...........
	0xa7, 0x13, 0x00, 0x00, 0xa7, 0x00, 0x05, 0x00, 0x5f, 0x00, 0x00, 0x00, 0xc3, 0x0e, 0x00, 0x00, // ........_.......
	0xbf, 0x0e, 0x00, 0x00, 0xc2, 0x0e, 0x00, 0x00, 0xa9, 0x00, 0x06, 0x00, 0x07, 0x00, 0x00, 0x00, // ................
	0x53, 0x15, 0x00, 0x00, 0xc3, 0x0e, 0x00, 0x00, 0xbd, 0x0e, 0x00, 0x00, 0xa7, 0x13, 0x00, 0x00, // S...............
	0xa9, 0x00, 0x06, 0x00, 0x2b, 0x00, 0x00, 0x00, 0x54, 0x15, 0x00, 0x00, 0xc3, 0x0e, 0x00, 0x00, // ....+...T.......
	0xa5, 0x13, 0x00, 0x00, 0xa6, 0x13, 0x00, 0x00, 0xf9, 0x00, 0x02, 0x00, 0xc8, 0x0e, 0x00, 0x00, // ................
	0xf8, 0x00, 0x02, 0x00, 0xc8, 0x0e, 0x00, 0x00, 0xf5, 0x00, 0x09, 0x00, 0x07, 0x00, 0x00, 0x00, // ................
	0xf5, 0x14, 0x00, 0x00, 0xa7, 0x13, 0x00, 0x00, 0x98, 0x0e, 0x00, 0x00, 0xa7, 0x13, 0x00, 0x00, // ................
	0xb7, 0x0e, 0x00, 0x00, 0x53, 0x15, 0x00, 0x00, 0xb8, 0x0e, 0x00, 0x00, 0xf5, 0x00, 0x09, 0x00, // ....S...........
	0x2b, 0x00, 0x00, 0x00, 0xf3, 0x14, 0x00, 0x00, 0xa6, 0x13, 0x00, 0x00, 0x98, 0x0e, 0x00, 0x00, // +...............
	0xa6, 0x13, 0x00, 0x00, 0xb7, 0x0e, 0x00, 0x00, 0x54, 0x15, 0x00, 0x00, 0xb8, 0x0e, 0x00, 0x00, // ........T.......
	0x80, 0x00, 0x05, 0x00, 0x2b, 0x00, 0x00, 0x00, 0xca, 0x0e, 0x00, 0x00, 0xa5, 0x13, 0x00, 0x00, // ....+...........
	0x76, 0x00, 0x00, 0x00, 0xf9, 0x00, 0x02, 0x00, 0x8c, 0x0e, 0x00, 0x00, 0xf8, 0x00, 0x02, 0x00, // v...............
	0xcb, 0x0e, 0x00, 0x00, 0xaf, 0x00, 0x05, 0x00, 0x5f, 0x00, 0x00, 0x00, 0xcd, 0x0e, 0x00, 0x00, // ........_.......
	0xa6, 0x13, 0x00, 0x00, 0x7a, 0x00, 0x00, 0x00, 0xa9, 0x00, 0x06, 0x00, 0x07, 0x00, 0x00, 0x00, // ....z...........
	0xcf, 0x0e, 0x00, 0x00, 0xcd, 0x0e, 0x00, 0x00, 0xa7, 0x13, 0x00, 0x00, 0xfc, 0x00, 0x00, 0x00, // ................
	0xb1, 0x00, 0x05, 0x00, 0x5f, 0x00, 0x00, 0x00, 0xac, 0x0c, 0x00, 0x00, 0xa6, 0x13, 0x00, 0x00, // ...._...........
	0x7a, 0x00, 0x00, 0x00, 0xf7, 0x00, 0x03, 0x00, 0xc4, 0x0c, 0x00, 0x00, 0x00, 0x00, 0x00, 0x00, // z...............
	0xfa, 0x00, 0x04, 0x00, 0xac, 0x0c, 0x00, 0x00, 0xad, 0x0c, 0x00, 0x00, 0xc4, 0x0c, 0x00, 0x00, // ................
	0xf8, 0x00, 0x02, 0x00, 0xad, 0x0c, 0x00, 0x00, 0x56, 0x00, 0x05, 0x00, 0x7e, 0x00, 0x00, 0x00, // ........V...~...
	0xd6, 0x0e, 0x00, 0x00, 0x74, 0x00, 0x00, 0x00, 0x71, 0x00, 0x00, 0x00, 0x58, 0x00, 0x07, 0x00, // ....t...q...X...
	0x0e, 0x00, 0x00, 0x00, 0xd9, 0x0e, 0x00, 0x00, 0xd6, 0x0e, 0x00, 0x00, 0xa0, 0x0c, 0x00, 0x00, // ................
	0x02, 0x00, 0x00, 0x00, 0xe1, 0x00, 0x00, 0x00, 0x4f, 0x00, 0x08, 0x00, 0x0b, 0x00, 0x00, 0x00, // ........O.......
	0xb2, 0x0c, 0x00, 0x00, 0xd9, 0x0e, 0x00, 0x00, 0xd9, 0x0e, 0x00, 0x00, 0x00, 0x00, 0x00, 0x00, // ................
	0x01, 0x00, 0x00, 0x00, 0x02, 0x00, 0x00, 0x00, 0x51, 0x00, 0x05, 0x00, 0x07, 0x00, 0x00, 0x00, // ........Q.......
	0xe8, 0x0e, 0x00, 0x00, 0xa0, 0x0c, 0x00, 0x00, 0x01, 0x00, 0x00, 0x00, 0x85, 0x00, 0x05, 0x00, // ................
	0x07, 0x00, 0x00, 0x00, 0xe9, 0x0e, 0x00, 0x00, 0xe8, 0x0e, 0x00, 0x00, 0x2d, 0x01, 0x00, 0x00, // ............-...
	0x81, 0x00, 0x05, 0x00, 0x07, 0x00, 0x00, 0x00, 0xea, 0x0e, 0x00, 0x00, 0xe9, 0x0e, 0x00, 0x00, // ................
	0x2d, 0x01, 0x00, 0x00, 0x0c, 0x00, 0x08, 0x00, 0x07, 0x00, 0x00, 0x00, 0xeb, 0x0e, 0x00, 0x00, // -...............
	0x01, 0x00, 0x00, 0x00, 0x2b, 0x00, 0x00, 0x00, 0xea, 0x0e, 0x00, 0x00, 0xe1, 0x00, 0x00, 0x00, // ....+...........
	0x1f, 0x01, 0x00, 0x00, 0x94, 0x00, 0x05, 0x00, 0x07, 0x00, 0x00, 0x00, 0xf0, 0x0e, 0x00, 0x00, // ................
	0xda, 0x0d, 0x00, 0x00, 0x3a, 0x01, 0x00, 0x00, 0x50, 0x00, 0x06, 0x00, 0x0b, 0x00, 0x00, 0x00, // ....:...P.......
	0xff, 0x0e, 0x00, 0x00, 0xf0, 0x0e, 0x00, 0x00, 0xf0, 0x0e, 0x00, 0x00, 0xf0, 0x0e, 0x00, 0x00, // ................
	0x0c, 0x00, 0x08, 0x00, 0x0b, 0x00, 0x00, 0x00, 0x05, 0x0f, 0x00, 0x00, 0x01, 0x00, 0x00, 0x00, // ................
	0x2e, 0x00, 0x00, 0x00, 0xda, 0x0d, 0x00, 0x00, 0xff, 0x0e, 0x00, 0x00, 0x3f, 0x01, 0x00, 0x00, // ............?...
	0x8e, 0x00, 0x05, 0x00, 0x0b, 0x00, 0x00, 0x00, 0xf4, 0x0e, 0x00, 0x00, 0x05, 0x0f, 0x00, 0x00, // ................
	0x45, 0x01, 0x00, 0x00, 0x8e, 0x00, 0x05, 0x00, 0x0b, 0x00, 0x00, 0x00, 0xf6, 0x0e, 0x00, 0x00, // E...............
	0xda, 0x0d, 0x00, 0x00, 0x49, 0x01, 0x00, 0x00, 0x50, 0x00, 0x06, 0x00, 0x0b, 0x00, 0x00, 0x00, // ....I...P.......
	0xf8, 0x0e, 0x00, 0x00, 0xeb, 0x0e, 0x00, 0x00, 0xeb, 0x0e, 0x00, 0x00, 0xeb, 0x0e, 0x00, 0x00, // ................
	0x0c, 0x00, 0x08, 0x00, 0x0b, 0x00, 0x00, 0x00, 0x0b, 0x0f, 0x00, 0x00, 0x01, 0x00, 0x00, 0x00, // ................
	0x2e, 0x00, 0x00, 0x00, 0xf4, 0x0e, 0x00, 0x00, 0xf6, 0x0e, 0x00, 0x00, 0xf8, 0x0e, 0x00, 0x00, // ................
	0x51, 0x00, 0x05, 0x00, 0x07, 0x00, 0x00, 0x00, 0xb6, 0x0c, 0x00, 0x00, 0xd9, 0x0e, 0x00, 0x00, // Q...............
	0x03, 0x00, 0x00, 0x00, 0x0c, 0x00, 0x08, 0x00, 0x07, 0x00, 0x00, 0x00, 0xb7, 0x0c, 0x00, 0x00, // ................
	0x01, 0x00, 0x00, 0x00, 0x2b, 0x00, 0x00, 0x00, 0xb6, 0x0c, 0x00, 0x00, 0xe1, 0x00, 0x00, 0x00, // ....+...........
	0x1f, 0x01, 0x00, 0x00, 0x83, 0x00, 0x05, 0x00, 0x07, 0x00, 0x00, 0x00, 0xb8, 0x0c, 0x00, 0x00, // ................
	0x1f, 0x01, 0x00, 0x00, 0xb7, 0x0c, 0x00, 0x00, 0x8e, 0x00, 0x05, 0x00, 0x0b, 0x00, 0x00, 0x00, // ................
	0xb9, 0x0c, 0x00, 0x00, 0x0b, 0x0f, 0x00, 0x00, 0xb8, 0x0c, 0x00, 0x00, 0x81, 0x00, 0x05, 0x00, // ................
	0x0b, 0x00, 0x00, 0x00, 0xba, 0x0c, 0x00, 0x00, 0xb2, 0x0c, 0x00, 0x00, 0xb9, 0x0c, 0x00, 0x00, // ................
	0x85, 0x00, 0x05, 0x00, 0x0b, 0x00, 0x00, 0x00, 0xbd, 0x0c, 0x00, 0x00, 0xa1, 0x13, 0x00, 0x00, // ................
	0xba, 0x0c, 0x00, 0x00, 0x85, 0x00, 0x05, 0x00, 0x0b, 0x00, 0x00, 0x00, 0xbf, 0x0c, 0x00, 0x00, // ................
	0xbd, 0x0c, 0x00, 0x00, 0x7f, 0x0e, 0x00, 0x00, 0x8e, 0x00, 0x05, 0x00, 0x0b, 0x00, 0x00, 0x00, // ................
	0xc1, 0x0c, 0x00, 0x00, 0xbf, 0x0c, 0x00, 0x00, 0x8c, 0x0c, 0x00, 0x00, 0x81, 0x00, 0x05, 0x00, // ................
	0x0b, 0x00, 0x00, 0x00, 0xc3, 0x0c, 0x00, 0x00, 0x9c, 0x0c, 0x00, 0x00, 0xc1, 0x0c, 0x00, 0x00, // ................
	0xf9, 0x00, 0x02, 0x00, 0xd7, 0x0c, 0x00, 0x00, 0xf8, 0x00, 0x02, 0x00, 0xc4, 0x0c, 0x00, 0x00, // ................
	0x8e, 0x00, 0x05, 0x00, 0x0b, 0x00, 0x00, 0x00, 0xc7, 0x0c, 0x00, 0x00, 0x7f, 0x0e, 0x00, 0x00, // ................
	0x8c, 0x0c, 0x00, 0x00, 0x85, 0x00, 0x05, 0x00, 0x0b, 0x00, 0x00, 0x00, 0xc9, 0x0c, 0x00, 0x00, // ................
	0xa1, 0x13, 0x00, 0x00, 0xc7, 0x0c, 0x00, 0x00, 0x94, 0x00, 0x05, 0x00, 0x07, 0x00, 0x00, 0x00, // ................
	0xcc, 0x0c, 0x00, 0x00, 0xc9, 0x0c, 0x00, 0x00, 0x20, 0x01, 0x00, 0x00, 0xb8, 0x00, 0x05, 0x00, // ........ .......
	0x5f, 0x00, 0x00, 0x00, 0xcd, 0x0c, 0x00, 0x00, 0xcc, 0x0c, 0x00, 0x00, 0x80, 0x02, 0x00, 0x00, // _...............
	0xf7, 0x00, 0x03, 0x00, 0xcf, 0x0c, 0x00, 0x00, 0x00, 0x00, 0x00, 0x00, 0xfa, 0x00, 0x04, 0x00, // ................
	0xcd, 0x0c, 0x00, 0x00, 0xce, 0x0c, 0x00, 0x00, 0xcf, 0x0c, 0x00, 0x00, 0xf8, 0x00, 0x02, 0x00, // ................
	0xce, 0x0c, 0x00, 0x00, 0xf9, 0x00, 0x02, 0x00, 0xd7, 0x0c, 0x00, 0x00, 0xf8, 0x00, 0x02, 0x00, // ................
	0xcf, 0x0c, 0x00, 0x00, 0xf9, 0x00, 0x02, 0x00, 0xd4, 0x0c, 0x00, 0x00, 0xf8, 0x00, 0x02, 0x00, // ................
	0xd4, 0x0c, 0x00, 0x00, 0x80, 0x00, 0x05, 0x00, 0x2b, 0x00, 0x00, 0x00, 0xd6, 0x0c, 0x00, 0x00, // ........+.......
	0x97, 0x13, 0x00, 0x00, 0x76, 0x00, 0x00, 0x00, 0xf9, 0x00, 0x02, 0x00, 0x47, 0x0c, 0x00, 0x00, // ....v.......G...
	0xf8, 0x00, 0x02, 0x00, 0xd7, 0x0c, 0x00, 0x00, 0xf5, 0x00, 0x09, 0x00, 0x0b, 0x00, 0x00, 0x00, // ................
	0xac, 0x13, 0x00, 0x00, 0xa3, 0x13, 0x00, 0x00, 0x47, 0x0c, 0x00, 0x00, 0xc3, 0x0c, 0x00, 0x00, // ........G.......
	0xad, 0x0c, 0x00, 0x00, 0x9c, 0x0c, 0x00, 0x00, 0xce, 0x0c, 0x00, 0x00, 0x8e, 0x00, 0x05, 0x00, // ................
	0x0b, 0x00, 0x00, 0x00, 0x15, 0x0f, 0x00, 0x00, 0xac, 0x13, 0x00, 0x00, 0x0b, 0x01, 0x00, 0x00, // ................
	0x81, 0x00, 0x05, 0x00, 0x0b, 0x00, 0x00, 0x00, 0x17, 0x0f, 0x00, 0x00, 0x15, 0x0f, 0x00, 0x00, // ................
	0xf4, 0x12, 0x00, 0x00, 0x85, 0x00, 0x05, 0x00, 0x0b, 0x00, 0x00, 0x00, 0x18, 0x0f, 0x00, 0x00, // ................
	0xac, 0x13, 0x00, 0x00, 0x17, 0x0f, 0x00, 0x00, 0x8e, 0x00, 0x05, 0x00, 0x0b, 0x00, 0x00, 0x00, // ................
	0x1b, 0x0f, 0x00, 0x00, 0xac, 0x13, 0x00, 0x00, 0x13, 0x01, 0x00, 0x00, 0x81, 0x00, 0x05, 0x00, // ................
	0x0b, 0x00, 0x00, 0x00, 0x1d, 0x0f, 0x00, 0x00, 0x1b, 0x0f, 0x00, 0x00, 0xf5, 0x12, 0x00, 0x00, // ................
	0x85, 0x00, 0x05, 0x00, 0x0b, 0x00, 0x00, 0x00, 0x1e, 0x0f, 0x00, 0x00, 0xac, 0x13, 0x00, 0x00, // ................
	0x1d, 0x0f, 0x00, 0x00, 0x81, 0x00, 0x05, 0x00, 0x0b, 0x00, 0x00, 0x00, 0x20, 0x0f, 0x00, 0x00, // ............ ...
	0x1e, 0x0f, 0x00, 0x00, 0xf6, 0x12, 0x00, 0x00, 0x88, 0x00, 0x05, 0x00, 0x0b, 0x00, 0x00, 0x00, // ................
	0x21, 0x0f, 0x00, 0x00, 0x18, 0x0f, 0x00, 0x00, 0x20, 0x0f, 0x00, 0x00, 0x0c, 0x00, 0x08, 0x00, // !....... .......
	0x0b, 0x00, 0x00, 0x00, 0x22, 0x0f, 0x00, 0x00, 0x01, 0x00, 0x00, 0x00, 0x2b, 0x00, 0x00, 0x00, // ....".......+...
	0x21, 0x0f, 0x00, 0x00, 0x1e, 0x01, 0x00, 0x00, 0x20, 0x01, 0x00, 0x00, 0x0c, 0x00, 0x07, 0x00, // !....... .......
	0x0b, 0x00, 0x00, 0x00, 0x25, 0x0f, 0x00, 0x00, 0x01, 0x00, 0x00, 0x00, 0x1a, 0x00, 0x00, 0x00, // ....%...........
	0x22, 0x0f, 0x00, 0x00, 0xf7, 0x12, 0x00, 0x00, 0x51, 0x00, 0x05, 0x00, 0x07, 0x00, 0x00, 0x00, // ".......Q.......
	0xdb, 0x0c, 0x00, 0x00, 0x40, 0x0c, 0x00, 0x00, 0x00, 0x00, 0x00, 0x00, 0x51, 0x00, 0x05, 0x00, // ....@.......Q...
	0x07, 0x00, 0x00, 0x00, 0xdc, 0x0c, 0x00, 0x00, 0x40, 0x0c, 0x00, 0x00, 0x01, 0x00, 0x00, 0x00, // ........@.......
	0x51, 0x00, 0x05, 0x00, 0x07, 0x00, 0x00, 0x00, 0xdd, 0x0c, 0x00, 0x00, 0x40, 0x0c, 0x00, 0x00, // Q...........@...
	0x02, 0x00, 0x00, 0x00, 0x50, 0x00, 0x07, 0x00, 0x0e, 0x00, 0x00, 0x00, 0xde, 0x0c, 0x00, 0x00, // ....P...........
	0xdb, 0x0c, 0x00, 0x00, 0xdc, 0x0c, 0x00, 0x00, 0xdd, 0x0c, 0x00, 0x00, 0x1f, 0x01, 0x00, 0x00, // ................
	0x41, 0x00, 0x05, 0x00, 0x21, 0x02, 0x00, 0x00, 0xdf, 0x0c, 0x00, 0x00, 0xbb, 0x00, 0x00, 0x00, // A...!...........
	0x27, 0x03, 0x00, 0x00, 0x3d, 0x00, 0x04, 0x00, 0xb5, 0x00, 0x00, 0x00, 0xe0, 0x0c, 0x00, 0x00, // '...=...........
	0xdf, 0x0c, 0x00, 0x00, 0x90, 0x00, 0x05, 0x00, 0x0e, 0x00, 0x00, 0x00, 0xe1, 0x0c, 0x00, 0x00, // ................
	0xde, 0x0c, 0x00, 0x00, 0xe0, 0x0c, 0x00, 0x00, 0x51, 0x00, 0x05, 0x00, 0x07, 0x00, 0x00, 0x00, // ........Q.......
	0xe3, 0x0c, 0x00, 0x00, 0xe1, 0x0c, 0x00, 0x00, 0x02, 0x00, 0x00, 0x00, 0x51, 0x00, 0x05, 0x00, // ............Q...
	0x07, 0x00, 0x00, 0x00, 0xe5, 0x0c, 0x00, 0x00, 0xe1, 0x0c, 0x00, 0x00, 0x03, 0x00, 0x00, 0x00, // ................
	0x88, 0x00, 0x05, 0x00, 0x07, 0x00, 0x00, 0x00, 0xe6, 0x0c, 0x00, 0x00, 0xe3, 0x0c, 0x00, 0x00, // ................
	0xe5, 0x0c, 0x00, 0x00, 0x85, 0x00, 0x05, 0x00, 0x07, 0x00, 0x00, 0x00, 0xe9, 0x0c, 0x00, 0x00, // ................
	0xe6, 0x0c, 0x00, 0x00, 0x2d, 0x01, 0x00, 0x00, 0x81, 0x00, 0x05, 0x00, 0x07, 0x00, 0x00, 0x00, // ....-...........
	0xea, 0x0c, 0x00, 0x00, 0xe9, 0x0c, 0x00, 0x00, 0x2d, 0x01, 0x00, 0x00, 0xa9, 0x00, 0x06, 0x00, // ........-.......
	0x07, 0x00, 0x00, 0x00, 0xec, 0x0c, 0x00, 0x00, 0x31, 0x05, 0x00, 0x00, 0xea, 0x0c, 0x00, 0x00, // ........1.......
	0xe6, 0x0c, 0x00, 0x00, 0x83, 0x00, 0x05, 0x00, 0x07, 0x00, 0x00, 0x00, 0xee, 0x0c, 0x00, 0x00, // ................
	0xec, 0x0c, 0x00, 0x00, 0x3a, 0x03, 0x00, 0x00, 0x0c, 0x00, 0x08, 0x00, 0x07, 0x00, 0x00, 0x00, // ....:...........
	0xef, 0x0c, 0x00, 0x00, 0x01, 0x00, 0x00, 0x00, 0x2b, 0x00, 0x00, 0x00, 0xee, 0x0c, 0x00, 0x00, // ........+.......
	0xe1, 0x00, 0x00, 0x00, 0x1f, 0x01, 0x00, 0x00, 0xf9, 0x00, 0x02, 0x00, 0xf2, 0x0c, 0x00, 0x00, // ................
	0xf8, 0x00, 0x02, 0x00, 0xf2, 0x0c, 0x00, 0x00, 0xf5, 0x00, 0x07, 0x00, 0x07, 0x00, 0x00, 0x00, // ................
	0xca, 0x13, 0x00, 0x00, 0x1c, 0x13, 0x00, 0x00, 0x3a, 0x0c, 0x00, 0x00, 0xef, 0x0c, 0x00, 0x00, // ........:.......
	0xd7, 0x0c, 0x00, 0x00, 0xf5, 0x00, 0x07, 0x00, 0x0b, 0x00, 0x00, 0x00, 0xb2, 0x13, 0x00, 0x00, // ................
	0x19, 0x13, 0x00, 0x00, 0x3a, 0x0c, 0x00, 0x00, 0x25, 0x0f, 0x00, 0x00, 0xd7, 0x0c, 0x00, 0x00, // ....:...%.......
	0xf5, 0x00, 0x07, 0x00, 0x5f, 0x00, 0x00, 0x00, 0xb1, 0x13, 0x00, 0x00, 0x41, 0x02, 0x00, 0x00, // ...._.......A...
	0x3a, 0x0c, 0x00, 0x00, 0x3f, 0x03, 0x00, 0x00, 0xd7, 0x0c, 0x00, 0x00, 0xf7, 0x00, 0x03, 0x00, // :...?...........
	0xa1, 0x04, 0x00, 0x00, 0x00, 0x00, 0x00, 0x00, 0xfa, 0x00, 0x04, 0x00, 0xb1, 0x13, 0x00, 0x00, // ................
	0x98, 0x04, 0x00, 0x00, 0xa1, 0x04, 0x00, 0x00, 0xf8, 0x00, 0x02, 0x00, 0x98, 0x04, 0x00, 0x00, // ................
	0x81, 0x00, 0x05, 0x00, 0x0b, 0x00, 0x00, 0x00, 0x9b, 0x04, 0x00, 0x00, 0xe4, 0x13, 0x00, 0x00, // ................
	0xb2, 0x13, 0x00, 0x00, 0x0c, 0x00, 0x07, 0x00, 0x07, 0x00, 0x00, 0x00, 0x9e, 0x04, 0x00, 0x00, // ................
	0x01, 0x00, 0x00, 0x00, 0x25, 0x00, 0x00, 0x00, 0xef, 0x13, 0x00, 0x00, 0xca, 0x13, 0x00, 0x00, // ....%...........
	0x80, 0x00, 0x05, 0x00, 0x2b, 0x00, 0x00, 0x00, 0xa0, 0x04, 0x00, 0x00, 0xfa, 0x13, 0x00, 0x00, // ....+...........
	0x76, 0x00, 0x00, 0x00, 0xf9, 0x00, 0x02, 0x00, 0xa1, 0x04, 0x00, 0x00, 0xf8, 0x00, 0x02, 0x00, // v...............
	0xa1, 0x04, 0x00, 0x00, 0xf5, 0x00, 0x07, 0x00, 0x2b, 0x00, 0x00, 0x00, 0x7f, 0x14, 0x00, 0x00, // ........+.......
	0xfa, 0x13, 0x00, 0x00, 0xf2, 0x0c, 0x00, 0x00, 0xa0, 0x04, 0x00, 0x00, 0x98, 0x04, 0x00, 0x00, // ................
	0xf5, 0x00, 0x07, 0x00, 0x07, 0x00, 0x00, 0x00, 0x74, 0x14, 0x00, 0x00, 0xef, 0x13, 0x00, 0x00, // ........t.......
	0xf2, 0x0c, 0x00, 0x00, 0x9e, 0x04, 0x00, 0x00, 0x98, 0x04, 0x00, 0x00, 0xf5, 0x00, 0x07, 0x00, // ................
	0x0b, 0x00, 0x00, 0x00, 0x69, 0x14, 0x00, 0x00, 0xe4, 0x13, 0x00, 0x00, 0xf2, 0x0c, 0x00, 0x00, // ....i...........
	0x9b, 0x04, 0x00, 0x00, 0x98, 0x04, 0x00, 0x00, 0x81, 0x00, 0x05, 0x00, 0x5d, 0x00, 0x00, 0x00, // ............]...
	0xa3, 0x04, 0x00, 0x00, 0x6a, 0x04, 0x00, 0x00, 0xc4, 0x03, 0x00, 0x00, 0x88, 0x00, 0x05, 0x00, // ....j...........
	0x5d, 0x00, 0x00, 0x00, 0xa5, 0x04, 0x00, 0x00, 0xa3, 0x04, 0x00, 0x00, 0x68, 0x04, 0x00, 0x00, // ]...........h...
	0xf7, 0x00, 0x03, 0x00, 0x61, 0x10, 0x00, 0x00, 0x00, 0x00, 0x00, 0x00, 0xfb, 0x00, 0x03, 0x00, // ....a...........
	0x00, 0x02, 0x00, 0x00, 0x7b, 0x0f, 0x00, 0x00, 0xf8, 0x00, 0x02, 0x00, 0x7b, 0x0f, 0x00, 0x00, // ....{.......{...
	0x51, 0x00, 0x05, 0x00, 0x07, 0x00, 0x00, 0x00, 0x83, 0x0f, 0x00, 0x00, 0xa5, 0x04, 0x00, 0x00, // Q...............
	0x00, 0x00, 0x00, 0x00, 0x85, 0x00, 0x05, 0x00, 0x07, 0x00, 0x00, 0x00, 0x84, 0x0f, 0x00, 0x00, // ................
	0x83, 0x0f, 0x00, 0x00, 0x9b, 0x01, 0x00, 0x00, 0x83, 0x00, 0x05, 0x00, 0x07, 0x00, 0x00, 0x00, // ................
	0x85, 0x0f, 0x00, 0x00, 0x84, 0x0f, 0x00, 0x00, 0x1f, 0x01, 0x00, 0x00, 0x51, 0x00, 0x05, 0x00, // ............Q...
	0x07, 0x00, 0x00, 0x00, 0x87, 0x0f, 0x00, 0x00, 0xa5, 0x04, 0x00, 0x00, 0x01, 0x00, 0x00, 0x00, // ................
	0x85, 0x00, 0x05, 0x00, 0x07, 0x00, 0x00, 0x00, 0x88, 0x0f, 0x00, 0x00, 0x87, 0x0f, 0x00, 0x00, // ................
	0x9b, 0x01, 0x00, 0x00, 0x83, 0x00, 0x05, 0x00, 0x07, 0x00, 0x00, 0x00, 0x89, 0x0f, 0x00, 0x00, // ................
	0x1f, 0x01, 0x00, 0x00, 0x88, 0x0f, 0x00, 0x00, 0x83, 0x00, 0x05, 0x00, 0x07, 0x00, 0x00, 0x00, // ................
	0x8c, 0x0f, 0x00, 0x00, 0x88, 0x0f, 0x00, 0x00, 0x1f, 0x01, 0x00, 0x00, 0xa9, 0x00, 0x06, 0x00, // ................
	0x07, 0x00, 0x00, 0x00, 0x8e, 0x0f, 0x00, 0x00, 0x34, 0x05, 0x00, 0x00, 0x8c, 0x0f, 0x00, 0x00, // ........4.......
	0x89, 0x0f, 0x00, 0x00, 0x50, 0x00, 0x07, 0x00, 0x0e, 0x00, 0x00, 0x00, 0x94, 0x0f, 0x00, 0x00, // ....P...........
	0x85, 0x0f, 0x00, 0x00, 0x8e, 0x0f, 0x00, 0x00, 0x1f, 0x01, 0x00, 0x00, 0x1f, 0x01, 0x00, 0x00, // ................
	0x90, 0x00, 0x05, 0x00, 0x0e, 0x00, 0x00, 0x00, 0x97, 0x0f, 0x00, 0x00, 0x94, 0x0f, 0x00, 0x00, // ................
	0x49, 0x05, 0x00, 0x00, 0x4f, 0x00, 0x08, 0x00, 0x0b, 0x00, 0x00, 0x00, 0x99, 0x0f, 0x00, 0x00, // I...O...........
	0x97, 0x0f, 0x00, 0x00, 0x97, 0x0f, 0x00, 0x00, 0x00, 0x00, 0x00, 0x00, 0x01, 0x00, 0x00, 0x00, // ................
	0x02, 0x00, 0x00, 0x00, 0x51, 0x00, 0x05, 0x00, 0x07, 0x00, 0x00, 0x00, 0x9b, 0x0f, 0x00, 0x00, // ....Q...........
	0x97, 0x0f, 0x00, 0x00, 0x03, 0x00, 0x00, 0x00, 0x50, 0x00, 0x06, 0x00, 0x0b, 0x00, 0x00, 0x00, // ........P.......
	0x9c, 0x0f, 0x00, 0x00, 0x9b, 0x0f, 0x00, 0x00, 0x9b, 0x0f, 0x00, 0x00, 0x9b, 0x0f, 0x00, 0x00, // ................
	0x88, 0x00, 0x05, 0x00, 0x0b, 0x00, 0x00, 0x00, 0x9d, 0x0f, 0x00, 0x00, 0x99, 0x0f, 0x00, 0x00, // ................
	0x9c, 0x0f, 0x00, 0x00, 0x83, 0x00, 0x05, 0x00, 0x0b, 0x00, 0x00, 0x00, 0xa0, 0x0f, 0x00, 0x00, // ................
	0x9d, 0x0f, 0x00, 0x00, 0x44, 0x05, 0x00, 0x00, 0x0c, 0x00, 0x06, 0x00, 0x0b, 0x00, 0x00, 0x00, // ....D...........
	0xa1, 0x0f, 0x00, 0x00, 0x01, 0x00, 0x00, 0x00, 0x45, 0x00, 0x00, 0x00, 0xa0, 0x0f, 0x00, 0x00, // ........E.......
	0xf9, 0x00, 0x02, 0x00, 0x6f, 0x10, 0x00, 0x00, 0xf8, 0x00, 0x02, 0x00, 0x6f, 0x10, 0x00, 0x00, // ....o.......o...
	0xf5, 0x00, 0x07, 0x00, 0x07, 0x00, 0x00, 0x00, 0x05, 0x14, 0x00, 0x00, 0x9f, 0x00, 0x00, 0x00, // ................
	0x7b, 0x0f, 0x00, 0x00, 0x13, 0x15, 0x00, 0x00, 0xab, 0x10, 0x00, 0x00, 0xf5, 0x00, 0x07, 0x00, // {...............
	0x2b, 0x00, 0x00, 0x00, 0x04, 0x14, 0x00, 0x00, 0xa0, 0x00, 0x00, 0x00, 0x7b, 0x0f, 0x00, 0x00, // +...........{...
	0x11, 0x15, 0x00, 0x00, 0xab, 0x10, 0x00, 0x00, 0xf5, 0x00, 0x07, 0x00, 0x2b, 0x00, 0x00, 0x00, // ............+...
	0x03, 0x14, 0x00, 0x00, 0x7a, 0x00, 0x00, 0x00, 0x7b, 0x0f, 0x00, 0x00, 0xad, 0x10, 0x00, 0x00, // ....z...{.......
	0xab, 0x10, 0x00, 0x00, 0xb1, 0x00, 0x05, 0x00, 0x5f, 0x00, 0x00, 0x00, 0x72, 0x10, 0x00, 0x00, // ........_...r...
	0x03, 0x14, 0x00, 0x00, 0xa8, 0x00, 0x00, 0x00, 0xf6, 0x00, 0x04, 0x00, 0xae, 0x10, 0x00, 0x00, // ................
	0xab, 0x10, 0x00, 0x00, 0x00, 0x00, 0x00, 0x00, 0xfa, 0x00, 0x04, 0x00, 0x72, 0x10, 0x00, 0x00, // ............r...
	0x73, 0x10, 0x00, 0x00, 0xae, 0x10, 0x00, 0x00, 0xf8, 0x00, 0x02, 0x00, 0x73, 0x10, 0x00, 0x00, // s...........s...
	0xaf, 0x00, 0x05, 0x00, 0x5f, 0x00, 0x00, 0x00, 0x76, 0x10, 0x00, 0x00, 0x03, 0x14, 0x00, 0x00, // ...._...v.......
	0x5d, 0x04, 0x00, 0x00, 0xaa, 0x00, 0x05, 0x00, 0x5f, 0x00, 0x00, 0x00, 0x79, 0x10, 0x00, 0x00, // ]......._...y...
	0x03, 0x14, 0x00, 0x00, 0xa0, 0x00, 0x00, 0x00, 0xa6, 0x00, 0x05, 0x00, 0x5f, 0x00, 0x00, 0x00, // ............_...
	0x7a, 0x10, 0x00, 0x00, 0x76, 0x10, 0x00, 0x00, 0x79, 0x10, 0x00, 0x00, 0xf7, 0x00, 0x03, 0x00, // z...v...y.......
	0x7c, 0x10, 0x00, 0x00, 0x00, 0x00, 0x00, 0x00, 0xfa, 0x00, 0x04, 0x00, 0x7a, 0x10, 0x00, 0x00, // |...........z...
	0x7b, 0x10, 0x00, 0x00, 0x7c, 0x10, 0x00, 0x00, 0xf8, 0x00, 0x02, 0x00, 0x7b, 0x10, 0x00, 0x00, // {...|.......{...
	0xf9, 0x00, 0x02, 0x00, 0xab, 0x10, 0x00, 0x00, 0xf8, 0x00, 0x02, 0x00, 0x7c, 0x10, 0x00, 0x00, // ............|...
	0x84, 0x00, 0x05, 0x00, 0x2b, 0x00, 0x00, 0x00, 0x7e, 0x10, 0x00, 0x00, 0x03, 0x14, 0x00, 0x00, // ....+...~.......
	0xbd, 0x00, 0x00, 0x00, 0x41, 0x00, 0x06, 0x00, 0xc0, 0x00, 0x00, 0x00, 0x80, 0x10, 0x00, 0x00, // ....A...........
	0xbb, 0x00, 0x00, 0x00, 0xa8, 0x00, 0x00, 0x00, 0x7e, 0x10, 0x00, 0x00, 0x3d, 0x00, 0x04, 0x00, // ........~...=...
	0x0e, 0x00, 0x00, 0x00, 0x81, 0x10, 0x00, 0x00, 0x80, 0x10, 0x00, 0x00, 0x4f, 0x00, 0x08, 0x00, // ............O...
	0x0b, 0x00, 0x00, 0x00, 0x83, 0x10, 0x00, 0x00, 0x81, 0x10, 0x00, 0x00, 0x81, 0x10, 0x00, 0x00, // ................
	0x00, 0x00, 0x00, 0x00, 0x01, 0x00, 0x00, 0x00, 0x02, 0x00, 0x00, 0x00, 0x51, 0x00, 0x05, 0x00, // ............Q...
	0x07, 0x00, 0x00, 0x00, 0x85, 0x10, 0x00, 0x00, 0x81, 0x10, 0x00, 0x00, 0x03, 0x00, 0x00, 0x00, // ................
	0x83, 0x00, 0x05, 0x00, 0x0b, 0x00, 0x00, 0x00, 0x88, 0x10, 0x00, 0x00, 0x44, 0x05, 0x00, 0x00, // ............D...
	0x83, 0x10, 0x00, 0x00, 0x94, 0x00, 0x05, 0x00, 0x07, 0x00, 0x00, 0x00, 0x8b, 0x10, 0x00, 0x00, // ................
	0x88, 0x10, 0x00, 0x00, 0xa1, 0x0f, 0x00, 0x00, 0x94, 0x00, 0x05, 0x00, 0x07, 0x00, 0x00, 0x00, // ................
	0x8e, 0x10, 0x00, 0x00, 0x88, 0x10, 0x00, 0x00, 0x88, 0x10, 0x00, 0x00, 0x85, 0x00, 0x05, 0x00, // ................
	0x07, 0x00, 0x00, 0x00, 0x91, 0x10, 0x00, 0x00, 0x85, 0x10, 0x00, 0x00, 0x85, 0x10, 0x00, 0x00, // ................
	0x83, 0x00, 0x05, 0x00, 0x07, 0x00, 0x00, 0x00, 0x92, 0x10, 0x00, 0x00, 0x8e, 0x10, 0x00, 0x00, // ................
	0x91, 0x10, 0x00, 0x00, 0x85, 0x00, 0x05, 0x00, 0x07, 0x00, 0x00, 0x00, 0x95, 0x10, 0x00, 0x00, // ................
	0x8b, 0x10, 0x00, 0x00, 0x8b, 0x10, 0x00, 0x00, 0x83, 0x00, 0x05, 0x00, 0x07, 0x00, 0x00, 0x00, // ................
	0x97, 0x10, 0x00, 0x00, 0x95, 0x10, 0x00, 0x00, 0x92, 0x10, 0x00, 0x00, 0xb8, 0x00, 0x05, 0x00, // ................
	0x5f, 0x00, 0x00, 0x00, 0x99, 0x10, 0x00, 0x00, 0x97, 0x10, 0x00, 0x00, 0xe1, 0x00, 0x00, 0x00, // _...............
	0xf7, 0x00, 0x03, 0x00, 0x9b, 0x10, 0x00, 0x00, 0x00, 0x00, 0x00, 0x00, 0xfa, 0x00, 0x04, 0x00, // ................
	0x99, 0x10, 0x00, 0x00, 0x9a, 0x10, 0x00, 0x00, 0x9b, 0x10, 0x00, 0x00, 0xf8, 0x00, 0x02, 0x00, // ................
	0x9a, 0x10, 0x00, 0x00, 0xf9, 0x00, 0x02, 0x00, 0xab, 0x10, 0x00, 0x00, 0xf8, 0x00, 0x02, 0x00, // ................
	0x9b, 0x10, 0x00, 0x00, 0x7f, 0x00, 0x04, 0x00, 0x07, 0x00, 0x00, 0x00, 0x9d, 0x10, 0x00, 0x00, // ................
	0x8b, 0x10, 0x00, 0x00, 0x0c, 0x00, 0x06, 0x00, 0x07, 0x00, 0x00, 0x00, 0x9f, 0x10, 0x00, 0x00, // ................
	0x01, 0x00, 0x00, 0x00, 0x1f, 0x00, 0x00, 0x00, 0x97, 0x10, 0x00, 0x00, 0x83, 0x00, 0x05, 0x00, // ................
	0x07, 0x00, 0x00, 0x00, 0xa0, 0x10, 0x00, 0x00, 0x9d, 0x10, 0x00, 0x00, 0x9f, 0x10, 0x00, 0x00, // ................
	0xba, 0x00, 0x05, 0x00, 0x5f, 0x00, 0x00, 0x00, 0xa2, 0x10, 0x00, 0x00, 0xa0, 0x10, 0x00, 0x00, // ...._...........
	0xed, 0x00, 0x00, 0x00, 0xb8, 0x00, 0x05, 0x00, 0x5f, 0x00, 0x00, 0x00, 0xa5, 0x10, 0x00, 0x00, // ........_.......
	0xa0, 0x10, 0x00, 0x00, 0x05, 0x14, 0x00, 0x00, 0xa7, 0x00, 0x05, 0x00, 0x5f, 0x00, 0x00, 0x00, // ............_...
	0xa6, 0x10, 0x00, 0x00, 0xa2, 0x10, 0x00, 0x00, 0xa5, 0x10, 0x00, 0x00, 0xa9, 0x00, 0x06, 0x00, // ................
	0x07, 0x00, 0x00, 0x00, 0x55, 0x15, 0x00, 0x00, 0xa6, 0x10, 0x00, 0x00, 0xa0, 0x10, 0x00, 0x00, // ....U...........
	0x05, 0x14, 0x00, 0x00, 0xa9, 0x00, 0x06, 0x00, 0x2b, 0x00, 0x00, 0x00, 0x56, 0x15, 0x00, 0x00, // ........+...V...
	0xa6, 0x10, 0x00, 0x00, 0x03, 0x14, 0x00, 0x00, 0x04, 0x14, 0x00, 0x00, 0xf9, 0x00, 0x02, 0x00, // ................
	0xab, 0x10, 0x00, 0x00, 0xf8, 0x00, 0x02, 0x00, 0xab, 0x10, 0x00, 0x00, 0xf5, 0x00, 0x09, 0x00, // ................
	0x07, 0x00, 0x00, 0x00, 0x13, 0x15, 0x00, 0x00, 0x05, 0x14, 0x00, 0x00, 0x7b, 0x10, 0x00, 0x00, // ............{...
	0x05, 0x14, 0x00, 0x00, 0x9a, 0x10, 0x00, 0x00, 0x55, 0x15, 0x00, 0x00, 0x9b, 0x10, 0x00, 0x00, // ........U.......
	0xf5, 0x00, 0x09, 0x00, 0x2b, 0x00, 0x00, 0x00, 0x11, 0x15, 0x00, 0x00, 0x04, 0x14, 0x00, 0x00, // ....+...........
	0x7b, 0x10, 0x00, 0x00, 0x04, 0x14, 0x00, 0x00, 0x9a, 0x10, 0x00, 0x00, 0x56, 0x15, 0x00, 0x00, // {...........V...
	0x9b, 0x10, 0x00, 0x00, 0x80, 0x00, 0x05, 0x00, 0x2b, 0x00, 0x00, 0x00, 0xad, 0x10, 0x00, 0x00, // ........+.......
	0x03, 0x14, 0x00, 0x00, 0x76, 0x00, 0x00, 0x00, 0xf9, 0x00, 0x02, 0x00, 0x6f, 0x10, 0x00, 0x00, // ....v.......o...
	0xf8, 0x00, 0x02, 0x00, 0xae, 0x10, 0x00, 0x00, 0xaf, 0x00, 0x05, 0x00, 0x5f, 0x00, 0x00, 0x00, // ............_...
	0xb0, 0x10, 0x00, 0x00, 0x04, 0x14, 0x00, 0x00, 0x7a, 0x00, 0x00, 0x00, 0xa9, 0x00, 0x06, 0x00, // ........z.......
	0x07, 0x00, 0x00, 0x00, 0xb2, 0x10, 0x00, 0x00, 0xb0, 0x10, 0x00, 0x00, 0x05, 0x14, 0x00, 0x00, // ................
	0xfc, 0x00, 0x00, 0x00, 0xb1, 0x00, 0x05, 0x00, 0x5f, 0x00, 0x00, 0x00, 0xa8, 0x0f, 0x00, 0x00, // ........_.......
	0x04, 0x14, 0x00, 0x00, 0x7a, 0x00, 0x00, 0x00, 0xf7, 0x00, 0x03, 0x00, 0xaa, 0x0f, 0x00, 0x00, // ....z...........
	0x00, 0x00, 0x00, 0x00, 0xfa, 0x00, 0x04, 0x00, 0xa8, 0x0f, 0x00, 0x00, 0xa9, 0x0f, 0x00, 0x00, // ................
	0xaa, 0x0f, 0x00, 0x00, 0xf8, 0x00, 0x02, 0x00, 0xa9, 0x0f, 0x00, 0x00, 0xf9, 0x00, 0x02, 0x00, // ................
	0x61, 0x10, 0x00, 0x00, 0xf8, 0x00, 0x02, 0x00, 0xaa, 0x0f, 0x00, 0x00, 0x8e, 0x00, 0x05, 0x00, // a...............
	0x0b, 0x00, 0x00, 0x00, 0xae, 0x0f, 0x00, 0x00, 0xa1, 0x0f, 0x00, 0x00, 0xb2, 0x10, 0x00, 0x00, // ................
	0x81, 0x00, 0x05, 0x00, 0x0b, 0x00, 0x00, 0x00, 0xaf, 0x0f, 0x00, 0x00, 0x44, 0x05, 0x00, 0x00, // ............D...
	0xae, 0x0f, 0x00, 0x00, 0xf9, 0x00, 0x02, 0x00, 0xb6, 0x0f, 0x00, 0x00, 0xf8, 0x00, 0x02, 0x00, // ................
	0xb6, 0x0f, 0x00, 0x00, 0xf5, 0x00, 0x07, 0x00, 0x0b, 0x00, 0x00, 0x00, 0x12, 0x14, 0x00, 0x00, // ................
	0x1e, 0x01, 0x00, 0x00, 0xaa, 0x0f, 0x00, 0x00, 0x0b, 0x10, 0x00, 0x00, 0x43, 0x10, 0x00, 0x00, // ............C...
	0xf5, 0x00, 0x07, 0x00, 0x0b, 0x00, 0x00, 0x00, 0x10, 0x14, 0x00, 0x00, 0x20, 0x01, 0x00, 0x00, // ............ ...
	0xaa, 0x0f, 0x00, 0x00, 0x38, 0x10, 0x00, 0x00, 0x43, 0x10, 0x00, 0x00, 0xf5, 0x00, 0x07, 0x00, // ....8...C.......
	0x2b, 0x00, 0x00, 0x00, 0x0a, 0x14, 0x00, 0x00, 0x04, 0x14, 0x00, 0x00, 0xaa, 0x0f, 0x00, 0x00, // +...............
	0x15, 0x14, 0x00, 0x00, 0x43, 0x10, 0x00, 0x00, 0xf5, 0x00, 0x07, 0x00, 0x07, 0x00, 0x00, 0x00, // ....C...........
	0x09, 0x14, 0x00, 0x00, 0xb2, 0x10, 0x00, 0x00, 0xaa, 0x0f, 0x00, 0x00, 0x3e, 0x12, 0x00, 0x00, // ............>...
	0x43, 0x10, 0x00, 0x00, 0xf5, 0x00, 0x07, 0x00, 0x0b, 0x00, 0x00, 0x00, 0x08, 0x14, 0x00, 0x00, // C...............
	0xa1, 0x0f, 0x00, 0x00, 0xaa, 0x0f, 0x00, 0x00, 0x0f, 0x10, 0x00, 0x00, 0x43, 0x10, 0x00, 0x00, // ............C...
	0xf5, 0x00, 0x07, 0x00, 0x0b, 0x00, 0x00, 0x00, 0x07, 0x14, 0x00, 0x00, 0x44, 0x05, 0x00, 0x00, // ............D...
	0xaa, 0x0f, 0x00, 0x00, 0x13, 0x10, 0x00, 0x00, 0x43, 0x10, 0x00, 0x00, 0xf5, 0x00, 0x07, 0x00, // ........C.......
	0x2b, 0x00, 0x00, 0x00, 0x06, 0x14, 0x00, 0x00, 0x7a, 0x00, 0x00, 0x00, 0xaa, 0x0f, 0x00, 0x00, // +.......z.......
	0x45, 0x10, 0x00, 0x00, 0x43, 0x10, 0x00, 0x00, 0xb1, 0x00, 0x05, 0x00, 0x5f, 0x00, 0x00, 0x00, // E...C......._...
	0xb9, 0x0f, 0x00, 0x00, 0x06, 0x14, 0x00, 0x00, 0xbd, 0x00, 0x00, 0x00, 0xf6, 0x00, 0x04, 0x00, // ................
	0x46, 0x10, 0x00, 0x00, 0x43, 0x10, 0x00, 0x00, 0x00, 0x00, 0x00, 0x00, 0xfa, 0x00, 0x04, 0x00, // F...C...........
	0xb9, 0x0f, 0x00, 0x00, 0xba, 0x0f, 0x00, 0x00, 0x46, 0x10, 0x00, 0x00, 0xf8, 0x00, 0x02, 0x00, // ........F.......
	0xba, 0x0f, 0x00, 0x00, 0x8e, 0x00, 0x05, 0x00, 0x0b, 0x00, 0x00, 0x00, 0xbe, 0x0f, 0x00, 0x00, // ................
	0x08, 0x14, 0x00, 0x00, 0x09, 0x14, 0x00, 0x00, 0x81, 0x00, 0x05, 0x00, 0x0b, 0x00, 0x00, 0x00, // ................
	0xbf, 0x0f, 0x00, 0x00, 0x07, 0x14, 0x00, 0x00, 0xbe, 0x0f, 0x00, 0x00, 0x84, 0x00, 0x05, 0x00, // ................
	0x2b, 0x00, 0x00, 0x00, 0xc1, 0x0f, 0x00, 0x00, 0x0a, 0x14, 0x00, 0x00, 0xbd, 0x00, 0x00, 0x00, // +...............
	0x41, 0x00, 0x06, 0x00, 0xc0, 0x00, 0x00, 0x00, 0xc3, 0x0f, 0x00, 0x00, 0xbb, 0x00, 0x00, 0x00, // A...............
	0xa8, 0x00, 0x00, 0x00, 0xc1, 0x0f, 0x00, 0x00, 0x3d, 0x00, 0x04, 0x00, 0x0e, 0x00, 0x00, 0x00, // ........=.......
	0xc4, 0x0f, 0x00, 0x00, 0xc3, 0x0f, 0x00, 0x00, 0x80, 0x00, 0x05, 0x00, 0x2b, 0x00, 0x00, 0x00, // ............+...
	0xc7, 0x0f, 0x00, 0x00, 0xc1, 0x0f, 0x00, 0x00, 0x76, 0x00, 0x00, 0x00, 0x41, 0x00, 0x06, 0x00, // ........v...A...
	0xc0, 0x00, 0x00, 0x00, 0xc8, 0x0f, 0x00, 0x00, 0xbb, 0x00, 0x00, 0x00, 0xa8, 0x00, 0x00, 0x00, // ................
	0xc7, 0x0f, 0x00, 0x00, 0x3d, 0x00, 0x04, 0x00, 0x0e, 0x00, 0x00, 0x00, 0xc9, 0x0f, 0x00, 0x00, // ....=...........
	0xc8, 0x0f, 0x00, 0x00, 0x80, 0x00, 0x05, 0x00, 0x2b, 0x00, 0x00, 0x00, 0xcc, 0x0f, 0x00, 0x00, // ........+.......
	0xc1, 0x0f, 0x00, 0x00, 0xff, 0x01, 0x00, 0x00, 0x41, 0x00, 0x06, 0x00, 0xc0, 0x00, 0x00, 0x00, // ........A.......
	0xcd, 0x0f, 0x00, 0x00, 0xbb, 0x00, 0x00, 0x00, 0xa8, 0x00, 0x00, 0x00, 0xcc, 0x0f, 0x00, 0x00, // ................
	0x3d, 0x00, 0x04, 0x00, 0x0e, 0x00, 0x00, 0x00, 0xce, 0x0f, 0x00, 0x00, 0xcd, 0x0f, 0x00, 0x00, // =...............
	0x4f, 0x00, 0x08, 0x00, 0x0b, 0x00, 0x00, 0x00, 0xd1, 0x0f, 0x00, 0x00, 0xc4, 0x0f, 0x00, 0x00, // O...............
	0xc4, 0x0f, 0x00, 0x00, 0x00, 0x00, 0x00, 0x00, 0x01, 0x00, 0x00, 0x00, 0x02, 0x00, 0x00, 0x00, // ................
	0x83, 0x00, 0x05, 0x00, 0x0b, 0x00, 0x00, 0x00, 0xd2, 0x0f, 0x00, 0x00, 0xbf, 0x0f, 0x00, 0x00, // ................
	0xd1, 0x0f, 0x00, 0x00, 0x0c, 0x00, 0x06, 0x00, 0x0b, 0x00, 0x00, 0x00, 0xd3, 0x0f, 0x00, 0x00, // ................
	0x01, 0x00, 0x00, 0x00, 0x45, 0x00, 0x00, 0x00, 0xd2, 0x0f, 0x00, 0x00, 0x51, 0x00, 0x05, 0x00, // ....E.......Q...
	0x07, 0x00, 0x00, 0x00, 0xd5, 0x0f, 0x00, 0x00, 0xce, 0x0f, 0x00, 0x00, 0x00, 0x00, 0x00, 0x00, // ................
	0x0c, 0x00, 0x08, 0x00, 0x07, 0x00, 0x00, 0x00, 0xd6, 0x0f, 0x00, 0x00, 0x01, 0x00, 0x00, 0x00, // ................
	0x2b, 0x00, 0x00, 0x00, 0xd5, 0x0f, 0x00, 0x00, 0x80, 0x02, 0x00, 0x00, 0x1f, 0x01, 0x00, 0x00, // +...............
	0x51, 0x00, 0x05, 0x00, 0x07, 0x00, 0x00, 0x00, 0xd8, 0x0f, 0x00, 0x00, 0xce, 0x0f, 0x00, 0x00, // Q...............
	0x01, 0x00, 0x00, 0x00, 0x0c, 0x00, 0x08, 0x00, 0x07, 0x00, 0x00, 0x00, 0xd9, 0x0f, 0x00, 0x00, // ................
	0x01, 0x00, 0x00, 0x00, 0x2b, 0x00, 0x00, 0x00, 0xd8, 0x0f, 0x00, 0x00, 0xe1, 0x00, 0x00, 0x00, // ....+...........
	0x1f, 0x01, 0x00, 0x00, 0x51, 0x00, 0x05, 0x00, 0x07, 0x00, 0x00, 0x00, 0xdb, 0x0f, 0x00, 0x00, // ....Q...........
	0xc9, 0x0f, 0x00, 0x00, 0x03, 0x00, 0x00, 0x00, 0x0c, 0x00, 0x08, 0x00, 0x07, 0x00, 0x00, 0x00, // ................
	0xdc, 0x0f, 0x00, 0x00, 0x01, 0x00, 0x00, 0x00, 0x2b, 0x00, 0x00, 0x00, 0xdb, 0x0f, 0x00, 0x00, // ........+.......
	0x80, 0x02, 0x00, 0x00, 0x1f, 0x01, 0x00, 0x00, 0x4f, 0x00, 0x08, 0x00, 0x0b, 0x00, 0x00, 0x00, // ........O.......
	0xe0, 0x0f, 0x00, 0x00, 0xc9, 0x0f, 0x00, 0x00, 0xc9, 0x0f, 0x00, 0x00, 0x00, 0x00, 0x00, 0x00, // ................
	0x01, 0x00, 0x00, 0x00, 0x02, 0x00, 0x00, 0x00, 0x0c, 0x00, 0x07, 0x00, 0x0b, 0x00, 0x00, 0x00, // ................
	0x3a, 0x11, 0x00, 0x00, 0x01, 0x00, 0x00, 0x00, 0x28, 0x00, 0x00, 0x00, 0xe0, 0x0f, 0x00, 0x00, // :.......(.......
	0x1e, 0x01, 0x00, 0x00, 0x0c, 0x00, 0x07, 0x00, 0x0b, 0x00, 0x00, 0x00, 0x3c, 0x11, 0x00, 0x00, // ............<...
	0x01, 0x00, 0x00, 0x00, 0x1a, 0x00, 0x00, 0x00, 0x3a, 0x11, 0x00, 0x00, 0xf3, 0x12, 0x00, 0x00, // ........:.......
	0x41, 0x00, 0x05, 0x00, 0xc0, 0x00, 0x00, 0x00, 0xdc, 0x10, 0x00, 0x00, 0xbb, 0x00, 0x00, 0x00, // A...............
	0xbd, 0x00, 0x00, 0x00, 0x3d, 0x00, 0x04, 0x00, 0x0e, 0x00, 0x00, 0x00, 0xdd, 0x10, 0x00, 0x00, // ....=...........
	0xdc, 0x10, 0x00, 0x00, 0x4f, 0x00, 0x08, 0x00, 0x0b, 0x00, 0x00, 0x00, 0xde, 0x10, 0x00, 0x00, // ....O...........
	0xdd, 0x10, 0x00, 0x00, 0xdd, 0x10, 0x00, 0x00, 0x00, 0x00, 0x00, 0x00, 0x01, 0x00, 0x00, 0x00, // ................
	0x02, 0x00, 0x00, 0x00, 0x7f, 0x00, 0x04, 0x00, 0x0b, 0x00, 0x00, 0x00, 0xdf, 0x10, 0x00, 0x00, // ................
	0xde, 0x10, 0x00, 0x00, 0x0c, 0x00, 0x06, 0x00, 0x0b, 0x00, 0x00, 0x00, 0xe0, 0x10, 0x00, 0x00, // ................
	0x01, 0x00, 0x00, 0x00, 0x45, 0x00, 0x00, 0x00, 0xdf, 0x10, 0x00, 0x00, 0x94, 0x00, 0x05, 0x00, // ....E...........
	0x07, 0x00, 0x00, 0x00, 0xe3, 0x10, 0x00, 0x00, 0xd3, 0x0f, 0x00, 0x00, 0xe0, 0x10, 0x00, 0x00, // ................
	0x0c, 0x00, 0x07, 0x00, 0x07, 0x00, 0x00, 0x00, 0xe4, 0x10, 0x00, 0x00, 0x01, 0x00, 0x00, 0x00, // ................
	0x28, 0x00, 0x00, 0x00, 0xe3, 0x10, 0x00, 0x00, 0xe1, 0x00, 0x00, 0x00, 0x85, 0x00, 0x05, 0x00, // (...............
	0x07, 0x00, 0x00, 0x00, 0xe8, 0x10, 0x00, 0x00, 0xe3, 0x10, 0x00, 0x00, 0x2d, 0x01, 0x00, 0x00, // ............-...
	0x81, 0x00, 0x05, 0x00, 0x07, 0x00, 0x00, 0x00, 0xe9, 0x10, 0x00, 0x00, 0xe8, 0x10, 0x00, 0x00, // ................
	0x2d, 0x01, 0x00, 0x00, 0x0c, 0x00, 0x07, 0x00, 0x07, 0x00, 0x00, 0x00, 0xea, 0x10, 0x00, 0x00, // -...............
	0x01, 0x00, 0x00, 0x00, 0x28, 0x00, 0x00, 0x00, 0xe9, 0x10, 0x00, 0x00, 0xe1, 0x00, 0x00, 0x00, // ....(...........
	0x85, 0x00, 0x05, 0x00, 0x07, 0x00, 0x00, 0x00, 0xed, 0x10, 0x00, 0x00, 0xea, 0x10, 0x00, 0x00, // ................
	0xea, 0x10, 0x00, 0x00, 0x51, 0x00, 0x05, 0x00, 0x07, 0x00, 0x00, 0x00, 0xef, 0x10, 0x00, 0x00, // ....Q...........
	0xd3, 0x0f, 0x00, 0x00, 0x01, 0x00, 0x00, 0x00, 0x85, 0x00, 0x05, 0x00, 0x07, 0x00, 0x00, 0x00, // ................
	0xf0, 0x10, 0x00, 0x00, 0xef, 0x10, 0x00, 0x00, 0x2d, 0x01, 0x00, 0x00, 0x81, 0x00, 0x05, 0x00, // ........-.......
	0x07, 0x00, 0x00, 0x00, 0xf1, 0x10, 0x00, 0x00, 0xf0, 0x10, 0x00, 0x00, 0x2d, 0x01, 0x00, 0x00, // ............-...
	0x0c, 0x00, 0x08, 0x00, 0x07, 0x00, 0x00, 0x00, 0xf2, 0x10, 0x00, 0x00, 0x01, 0x00, 0x00, 0x00, // ................
	0x2b, 0x00, 0x00, 0x00, 0xf1, 0x10, 0x00, 0x00, 0xe1, 0x00, 0x00, 0x00, 0x1f, 0x01, 0x00, 0x00, // +...............
	0x85, 0x00, 0x05, 0x00, 0x07, 0x00, 0x00, 0x00, 0xf5, 0x10, 0x00, 0x00, 0xf2, 0x10, 0x00, 0x00, // ................
	0xf2, 0x10, 0x00, 0x00, 0x85, 0x00, 0x05, 0x00, 0x07, 0x00, 0x00, 0x00, 0xf7, 0x10, 0x00, 0x00, // ................
	0x9b, 0x01, 0x00, 0x00, 0xf2, 0x10, 0x00, 0x00, 0x83, 0x00, 0x05, 0x00, 0x07, 0x00, 0x00, 0x00, // ................
	0xf8, 0x10, 0x00, 0x00, 0x9a, 0x01, 0x00, 0x00, 0xf7, 0x10, 0x00, 0x00, 0x85, 0x00, 0x05, 0x00, // ................
	0x07, 0x00, 0x00, 0x00, 0xf9, 0x10, 0x00, 0x00, 0xf5, 0x10, 0x00, 0x00, 0xf8, 0x10, 0x00, 0x00, // ................
	0x41, 0x00, 0x05, 0x00, 0xc0, 0x00, 0x00, 0x00, 0x47, 0x11, 0x00, 0x00, 0xbb, 0x00, 0x00, 0x00, // A.......G.......
	0x32, 0x01, 0x00, 0x00, 0x3d, 0x00, 0x04, 0x00, 0x0e, 0x00, 0x00, 0x00, 0x48, 0x11, 0x00, 0x00, // 2...=.......H...
	0x47, 0x11, 0x00, 0x00, 0x4f, 0x00, 0x08, 0x00, 0x0b, 0x00, 0x00, 0x00, 0x49, 0x11, 0x00, 0x00, // G...O.......I...
	0x48, 0x11, 0x00, 0x00, 0x48, 0x11, 0x00, 0x00, 0x00, 0x00, 0x00, 0x00, 0x01, 0x00, 0x00, 0x00, // H...H...........
	0x02, 0x00, 0x00, 0x00, 0x41, 0x00, 0x06, 0x00, 0x58, 0x01, 0x00, 0x00, 0x4a, 0x11, 0x00, 0x00, // ....A...X...J...
	0xbb, 0x00, 0x00, 0x00, 0x32, 0x01, 0x00, 0x00, 0xc7, 0x00, 0x00, 0x00, 0x3d, 0x00, 0x04, 0x00, // ....2.......=...
	0x07, 0x00, 0x00, 0x00, 0x4b, 0x11, 0x00, 0x00, 0x4a, 0x11, 0x00, 0x00, 0x8e, 0x00, 0x05, 0x00, // ....K...J.......
	0x0b, 0x00, 0x00, 0x00, 0x4c, 0x11, 0x00, 0x00, 0x49, 0x11, 0x00, 0x00, 0x4b, 0x11, 0x00, 0x00, // ....L...I...K...
	0x0c, 0x00, 0x08, 0x00, 0x07, 0x00, 0x00, 0x00, 0x52, 0x11, 0x00, 0x00, 0x01, 0x00, 0x00, 0x00, // ........R.......
	0x2e, 0x00, 0x00, 0x00, 0xa2, 0x01, 0x00, 0x00, 0xa3, 0x01, 0x00, 0x00, 0xf9, 0x10, 0x00, 0x00, // ................
	0x8e, 0x00, 0x05, 0x00, 0x0b, 0x00, 0x00, 0x00, 0xfd, 0x10, 0x00, 0x00, 0x4c, 0x11, 0x00, 0x00, // ............L...
	0x52, 0x11, 0x00, 0x00, 0x83, 0x00, 0x05, 0x00, 0x0b, 0x00, 0x00, 0x00, 0x01, 0x11, 0x00, 0x00, // R...............
	0xe0, 0x10, 0x00, 0x00, 0x08, 0x14, 0x00, 0x00, 0x0c, 0x00, 0x06, 0x00, 0x0b, 0x00, 0x00, 0x00, // ................
	0x02, 0x11, 0x00, 0x00, 0x01, 0x00, 0x00, 0x00, 0x45, 0x00, 0x00, 0x00, 0x01, 0x11, 0x00, 0x00, // ........E.......
	0x0c, 0x00, 0x08, 0x00, 0x07, 0x00, 0x00, 0x00, 0x58, 0x11, 0x00, 0x00, 0x01, 0x00, 0x00, 0x00, // ........X.......
	0x2e, 0x00, 0x00, 0x00, 0xb1, 0x01, 0x00, 0x00, 0xb2, 0x01, 0x00, 0x00, 0xd6, 0x0f, 0x00, 0x00, // ................
	0x94, 0x00, 0x05, 0x00, 0x07, 0x00, 0x00, 0x00, 0x07, 0x11, 0x00, 0x00, 0xd3, 0x0f, 0x00, 0x00, // ................
	0x02, 0x11, 0x00, 0x00, 0x0c, 0x00, 0x07, 0x00, 0x07, 0x00, 0x00, 0x00, 0x08, 0x11, 0x00, 0x00, // ................
	0x01, 0x00, 0x00, 0x00, 0x28, 0x00, 0x00, 0x00, 0x07, 0x11, 0x00, 0x00, 0xe1, 0x00, 0x00, 0x00, // ....(...........
	0x0c, 0x00, 0x07, 0x00, 0x07, 0x00, 0x00, 0x00, 0x0a, 0x11, 0x00, 0x00, 0x01, 0x00, 0x00, 0x00, // ................
	0x1a, 0x00, 0x00, 0x00, 0x08, 0x11, 0x00, 0x00, 0x58, 0x11, 0x00, 0x00, 0x0c, 0x00, 0x08, 0x00, // ........X.......
	0x07, 0x00, 0x00, 0x00, 0x5e, 0x11, 0x00, 0x00, 0x01, 0x00, 0x00, 0x00, 0x2e, 0x00, 0x00, 0x00, // ....^...........
	0xbf, 0x01, 0x00, 0x00, 0xc0, 0x01, 0x00, 0x00, 0xd6, 0x0f, 0x00, 0x00, 0x85, 0x00, 0x05, 0x00, // ................
	0x07, 0x00, 0x00, 0x00, 0x0d, 0x11, 0x00, 0x00, 0x0a, 0x11, 0x00, 0x00, 0x5e, 0x11, 0x00, 0x00, // ............^...
	0x8e, 0x00, 0x05, 0x00, 0x0b, 0x00, 0x00, 0x00, 0x6f, 0x11, 0x00, 0x00, 0xd3, 0x0f, 0x00, 0x00, // ........o.......
	0x66, 0x01, 0x00, 0x00, 0x81, 0x00, 0x05, 0x00, 0x0b, 0x00, 0x00, 0x00, 0x70, 0x11, 0x00, 0x00, // f...........p...
	0xbf, 0x0f, 0x00, 0x00, 0x6f, 0x11, 0x00, 0x00, 0xf9, 0x00, 0x02, 0x00, 0x84, 0x11, 0x00, 0x00, // ....o...........
	0xf8, 0x00, 0x02, 0x00, 0x84, 0x11, 0x00, 0x00, 0xf5, 0x00, 0x07, 0x00, 0x07, 0x00, 0x00, 0x00, // ................
	0x0d, 0x14, 0x00, 0x00, 0x9f, 0x00, 0x00, 0x00, 0xba, 0x0f, 0x00, 0x00, 0x17, 0x15, 0x00, 0x00, // ................
	0xc0, 0x11, 0x00, 0x00, 0xf5, 0x00, 0x07, 0x00, 0x2b, 0x00, 0x00, 0x00, 0x0c, 0x14, 0x00, 0x00, // ........+.......
	0xa0, 0x00, 0x00, 0x00, 0xba, 0x0f, 0x00, 0x00, 0x15, 0x15, 0x00, 0x00, 0xc0, 0x11, 0x00, 0x00, // ................
	0xf5, 0x00, 0x07, 0x00, 0x2b, 0x00, 0x00, 0x00, 0x0b, 0x14, 0x00, 0x00, 0x7a, 0x00, 0x00, 0x00, // ....+.......z...
	0xba, 0x0f, 0x00, 0x00, 0xc2, 0x11, 0x00, 0x00, 0xc0, 0x11, 0x00, 0x00, 0xb1, 0x00, 0x05, 0x00, // ................
	0x5f, 0x00, 0x00, 0x00, 0x87, 0x11, 0x00, 0x00, 0x0b, 0x14, 0x00, 0x00, 0xa8, 0x00, 0x00, 0x00, // _...............
	0xf6, 0x00, 0x04, 0x00, 0xc3, 0x11, 0x00, 0x00, 0xc0, 0x11, 0x00, 0x00, 0x00, 0x00, 0x00, 0x00, // ................
	0xfa, 0x00, 0x04, 0x00, 0x87, 0x11, 0x00, 0x00, 0x88, 0x11, 0x00, 0x00, 0xc3, 0x11, 0x00, 0x00, // ................
	0xf8, 0x00, 0x02, 0x00, 0x88, 0x11, 0x00, 0x00, 0xaf, 0x00, 0x05, 0x00, 0x5f, 0x00, 0x00, 0x00, // ............_...
	0x8b, 0x11, 0x00, 0x00, 0x0b, 0x14, 0x00, 0x00, 0x5d, 0x04, 0x00, 0x00, 0xaa, 0x00, 0x05, 0x00, // ........].......
	0x5f, 0x00, 0x00, 0x00, 0x8e, 0x11, 0x00, 0x00, 0x0b, 0x14, 0x00, 0x00, 0x0a, 0x14, 0x00, 0x00, // _...............
	0xa6, 0x00, 0x05, 0x00, 0x5f, 0x00, 0x00, 0x00, 0x8f, 0x11, 0x00, 0x00, 0x8b, 0x11, 0x00, 0x00, // ...._...........
	0x8e, 0x11, 0x00, 0x00, 0xf7, 0x00, 0x03, 0x00, 0x91, 0x11, 0x00, 0x00, 0x00, 0x00, 0x00, 0x00, // ................
	0xfa, 0x00, 0x04, 0x00, 0x8f, 0x11, 0x00, 0x00, 0x90, 0x11, 0x00, 0x00, 0x91, 0x11, 0x00, 0x00, // ................
	0xf8, 0x00, 0x02, 0x00, 0x90, 0x11, 0x00, 0x00, 0xf9, 0x00, 0x02, 0x00, 0xc0, 0x11, 0x00, 0x00, // ................
	0xf8, 0x00, 0x02, 0x00, 0x91, 0x11, 0x00, 0x00, 0x84, 0x00, 0x05, 0x00, 0x2b, 0x00, 0x00, 0x00, // ............+...
	0x93, 0x11, 0x00, 0x00, 0x0b, 0x14, 0x00, 0x00, 0xbd, 0x00, 0x00, 0x00, 0x41, 0x00, 0x06, 0x00, // ............A...
	0xc0, 0x00, 0x00, 0x00, 0x95, 0x11, 0x00, 0x00, 0xbb, 0x00, 0x00, 0x00, 0xa8, 0x00, 0x00, 0x00, // ................
	0x93, 0x11, 0x00, 0x00, 0x3d, 0x00, 0x04, 0x00, 0x0e, 0x00, 0x00, 0x00, 0x96, 0x11, 0x00, 0x00, // ....=...........
	0x95, 0x11, 0x00, 0x00, 0x4f, 0x00, 0x08, 0x00, 0x0b, 0x00, 0x00, 0x00, 0x98, 0x11, 0x00, 0x00, // ....O...........
	0x96, 0x11, 0x00, 0x00, 0x96, 0x11, 0x00, 0x00, 0x00, 0x00, 0x00, 0x00, 0x01, 0x00, 0x00, 0x00, // ................
	0x02, 0x00, 0x00, 0x00, 0x51, 0x00, 0x05, 0x00, 0x07, 0x00, 0x00, 0x00, 0x9a, 0x11, 0x00, 0x00, // ....Q...........
	0x96, 0x11, 0x00, 0x00, 0x03, 0x00, 0x00, 0x00, 0x83, 0x00, 0x05, 0x00, 0x0b, 0x00, 0x00, 0x00, // ................
	0x9d, 0x11, 0x00, 0x00, 0x70, 0x11, 0x00, 0x00, 0x98, 0x11, 0x00, 0x00, 0x94, 0x00, 0x05, 0x00, // ....p...........
	0x07, 0x00, 0x00, 0x00, 0xa0, 0x11, 0x00, 0x00, 0x9d, 0x11, 0x00, 0x00, 0xe0, 0x10, 0x00, 0x00, // ................
	0x94, 0x00, 0x05, 0x00, 0x07, 0x00, 0x00, 0x00, 0xa3, 0x11, 0x00, 0x00, 0x9d, 0x11, 0x00, 0x00, // ................
	0x9d, 0x11, 0x00, 0x00, 0x85, 0x00, 0x05, 0x00, 0x07, 0x00, 0x00, 0x00, 0xa6, 0x11, 0x00, 0x00, // ................
	0x9a, 0x11, 0x00, 0x00, 0x9a, 0x11, 0x00, 0x00, 0x83, 0x00, 0x05, 0x00, 0x07, 0x00, 0x00, 0x00, // ................
	0xa7, 0x11, 0x00, 0x00, 0xa3, 0x11, 0x00, 0x00, 0xa6, 0x11, 0x00, 0x00, 0x85, 0x00, 0x05, 0x00, // ................
	0x07, 0x00, 0x00, 0x00, 0xaa, 0x11, 0x00, 0x00, 0xa0, 0x11, 0x00, 0x00, 0xa0, 0x11, 0x00, 0x00, // ................
	0x83, 0x00, 0x05, 0x00, 0x07, 0x00, 0x00, 0x00, 0xac, 0x11, 0x00, 0x00, 0xaa, 0x11, 0x00, 0x00, // ................
	0xa7, 0x11, 0x00, 0x00, 0xb8, 0x00, 0x05, 0x00, 0x5f, 0x00, 0x00, 0x00, 0xae, 0x11, 0x00, 0x00, // ........_.......
	0xac, 0x11, 0x00, 0x00, 0xe1, 0x00, 0x00, 0x00, 0xf7, 0x00, 0x03, 0x00, 0xb0, 0x11, 0x00, 0x00, // ................
	0x00, 0x00, 0x00, 0x00, 0xfa, 0x00, 0x04, 0x00, 0xae, 0x11, 0x00, 0x00, 0xaf, 0x11, 0x00, 0x00, // ................
	0xb0, 0x11, 0x00, 0x00, 0xf8, 0x00, 0x02, 0x00, 0xaf, 0x11, 0x00, 0x00, 0xf9, 0x00, 0x02, 0x00, // ................
	0xc0, 0x11, 0x00, 0x00, 0xf8, 0x00, 0x02, 0x00, 0xb0, 0x11, 0x00, 0x00, 0x7f, 0x00, 0x04, 0x00, // ................
	0x07, 0x00, 0x00, 0x00, 0xb2, 0x11, 0x00, 0x00, 0xa0, 0x11, 0x00, 0x00, 0x0c, 0x00, 0x06, 0x00, // ................
	0x07, 0x00, 0x00, 0x00, 0xb4, 0x11, 0x00, 0x00, 0x01, 0x00, 0x00, 0x00, 0x1f, 0x00, 0x00, 0x00, // ................
	0xac, 0x11, 0x00, 0x00, 0x83, 0x00, 0x05, 0x00, 0x07, 0x00, 0x00, 0x00, 0xb5, 0x11, 0x00, 0x00, // ................
	0xb2, 0x11, 0x00, 0x00, 0xb4, 0x11, 0x00, 0x00, 0xba, 0x00, 0x05, 0x00, 0x5f, 0x00, 0x00, 0x00, // ............_...
	0xb7, 0x11, 0x00, 0x00, 0xb5, 0x11, 0x00, 0x00, 0xed, 0x00, 0x00, 0x00, 0xb8, 0x00, 0x05, 0x00, // ................
	0x5f, 0x00, 0x00, 0x00, 0xba, 0x11, 0x00, 0x00, 0xb5, 0x11, 0x00, 0x00, 0x0d, 0x14, 0x00, 0x00, // _...............
	0xa7, 0x00, 0x05, 0x00, 0x5f, 0x00, 0x00, 0x00, 0xbb, 0x11, 0x00, 0x00, 0xb7, 0x11, 0x00, 0x00, // ...._...........
	0xba, 0x11, 0x00, 0x00, 0xa9, 0x00, 0x06, 0x00, 0x07, 0x00, 0x00, 0x00, 0x57, 0x15, 0x00, 0x00, // ............W...
	0xbb, 0x11, 0x00, 0x00, 0xb5, 0x11, 0x00, 0x00, 0x0d, 0x14, 0x00, 0x00, 0xa9, 0x00, 0x06, 0x00, // ................
	0x2b, 0x00, 0x00, 0x00, 0x58, 0x15, 0x00, 0x00, 0xbb, 0x11, 0x00, 0x00, 0x0b, 0x14, 0x00, 0x00, // +...X...........
	0x0c, 0x14, 0x00, 0x00, 0xf9, 0x00, 0x02, 0x00, 0xc0, 0x11, 0x00, 0x00, 0xf8, 0x00, 0x02, 0x00, // ................
	0xc0, 0x11, 0x00, 0x00, 0xf5, 0x00, 0x09, 0x00, 0x07, 0x00, 0x00, 0x00, 0x17, 0x15, 0x00, 0x00, // ................
	0x0d, 0x14, 0x00, 0x00, 0x90, 0x11, 0x00, 0x00, 0x0d, 0x14, 0x00, 0x00, 0xaf, 0x11, 0x00, 0x00, // ................
	0x57, 0x15, 0x00, 0x00, 0xb0, 0x11, 0x00, 0x00, 0xf5, 0x00, 0x09, 0x00, 0x2b, 0x00, 0x00, 0x00, // W...........+...
	0x15, 0x15, 0x00, 0x00, 0x0c, 0x14, 0x00, 0x00, 0x90, 0x11, 0x00, 0x00, 0x0c, 0x14, 0x00, 0x00, // ................
	0xaf, 0x11, 0x00, 0x00, 0x58, 0x15, 0x00, 0x00, 0xb0, 0x11, 0x00, 0x00, 0x80, 0x00, 0x05, 0x00, // ....X...........
	0x2b, 0x00, 0x00, 0x00, 0xc2, 0x11, 0x00, 0x00, 0x0b, 0x14, 0x00, 0x00, 0x76, 0x00, 0x00, 0x00, // +...........v...
	0xf9, 0x00, 0x02, 0x00, 0x84, 0x11, 0x00, 0x00, 0xf8, 0x00, 0x02, 0x00, 0xc3, 0x11, 0x00, 0x00, // ................
	0xaf, 0x00, 0x05, 0x00, 0x5f, 0x00, 0x00, 0x00, 0xc5, 0x11, 0x00, 0x00, 0x0c, 0x14, 0x00, 0x00, // ...._...........
	0x7a, 0x00, 0x00, 0x00, 0xa9, 0x00, 0x06, 0x00, 0x07, 0x00, 0x00, 0x00, 0xc7, 0x11, 0x00, 0x00, // z...............
	0xc5, 0x11, 0x00, 0x00, 0x0d, 0x14, 0x00, 0x00, 0xfc, 0x00, 0x00, 0x00, 0xba, 0x00, 0x05, 0x00, // ................
	0x5f, 0x00, 0x00, 0x00, 0x76, 0x11, 0x00, 0x00, 0xc7, 0x11, 0x00, 0x00, 0xe1, 0x00, 0x00, 0x00, // _...v...........
	0xa9, 0x00, 0x06, 0x00, 0x07, 0x00, 0x00, 0x00, 0x77, 0x11, 0x00, 0x00, 0x76, 0x11, 0x00, 0x00, // ........w...v...
	0xe1, 0x00, 0x00, 0x00, 0x1f, 0x01, 0x00, 0x00, 0x41, 0x00, 0x05, 0x00, 0xc0, 0x00, 0x00, 0x00, // ........A.......
	0x15, 0x11, 0x00, 0x00, 0xbb, 0x00, 0x00, 0x00, 0xd4, 0x01, 0x00, 0x00, 0x3d, 0x00, 0x04, 0x00, // ............=...
	0x0e, 0x00, 0x00, 0x00, 0x16, 0x11, 0x00, 0x00, 0x15, 0x11, 0x00, 0x00, 0x4f, 0x00, 0x08, 0x00, // ............O...
	0x0b, 0x00, 0x00, 0x00, 0x17, 0x11, 0x00, 0x00, 0x16, 0x11, 0x00, 0x00, 0x16, 0x11, 0x00, 0x00, // ................
	0x00, 0x00, 0x00, 0x00, 0x01, 0x00, 0x00, 0x00, 0x02, 0x00, 0x00, 0x00, 0x85, 0x00, 0x05, 0x00, // ................
	0x07, 0x00, 0x00, 0x00, 0x19, 0x11, 0x00, 0x00, 0xe4, 0x10, 0x00, 0x00, 0x49, 0x01, 0x00, 0x00, // ............I...
	0x85, 0x00, 0x05, 0x00, 0x07, 0x00, 0x00, 0x00, 0x1b, 0x11, 0x00, 0x00, 0xed, 0x10, 0x00, 0x00, // ................
	0xdb, 0x01, 0x00, 0x00, 0x81, 0x00, 0x05, 0x00, 0x07, 0x00, 0x00, 0x00, 0x1c, 0x11, 0x00, 0x00, // ................
	0x19, 0x11, 0x00, 0x00, 0x1b, 0x11, 0x00, 0x00, 0x8e, 0x00, 0x05, 0x00, 0x0b, 0x00, 0x00, 0x00, // ................
	0x1d, 0x11, 0x00, 0x00, 0x17, 0x11, 0x00, 0x00, 0x1c, 0x11, 0x00, 0x00, 0x8e, 0x00, 0x05, 0x00, // ................
	0x0b, 0x00, 0x00, 0x00, 0x1f, 0x11, 0x00, 0x00, 0x1d, 0x11, 0x00, 0x00, 0x77, 0x11, 0x00, 0x00, // ............w...
	0x81, 0x00, 0x05, 0x00, 0x0b, 0x00, 0x00, 0x00, 0x20, 0x11, 0x00, 0x00, 0xfd, 0x10, 0x00, 0x00, // ........ .......
	0x1f, 0x11, 0x00, 0x00, 0x85, 0x00, 0x05, 0x00, 0x0b, 0x00, 0x00, 0x00, 0x21, 0x11, 0x00, 0x00, // ............!...
	0x3c, 0x11, 0x00, 0x00, 0x20, 0x11, 0x00, 0x00, 0x85, 0x00, 0x05, 0x00, 0x07, 0x00, 0x00, 0x00, // <... ...........
	0x24, 0x11, 0x00, 0x00, 0xd9, 0x0f, 0x00, 0x00, 0xe6, 0x01, 0x00, 0x00, 0x83, 0x00, 0x05, 0x00, // $...............
	0x07, 0x00, 0x00, 0x00, 0x25, 0x11, 0x00, 0x00, 0x1f, 0x01, 0x00, 0x00, 0x24, 0x11, 0x00, 0x00, // ....%.......$...
	0x8e, 0x00, 0x05, 0x00, 0x0b, 0x00, 0x00, 0x00, 0x26, 0x11, 0x00, 0x00, 0x21, 0x11, 0x00, 0x00, // ........&...!...
	0x25, 0x11, 0x00, 0x00, 0x8e, 0x00, 0x05, 0x00, 0x0b, 0x00, 0x00, 0x00, 0x2b, 0x11, 0x00, 0x00, // %...........+...
	0x17, 0x11, 0x00, 0x00, 0x0d, 0x11, 0x00, 0x00, 0x8e, 0x00, 0x05, 0x00, 0x0b, 0x00, 0x00, 0x00, // ................
	0x2d, 0x11, 0x00, 0x00, 0x2b, 0x11, 0x00, 0x00, 0x77, 0x11, 0x00, 0x00, 0x0c, 0x00, 0x08, 0x00, // -...+...w.......
	0x07, 0x00, 0x00, 0x00, 0xcd, 0x11, 0x00, 0x00, 0x01, 0x00, 0x00, 0x00, 0x2e, 0x00, 0x00, 0x00, // ................
	0x3e, 0x01, 0x00, 0x00, 0x1f, 0x01, 0x00, 0x00, 0xd9, 0x0f, 0x00, 0x00, 0x8e, 0x00, 0x05, 0x00, // >...............
	0x0b, 0x00, 0x00, 0x00, 0x30, 0x11, 0x00, 0x00, 0x2d, 0x11, 0x00, 0x00, 0xcd, 0x11, 0x00, 0x00, // ....0...-.......
	0x81, 0x00, 0x05, 0x00, 0x0b, 0x00, 0x00, 0x00, 0x31, 0x11, 0x00, 0x00, 0x26, 0x11, 0x00, 0x00, // ........1...&...
	0x30, 0x11, 0x00, 0x00, 0x8e, 0x00, 0x05, 0x00, 0x0b, 0x00, 0x00, 0x00, 0x33, 0x11, 0x00, 0x00, // 0...........3...
	0x31, 0x11, 0x00, 0x00, 0xf9, 0x01, 0x00, 0x00, 0x7f, 0x00, 0x04, 0x00, 0x0b, 0x00, 0x00, 0x00, // 1...............
	0xe9, 0x0f, 0x00, 0x00, 0x08, 0x14, 0x00, 0x00, 0x94, 0x00, 0x05, 0x00, 0x07, 0x00, 0x00, 0x00, // ................
	0xea, 0x0f, 0x00, 0x00, 0xd3, 0x0f, 0x00, 0x00, 0xe9, 0x0f, 0x00, 0x00, 0x0c, 0x00, 0x07, 0x00, // ................
	0x07, 0x00, 0x00, 0x00, 0xeb, 0x0f, 0x00, 0x00, 0x01, 0x00, 0x00, 0x00, 0x28, 0x00, 0x00, 0x00, // ............(...
	0xea, 0x0f, 0x00, 0x00, 0xe1, 0x00, 0x00, 0x00, 0x83, 0x00, 0x05, 0x00, 0x07, 0x00, 0x00, 0x00, // ................
	0xee, 0x0f, 0x00, 0x00, 0x1f, 0x01, 0x00, 0x00, 0xdc, 0x0f, 0x00, 0x00, 0x83, 0x00, 0x05, 0x00, // ................
	0x07, 0x00, 0x00, 0x00, 0xf0, 0x0f, 0x00, 0x00, 0x1f, 0x01, 0x00, 0x00, 0xeb, 0x0f, 0x00, 0x00, // ................
	0x0c, 0x00, 0x07, 0x00, 0x07, 0x00, 0x00, 0x00, 0xf1, 0x0f, 0x00, 0x00, 0x01, 0x00, 0x00, 0x00, // ................
	0x1a, 0x00, 0x00, 0x00, 0xf0, 0x0f, 0x00, 0x00, 0xa9, 0x02, 0x00, 0x00, 0x85, 0x00, 0x05, 0x00, // ................
	0x07, 0x00, 0x00, 0x00, 0xf2, 0x0f, 0x00, 0x00, 0xee, 0x0f, 0x00, 0x00, 0xf1, 0x0f, 0x00, 0x00, // ................
	0x81, 0x00, 0x05, 0x00, 0x07, 0x00, 0x00, 0x00, 0xf3, 0x0f, 0x00, 0x00, 0xdc, 0x0f, 0x00, 0x00, // ................
	0xf2, 0x0f, 0x00, 0x00, 0x0c, 0x00, 0x08, 0x00, 0x07, 0x00, 0x00, 0x00, 0xd3, 0x11, 0x00, 0x00, // ................
	0x01, 0x00, 0x00, 0x00, 0x2e, 0x00, 0x00, 0x00, 0xbf, 0x01, 0x00, 0x00, 0x1f, 0x01, 0x00, 0x00, // ................
	0xd9, 0x0f, 0x00, 0x00, 0x85, 0x00, 0x05, 0x00, 0x07, 0x00, 0x00, 0x00, 0xf7, 0x0f, 0x00, 0x00, // ................
	0xf3, 0x0f, 0x00, 0x00, 0xd3, 0x11, 0x00, 0x00, 0x85, 0x00, 0x05, 0x00, 0x07, 0x00, 0x00, 0x00, // ................
	0xf9, 0x0f, 0x00, 0x00, 0xd6, 0x0f, 0x00, 0x00, 0xb6, 0x02, 0x00, 0x00, 0x83, 0x00, 0x05, 0x00, // ................
	0x07, 0x00, 0x00, 0x00, 0xfa, 0x0f, 0x00, 0x00, 0x1f, 0x01, 0x00, 0x00, 0xf9, 0x0f, 0x00, 0x00, // ................
	0x85, 0x00, 0x05, 0x00, 0x07, 0x00, 0x00, 0x00, 0xfb, 0x0f, 0x00, 0x00, 0xf7, 0x0f, 0x00, 0x00, // ................
	0xfa, 0x0f, 0x00, 0x00, 0x50, 0x00, 0x06, 0x00, 0x0b, 0x00, 0x00, 0x00, 0x01, 0x10, 0x00, 0x00, // ....P...........
	0xd9, 0x0f, 0x00, 0x00, 0xd9, 0x0f, 0x00, 0x00, 0xd9, 0x0f, 0x00, 0x00, 0x0c, 0x00, 0x08, 0x00, // ................
	0x0b, 0x00, 0x00, 0x00, 0xee, 0x11, 0x00, 0x00, 0x01, 0x00, 0x00, 0x00, 0x2e, 0x00, 0x00, 0x00, // ................
	0x20, 0x01, 0x00, 0x00, 0x3c, 0x11, 0x00, 0x00, 0x01, 0x10, 0x00, 0x00, 0x85, 0x00, 0x05, 0x00, //  ...<...........
	0x0b, 0x00, 0x00, 0x00, 0x06, 0x10, 0x00, 0x00, 0x10, 0x14, 0x00, 0x00, 0x33, 0x11, 0x00, 0x00, // ............3...
	0x83, 0x00, 0x05, 0x00, 0x07, 0x00, 0x00, 0x00, 0x08, 0x10, 0x00, 0x00, 0x1f, 0x01, 0x00, 0x00, // ................
	0xfb, 0x0f, 0x00, 0x00, 0x8e, 0x00, 0x05, 0x00, 0x0b, 0x00, 0x00, 0x00, 0x09, 0x10, 0x00, 0x00, // ................
	0x06, 0x10, 0x00, 0x00, 0x08, 0x10, 0x00, 0x00, 0x81, 0x00, 0x05, 0x00, 0x0b, 0x00, 0x00, 0x00, // ................
	0x0b, 0x10, 0x00, 0x00, 0x12, 0x14, 0x00, 0x00, 0x09, 0x10, 0x00, 0x00, 0x0c, 0x00, 0x07, 0x00, // ................
	0x0b, 0x00, 0x00, 0x00, 0x0e, 0x10, 0x00, 0x00, 0x01, 0x00, 0x00, 0x00, 0x47, 0x00, 0x00, 0x00, // ............G...
	0x08, 0x14, 0x00, 0x00, 0xd3, 0x0f, 0x00, 0x00, 0x0c, 0x00, 0x06, 0x00, 0x0b, 0x00, 0x00, 0x00, // ................
	0x0f, 0x10, 0x00, 0x00, 0x01, 0x00, 0x00, 0x00, 0x45, 0x00, 0x00, 0x00, 0x0e, 0x10, 0x00, 0x00, // ........E.......
	0x8e, 0x00, 0x05, 0x00, 0x0b, 0x00, 0x00, 0x00, 0x12, 0x10, 0x00, 0x00, 0xd3, 0x0f, 0x00, 0x00, // ................
	0xd9, 0x02, 0x00, 0x00, 0x81, 0x00, 0x05, 0x00, 0x0b, 0x00, 0x00, 0x00, 0x13, 0x10, 0x00, 0x00, // ................
	0xbf, 0x0f, 0x00, 0x00, 0x12, 0x10, 0x00, 0x00, 0xf9, 0x00, 0x02, 0x00, 0xfb, 0x11, 0x00, 0x00, // ................
	0xf8, 0x00, 0x02, 0x00, 0xfb, 0x11, 0x00, 0x00, 0xf5, 0x00, 0x07, 0x00, 0x07, 0x00, 0x00, 0x00, // ................
	0x16, 0x14, 0x00, 0x00, 0x9f, 0x00, 0x00, 0x00, 0xc3, 0x11, 0x00, 0x00, 0x23, 0x15, 0x00, 0x00, // ............#...
	0x37, 0x12, 0x00, 0x00, 0xf5, 0x00, 0x07, 0x00, 0x2b, 0x00, 0x00, 0x00, 0x15, 0x14, 0x00, 0x00, // 7.......+.......
	0xa0, 0x00, 0x00, 0x00, 0xc3, 0x11, 0x00, 0x00, 0x21, 0x15, 0x00, 0x00, 0x37, 0x12, 0x00, 0x00, // ........!...7...
	0xf5, 0x00, 0x07, 0x00, 0x2b, 0x00, 0x00, 0x00, 0x14, 0x14, 0x00, 0x00, 0x7a, 0x00, 0x00, 0x00, // ....+.......z...
	0xc3, 0x11, 0x00, 0x00, 0x39, 0x12, 0x00, 0x00, 0x37, 0x12, 0x00, 0x00, 0xb1, 0x00, 0x05, 0x00, // ....9...7.......
	0x5f, 0x00, 0x00, 0x00, 0xfe, 0x11, 0x00, 0x00, 0x14, 0x14, 0x00, 0x00, 0xa8, 0x00, 0x00, 0x00, // _...............
	0xf6, 0x00, 0x04, 0x00, 0x3a, 0x12, 0x00, 0x00, 0x37, 0x12, 0x00, 0x00, 0x00, 0x00, 0x00, 0x00, // ....:...7.......
	0xfa, 0x00, 0x04, 0x00, 0xfe, 0x11, 0x00, 0x00, 0xff, 0x11, 0x00, 0x00, 0x3a, 0x12, 0x00, 0x00, // ............:...
	0xf8, 0x00, 0x02, 0x00, 0xff, 0x11, 0x00, 0x00, 0xaf, 0x00, 0x05, 0x00, 0x5f, 0x00, 0x00, 0x00, // ............_...
	0x02, 0x12, 0x00, 0x00, 0x14, 0x14, 0x00, 0x00, 0x5d, 0x04, 0x00, 0x00, 0xaa, 0x00, 0x05, 0x00, // ........].......
	0x5f, 0x00, 0x00, 0x00, 0x05, 0x12, 0x00, 0x00, 0x14, 0x14, 0x00, 0x00, 0x0a, 0x14, 0x00, 0x00, // _...............
	0xa6, 0x00, 0x05, 0x00, 0x5f, 0x00, 0x00, 0x00, 0x06, 0x12, 0x00, 0x00, 0x02, 0x12, 0x00, 0x00, // ...._...........
	0x05, 0x12, 0x00, 0x00, 0xf7, 0x00, 0x03, 0x00, 0x08, 0x12, 0x00, 0x00, 0x00, 0x00, 0x00, 0x00, // ................
	0xfa, 0x00, 0x04, 0x00, 0x06, 0x12, 0x00, 0x00, 0x07, 0x12, 0x00, 0x00, 0x08, 0x12, 0x00, 0x00, // ................
	0xf8, 0x00, 0x02, 0x00, 0x07, 0x12, 0x00, 0x00, 0xf9, 0x00, 0x02, 0x00, 0x37, 0x12, 0x00, 0x00, // ............7...
	0xf8, 0x00, 0x02, 0x00, 0x08, 0x12, 0x00, 0x00, 0x84, 0x00, 0x05, 0x00, 0x2b, 0x00, 0x00, 0x00, // ............+...
	0x0a, 0x12, 0x00, 0x00, 0x14, 0x14, 0x00, 0x00, 0xbd, 0x00, 0x00, 0x00, 0x41, 0x00, 0x06, 0x00, // ............A...
	0xc0, 0x00, 0x00, 0x00, 0x0c, 0x12, 0x00, 0x00, 0xbb, 0x00, 0x00, 0x00, 0xa8, 0x00, 0x00, 0x00, // ................
	0x0a, 0x12, 0x00, 0x00, 0x3d, 0x00, 0x04, 0x00, 0x0e, 0x00, 0x00, 0x00, 0x0d, 0x12, 0x00, 0x00, // ....=...........
	0x0c, 0x12, 0x00, 0x00, 0x4f, 0x00, 0x08, 0x00, 0x0b, 0x00, 0x00, 0x00, 0x0f, 0x12, 0x00, 0x00, // ....O...........
	0x0d, 0x12, 0x00, 0x00, 0x0d, 0x12, 0x00, 0x00, 0x00, 0x00, 0x00, 0x00, 0x01, 0x00, 0x00, 0x00, // ................
	0x02, 0x00, 0x00, 0x00, 0x51, 0x00, 0x05, 0x00, 0x07, 0x00, 0x00, 0x00, 0x11, 0x12, 0x00, 0x00, // ....Q...........
	0x0d, 0x12, 0x00, 0x00, 0x03, 0x00, 0x00, 0x00, 0x83, 0x00, 0x05, 0x00, 0x0b, 0x00, 0x00, 0x00, // ................
	0x14, 0x12, 0x00, 0x00, 0x13, 0x10, 0x00, 0x00, 0x0f, 0x12, 0x00, 0x00, 0x94, 0x00, 0x05, 0x00, // ................
	0x07, 0x00, 0x00, 0x00, 0x17, 0x12, 0x00, 0x00, 0x14, 0x12, 0x00, 0x00, 0x0f, 0x10, 0x00, 0x00, // ................
	0x94, 0x00, 0x05, 0x00, 0x07, 0x00, 0x00, 0x00, 0x1a, 0x12, 0x00, 0x00, 0x14, 0x12, 0x00, 0x00, // ................
	0x14, 0x12, 0x00, 0x00, 0x85, 0x00, 0x05, 0x00, 0x07, 0x00, 0x00, 0x00, 0x1d, 0x12, 0x00, 0x00, // ................
	0x11, 0x12, 0x00, 0x00, 0x11, 0x12, 0x00, 0x00, 0x83, 0x00, 0x05, 0x00, 0x07, 0x00, 0x00, 0x00, // ................
	0x1e, 0x12, 0x00, 0x00, 0x1a, 0x12, 0x00, 0x00, 0x1d, 0x12, 0x00, 0x00, 0x85, 0x00, 0x05, 0x00, // ................
	0x07, 0x00, 0x00, 0x00, 0x21, 0x12, 0x00, 0x00, 0x17, 0x12, 0x00, 0x00, 0x17, 0x12, 0x00, 0x00, // ....!...........
	0x83, 0x00, 0x05, 0x00, 0x07, 0x00, 0x00, 0x00, 0x23, 0x12, 0x00, 0x00, 0x21, 0x12, 0x00, 0x00, // ........#...!...
	0x1e, 0x12, 0x00, 0x00, 0xb8, 0x00, 0x05, 0x00, 0x5f, 0x00, 0x00, 0x00, 0x25, 0x12, 0x00, 0x00, // ........_...%...
	0x23, 0x12, 0x00, 0x00, 0xe1, 0x00, 0x00, 0x00, 0xf7, 0x00, 0x03, 0x00, 0x27, 0x12, 0x00, 0x00, // #...........'...
	0x00, 0x00, 0x00, 0x00, 0xfa, 0x00, 0x04, 0x00, 0x25, 0x12, 0x00, 0x00, 0x26, 0x12, 0x00, 0x00, // ........%...&...
	0x27, 0x12, 0x00, 0x00, 0xf8, 0x00, 0x02, 0x00, 0x26, 0x12, 0x00, 0x00, 0xf9, 0x00, 0x02, 0x00, // '.......&.......
	0x37, 0x12, 0x00, 0x00, 0xf8, 0x00, 0x02, 0x00, 0x27, 0x12, 0x00, 0x00, 0x7f, 0x00, 0x04, 0x00, // 7.......'.......
	0x07, 0x00, 0x00, 0x00, 0x29, 0x12, 0x00, 0x00, 0x17, 0x12, 0x00, 0x00, 0x0c, 0x00, 0x06, 0x00, // ....)...........
	0x07, 0x00, 0x00, 0x00, 0x2b, 0x12, 0x00, 0x00, 0x01, 0x00, 0x00, 0x00, 0x1f, 0x00, 0x00, 0x00, // ....+...........
	0x23, 0x12, 0x00, 0x00, 0x83, 0x00, 0x05, 0x00, 0x07, 0x00, 0x00, 0x00, 0x2c, 0x12, 0x00, 0x00, // #...........,...
	0x29, 0x12, 0x00, 0x00, 0x2b, 0x12, 0x00, 0x00, 0xba, 0x00, 0x05, 0x00, 0x5f, 0x00, 0x00, 0x00, // )...+......._...
	0x2e, 0x12, 0x00, 0x00, 0x2c, 0x12, 0x00, 0x00, 0xed, 0x00, 0x00, 0x00, 0xb8, 0x00, 0x05, 0x00, // ....,...........
	0x5f, 0x00, 0x00, 0x00, 0x31, 0x12, 0x00, 0x00, 0x2c, 0x12, 0x00, 0x00, 0x16, 0x14, 0x00, 0x00, // _...1...,.......
	0xa7, 0x00, 0x05, 0x00, 0x5f, 0x00, 0x00, 0x00, 0x32, 0x12, 0x00, 0x00, 0x2e, 0x12, 0x00, 0x00, // ...._...2.......
	0x31, 0x12, 0x00, 0x00, 0xa9, 0x00, 0x06, 0x00, 0x07, 0x00, 0x00, 0x00, 0x59, 0x15, 0x00, 0x00, // 1...........Y...
	0x32, 0x12, 0x00, 0x00, 0x2c, 0x12, 0x00, 0x00, 0x16, 0x14, 0x00, 0x00, 0xa9, 0x00, 0x06, 0x00, // 2...,...........
	0x2b, 0x00, 0x00, 0x00, 0x5a, 0x15, 0x00, 0x00, 0x32, 0x12, 0x00, 0x00, 0x14, 0x14, 0x00, 0x00, // +...Z...2.......
	0x15, 0x14, 0x00, 0x00, 0xf9, 0x00, 0x02, 0x00, 0x37, 0x12, 0x00, 0x00, 0xf8, 0x00, 0x02, 0x00, // ........7.......
	0x37, 0x12, 0x00, 0x00, 0xf5, 0x00, 0x09, 0x00, 0x07, 0x00, 0x00, 0x00, 0x23, 0x15, 0x00, 0x00, // 7...........#...
	0x16, 0x14, 0x00, 0x00, 0x07, 0x12, 0x00, 0x00, 0x16, 0x14, 0x00, 0x00, 0x26, 0x12, 0x00, 0x00, // ............&...
	0x59, 0x15, 0x00, 0x00, 0x27, 0x12, 0x00, 0x00, 0xf5, 0x00, 0x09, 0x00, 0x2b, 0x00, 0x00, 0x00, // Y...'.......+...
	0x21, 0x15, 0x00, 0x00, 0x15, 0x14, 0x00, 0x00, 0x07, 0x12, 0x00, 0x00, 0x15, 0x14, 0x00, 0x00, // !...............
	0x26, 0x12, 0x00, 0x00, 0x5a, 0x15, 0x00, 0x00, 0x27, 0x12, 0x00, 0x00, 0x80, 0x00, 0x05, 0x00, // &...Z...'.......
	0x2b, 0x00, 0x00, 0x00, 0x39, 0x12, 0x00, 0x00, 0x14, 0x14, 0x00, 0x00, 0x76, 0x00, 0x00, 0x00, // +...9.......v...
	0xf9, 0x00, 0x02, 0x00, 0xfb, 0x11, 0x00, 0x00, 0xf8, 0x00, 0x02, 0x00, 0x3a, 0x12, 0x00, 0x00, // ............:...
	0xaf, 0x00, 0x05, 0x00, 0x5f, 0x00, 0x00, 0x00, 0x3c, 0x12, 0x00, 0x00, 0x15, 0x14, 0x00, 0x00, // ...._...<.......
	0x7a, 0x00, 0x00, 0x00, 0xa9, 0x00, 0x06, 0x00, 0x07, 0x00, 0x00, 0x00, 0x3e, 0x12, 0x00, 0x00, // z...........>...
	0x3c, 0x12, 0x00, 0x00, 0x16, 0x14, 0x00, 0x00, 0xfc, 0x00, 0x00, 0x00, 0xb1, 0x00, 0x05, 0x00, // <...............
	0x5f, 0x00, 0x00, 0x00, 0x1b, 0x10, 0x00, 0x00, 0x15, 0x14, 0x00, 0x00, 0x7a, 0x00, 0x00, 0x00, // _...........z...
	0xf7, 0x00, 0x03, 0x00, 0x33, 0x10, 0x00, 0x00, 0x00, 0x00, 0x00, 0x00, 0xfa, 0x00, 0x04, 0x00, // ....3...........
	0x1b, 0x10, 0x00, 0x00, 0x1c, 0x10, 0x00, 0x00, 0x33, 0x10, 0x00, 0x00, 0xf8, 0x00, 0x02, 0x00, // ........3.......
	0x1c, 0x10, 0x00, 0x00, 0x56, 0x00, 0x05, 0x00, 0x7e, 0x00, 0x00, 0x00, 0x45, 0x12, 0x00, 0x00, // ....V...~...E...
	0x74, 0x00, 0x00, 0x00, 0x71, 0x00, 0x00, 0x00, 0x58, 0x00, 0x07, 0x00, 0x0e, 0x00, 0x00, 0x00, // t...q...X.......
	0x48, 0x12, 0x00, 0x00, 0x45, 0x12, 0x00, 0x00, 0x0f, 0x10, 0x00, 0x00, 0x02, 0x00, 0x00, 0x00, // H...E...........
	0xe1, 0x00, 0x00, 0x00, 0x4f, 0x00, 0x08, 0x00, 0x0b, 0x00, 0x00, 0x00, 0x21, 0x10, 0x00, 0x00, // ....O.......!...
	0x48, 0x12, 0x00, 0x00, 0x48, 0x12, 0x00, 0x00, 0x00, 0x00, 0x00, 0x00, 0x01, 0x00, 0x00, 0x00, // H...H...........
	0x02, 0x00, 0x00, 0x00, 0x51, 0x00, 0x05, 0x00, 0x07, 0x00, 0x00, 0x00, 0x57, 0x12, 0x00, 0x00, // ....Q.......W...
	0x0f, 0x10, 0x00, 0x00, 0x01, 0x00, 0x00, 0x00, 0x85, 0x00, 0x05, 0x00, 0x07, 0x00, 0x00, 0x00, // ................
	0x58, 0x12, 0x00, 0x00, 0x57, 0x12, 0x00, 0x00, 0x2d, 0x01, 0x00, 0x00, 0x81, 0x00, 0x05, 0x00, // X...W...-.......
	0x07, 0x00, 0x00, 0x00, 0x59, 0x12, 0x00, 0x00, 0x58, 0x12, 0x00, 0x00, 0x2d, 0x01, 0x00, 0x00, // ....Y...X...-...
	0x0c, 0x00, 0x08, 0x00, 0x07, 0x00, 0x00, 0x00, 0x5a, 0x12, 0x00, 0x00, 0x01, 0x00, 0x00, 0x00, // ........Z.......
	0x2b, 0x00, 0x00, 0x00, 0x59, 0x12, 0x00, 0x00, 0xe1, 0x00, 0x00, 0x00, 0x1f, 0x01, 0x00, 0x00, // +...Y...........
	0x94, 0x00, 0x05, 0x00, 0x07, 0x00, 0x00, 0x00, 0x5f, 0x12, 0x00, 0x00, 0x49, 0x11, 0x00, 0x00, // ........_...I...
	0x3a, 0x01, 0x00, 0x00, 0x50, 0x00, 0x06, 0x00, 0x0b, 0x00, 0x00, 0x00, 0x6e, 0x12, 0x00, 0x00, // :...P.......n...
	0x5f, 0x12, 0x00, 0x00, 0x5f, 0x12, 0x00, 0x00, 0x5f, 0x12, 0x00, 0x00, 0x0c, 0x00, 0x08, 0x00, // _..._..._.......
	0x0b, 0x00, 0x00, 0x00, 0x74, 0x12, 0x00, 0x00, 0x01, 0x00, 0x00, 0x00, 0x2e, 0x00, 0x00, 0x00, // ....t...........
	0x49, 0x11, 0x00, 0x00, 0x6e, 0x12, 0x00, 0x00, 0x3f, 0x01, 0x00, 0x00, 0x8e, 0x00, 0x05, 0x00, // I...n...?.......
	0x0b, 0x00, 0x00, 0x00, 0x63, 0x12, 0x00, 0x00, 0x74, 0x12, 0x00, 0x00, 0x45, 0x01, 0x00, 0x00, // ....c...t...E...
	0x8e, 0x00, 0x05, 0x00, 0x0b, 0x00, 0x00, 0x00, 0x65, 0x12, 0x00, 0x00, 0x49, 0x11, 0x00, 0x00, // ........e...I...
	0x49, 0x01, 0x00, 0x00, 0x50, 0x00, 0x06, 0x00, 0x0b, 0x00, 0x00, 0x00, 0x67, 0x12, 0x00, 0x00, // I...P.......g...
	0x5a, 0x12, 0x00, 0x00, 0x5a, 0x12, 0x00, 0x00, 0x5a, 0x12, 0x00, 0x00, 0x0c, 0x00, 0x08, 0x00, // Z...Z...Z.......
	0x0b, 0x00, 0x00, 0x00, 0x7a, 0x12, 0x00, 0x00, 0x01, 0x00, 0x00, 0x00, 0x2e, 0x00, 0x00, 0x00, // ....z...........
	0x63, 0x12, 0x00, 0x00, 0x65, 0x12, 0x00, 0x00, 0x67, 0x12, 0x00, 0x00, 0x51, 0x00, 0x05, 0x00, // c...e...g...Q...
	0x07, 0x00, 0x00, 0x00, 0x25, 0x10, 0x00, 0x00, 0x48, 0x12, 0x00, 0x00, 0x03, 0x00, 0x00, 0x00, // ....%...H.......
	0x0c, 0x00, 0x08, 0x00, 0x07, 0x00, 0x00, 0x00, 0x26, 0x10, 0x00, 0x00, 0x01, 0x00, 0x00, 0x00, // ........&.......
	0x2b, 0x00, 0x00, 0x00, 0x25, 0x10, 0x00, 0x00, 0xe1, 0x00, 0x00, 0x00, 0x1f, 0x01, 0x00, 0x00, // +...%...........
	0x83, 0x00, 0x05, 0x00, 0x07, 0x00, 0x00, 0x00, 0x27, 0x10, 0x00, 0x00, 0x1f, 0x01, 0x00, 0x00, // ........'.......
	0x26, 0x10, 0x00, 0x00, 0x8e, 0x00, 0x05, 0x00, 0x0b, 0x00, 0x00, 0x00, 0x28, 0x10, 0x00, 0x00, // &...........(...
	0x7a, 0x12, 0x00, 0x00, 0x27, 0x10, 0x00, 0x00, 0x81, 0x00, 0x05, 0x00, 0x0b, 0x00, 0x00, 0x00, // z...'...........
	0x29, 0x10, 0x00, 0x00, 0x21, 0x10, 0x00, 0x00, 0x28, 0x10, 0x00, 0x00, 0x85, 0x00, 0x05, 0x00, // )...!...(.......
	0x0b, 0x00, 0x00, 0x00, 0x2c, 0x10, 0x00, 0x00, 0x10, 0x14, 0x00, 0x00, 0x29, 0x10, 0x00, 0x00, // ....,.......)...
	0x85, 0x00, 0x05, 0x00, 0x0b, 0x00, 0x00, 0x00, 0x2e, 0x10, 0x00, 0x00, 0x2c, 0x10, 0x00, 0x00, // ............,...
	0xee, 0x11, 0x00, 0x00, 0x8e, 0x00, 0x05, 0x00, 0x0b, 0x00, 0x00, 0x00, 0x30, 0x10, 0x00, 0x00, // ............0...
	0x2e, 0x10, 0x00, 0x00, 0xfb, 0x0f, 0x00, 0x00, 0x81, 0x00, 0x05, 0x00, 0x0b, 0x00, 0x00, 0x00, // ................
	0x32, 0x10, 0x00, 0x00, 0x0b, 0x10, 0x00, 0x00, 0x30, 0x10, 0x00, 0x00, 0xf9, 0x00, 0x02, 0x00, // 2.......0.......
	0x46, 0x10, 0x00, 0x00, 0xf8, 0x00, 0x02, 0x00, 0x33, 0x10, 0x00, 0x00, 0x8e, 0x00, 0x05, 0x00, // F.......3.......
	0x0b, 0x00, 0x00, 0x00, 0x36, 0x10, 0x00, 0x00, 0xee, 0x11, 0x00, 0x00, 0xfb, 0x0f, 0x00, 0x00, // ....6...........
	0x85, 0x00, 0x05, 0x00, 0x0b, 0x00, 0x00, 0x00, 0x38, 0x10, 0x00, 0x00, 0x10, 0x14, 0x00, 0x00, // ........8.......
	0x36, 0x10, 0x00, 0x00, 0x94, 0x00, 0x05, 0x00, 0x07, 0x00, 0x00, 0x00, 0x3b, 0x10, 0x00, 0x00, // 6...........;...
	0x38, 0x10, 0x00, 0x00, 0x20, 0x01, 0x00, 0x00, 0xb8, 0x00, 0x05, 0x00, 0x5f, 0x00, 0x00, 0x00, // 8... ......._...
	0x3c, 0x10, 0x00, 0x00, 0x3b, 0x10, 0x00, 0x00, 0x80, 0x02, 0x00, 0x00, 0xf7, 0x00, 0x03, 0x00, // <...;...........
	0x3e, 0x10, 0x00, 0x00, 0x00, 0x00, 0x00, 0x00, 0xfa, 0x00, 0x04, 0x00, 0x3c, 0x10, 0x00, 0x00, // >...........<...
	0x3d, 0x10, 0x00, 0x00, 0x3e, 0x10, 0x00, 0x00, 0xf8, 0x00, 0x02, 0x00, 0x3d, 0x10, 0x00, 0x00, // =...>.......=...
	0xf9, 0x00, 0x02, 0x00, 0x46, 0x10, 0x00, 0x00, 0xf8, 0x00, 0x02, 0x00, 0x3e, 0x10, 0x00, 0x00, // ....F.......>...
	0xf9, 0x00, 0x02, 0x00, 0x43, 0x10, 0x00, 0x00, 0xf8, 0x00, 0x02, 0x00, 0x43, 0x10, 0x00, 0x00, // ....C.......C...
	0x80, 0x00, 0x05, 0x00, 0x2b, 0x00, 0x00, 0x00, 0x45, 0x10, 0x00, 0x00, 0x06, 0x14, 0x00, 0x00, // ....+...E.......
	0x76, 0x00, 0x00, 0x00, 0xf9, 0x00, 0x02, 0x00, 0xb6, 0x0f, 0x00, 0x00, 0xf8, 0x00, 0x02, 0x00, // v...............
	0x46, 0x10, 0x00, 0x00, 0xf5, 0x00, 0x09, 0x00, 0x0b, 0x00, 0x00, 0x00, 0x1b, 0x14, 0x00, 0x00, // F...............
	0x12, 0x14, 0x00, 0x00, 0xb6, 0x0f, 0x00, 0x00, 0x32, 0x10, 0x00, 0x00, 0x1c, 0x10, 0x00, 0x00, // ........2.......
	0x0b, 0x10, 0x00, 0x00, 0x3d, 0x10, 0x00, 0x00, 0x8e, 0x00, 0x05, 0x00, 0x0b, 0x00, 0x00, 0x00, // ....=...........
	0x84, 0x12, 0x00, 0x00, 0x1b, 0x14, 0x00, 0x00, 0x0b, 0x01, 0x00, 0x00, 0x81, 0x00, 0x05, 0x00, // ................
	0x0b, 0x00, 0x00, 0x00, 0x86, 0x12, 0x00, 0x00, 0x84, 0x12, 0x00, 0x00, 0xf4, 0x12, 0x00, 0x00, // ................
	0x85, 0x00, 0x05, 0x00, 0x0b, 0x00, 0x00, 0x00, 0x87, 0x12, 0x00, 0x00, 0x1b, 0x14, 0x00, 0x00, // ................
	0x86, 0x12, 0x00, 0x00, 0x8e, 0x00, 0x05, 0x00, 0x0b, 0x00, 0x00, 0x00, 0x8a, 0x12, 0x00, 0x00, // ................
	0x1b, 0x14, 0x00, 0x00, 0x13, 0x01, 0x00, 0x00, 0x81, 0x00, 0x05, 0x00, 0x0b, 0x00, 0x00, 0x00, // ................
	0x8c, 0x12, 0x00, 0x00, 0x8a, 0x12, 0x00, 0x00, 0xf5, 0x12, 0x00, 0x00, 0x85, 0x00, 0x05, 0x00, // ................
	0x0b, 0x00, 0x00, 0x00, 0x8d, 0x12, 0x00, 0x00, 0x1b, 0x14, 0x00, 0x00, 0x8c, 0x12, 0x00, 0x00, // ................
	0x81, 0x00, 0x05, 0x00, 0x0b, 0x00, 0x00, 0x00, 0x8f, 0x12, 0x00, 0x00, 0x8d, 0x12, 0x00, 0x00, // ................
	0xf6, 0x12, 0x00, 0x00, 0x88, 0x00, 0x05, 0x00, 0x0b, 0x00, 0x00, 0x00, 0x90, 0x12, 0x00, 0x00, // ................
	0x87, 0x12, 0x00, 0x00, 0x8f, 0x12, 0x00, 0x00, 0x0c, 0x00, 0x08, 0x00, 0x0b, 0x00, 0x00, 0x00, // ................
	0x91, 0x12, 0x00, 0x00, 0x01, 0x00, 0x00, 0x00, 0x2b, 0x00, 0x00, 0x00, 0x90, 0x12, 0x00, 0x00, // ........+.......
	0x1e, 0x01, 0x00, 0x00, 0x20, 0x01, 0x00, 0x00, 0x0c, 0x00, 0x07, 0x00, 0x0b, 0x00, 0x00, 0x00, // .... ...........
	0x94, 0x12, 0x00, 0x00, 0x01, 0x00, 0x00, 0x00, 0x1a, 0x00, 0x00, 0x00, 0x91, 0x12, 0x00, 0x00, // ................
	0xf7, 0x12, 0x00, 0x00, 0x51, 0x00, 0x05, 0x00, 0x07, 0x00, 0x00, 0x00, 0x4a, 0x10, 0x00, 0x00, // ....Q.......J...
	0xaf, 0x0f, 0x00, 0x00, 0x00, 0x00, 0x00, 0x00, 0x51, 0x00, 0x05, 0x00, 0x07, 0x00, 0x00, 0x00, // ........Q.......
	0x4b, 0x10, 0x00, 0x00, 0xaf, 0x0f, 0x00, 0x00, 0x01, 0x00, 0x00, 0x00, 0x51, 0x00, 0x05, 0x00, // K...........Q...
	0x07, 0x00, 0x00, 0x00, 0x4c, 0x10, 0x00, 0x00, 0xaf, 0x0f, 0x00, 0x00, 0x02, 0x00, 0x00, 0x00, // ....L...........
	0x50, 0x00, 0x07, 0x00, 0x0e, 0x00, 0x00, 0x00, 0x4d, 0x10, 0x00, 0x00, 0x4a, 0x10, 0x00, 0x00, // P.......M...J...
	0x4b, 0x10, 0x00, 0x00, 0x4c, 0x10, 0x00, 0x00, 0x1f, 0x01, 0x00, 0x00, 0x41, 0x00, 0x05, 0x00, // K...L.......A...
	0x21, 0x02, 0x00, 0x00, 0x4e, 0x10, 0x00, 0x00, 0xbb, 0x00, 0x00, 0x00, 0x27, 0x03, 0x00, 0x00, // !...N.......'...
	0x3d, 0x00, 0x04, 0x00, 0xb5, 0x00, 0x00, 0x00, 0x4f, 0x10, 0x00, 0x00, 0x4e, 0x10, 0x00, 0x00, // =.......O...N...
	0x90, 0x00, 0x05, 0x00, 0x0e, 0x00, 0x00, 0x00, 0x50, 0x10, 0x00, 0x00, 0x4d, 0x10, 0x00, 0x00, // ........P...M...
	0x4f, 0x10, 0x00, 0x00, 0x51, 0x00, 0x05, 0x00, 0x07, 0x00, 0x00, 0x00, 0x52, 0x10, 0x00, 0x00, // O...Q.......R...
	0x50, 0x10, 0x00, 0x00, 0x02, 0x00, 0x00, 0x00, 0x51, 0x00, 0x05, 0x00, 0x07, 0x00, 0x00, 0x00, // P.......Q.......
	0x54, 0x10, 0x00, 0x00, 0x50, 0x10, 0x00, 0x00, 0x03, 0x00, 0x00, 0x00, 0x88, 0x00, 0x05, 0x00, // T...P...........
	0x07, 0x00, 0x00, 0x00, 0x55, 0x10, 0x00, 0x00, 0x52, 0x10, 0x00, 0x00, 0x54, 0x10, 0x00, 0x00, // ....U...R...T...
	0x85, 0x00, 0x05, 0x00, 0x07, 0x00, 0x00, 0x00, 0x58, 0x10, 0x00, 0x00, 0x55, 0x10, 0x00, 0x00, // ........X...U...
	0x2d, 0x01, 0x00, 0x00, 0x81, 0x00, 0x05, 0x00, 0x07, 0x00, 0x00, 0x00, 0x59, 0x10, 0x00, 0x00, // -...........Y...
	0x58, 0x10, 0x00, 0x00, 0x2d, 0x01, 0x00, 0x00, 0xa9, 0x00, 0x06, 0x00, 0x07, 0x00, 0x00, 0x00, // X...-...........
	0x5b, 0x10, 0x00, 0x00, 0x31, 0x05, 0x00, 0x00, 0x59, 0x10, 0x00, 0x00, 0x55, 0x10, 0x00, 0x00, // [...1...Y...U...
	0x83, 0x00, 0x05, 0x00, 0x07, 0x00, 0x00, 0x00, 0x5d, 0x10, 0x00, 0x00, 0x5b, 0x10, 0x00, 0x00, // ........]...[...
	0x3a, 0x03, 0x00, 0x00, 0x0c, 0x00, 0x08, 0x00, 0x07, 0x00, 0x00, 0x00, 0x5e, 0x10, 0x00, 0x00, // :...........^...
	0x01, 0x00, 0x00, 0x00, 0x2b, 0x00, 0x00, 0x00, 0x5d, 0x10, 0x00, 0x00, 0xe1, 0x00, 0x00, 0x00, // ....+...].......
	0x1f, 0x01, 0x00, 0x00, 0xf9, 0x00, 0x02, 0x00, 0x61, 0x10, 0x00, 0x00, 0xf8, 0x00, 0x02, 0x00, // ........a.......
	0x61, 0x10, 0x00, 0x00, 0xf5, 0x00, 0x07, 0x00, 0x07, 0x00, 0x00, 0x00, 0x44, 0x14, 0x00, 0x00, // a...........D...
	0x1c, 0x13, 0x00, 0x00, 0xa9, 0x0f, 0x00, 0x00, 0x5e, 0x10, 0x00, 0x00, 0x46, 0x10, 0x00, 0x00, // ........^...F...
	0xf5, 0x00, 0x07, 0x00, 0x0b, 0x00, 0x00, 0x00, 0x21, 0x14, 0x00, 0x00, 0x19, 0x13, 0x00, 0x00, // ........!.......
	0xa9, 0x0f, 0x00, 0x00, 0x94, 0x12, 0x00, 0x00, 0x46, 0x10, 0x00, 0x00, 0xf5, 0x00, 0x07, 0x00, // ........F.......
	0x5f, 0x00, 0x00, 0x00, 0x20, 0x14, 0x00, 0x00, 0x41, 0x02, 0x00, 0x00, 0xa9, 0x0f, 0x00, 0x00, // _... ...A.......
	0x3f, 0x03, 0x00, 0x00, 0x46, 0x10, 0x00, 0x00, 0xf7, 0x00, 0x03, 0x00, 0xb3, 0x04, 0x00, 0x00, // ?...F...........
	0x00, 0x00, 0x00, 0x00, 0xfa, 0x00, 0x04, 0x00, 0x20, 0x14, 0x00, 0x00, 0xaa, 0x04, 0x00, 0x00, // ........ .......
	0xb3, 0x04, 0x00, 0x00, 0xf8, 0x00, 0x02, 0x00, 0xaa, 0x04, 0x00, 0x00, 0x81, 0x00, 0x05, 0x00, // ................
	0x0b, 0x00, 0x00, 0x00, 0xad, 0x04, 0x00, 0x00, 0x69, 0x14, 0x00, 0x00, 0x21, 0x14, 0x00, 0x00, // ........i...!...
	0x0c, 0x00, 0x07, 0x00, 0x07, 0x00, 0x00, 0x00, 0xb0, 0x04, 0x00, 0x00, 0x01, 0x00, 0x00, 0x00, // ................
	0x25, 0x00, 0x00, 0x00, 0x74, 0x14, 0x00, 0x00, 0x44, 0x14, 0x00, 0x00, 0x80, 0x00, 0x05, 0x00, // %...t...D.......
	0x2b, 0x00, 0x00, 0x00, 0xb2, 0x04, 0x00, 0x00, 0x7f, 0x14, 0x00, 0x00, 0x76, 0x00, 0x00, 0x00, // +...........v...
	0xf9, 0x00, 0x02, 0x00, 0xb3, 0x04, 0x00, 0x00, 0xf8, 0x00, 0x02, 0x00, 0xb3, 0x04, 0x00, 0x00, // ................
	0xf5, 0x00, 0x07, 0x00, 0x0b, 0x00, 0x00, 0x00, 0x8a, 0x14, 0x00, 0x00, 0x69, 0x14, 0x00, 0x00, // ............i...
	0x61, 0x10, 0x00, 0x00, 0xad, 0x04, 0x00, 0x00, 0xaa, 0x04, 0x00, 0x00, 0xf5, 0x00, 0x07, 0x00, // a...............
	0x07, 0x00, 0x00, 0x00, 0x89, 0x14, 0x00, 0x00, 0x74, 0x14, 0x00, 0x00, 0x61, 0x10, 0x00, 0x00, // ........t...a...
	0xb0, 0x04, 0x00, 0x00, 0xaa, 0x04, 0x00, 0x00, 0xf5, 0x00, 0x07, 0x00, 0x2b, 0x00, 0x00, 0x00, // ............+...
	0x88, 0x14, 0x00, 0x00, 0x7f, 0x14, 0x00, 0x00, 0x61, 0x10, 0x00, 0x00, 0xb2, 0x04, 0x00, 0x00, // ........a.......
	0xaa, 0x04, 0x00, 0x00, 0xaa, 0x00, 0x05, 0x00, 0x5f, 0x00, 0x00, 0x00, 0xb5, 0x04, 0x00, 0x00, // ........_.......
	0x88, 0x14, 0x00, 0x00, 0x7a, 0x00, 0x00, 0x00, 0xf7, 0x00, 0x03, 0x00, 0xbb, 0x04, 0x00, 0x00, // ....z...........
	0x00, 0x00, 0x00, 0x00, 0xfa, 0x00, 0x04, 0x00, 0xb5, 0x04, 0x00, 0x00, 0xb6, 0x04, 0x00, 0x00, // ................
	0xbb, 0x04, 0x00, 0x00, 0xf8, 0x00, 0x02, 0x00, 0xb6, 0x04, 0x00, 0x00, 0x3d, 0x00, 0x04, 0x00, // ............=...
	0x29, 0x00, 0x00, 0x00, 0xb8, 0x04, 0x00, 0x00, 0x62, 0x03, 0x00, 0x00, 0x63, 0x00, 0x04, 0x00, // ).......b...c...
	0xb8, 0x04, 0x00, 0x00, 0x49, 0x04, 0x00, 0x00, 0xf8, 0x12, 0x00, 0x00, 0xf9, 0x00, 0x02, 0x00, // ....I...........
	0xce, 0x04, 0x00, 0x00, 0xf8, 0x00, 0x02, 0x00, 0xbb, 0x04, 0x00, 0x00, 0x6f, 0x00, 0x04, 0x00, // ............o...
	0x07, 0x00, 0x00, 0x00, 0xbd, 0x04, 0x00, 0x00, 0x88, 0x14, 0x00, 0x00, 0x85, 0x00, 0x05, 0x00, // ................
	0x07, 0x00, 0x00, 0x00, 0xbe, 0x04, 0x00, 0x00, 0xbd, 0x04, 0x00, 0x00, 0x9b, 0x01, 0x00, 0x00, // ................
	0x81, 0x00, 0x05, 0x00, 0x07, 0x00, 0x00, 0x00, 0xc0, 0x04, 0x00, 0x00, 0xbe, 0x04, 0x00, 0x00, // ................
	0x89, 0x14, 0x00, 0x00, 0x50, 0x00, 0x06, 0x00, 0x0b, 0x00, 0x00, 0x00, 0xc4, 0x04, 0x00, 0x00, // ....P...........
	0xbd, 0x04, 0x00, 0x00, 0xbd, 0x04, 0x00, 0x00, 0xbd, 0x04, 0x00, 0x00, 0x88, 0x00, 0x05, 0x00, // ................
	0x0b, 0x00, 0x00, 0x00, 0xc5, 0x04, 0x00, 0x00, 0x8a, 0x14, 0x00, 0x00, 0xc4, 0x04, 0x00, 0x00, // ................
	0x51, 0x00, 0x05, 0x00, 0x07, 0x00, 0x00, 0x00, 0xc7, 0x04, 0x00, 0x00, 0xc5, 0x04, 0x00, 0x00, // Q...............
	0x00, 0x00, 0x00, 0x00, 0x51, 0x00, 0x05, 0x00, 0x07, 0x00, 0x00, 0x00, 0xc8, 0x04, 0x00, 0x00, // ....Q...........
	0xc5, 0x04, 0x00, 0x00, 0x01, 0x00, 0x00, 0x00, 0x51, 0x00, 0x05, 0x00, 0x07, 0x00, 0x00, 0x00, // ........Q.......
	0xc9, 0x04, 0x00, 0x00, 0xc5, 0x04, 0x00, 0x00, 0x02, 0x00, 0x00, 0x00, 0x50, 0x00, 0x07, 0x00, // ............P...
	0x0e, 0x00, 0x00, 0x00, 0xca, 0x04, 0x00, 0x00, 0xc7, 0x04, 0x00, 0x00, 0xc8, 0x04, 0x00, 0x00, // ................
	0xc9, 0x04, 0x00, 0x00, 0xc0, 0x04, 0x00, 0x00, 0x3d, 0x00, 0x04, 0x00, 0x29, 0x00, 0x00, 0x00, // ........=...)...
	0xcb, 0x04, 0x00, 0x00, 0x62, 0x03, 0x00, 0x00, 0x63, 0x00, 0x04, 0x00, 0xcb, 0x04, 0x00, 0x00, // ....b...c.......
	0x49, 0x04, 0x00, 0x00, 0xca, 0x04, 0x00, 0x00, 0xf9, 0x00, 0x02, 0x00, 0xce, 0x04, 0x00, 0x00, // I...............
	0xf8, 0x00, 0x02, 0x00, 0xce, 0x04, 0x00, 0x00, 0xfd, 0x00, 0x01, 0x00, 0x38, 0x00, 0x01, 0x00, // ............8...
	0x00, 0x00, 0x60, 0x02,                                                                         // ..`.
};
