static const uint8_t fs_fluid_surface_spv[16986] =
{
	0x46, 0x53, 0x48, 0x0b, 0x6d, 0x4c, 0x02, 0x0f, 0x00, 0x00, 0x00, 0x00, 0x11, 0x00, 0x0d, 0x75, // FSH.mL.........u
	0x5f, 0x66, 0x6c, 0x75, 0x69, 0x64, 0x46, 0x69, 0x65, 0x6c, 0x64, 0x31, 0x12, 0x01, 0x10, 0x01, // _fluidField1....
	0x01, 0x00, 0x00, 0x00, 0x00, 0x00, 0x0d, 0x75, 0x5f, 0x66, 0x6c, 0x75, 0x69, 0x64, 0x46, 0x69, // .......u_fluidFi
	0x65, 0x6c, 0x64, 0x30, 0x12, 0x01, 0x00, 0x01, 0x01, 0x00, 0x00, 0x00, 0x00, 0x00, 0x11, 0x75, // eld0...........u
	0x5f, 0x66, 0x6c, 0x75, 0x69, 0x64, 0x53, 0x6b, 0x79, 0x48, 0x6f, 0x72, 0x69, 0x7a, 0x6f, 0x6e, // _fluidSkyHorizon
	0x12, 0x01, 0xd0, 0x00, 0x01, 0x00, 0x00, 0x00, 0x00, 0x00, 0x10, 0x75, 0x5f, 0x66, 0x6c, 0x75, // ...........u_flu
	0x69, 0x64, 0x53, 0x6b, 0x79, 0x5a, 0x65, 0x6e, 0x69, 0x74, 0x68, 0x12, 0x01, 0xc0, 0x00, 0x01, // idSkyZenith.....
	0x00, 0x00, 0x00, 0x00, 0x00, 0x0d, 0x75, 0x5f, 0x66, 0x6c, 0x75, 0x69, 0x64, 0x53, 0x75, 0x6e, // ......u_fluidSun
	0x44, 0x69, 0x72, 0x12, 0x01, 0xa0, 0x00, 0x01, 0x00, 0x00, 0x00, 0x00, 0x00, 0x0f, 0x75, 0x5f, // Dir...........u_
	0x66, 0x6c, 0x75, 0x69, 0x64, 0x53, 0x75, 0x6e, 0x43, 0x6f, 0x6c, 0x6f, 0x72, 0x12, 0x01, 0xb0, // fluidSunColor...
	0x00, 0x01, 0x00, 0x00, 0x00, 0x00, 0x00, 0x0a, 0x75, 0x5f, 0x66, 0x6c, 0x75, 0x69, 0x64, 0x45, // ........u_fluidE
	0x79, 0x65, 0x12, 0x01, 0x80, 0x00, 0x01, 0x00, 0x00, 0x00, 0x00, 0x00, 0x0d, 0x75, 0x5f, 0x66, // ye...........u_f
	0x6c, 0x75, 0x69, 0x64, 0x53, 0x63, 0x72, 0x65, 0x65, 0x6e, 0x12, 0x01, 0x90, 0x00, 0x01, 0x00, // luidScreen......
	0x00, 0x00, 0x00, 0x00, 0x0c, 0x75, 0x5f, 0x66, 0x6c, 0x75, 0x69, 0x64, 0x43, 0x6f, 0x6c, 0x6f, // .....u_fluidColo
	0x72, 0x12, 0x01, 0xf0, 0x00, 0x01, 0x00, 0x00, 0x00, 0x00, 0x00, 0x0a, 0x75, 0x5f, 0x76, 0x69, // r...........u_vi
	0x65, 0x77, 0x50, 0x72, 0x6f, 0x6a, 0x14, 0x01, 0x40, 0x00, 0x04, 0x00, 0x00, 0x00, 0x00, 0x00, // ewProj..@.......
	0x06, 0x75, 0x5f, 0x76, 0x69, 0x65, 0x77, 0x14, 0x01, 0x00, 0x00, 0x04, 0x00, 0x00, 0x00, 0x00, // .u_view.........
	0x00, 0x0d, 0x75, 0x5f, 0x66, 0x6c, 0x75, 0x69, 0x64, 0x4f, 0x70, 0x74, 0x69, 0x63, 0x73, 0x12, // ..u_fluidOptics.
	0x01, 0xe0, 0x00, 0x01, 0x00, 0x00, 0x00, 0x00, 0x00, 0x0f, 0x75, 0x5f, 0x66, 0x6c, 0x75, 0x69, // ..........u_flui
	0x64, 0x49, 0x6e, 0x76, 0x4d, 0x6f, 0x64, 0x65, 0x6c, 0x14, 0x01, 0x20, 0x01, 0x04, 0x00, 0x00, // dInvModel.. ....
	0x00, 0x00, 0x00, 0x0c, 0x75, 0x5f, 0x66, 0x6c, 0x75, 0x69, 0x64, 0x4d, 0x6f, 0x64, 0x65, 0x6c, // ....u_fluidModel
	0x14, 0x01, 0x60, 0x01, 0x04, 0x00, 0x00, 0x00, 0x00, 0x00, 0x0c, 0x73, 0x5f, 0x73, 0x63, 0x65, // ..`........s_sce
	0x6e, 0x65, 0x43, 0x6f, 0x6c, 0x6f, 0x72, 0x30, 0x00, 0x02, 0x00, 0x00, 0x00, 0x00, 0x02, 0x26, // neColor0.......&
	0x00, 0x0c, 0x73, 0x5f, 0x73, 0x63, 0x65, 0x6e, 0x65, 0x44, 0x65, 0x70, 0x74, 0x68, 0x30, 0x00, // ..s_sceneDepth0.
	0x03, 0x00, 0x00, 0x00, 0x00, 0x02, 0x26, 0x00, 0x07, 0x73, 0x5f, 0x66, 0x69, 0x65, 0x6c, 0x64, // ......&..s_field
	0x30, 0x00, 0x04, 0x00, 0x00, 0x00, 0x00, 0x06, 0x26, 0x00, 0xb8, 0x40, 0x00, 0x00, 0x03, 0x02, // 0.......&..@....
	0x23, 0x07, 0x00, 0x00, 0x01, 0x00, 0x0b, 0x00, 0x08, 0x00, 0xbe, 0x0c, 0x00, 0x00, 0x00, 0x00, // #...............
	0x00, 0x00, 0x11, 0x00, 0x02, 0x00, 0x01, 0x00, 0x00, 0x00, 0x0b, 0x00, 0x06, 0x00, 0x01, 0x00, // ................
	0x00, 0x00, 0x47, 0x4c, 0x53, 0x4c, 0x2e, 0x73, 0x74, 0x64, 0x2e, 0x34, 0x35, 0x30, 0x00, 0x00, // ..GLSL.std.450..
	0x00, 0x00, 0x0e, 0x00, 0x03, 0x00, 0x00, 0x00, 0x00, 0x00, 0x01, 0x00, 0x00, 0x00, 0x0f, 0x00, // ................
	0x08, 0x00, 0x04, 0x00, 0x00, 0x00, 0x04, 0x00, 0x00, 0x00, 0x6d, 0x61, 0x69, 0x6e, 0x00, 0x00, // ..........main..
	0x00, 0x00, 0x5b, 0x04, 0x00, 0x00, 0x5e, 0x04, 0x00, 0x00, 0x6b, 0x04, 0x00, 0x00, 0x10, 0x00, // ..[...^...k.....
	0x03, 0x00, 0x04, 0x00, 0x00, 0x00, 0x07, 0x00, 0x00, 0x00, 0x03, 0x00, 0x03, 0x00, 0x05, 0x00, // ................
	0x00, 0x00, 0xf4, 0x01, 0x00, 0x00, 0x05, 0x00, 0x04, 0x00, 0x04, 0x00, 0x00, 0x00, 0x6d, 0x61, // ..............ma
	0x69, 0x6e, 0x00, 0x00, 0x00, 0x00, 0x05, 0x00, 0x07, 0x00, 0x72, 0x00, 0x00, 0x00, 0x73, 0x5f, // in........r...s_
	0x73, 0x63, 0x65, 0x6e, 0x65, 0x43, 0x6f, 0x6c, 0x6f, 0x72, 0x53, 0x61, 0x6d, 0x70, 0x6c, 0x65, // sceneColorSample
	0x72, 0x00, 0x05, 0x00, 0x07, 0x00, 0x75, 0x00, 0x00, 0x00, 0x73, 0x5f, 0x73, 0x63, 0x65, 0x6e, // r.....u...s_scen
	0x65, 0x43, 0x6f, 0x6c, 0x6f, 0x72, 0x54, 0x65, 0x78, 0x74, 0x75, 0x72, 0x65, 0x00, 0x05, 0x00, // eColorTexture...
	0x07, 0x00, 0x79, 0x00, 0x00, 0x00, 0x73, 0x5f, 0x73, 0x63, 0x65, 0x6e, 0x65, 0x44, 0x65, 0x70, // ..y...s_sceneDep
	0x74, 0x68, 0x53, 0x61, 0x6d, 0x70, 0x6c, 0x65, 0x72, 0x00, 0x05, 0x00, 0x07, 0x00, 0x7b, 0x00, // thSampler.....{.
	0x00, 0x00, 0x73, 0x5f, 0x73, 0x63, 0x65, 0x6e, 0x65, 0x44, 0x65, 0x70, 0x74, 0x68, 0x54, 0x65, // ..s_sceneDepthTe
	0x78, 0x74, 0x75, 0x72, 0x65, 0x00, 0x05, 0x00, 0x06, 0x00, 0x80, 0x00, 0x00, 0x00, 0x73, 0x5f, // xture.........s_
	0x66, 0x69, 0x65, 0x6c, 0x64, 0x53, 0x61, 0x6d, 0x70, 0x6c, 0x65, 0x72, 0x00, 0x00, 0x05, 0x00, // fieldSampler....
	0x06, 0x00, 0x83, 0x00, 0x00, 0x00, 0x73, 0x5f, 0x66, 0x69, 0x65, 0x6c, 0x64, 0x54, 0x65, 0x78, // ......s_fieldTex
	0x74, 0x75, 0x72, 0x65, 0x00, 0x00, 0x05, 0x00, 0x06, 0x00, 0xca, 0x00, 0x00, 0x00, 0x55, 0x6e, // ture..........Un
	0x69, 0x66, 0x6f, 0x72, 0x6d, 0x42, 0x6c, 0x6f, 0x63, 0x6b, 0x00, 0x00, 0x00, 0x00, 0x06, 0x00, // iformBlock......
	0x05, 0x00, 0xca, 0x00, 0x00, 0x00, 0x00, 0x00, 0x00, 0x00, 0x75, 0x5f, 0x76, 0x69, 0x65, 0x77, // ..........u_view
	0x00, 0x00, 0x06, 0x00, 0x06, 0x00, 0xca, 0x00, 0x00, 0x00, 0x01, 0x00, 0x00, 0x00, 0x75, 0x5f, // ..............u_
	0x76, 0x69, 0x65, 0x77, 0x50, 0x72, 0x6f, 0x6a, 0x00, 0x00, 0x06, 0x00, 0x06, 0x00, 0xca, 0x00, // viewProj........
	0x00, 0x00, 0x02, 0x00, 0x00, 0x00, 0x75, 0x5f, 0x66, 0x6c, 0x75, 0x69, 0x64, 0x45, 0x79, 0x65, // ......u_fluidEye
	0x00, 0x00, 0x06, 0x00, 0x07, 0x00, 0xca, 0x00, 0x00, 0x00, 0x03, 0x00, 0x00, 0x00, 0x75, 0x5f, // ..............u_
	0x66, 0x6c, 0x75, 0x69, 0x64, 0x53, 0x63, 0x72, 0x65, 0x65, 0x6e, 0x00, 0x00, 0x00, 0x06, 0x00, // fluidScreen.....
	0x07, 0x00, 0xca, 0x00, 0x00, 0x00, 0x04, 0x00, 0x00, 0x00, 0x75, 0x5f, 0x66, 0x6c, 0x75, 0x69, // ..........u_flui
	0x64, 0x53, 0x75, 0x6e, 0x44, 0x69, 0x72, 0x00, 0x00, 0x00, 0x06, 0x00, 0x07, 0x00, 0xca, 0x00, // dSunDir.........
	0x00, 0x00, 0x05, 0x00, 0x00, 0x00, 0x75, 0x5f, 0x66, 0x6c, 0x75, 0x69, 0x64, 0x53, 0x75, 0x6e, // ......u_fluidSun
	0x43, 0x6f, 0x6c, 0x6f, 0x72, 0x00, 0x06, 0x00, 0x08, 0x00, 0xca, 0x00, 0x00, 0x00, 0x06, 0x00, // Color...........
	0x00, 0x00, 0x75, 0x5f, 0x66, 0x6c, 0x75, 0x69, 0x64, 0x53, 0x6b, 0x79, 0x5a, 0x65, 0x6e, 0x69, // ..u_fluidSkyZeni
	0x74, 0x68, 0x00, 0x00, 0x00, 0x00, 0x06, 0x00, 0x08, 0x00, 0xca, 0x00, 0x00, 0x00, 0x07, 0x00, // th..............
	0x00, 0x00, 0x75, 0x5f, 0x66, 0x6c, 0x75, 0x69, 0x64, 0x53, 0x6b, 0x79, 0x48, 0x6f, 0x72, 0x69, // ..u_fluidSkyHori
	0x7a, 0x6f, 0x6e, 0x00, 0x00, 0x00, 0x06, 0x00, 0x07, 0x00, 0xca, 0x00, 0x00, 0x00, 0x08, 0x00, // zon.............
	0x00, 0x00, 0x75, 0x5f, 0x66, 0x6c, 0x75, 0x69, 0x64, 0x4f, 0x70, 0x74, 0x69, 0x63, 0x73, 0x00, // ..u_fluidOptics.
	0x00, 0x00, 0x06, 0x00, 0x07, 0x00, 0xca, 0x00, 0x00, 0x00, 0x09, 0x00, 0x00, 0x00, 0x75, 0x5f, // ..............u_
	0x66, 0x6c, 0x75, 0x69, 0x64, 0x43, 0x6f, 0x6c, 0x6f, 0x72, 0x00, 0x00, 0x00, 0x00, 0x06, 0x00, // fluidColor......
	0x07, 0x00, 0xca, 0x00, 0x00, 0x00, 0x0a, 0x00, 0x00, 0x00, 0x75, 0x5f, 0x66, 0x6c, 0x75, 0x69, // ..........u_flui
	0x64, 0x46, 0x69, 0x65, 0x6c, 0x64, 0x30, 0x00, 0x00, 0x00, 0x06, 0x00, 0x07, 0x00, 0xca, 0x00, // dField0.........
	0x00, 0x00, 0x0b, 0x00, 0x00, 0x00, 0x75, 0x5f, 0x66, 0x6c, 0x75, 0x69, 0x64, 0x46, 0x69, 0x65, // ......u_fluidFie
	0x6c, 0x64, 0x31, 0x00, 0x00, 0x00, 0x06, 0x00, 0x07, 0x00, 0xca, 0x00, 0x00, 0x00, 0x0c, 0x00, // ld1.............
	0x00, 0x00, 0x75, 0x5f, 0x66, 0x6c, 0x75, 0x69, 0x64, 0x49, 0x6e, 0x76, 0x4d, 0x6f, 0x64, 0x65, // ..u_fluidInvMode
	0x6c, 0x00, 0x06, 0x00, 0x07, 0x00, 0xca, 0x00, 0x00, 0x00, 0x0d, 0x00, 0x00, 0x00, 0x75, 0x5f, // l.............u_
	0x66, 0x6c, 0x75, 0x69, 0x64, 0x4d, 0x6f, 0x64, 0x65, 0x6c, 0x00, 0x00, 0x00, 0x00, 0x05, 0x00, // fluidModel......
	0x03, 0x00, 0xcc, 0x00, 0x00, 0x00, 0x00, 0x00, 0x00, 0x00, 0x05, 0x00, 0x05, 0x00, 0x5b, 0x04, // ..............[.
	0x00, 0x00, 0x76, 0x5f, 0x6e, 0x6f, 0x72, 0x6d, 0x61, 0x6c, 0x00, 0x00, 0x00, 0x00, 0x05, 0x00, // ..v_normal......
	0x05, 0x00, 0x5e, 0x04, 0x00, 0x00, 0x76, 0x5f, 0x77, 0x6f, 0x72, 0x6c, 0x64, 0x50, 0x6f, 0x73, // ..^...v_worldPos
	0x00, 0x00, 0x05, 0x00, 0x06, 0x00, 0x6b, 0x04, 0x00, 0x00, 0x62, 0x67, 0x66, 0x78, 0x5f, 0x46, // ......k...bgfx_F
	0x72, 0x61, 0x67, 0x44, 0x61, 0x74, 0x61, 0x30, 0x00, 0x00, 0x47, 0x00, 0x04, 0x00, 0x72, 0x00, // ragData0..G...r.
	0x00, 0x00, 0x21, 0x00, 0x00, 0x00, 0x12, 0x00, 0x00, 0x00, 0x47, 0x00, 0x04, 0x00, 0x72, 0x00, // ..!.......G...r.
	0x00, 0x00, 0x22, 0x00, 0x00, 0x00, 0x00, 0x00, 0x00, 0x00, 0x47, 0x00, 0x04, 0x00, 0x75, 0x00, // ..".......G...u.
	0x00, 0x00, 0x21, 0x00, 0x00, 0x00, 0x02, 0x00, 0x00, 0x00, 0x47, 0x00, 0x04, 0x00, 0x75, 0x00, // ..!.......G...u.
	0x00, 0x00, 0x22, 0x00, 0x00, 0x00, 0x00, 0x00, 0x00, 0x00, 0x47, 0x00, 0x04, 0x00, 0x79, 0x00, // ..".......G...y.
	0x00, 0x00, 0x21, 0x00, 0x00, 0x00, 0x13, 0x00, 0x00, 0x00, 0x47, 0x00, 0x04, 0x00, 0x79, 0x00, // ..!.......G...y.
	0x00, 0x00, 0x22, 0x00, 0x00, 0x00, 0x00, 0x00, 0x00, 0x00, 0x47, 0x00, 0x04, 0x00, 0x7b, 0x00, // ..".......G...{.
	0x00, 0x00, 0x21, 0x00, 0x00, 0x00, 0x03, 0x00, 0x00, 0x00, 0x47, 0x00, 0x04, 0x00, 0x7b, 0x00, // ..!.......G...{.
	0x00, 0x00, 0x22, 0x00, 0x00, 0x00, 0x00, 0x00, 0x00, 0x00, 0x47, 0x00, 0x04, 0x00, 0x80, 0x00, // ..".......G.....
	0x00, 0x00, 0x21, 0x00, 0x00, 0x00, 0x14, 0x00, 0x00, 0x00, 0x47, 0x00, 0x04, 0x00, 0x80, 0x00, // ..!.......G.....
	0x00, 0x00, 0x22, 0x00, 0x00, 0x00, 0x00, 0x00, 0x00, 0x00, 0x47, 0x00, 0x04, 0x00, 0x83, 0x00, // ..".......G.....
	0x00, 0x00, 0x21, 0x00, 0x00, 0x00, 0x04, 0x00, 0x00, 0x00, 0x47, 0x00, 0x04, 0x00, 0x83, 0x00, // ..!.......G.....
	0x00, 0x00, 0x22, 0x00, 0x00, 0x00, 0x00, 0x00, 0x00, 0x00, 0x47, 0x00, 0x03, 0x00, 0xca, 0x00, // ..".......G.....
	0x00, 0x00, 0x02, 0x00, 0x00, 0x00, 0x48, 0x00, 0x04, 0x00, 0xca, 0x00, 0x00, 0x00, 0x00, 0x00, // ......H.........
	0x00, 0x00, 0x04, 0x00, 0x00, 0x00, 0x48, 0x00, 0x05, 0x00, 0xca, 0x00, 0x00, 0x00, 0x00, 0x00, // ......H.........
	0x00, 0x00, 0x07, 0x00, 0x00, 0x00, 0x10, 0x00, 0x00, 0x00, 0x48, 0x00, 0x05, 0x00, 0xca, 0x00, // ..........H.....
	0x00, 0x00, 0x00, 0x00, 0x00, 0x00, 0x23, 0x00, 0x00, 0x00, 0x00, 0x00, 0x00, 0x00, 0x48, 0x00, // ......#.......H.
	0x04, 0x00, 0xca, 0x00, 0x00, 0x00, 0x01, 0x00, 0x00, 0x00, 0x04, 0x00, 0x00, 0x00, 0x48, 0x00, // ..............H.
	0x05, 0x00, 0xca, 0x00, 0x00, 0x00, 0x01, 0x00, 0x00, 0x00, 0x07, 0x00, 0x00, 0x00, 0x10, 0x00, // ................
	0x00, 0x00, 0x48, 0x00, 0x05, 0x00, 0xca, 0x00, 0x00, 0x00, 0x01, 0x00, 0x00, 0x00, 0x23, 0x00, // ..H...........#.
	0x00, 0x00, 0x40, 0x00, 0x00, 0x00, 0x48, 0x00, 0x05, 0x00, 0xca, 0x00, 0x00, 0x00, 0x02, 0x00, // ..@...H.........
	0x00, 0x00, 0x23, 0x00, 0x00, 0x00, 0x80, 0x00, 0x00, 0x00, 0x48, 0x00, 0x05, 0x00, 0xca, 0x00, // ..#.......H.....
	0x00, 0x00, 0x03, 0x00, 0x00, 0x00, 0x23, 0x00, 0x00, 0x00, 0x90, 0x00, 0x00, 0x00, 0x48, 0x00, // ......#.......H.
	0x05, 0x00, 0xca, 0x00, 0x00, 0x00, 0x04, 0x00, 0x00, 0x00, 0x23, 0x00, 0x00, 0x00, 0xa0, 0x00, // ..........#.....
	0x00, 0x00, 0x48, 0x00, 0x05, 0x00, 0xca, 0x00, 0x00, 0x00, 0x05, 0x00, 0x00, 0x00, 0x23, 0x00, // ..H...........#.
	0x00, 0x00, 0xb0, 0x00, 0x00, 0x00, 0x48, 0x00, 0x05, 0x00, 0xca, 0x00, 0x00, 0x00, 0x06, 0x00, // ......H.........
	0x00, 0x00, 0x23, 0x00, 0x00, 0x00, 0xc0, 0x00, 0x00, 0x00, 0x48, 0x00, 0x05, 0x00, 0xca, 0x00, // ..#.......H.....
	0x00, 0x00, 0x07, 0x00, 0x00, 0x00, 0x23, 0x00, 0x00, 0x00, 0xd0, 0x00, 0x00, 0x00, 0x48, 0x00, // ......#.......H.
	0x05, 0x00, 0xca, 0x00, 0x00, 0x00, 0x08, 0x00, 0x00, 0x00, 0x23, 0x00, 0x00, 0x00, 0xe0, 0x00, // ..........#.....
	0x00, 0x00, 0x48, 0x00, 0x05, 0x00, 0xca, 0x00, 0x00, 0x00, 0x09, 0x00, 0x00, 0x00, 0x23, 0x00, // ..H...........#.
	0x00, 0x00, 0xf0, 0x00, 0x00, 0x00, 0x48, 0x00, 0x05, 0x00, 0xca, 0x00, 0x00, 0x00, 0x0a, 0x00, // ......H.........
	0x00, 0x00, 0x23, 0x00, 0x00, 0x00, 0x00, 0x01, 0x00, 0x00, 0x48, 0x00, 0x05, 0x00, 0xca, 0x00, // ..#.......H.....
	0x00, 0x00, 0x0b, 0x00, 0x00, 0x00, 0x23, 0x00, 0x00, 0x00, 0x10, 0x01, 0x00, 0x00, 0x48, 0x00, // ......#.......H.
	0x04, 0x00, 0xca, 0x00, 0x00, 0x00, 0x0c, 0x00, 0x00, 0x00, 0x04, 0x00, 0x00, 0x00, 0x48, 0x00, // ..............H.
	0x05, 0x00, 0xca, 0x00, 0x00, 0x00, 0x0c, 0x00, 0x00, 0x00, 0x07, 0x00, 0x00, 0x00, 0x10, 0x00, // ................
	0x00, 0x00, 0x48, 0x00, 0x05, 0x00, 0xca, 0x00, 0x00, 0x00, 0x0c, 0x00, 0x00, 0x00, 0x23, 0x00, // ..H...........#.
	0x00, 0x00, 0x20, 0x01, 0x00, 0x00, 0x48, 0x00, 0x04, 0x00, 0xca, 0x00, 0x00, 0x00, 0x0d, 0x00, // .. ...H.........
	0x00, 0x00, 0x04, 0x00, 0x00, 0x00, 0x48, 0x00, 0x05, 0x00, 0xca, 0x00, 0x00, 0x00, 0x0d, 0x00, // ......H.........
	0x00, 0x00, 0x07, 0x00, 0x00, 0x00, 0x10, 0x00, 0x00, 0x00, 0x48, 0x00, 0x05, 0x00, 0xca, 0x00, // ..........H.....
	0x00, 0x00, 0x0d, 0x00, 0x00, 0x00, 0x23, 0x00, 0x00, 0x00, 0x60, 0x01, 0x00, 0x00, 0x47, 0x00, // ......#...`...G.
	0x04, 0x00, 0xcc, 0x00, 0x00, 0x00, 0x21, 0x00, 0x00, 0x00, 0x01, 0x00, 0x00, 0x00, 0x47, 0x00, // ......!.......G.
	0x04, 0x00, 0xcc, 0x00, 0x00, 0x00, 0x22, 0x00, 0x00, 0x00, 0x00, 0x00, 0x00, 0x00, 0x47, 0x00, // ......".......G.
	0x04, 0x00, 0x5b, 0x04, 0x00, 0x00, 0x1e, 0x00, 0x00, 0x00, 0x00, 0x00, 0x00, 0x00, 0x47, 0x00, // ..[...........G.
	0x04, 0x00, 0x5e, 0x04, 0x00, 0x00, 0x1e, 0x00, 0x00, 0x00, 0x01, 0x00, 0x00, 0x00, 0x47, 0x00, // ..^...........G.
	0x04, 0x00, 0x6b, 0x04, 0x00, 0x00, 0x1e, 0x00, 0x00, 0x00, 0x00, 0x00, 0x00, 0x00, 0x13, 0x00, // ..k.............
	0x02, 0x00, 0x02, 0x00, 0x00, 0x00, 0x21, 0x00, 0x03, 0x00, 0x03, 0x00, 0x00, 0x00, 0x02, 0x00, // ......!.........
	0x00, 0x00, 0x1a, 0x00, 0x02, 0x00, 0x06, 0x00, 0x00, 0x00, 0x16, 0x00, 0x03, 0x00, 0x07, 0x00, // ................
	0x00, 0x00, 0x20, 0x00, 0x00, 0x00, 0x19, 0x00, 0x09, 0x00, 0x08, 0x00, 0x00, 0x00, 0x07, 0x00, // .. .............
	0x00, 0x00, 0x01, 0x00, 0x00, 0x00, 0x00, 0x00, 0x00, 0x00, 0x00, 0x00, 0x00, 0x00, 0x00, 0x00, // ................
	0x00, 0x00, 0x01, 0x00, 0x00, 0x00, 0x00, 0x00, 0x00, 0x00, 0x17, 0x00, 0x04, 0x00, 0x0b, 0x00, // ................
	0x00, 0x00, 0x07, 0x00, 0x00, 0x00, 0x02, 0x00, 0x00, 0x00, 0x17, 0x00, 0x04, 0x00, 0x0e, 0x00, // ................
	0x00, 0x00, 0x07, 0x00, 0x00, 0x00, 0x04, 0x00, 0x00, 0x00, 0x19, 0x00, 0x09, 0x00, 0x15, 0x00, // ................
	0x00, 0x00, 0x07, 0x00, 0x00, 0x00, 0x02, 0x00, 0x00, 0x00, 0x00, 0x00, 0x00, 0x00, 0x00, 0x00, // ................
	0x00, 0x00, 0x00, 0x00, 0x00, 0x00, 0x01, 0x00, 0x00, 0x00, 0x00, 0x00, 0x00, 0x00, 0x17, 0x00, // ................
	0x04, 0x00, 0x18, 0x00, 0x00, 0x00, 0x07, 0x00, 0x00, 0x00, 0x03, 0x00, 0x00, 0x00, 0x14, 0x00, // ................
	0x02, 0x00, 0x20, 0x00, 0x00, 0x00, 0x17, 0x00, 0x04, 0x00, 0x21, 0x00, 0x00, 0x00, 0x20, 0x00, // .. .......!... .
	0x00, 0x00, 0x02, 0x00, 0x00, 0x00, 0x17, 0x00, 0x04, 0x00, 0x27, 0x00, 0x00, 0x00, 0x20, 0x00, // ..........'... .
	0x00, 0x00, 0x03, 0x00, 0x00, 0x00, 0x20, 0x00, 0x04, 0x00, 0x71, 0x00, 0x00, 0x00, 0x00, 0x00, // ...... ...q.....
	0x00, 0x00, 0x06, 0x00, 0x00, 0x00, 0x3b, 0x00, 0x04, 0x00, 0x71, 0x00, 0x00, 0x00, 0x72, 0x00, // ......;...q...r.
	0x00, 0x00, 0x00, 0x00, 0x00, 0x00, 0x20, 0x00, 0x04, 0x00, 0x74, 0x00, 0x00, 0x00, 0x00, 0x00, // ...... ...t.....
	0x00, 0x00, 0x08, 0x00, 0x00, 0x00, 0x3b, 0x00, 0x04, 0x00, 0x74, 0x00, 0x00, 0x00, 0x75, 0x00, // ......;...t...u.
	0x00, 0x00, 0x00, 0x00, 0x00, 0x00, 0x3b, 0x00, 0x04, 0x00, 0x71, 0x00, 0x00, 0x00, 0x79, 0x00, // ......;...q...y.
	0x00, 0x00, 0x00, 0x00, 0x00, 0x00, 0x3b, 0x00, 0x04, 0x00, 0x74, 0x00, 0x00, 0x00, 0x7b, 0x00, // ......;...t...{.
	0x00, 0x00, 0x00, 0x00, 0x00, 0x00, 0x3b, 0x00, 0x04, 0x00, 0x71, 0x00, 0x00, 0x00, 0x80, 0x00, // ......;...q.....
	0x00, 0x00, 0x00, 0x00, 0x00, 0x00, 0x20, 0x00, 0x04, 0x00, 0x82, 0x00, 0x00, 0x00, 0x00, 0x00, // ...... .........
	0x00, 0x00, 0x15, 0x00, 0x00, 0x00, 0x3b, 0x00, 0x04, 0x00, 0x82, 0x00, 0x00, 0x00, 0x83, 0x00, // ......;.........
	0x00, 0x00, 0x00, 0x00, 0x00, 0x00, 0x15, 0x00, 0x04, 0x00, 0x86, 0x00, 0x00, 0x00, 0x20, 0x00, // .............. .
	0x00, 0x00, 0x01, 0x00, 0x00, 0x00, 0x2b, 0x00, 0x04, 0x00, 0x86, 0x00, 0x00, 0x00, 0x87, 0x00, // ......+.........
	0x00, 0x00, 0x01, 0x00, 0x00, 0x00, 0x2b, 0x00, 0x04, 0x00, 0x86, 0x00, 0x00, 0x00, 0x8b, 0x00, // ......+.........
	0x00, 0x00, 0x00, 0x00, 0x00, 0x00, 0x1b, 0x00, 0x03, 0x00, 0x8f, 0x00, 0x00, 0x00, 0x08, 0x00, // ................
	0x00, 0x00, 0x1b, 0x00, 0x03, 0x00, 0x9b, 0x00, 0x00, 0x00, 0x15, 0x00, 0x00, 0x00, 0x18, 0x00, // ................
	0x04, 0x00, 0xc9, 0x00, 0x00, 0x00, 0x0e, 0x00, 0x00, 0x00, 0x04, 0x00, 0x00, 0x00, 0x1e, 0x00, // ................
	0x10, 0x00, 0xca, 0x00, 0x00, 0x00, 0xc9, 0x00, 0x00, 0x00, 0xc9, 0x00, 0x00, 0x00, 0x0e, 0x00, // ................
	0x00, 0x00, 0x0e, 0x00, 0x00, 0x00, 0x0e, 0x00, 0x00, 0x00, 0x0e, 0x00, 0x00, 0x00, 0x0e, 0x00, // ................
	0x00, 0x00, 0x0e, 0x00, 0x00, 0x00, 0x0e, 0x00, 0x00, 0x00, 0x0e, 0x00, 0x00, 0x00, 0x0e, 0x00, // ................
	0x00, 0x00, 0x0e, 0x00, 0x00, 0x00, 0xc9, 0x00, 0x00, 0x00, 0xc9, 0x00, 0x00, 0x00, 0x20, 0x00, // .............. .
	0x04, 0x00, 0xcb, 0x00, 0x00, 0x00, 0x02, 0x00, 0x00, 0x00, 0xca, 0x00, 0x00, 0x00, 0x3b, 0x00, // ..............;.
	0x04, 0x00, 0xcb, 0x00, 0x00, 0x00, 0xcc, 0x00, 0x00, 0x00, 0x02, 0x00, 0x00, 0x00, 0x2b, 0x00, // ..............+.
	0x04, 0x00, 0x86, 0x00, 0x00, 0x00, 0xcd, 0x00, 0x00, 0x00, 0x0b, 0x00, 0x00, 0x00, 0x20, 0x00, // .............. .
	0x04, 0x00, 0xce, 0x00, 0x00, 0x00, 0x02, 0x00, 0x00, 0x00, 0x0e, 0x00, 0x00, 0x00, 0x2b, 0x00, // ..............+.
	0x04, 0x00, 0x86, 0x00, 0x00, 0x00, 0xd2, 0x00, 0x00, 0x00, 0x0a, 0x00, 0x00, 0x00, 0x15, 0x00, // ................
	0x04, 0x00, 0xd3, 0x00, 0x00, 0x00, 0x20, 0x00, 0x00, 0x00, 0x00, 0x00, 0x00, 0x00, 0x2b, 0x00, // ...... .......+.
	0x04, 0x00, 0xd3, 0x00, 0x00, 0x00, 0xd4, 0x00, 0x00, 0x00, 0x03, 0x00, 0x00, 0x00, 0x20, 0x00, // .............. .
	0x04, 0x00, 0xd5, 0x00, 0x00, 0x00, 0x02, 0x00, 0x00, 0x00, 0x07, 0x00, 0x00, 0x00, 0x2b, 0x00, // ..............+.
	0x04, 0x00, 0x07, 0x00, 0x00, 0x00, 0xe6, 0x00, 0x00, 0x00, 0x00, 0x00, 0x00, 0x00, 0x2b, 0x00, // ..............+.
	0x04, 0x00, 0x07, 0x00, 0x00, 0x00, 0xee, 0x00, 0x00, 0x00, 0x00, 0x00, 0x80, 0x3f, 0x2b, 0x00, // .............?+.
	0x04, 0x00, 0xd3, 0x00, 0x00, 0x00, 0x00, 0x01, 0x00, 0x00, 0x00, 0x00, 0x00, 0x00, 0x2b, 0x00, // ..............+.
	0x04, 0x00, 0x07, 0x00, 0x00, 0x00, 0x34, 0x01, 0x00, 0x00, 0x66, 0x66, 0x66, 0x3f, 0x2b, 0x00, // ......4...fff?+.
	0x04, 0x00, 0x86, 0x00, 0x00, 0x00, 0x48, 0x01, 0x00, 0x00, 0x60, 0x00, 0x00, 0x00, 0x2a, 0x00, // ......H...`...*.
	0x03, 0x00, 0x20, 0x00, 0x00, 0x00, 0x6b, 0x01, 0x00, 0x00, 0x2b, 0x00, 0x04, 0x00, 0x86, 0x00, // .. ...k...+.....
	0x00, 0x00, 0x85, 0x01, 0x00, 0x00, 0x05, 0x00, 0x00, 0x00, 0x2b, 0x00, 0x04, 0x00, 0x07, 0x00, // ..........+.....
	0x00, 0x00, 0x8b, 0x01, 0x00, 0x00, 0x00, 0x00, 0x00, 0x3f, 0x29, 0x00, 0x03, 0x00, 0x20, 0x00, // .........?)... .
	0x00, 0x00, 0x9d, 0x01, 0x00, 0x00, 0x2b, 0x00, 0x04, 0x00, 0x86, 0x00, 0x00, 0x00, 0xb3, 0x01, // ......+.........
	0x00, 0x00, 0x07, 0x00, 0x00, 0x00, 0x2b, 0x00, 0x04, 0x00, 0x86, 0x00, 0x00, 0x00, 0xb4, 0x01, // ......+.........
	0x00, 0x00, 0x06, 0x00, 0x00, 0x00, 0x2b, 0x00, 0x04, 0x00, 0xd3, 0x00, 0x00, 0x00, 0xb5, 0x01, // ......+.........
	0x00, 0x00, 0x01, 0x00, 0x00, 0x00, 0x2b, 0x00, 0x04, 0x00, 0x07, 0x00, 0x00, 0x00, 0xb8, 0x01, // ......+.........
	0x00, 0x00, 0x33, 0x33, 0xb3, 0x3f, 0x2b, 0x00, 0x04, 0x00, 0x07, 0x00, 0x00, 0x00, 0xba, 0x01, // ..33.?+.........
	0x00, 0x00, 0x00, 0x00, 0x80, 0x3e, 0x2b, 0x00, 0x04, 0x00, 0x86, 0x00, 0x00, 0x00, 0xca, 0x01, // .....>+.........
	0x00, 0x00, 0x04, 0x00, 0x00, 0x00, 0x2b, 0x00, 0x04, 0x00, 0x07, 0x00, 0x00, 0x00, 0xd0, 0x01, // ......+.........
	0x00, 0x00, 0x00, 0x00, 0xaf, 0x43, 0x2b, 0x00, 0x04, 0x00, 0x07, 0x00, 0x00, 0x00, 0xd8, 0x01, // .....C+.........
	0x00, 0x00, 0x00, 0x00, 0x00, 0x40, 0x2b, 0x00, 0x04, 0x00, 0x86, 0x00, 0x00, 0x00, 0xde, 0x01, // .....@+.........
	0x00, 0x00, 0x02, 0x00, 0x00, 0x00, 0x2b, 0x00, 0x04, 0x00, 0x86, 0x00, 0x00, 0x00, 0xe2, 0x01, // ......+.........
	0x00, 0x00, 0x03, 0x00, 0x00, 0x00, 0x2b, 0x00, 0x04, 0x00, 0xd3, 0x00, 0x00, 0x00, 0xe3, 0x01, // ......+.........
	0x00, 0x00, 0x02, 0x00, 0x00, 0x00, 0x2b, 0x00, 0x04, 0x00, 0x86, 0x00, 0x00, 0x00, 0xe7, 0x01, // ......+.........
	0x00, 0x00, 0x09, 0x00, 0x00, 0x00, 0x2b, 0x00, 0x04, 0x00, 0x07, 0x00, 0x00, 0x00, 0xf4, 0x01, // ......+.........
	0x00, 0x00, 0x0a, 0xd7, 0xa3, 0x3c, 0x2b, 0x00, 0x04, 0x00, 0x86, 0x00, 0x00, 0x00, 0xfc, 0x01, // .....<+.........
	0x00, 0x00, 0x20, 0x00, 0x00, 0x00, 0x20, 0x00, 0x04, 0x00, 0x0f, 0x02, 0x00, 0x00, 0x02, 0x00, // .. ... .........
	0x00, 0x00, 0xc9, 0x00, 0x00, 0x00, 0x2b, 0x00, 0x04, 0x00, 0x86, 0x00, 0x00, 0x00, 0xf0, 0x02, // ......+.........
	0x00, 0x00, 0x08, 0x00, 0x00, 0x00, 0x2b, 0x00, 0x04, 0x00, 0x86, 0x00, 0x00, 0x00, 0x08, 0x03, // ......+.........
	0x00, 0x00, 0x0c, 0x00, 0x00, 0x00, 0x2b, 0x00, 0x04, 0x00, 0x07, 0x00, 0x00, 0x00, 0x3c, 0x03, // ......+.......<.
	0x00, 0x00, 0x48, 0xe1, 0x7a, 0x3f, 0x2b, 0x00, 0x04, 0x00, 0x07, 0x00, 0x00, 0x00, 0x3f, 0x03, // ..H.z?+.......?.
	0x00, 0x00, 0x00, 0x00, 0xa0, 0x40, 0x2b, 0x00, 0x04, 0x00, 0x07, 0x00, 0x00, 0x00, 0x4c, 0x03, // .....@+.......L.
	0x00, 0x00, 0x77, 0xcc, 0x2b, 0x32, 0x2c, 0x00, 0x06, 0x00, 0x18, 0x00, 0x00, 0x00, 0x64, 0x03, // ..w.+2,.......d.
	0x00, 0x00, 0xe6, 0x00, 0x00, 0x00, 0xe6, 0x00, 0x00, 0x00, 0xe6, 0x00, 0x00, 0x00, 0x2b, 0x00, // ..............+.
	0x04, 0x00, 0x86, 0x00, 0x00, 0x00, 0x85, 0x03, 0x00, 0x00, 0x0d, 0x00, 0x00, 0x00, 0x2b, 0x00, // ..............+.
	0x04, 0x00, 0x07, 0x00, 0x00, 0x00, 0xa2, 0x03, 0x00, 0x00, 0xac, 0xc5, 0x27, 0x37, 0x2c, 0x00, // ............'7,.
	0x06, 0x00, 0x18, 0x00, 0x00, 0x00, 0xa6, 0x03, 0x00, 0x00, 0xe6, 0x00, 0x00, 0x00, 0xee, 0x00, // ................
	0x00, 0x00, 0xe6, 0x00, 0x00, 0x00, 0x2b, 0x00, 0x04, 0x00, 0x07, 0x00, 0x00, 0x00, 0xf1, 0x03, // ......+.........
	0x00, 0x00, 0x00, 0x00, 0xc0, 0x3f, 0x2b, 0x00, 0x04, 0x00, 0x07, 0x00, 0x00, 0x00, 0x12, 0x04, // .....?+.........
	0x00, 0x00, 0x33, 0x33, 0xb3, 0x3e, 0x2b, 0x00, 0x04, 0x00, 0x07, 0x00, 0x00, 0x00, 0x2e, 0x04, // ..33.>+.........
	0x00, 0x00, 0x00, 0x00, 0x20, 0x41, 0x20, 0x00, 0x04, 0x00, 0x5a, 0x04, 0x00, 0x00, 0x01, 0x00, // .... A ...Z.....
	0x00, 0x00, 0x18, 0x00, 0x00, 0x00, 0x3b, 0x00, 0x04, 0x00, 0x5a, 0x04, 0x00, 0x00, 0x5b, 0x04, // ......;...Z...[.
	0x00, 0x00, 0x01, 0x00, 0x00, 0x00, 0x3b, 0x00, 0x04, 0x00, 0x5a, 0x04, 0x00, 0x00, 0x5e, 0x04, // ......;...Z...^.
	0x00, 0x00, 0x01, 0x00, 0x00, 0x00, 0x20, 0x00, 0x04, 0x00, 0x6a, 0x04, 0x00, 0x00, 0x03, 0x00, // ...... ...j.....
	0x00, 0x00, 0x0e, 0x00, 0x00, 0x00, 0x3b, 0x00, 0x04, 0x00, 0x6a, 0x04, 0x00, 0x00, 0x6b, 0x04, // ......;...j...k.
	0x00, 0x00, 0x03, 0x00, 0x00, 0x00, 0x2c, 0x00, 0x06, 0x00, 0x18, 0x00, 0x00, 0x00, 0xb7, 0x0b, // ......,.........
	0x00, 0x00, 0xee, 0x00, 0x00, 0x00, 0xee, 0x00, 0x00, 0x00, 0xee, 0x00, 0x00, 0x00, 0x2b, 0x00, // ..............+.
	0x04, 0x00, 0x07, 0x00, 0x00, 0x00, 0xb8, 0x0b, 0x00, 0x00, 0x00, 0x00, 0x00, 0x3d, 0x2c, 0x00, // .............=,.
	0x05, 0x00, 0x0b, 0x00, 0x00, 0x00, 0xb9, 0x0b, 0x00, 0x00, 0x8b, 0x01, 0x00, 0x00, 0x8b, 0x01, // ................
	0x00, 0x00, 0x2c, 0x00, 0x05, 0x00, 0x0b, 0x00, 0x00, 0x00, 0xba, 0x0b, 0x00, 0x00, 0xe6, 0x00, // ..,.............
	0x00, 0x00, 0xe6, 0x00, 0x00, 0x00, 0x2c, 0x00, 0x05, 0x00, 0x0b, 0x00, 0x00, 0x00, 0xbb, 0x0b, // ......,.........
	0x00, 0x00, 0xee, 0x00, 0x00, 0x00, 0xee, 0x00, 0x00, 0x00, 0x2b, 0x00, 0x04, 0x00, 0x07, 0x00, // ..........+.....
	0x00, 0x00, 0xbc, 0x0b, 0x00, 0x00, 0x0a, 0xd7, 0x23, 0x3c, 0x01, 0x00, 0x03, 0x00, 0x20, 0x00, // ........#<.... .
	0x00, 0x00, 0xde, 0x0b, 0x00, 0x00, 0x01, 0x00, 0x03, 0x00, 0x18, 0x00, 0x00, 0x00, 0xe8, 0x0b, // ................
	0x00, 0x00, 0x36, 0x00, 0x05, 0x00, 0x02, 0x00, 0x00, 0x00, 0x04, 0x00, 0x00, 0x00, 0x00, 0x00, // ..6.............
	0x00, 0x00, 0x03, 0x00, 0x00, 0x00, 0xf8, 0x00, 0x02, 0x00, 0x05, 0x00, 0x00, 0x00, 0x3d, 0x00, // ..............=.
	0x04, 0x00, 0x06, 0x00, 0x00, 0x00, 0x73, 0x00, 0x00, 0x00, 0x72, 0x00, 0x00, 0x00, 0x3d, 0x00, // ......s...r...=.
	0x04, 0x00, 0x08, 0x00, 0x00, 0x00, 0x76, 0x00, 0x00, 0x00, 0x75, 0x00, 0x00, 0x00, 0x3d, 0x00, // ......v...u...=.
	0x04, 0x00, 0x06, 0x00, 0x00, 0x00, 0x7a, 0x00, 0x00, 0x00, 0x79, 0x00, 0x00, 0x00, 0x3d, 0x00, // ......z...y...=.
	0x04, 0x00, 0x08, 0x00, 0x00, 0x00, 0x7c, 0x00, 0x00, 0x00, 0x7b, 0x00, 0x00, 0x00, 0x3d, 0x00, // ......|...{...=.
	0x04, 0x00, 0x06, 0x00, 0x00, 0x00, 0x81, 0x00, 0x00, 0x00, 0x80, 0x00, 0x00, 0x00, 0x3d, 0x00, // ..............=.
	0x04, 0x00, 0x15, 0x00, 0x00, 0x00, 0x84, 0x00, 0x00, 0x00, 0x83, 0x00, 0x00, 0x00, 0x3d, 0x00, // ..............=.
	0x04, 0x00, 0x18, 0x00, 0x00, 0x00, 0x5c, 0x04, 0x00, 0x00, 0x5b, 0x04, 0x00, 0x00, 0x3d, 0x00, // ..........[...=.
	0x04, 0x00, 0x18, 0x00, 0x00, 0x00, 0x5f, 0x04, 0x00, 0x00, 0x5e, 0x04, 0x00, 0x00, 0x41, 0x00, // ......_...^...A.
	0x06, 0x00, 0xd5, 0x00, 0x00, 0x00, 0xc4, 0x04, 0x00, 0x00, 0xcc, 0x00, 0x00, 0x00, 0xf0, 0x02, // ................
	0x00, 0x00, 0x00, 0x01, 0x00, 0x00, 0x3d, 0x00, 0x04, 0x00, 0x07, 0x00, 0x00, 0x00, 0xc5, 0x04, // ......=.........
	0x00, 0x00, 0xc4, 0x04, 0x00, 0x00, 0x41, 0x00, 0x06, 0x00, 0xd5, 0x00, 0x00, 0x00, 0xc6, 0x04, // ......A.........
	0x00, 0x00, 0xcc, 0x00, 0x00, 0x00, 0xf0, 0x02, 0x00, 0x00, 0xd4, 0x00, 0x00, 0x00, 0x3d, 0x00, // ..............=.
	0x04, 0x00, 0x07, 0x00, 0x00, 0x00, 0xc7, 0x04, 0x00, 0x00, 0xc6, 0x04, 0x00, 0x00, 0x41, 0x00, // ..............A.
	0x05, 0x00, 0xce, 0x00, 0x00, 0x00, 0xc8, 0x04, 0x00, 0x00, 0xcc, 0x00, 0x00, 0x00, 0xde, 0x01, // ................
	0x00, 0x00, 0x3d, 0x00, 0x04, 0x00, 0x0e, 0x00, 0x00, 0x00, 0xc9, 0x04, 0x00, 0x00, 0xc8, 0x04, // ..=.............
	0x00, 0x00, 0x4f, 0x00, 0x08, 0x00, 0x18, 0x00, 0x00, 0x00, 0xca, 0x04, 0x00, 0x00, 0xc9, 0x04, // ..O.............
	0x00, 0x00, 0xc9, 0x04, 0x00, 0x00, 0x00, 0x00, 0x00, 0x00, 0x01, 0x00, 0x00, 0x00, 0x02, 0x00, // ................
	0x00, 0x00, 0x83, 0x00, 0x05, 0x00, 0x18, 0x00, 0x00, 0x00, 0xcd, 0x04, 0x00, 0x00, 0x5f, 0x04, // .............._.
	0x00, 0x00, 0xca, 0x04, 0x00, 0x00, 0x0c, 0x00, 0x06, 0x00, 0x18, 0x00, 0x00, 0x00, 0xce, 0x04, // ................
	0x00, 0x00, 0x01, 0x00, 0x00, 0x00, 0x45, 0x00, 0x00, 0x00, 0xcd, 0x04, 0x00, 0x00, 0x0c, 0x00, // ......E.........
	0x06, 0x00, 0x18, 0x00, 0x00, 0x00, 0xd0, 0x04, 0x00, 0x00, 0x01, 0x00, 0x00, 0x00, 0x45, 0x00, // ..............E.
	0x00, 0x00, 0x5c, 0x04, 0x00, 0x00, 0x51, 0x00, 0x05, 0x00, 0x07, 0x00, 0x00, 0x00, 0xd2, 0x04, // ......Q.........
	0x00, 0x00, 0x5f, 0x04, 0x00, 0x00, 0x00, 0x00, 0x00, 0x00, 0x51, 0x00, 0x05, 0x00, 0x07, 0x00, // .._.......Q.....
	0x00, 0x00, 0xd3, 0x04, 0x00, 0x00, 0x5f, 0x04, 0x00, 0x00, 0x01, 0x00, 0x00, 0x00, 0x51, 0x00, // ......_.......Q.
	0x05, 0x00, 0x07, 0x00, 0x00, 0x00, 0xd4, 0x04, 0x00, 0x00, 0x5f, 0x04, 0x00, 0x00, 0x02, 0x00, // .........._.....
	0x00, 0x00, 0x50, 0x00, 0x07, 0x00, 0x0e, 0x00, 0x00, 0x00, 0xd5, 0x04, 0x00, 0x00, 0xd2, 0x04, // ..P.............
	0x00, 0x00, 0xd3, 0x04, 0x00, 0x00, 0xd4, 0x04, 0x00, 0x00, 0xee, 0x00, 0x00, 0x00, 0x41, 0x00, // ..............A.
	0x05, 0x00, 0x0f, 0x02, 0x00, 0x00, 0xd6, 0x04, 0x00, 0x00, 0xcc, 0x00, 0x00, 0x00, 0x08, 0x03, // ................
	0x00, 0x00, 0x3d, 0x00, 0x04, 0x00, 0xc9, 0x00, 0x00, 0x00, 0xd7, 0x04, 0x00, 0x00, 0xd6, 0x04, // ..=.............
	0x00, 0x00, 0x90, 0x00, 0x05, 0x00, 0x0e, 0x00, 0x00, 0x00, 0xd8, 0x04, 0x00, 0x00, 0xd5, 0x04, // ................
	0x00, 0x00, 0xd7, 0x04, 0x00, 0x00, 0x4f, 0x00, 0x08, 0x00, 0x18, 0x00, 0x00, 0x00, 0xd9, 0x04, // ......O.........
	0x00, 0x00, 0xd8, 0x04, 0x00, 0x00, 0xd8, 0x04, 0x00, 0x00, 0x00, 0x00, 0x00, 0x00, 0x01, 0x00, // ................
	0x00, 0x00, 0x02, 0x00, 0x00, 0x00, 0x51, 0x00, 0x05, 0x00, 0x07, 0x00, 0x00, 0x00, 0xdb, 0x04, // ......Q.........
	0x00, 0x00, 0xce, 0x04, 0x00, 0x00, 0x00, 0x00, 0x00, 0x00, 0x51, 0x00, 0x05, 0x00, 0x07, 0x00, // ..........Q.....
	0x00, 0x00, 0xdc, 0x04, 0x00, 0x00, 0xce, 0x04, 0x00, 0x00, 0x01, 0x00, 0x00, 0x00, 0x51, 0x00, // ..............Q.
	0x05, 0x00, 0x07, 0x00, 0x00, 0x00, 0xdd, 0x04, 0x00, 0x00, 0xce, 0x04, 0x00, 0x00, 0x02, 0x00, // ................
	0x00, 0x00, 0x50, 0x00, 0x07, 0x00, 0x0e, 0x00, 0x00, 0x00, 0xde, 0x04, 0x00, 0x00, 0xdb, 0x04, // ..P.............
	0x00, 0x00, 0xdc, 0x04, 0x00, 0x00, 0xdd, 0x04, 0x00, 0x00, 0xe6, 0x00, 0x00, 0x00, 0x90, 0x00, // ................
	0x05, 0x00, 0x0e, 0x00, 0x00, 0x00, 0xe1, 0x04, 0x00, 0x00, 0xde, 0x04, 0x00, 0x00, 0xd7, 0x04, // ................
	0x00, 0x00, 0x4f, 0x00, 0x08, 0x00, 0x18, 0x00, 0x00, 0x00, 0xe2, 0x04, 0x00, 0x00, 0xe1, 0x04, // ..O.............
	0x00, 0x00, 0xe1, 0x04, 0x00, 0x00, 0x00, 0x00, 0x00, 0x00, 0x01, 0x00, 0x00, 0x00, 0x02, 0x00, // ................
	0x00, 0x00, 0x0c, 0x00, 0x06, 0x00, 0x18, 0x00, 0x00, 0x00, 0xe3, 0x04, 0x00, 0x00, 0x01, 0x00, // ................
	0x00, 0x00, 0x45, 0x00, 0x00, 0x00, 0xe2, 0x04, 0x00, 0x00, 0x41, 0x00, 0x06, 0x00, 0xd5, 0x00, // ..E.......A.....
	0x00, 0x00, 0xe6, 0x04, 0x00, 0x00, 0xcc, 0x00, 0x00, 0x00, 0xd2, 0x00, 0x00, 0x00, 0xd4, 0x00, // ................
	0x00, 0x00, 0x3d, 0x00, 0x04, 0x00, 0x07, 0x00, 0x00, 0x00, 0xe7, 0x04, 0x00, 0x00, 0xe6, 0x04, // ..=.............
	0x00, 0x00, 0x8e, 0x00, 0x05, 0x00, 0x18, 0x00, 0x00, 0x00, 0xe8, 0x04, 0x00, 0x00, 0xe3, 0x04, // ................
	0x00, 0x00, 0xe7, 0x04, 0x00, 0x00, 0x83, 0x00, 0x05, 0x00, 0x18, 0x00, 0x00, 0x00, 0xe9, 0x04, // ................
	0x00, 0x00, 0xd9, 0x04, 0x00, 0x00, 0xe8, 0x04, 0x00, 0x00, 0xf7, 0x00, 0x03, 0x00, 0x10, 0x06, // ................
	0x00, 0x00, 0x00, 0x00, 0x00, 0x00, 0xfb, 0x00, 0x03, 0x00, 0x00, 0x01, 0x00, 0x00, 0xfe, 0x05, // ................
	0x00, 0x00, 0xf8, 0x00, 0x02, 0x00, 0xfe, 0x05, 0x00, 0x00, 0x41, 0x00, 0x05, 0x00, 0xce, 0x00, // ..........A.....
	0x00, 0x00, 0x15, 0x06, 0x00, 0x00, 0xcc, 0x00, 0x00, 0x00, 0xcd, 0x00, 0x00, 0x00, 0x3d, 0x00, // ..............=.
	0x04, 0x00, 0x0e, 0x00, 0x00, 0x00, 0x16, 0x06, 0x00, 0x00, 0x15, 0x06, 0x00, 0x00, 0x4f, 0x00, // ..............O.
	0x08, 0x00, 0x18, 0x00, 0x00, 0x00, 0x17, 0x06, 0x00, 0x00, 0x16, 0x06, 0x00, 0x00, 0x16, 0x06, // ................
	0x00, 0x00, 0x00, 0x00, 0x00, 0x00, 0x01, 0x00, 0x00, 0x00, 0x02, 0x00, 0x00, 0x00, 0x8e, 0x00, // ................
	0x05, 0x00, 0x18, 0x00, 0x00, 0x00, 0x1a, 0x06, 0x00, 0x00, 0x17, 0x06, 0x00, 0x00, 0xe7, 0x04, // ................
	0x00, 0x00, 0x41, 0x00, 0x05, 0x00, 0xce, 0x00, 0x00, 0x00, 0x1c, 0x06, 0x00, 0x00, 0xcc, 0x00, // ..A.............
	0x00, 0x00, 0xd2, 0x00, 0x00, 0x00, 0x3d, 0x00, 0x04, 0x00, 0x0e, 0x00, 0x00, 0x00, 0x1d, 0x06, // ......=.........
	0x00, 0x00, 0x1c, 0x06, 0x00, 0x00, 0x4f, 0x00, 0x08, 0x00, 0x18, 0x00, 0x00, 0x00, 0x1e, 0x06, // ......O.........
	0x00, 0x00, 0x1d, 0x06, 0x00, 0x00, 0x1d, 0x06, 0x00, 0x00, 0x00, 0x00, 0x00, 0x00, 0x01, 0x00, // ................
	0x00, 0x00, 0x02, 0x00, 0x00, 0x00, 0x83, 0x00, 0x05, 0x00, 0x18, 0x00, 0x00, 0x00, 0x1f, 0x06, // ................
	0x00, 0x00, 0xe9, 0x04, 0x00, 0x00, 0x1e, 0x06, 0x00, 0x00, 0x88, 0x00, 0x05, 0x00, 0x18, 0x00, // ................
	0x00, 0x00, 0x21, 0x06, 0x00, 0x00, 0x1f, 0x06, 0x00, 0x00, 0x1a, 0x06, 0x00, 0x00, 0xb8, 0x00, // ..!.............
	0x05, 0x00, 0x27, 0x00, 0x00, 0x00, 0x2b, 0x06, 0x00, 0x00, 0x21, 0x06, 0x00, 0x00, 0x64, 0x03, // ..'...+...!...d.
	0x00, 0x00, 0x9a, 0x00, 0x04, 0x00, 0x20, 0x00, 0x00, 0x00, 0x04, 0x06, 0x00, 0x00, 0x2b, 0x06, // ...... .......+.
	0x00, 0x00, 0xba, 0x00, 0x05, 0x00, 0x27, 0x00, 0x00, 0x00, 0x34, 0x06, 0x00, 0x00, 0x21, 0x06, // ......'...4...!.
	0x00, 0x00, 0xb7, 0x0b, 0x00, 0x00, 0x9a, 0x00, 0x04, 0x00, 0x20, 0x00, 0x00, 0x00, 0x08, 0x06, // .......... .....
	0x00, 0x00, 0x34, 0x06, 0x00, 0x00, 0xa6, 0x00, 0x05, 0x00, 0x20, 0x00, 0x00, 0x00, 0x09, 0x06, // ..4....... .....
	0x00, 0x00, 0x04, 0x06, 0x00, 0x00, 0x08, 0x06, 0x00, 0x00, 0xf7, 0x00, 0x03, 0x00, 0x0b, 0x06, // ................
	0x00, 0x00, 0x00, 0x00, 0x00, 0x00, 0xfa, 0x00, 0x04, 0x00, 0x09, 0x06, 0x00, 0x00, 0x0a, 0x06, // ................
	0x00, 0x00, 0x0b, 0x06, 0x00, 0x00, 0xf8, 0x00, 0x02, 0x00, 0x0a, 0x06, 0x00, 0x00, 0xf9, 0x00, // ................
	0x02, 0x00, 0x10, 0x06, 0x00, 0x00, 0xf8, 0x00, 0x02, 0x00, 0x0b, 0x06, 0x00, 0x00, 0x56, 0x00, // ..............V.
	0x05, 0x00, 0x9b, 0x00, 0x00, 0x00, 0x3b, 0x06, 0x00, 0x00, 0x84, 0x00, 0x00, 0x00, 0x81, 0x00, // ......;.........
	0x00, 0x00, 0x58, 0x00, 0x07, 0x00, 0x0e, 0x00, 0x00, 0x00, 0x3e, 0x06, 0x00, 0x00, 0x3b, 0x06, // ..X.......>...;.
	0x00, 0x00, 0x21, 0x06, 0x00, 0x00, 0x02, 0x00, 0x00, 0x00, 0xe6, 0x00, 0x00, 0x00, 0x51, 0x00, // ..!...........Q.
	0x05, 0x00, 0x07, 0x00, 0x00, 0x00, 0x0f, 0x06, 0x00, 0x00, 0x3e, 0x06, 0x00, 0x00, 0x00, 0x00, // ..........>.....
	0x00, 0x00, 0xf9, 0x00, 0x02, 0x00, 0x10, 0x06, 0x00, 0x00, 0xf8, 0x00, 0x02, 0x00, 0x10, 0x06, // ................
	0x00, 0x00, 0xf5, 0x00, 0x07, 0x00, 0x07, 0x00, 0x00, 0x00, 0xbd, 0x0b, 0x00, 0x00, 0xe6, 0x00, // ................
	0x00, 0x00, 0x0a, 0x06, 0x00, 0x00, 0x0f, 0x06, 0x00, 0x00, 0x0b, 0x06, 0x00, 0x00, 0xbd, 0x00, // ................
	0x05, 0x00, 0x20, 0x00, 0x00, 0x00, 0xf0, 0x04, 0x00, 0x00, 0xbd, 0x0b, 0x00, 0x00, 0xc7, 0x04, // .. .............
	0x00, 0x00, 0xf7, 0x00, 0x03, 0x00, 0x1b, 0x05, 0x00, 0x00, 0x00, 0x00, 0x00, 0x00, 0xfa, 0x00, // ................
	0x04, 0x00, 0xf0, 0x04, 0x00, 0x00, 0xf1, 0x04, 0x00, 0x00, 0x1b, 0x05, 0x00, 0x00, 0xf8, 0x00, // ................
	0x02, 0x00, 0xf1, 0x04, 0x00, 0x00, 0x94, 0x00, 0x05, 0x00, 0x07, 0x00, 0x00, 0x00, 0xf4, 0x04, // ................
	0x00, 0x00, 0xd0, 0x04, 0x00, 0x00, 0xce, 0x04, 0x00, 0x00, 0xb8, 0x00, 0x05, 0x00, 0x20, 0x00, // .............. .
	0x00, 0x00, 0xf5, 0x04, 0x00, 0x00, 0xf4, 0x04, 0x00, 0x00, 0xe6, 0x00, 0x00, 0x00, 0x7f, 0x00, // ................
	0x04, 0x00, 0x18, 0x00, 0x00, 0x00, 0xf8, 0x04, 0x00, 0x00, 0xd0, 0x04, 0x00, 0x00, 0x50, 0x00, // ..............P.
	0x06, 0x00, 0x27, 0x00, 0x00, 0x00, 0xf9, 0x04, 0x00, 0x00, 0xf5, 0x04, 0x00, 0x00, 0xf5, 0x04, // ..'.............
	0x00, 0x00, 0xf5, 0x04, 0x00, 0x00, 0xa9, 0x00, 0x06, 0x00, 0x18, 0x00, 0x00, 0x00, 0xfa, 0x04, // ................
	0x00, 0x00, 0xf9, 0x04, 0x00, 0x00, 0xd0, 0x04, 0x00, 0x00, 0xf8, 0x04, 0x00, 0x00, 0x94, 0x00, // ................
	0x05, 0x00, 0x07, 0x00, 0x00, 0x00, 0xfd, 0x04, 0x00, 0x00, 0xce, 0x04, 0x00, 0x00, 0xfa, 0x04, // ................
	0x00, 0x00, 0x7f, 0x00, 0x04, 0x00, 0x07, 0x00, 0x00, 0x00, 0xfe, 0x04, 0x00, 0x00, 0xfd, 0x04, // ................
	0x00, 0x00, 0x0c, 0x00, 0x08, 0x00, 0x07, 0x00, 0x00, 0x00, 0xff, 0x04, 0x00, 0x00, 0x01, 0x00, // ................
	0x00, 0x00, 0x2b, 0x00, 0x00, 0x00, 0xfe, 0x04, 0x00, 0x00, 0xe6, 0x00, 0x00, 0x00, 0xee, 0x00, // ..+.............
	0x00, 0x00, 0x83, 0x00, 0x05, 0x00, 0x07, 0x00, 0x00, 0x00, 0x01, 0x05, 0x00, 0x00, 0xee, 0x00, // ................
	0x00, 0x00, 0xff, 0x04, 0x00, 0x00, 0x0c, 0x00, 0x07, 0x00, 0x07, 0x00, 0x00, 0x00, 0x02, 0x05, // ................
	0x00, 0x00, 0x01, 0x00, 0x00, 0x00, 0x1a, 0x00, 0x00, 0x00, 0x01, 0x05, 0x00, 0x00, 0x3f, 0x03, // ..............?.
	0x00, 0x00, 0x85, 0x00, 0x05, 0x00, 0x07, 0x00, 0x00, 0x00, 0x03, 0x05, 0x00, 0x00, 0x3c, 0x03, // ..............<.
	0x00, 0x00, 0x02, 0x05, 0x00, 0x00, 0x81, 0x00, 0x05, 0x00, 0x07, 0x00, 0x00, 0x00, 0x04, 0x05, // ................
	0x00, 0x00, 0xf4, 0x01, 0x00, 0x00, 0x03, 0x05, 0x00, 0x00, 0x88, 0x00, 0x05, 0x00, 0x07, 0x00, // ................
	0x00, 0x00, 0x08, 0x05, 0x00, 0x00, 0xee, 0x00, 0x00, 0x00, 0xc5, 0x04, 0x00, 0x00, 0x0c, 0x00, // ................
	0x08, 0x00, 0x18, 0x00, 0x00, 0x00, 0x09, 0x05, 0x00, 0x00, 0x01, 0x00, 0x00, 0x00, 0x48, 0x00, // ..............H.
	0x00, 0x00, 0xce, 0x04, 0x00, 0x00, 0xfa, 0x04, 0x00, 0x00, 0x08, 0x05, 0x00, 0x00, 0x94, 0x00, // ................
	0x05, 0x00, 0x07, 0x00, 0x00, 0x00, 0x0c, 0x05, 0x00, 0x00, 0x09, 0x05, 0x00, 0x00, 0x09, 0x05, // ................
	0x00, 0x00, 0xba, 0x00, 0x05, 0x00, 0x20, 0x00, 0x00, 0x00, 0x0d, 0x05, 0x00, 0x00, 0x0c, 0x05, // ...... .........
	0x00, 0x00, 0x4c, 0x03, 0x00, 0x00, 0xf7, 0x00, 0x03, 0x00, 0x1a, 0x05, 0x00, 0x00, 0x00, 0x00, // ..L.............
	0x00, 0x00, 0xfa, 0x00, 0x04, 0x00, 0x0d, 0x05, 0x00, 0x00, 0x0e, 0x05, 0x00, 0x00, 0x1a, 0x05, // ................
	0x00, 0x00, 0xf8, 0x00, 0x02, 0x00, 0x0e, 0x05, 0x00, 0x00, 0x0c, 0x00, 0x06, 0x00, 0x18, 0x00, // ................
	0x00, 0x00, 0x10, 0x05, 0x00, 0x00, 0x01, 0x00, 0x00, 0x00, 0x45, 0x00, 0x00, 0x00, 0x09, 0x05, // ..........E.....
	0x00, 0x00, 0x51, 0x00, 0x05, 0x00, 0x07, 0x00, 0x00, 0x00, 0x11, 0x05, 0x00, 0x00, 0x10, 0x05, // ..Q.............
	0x00, 0x00, 0x00, 0x00, 0x00, 0x00, 0x51, 0x00, 0x05, 0x00, 0x07, 0x00, 0x00, 0x00, 0x12, 0x05, // ......Q.........
	0x00, 0x00, 0x10, 0x05, 0x00, 0x00, 0x01, 0x00, 0x00, 0x00, 0x51, 0x00, 0x05, 0x00, 0x07, 0x00, // ..........Q.....
	0x00, 0x00, 0x13, 0x05, 0x00, 0x00, 0x10, 0x05, 0x00, 0x00, 0x02, 0x00, 0x00, 0x00, 0x50, 0x00, // ..............P.
	0x07, 0x00, 0x0e, 0x00, 0x00, 0x00, 0x14, 0x05, 0x00, 0x00, 0x11, 0x05, 0x00, 0x00, 0x12, 0x05, // ................
	0x00, 0x00, 0x13, 0x05, 0x00, 0x00, 0xe6, 0x00, 0x00, 0x00, 0x90, 0x00, 0x05, 0x00, 0x0e, 0x00, // ................
	0x00, 0x00, 0x17, 0x05, 0x00, 0x00, 0x14, 0x05, 0x00, 0x00, 0xd7, 0x04, 0x00, 0x00, 0x4f, 0x00, // ..............O.
	0x08, 0x00, 0x18, 0x00, 0x00, 0x00, 0x18, 0x05, 0x00, 0x00, 0x17, 0x05, 0x00, 0x00, 0x17, 0x05, // ................
	0x00, 0x00, 0x00, 0x00, 0x00, 0x00, 0x01, 0x00, 0x00, 0x00, 0x02, 0x00, 0x00, 0x00, 0x0c, 0x00, // ................
	0x06, 0x00, 0x18, 0x00, 0x00, 0x00, 0x19, 0x05, 0x00, 0x00, 0x01, 0x00, 0x00, 0x00, 0x45, 0x00, // ..............E.
	0x00, 0x00, 0x18, 0x05, 0x00, 0x00, 0xf9, 0x00, 0x02, 0x00, 0x1a, 0x05, 0x00, 0x00, 0xf8, 0x00, // ................
	0x02, 0x00, 0x1a, 0x05, 0x00, 0x00, 0xf5, 0x00, 0x07, 0x00, 0x18, 0x00, 0x00, 0x00, 0xbf, 0x0b, // ................
	0x00, 0x00, 0xe3, 0x04, 0x00, 0x00, 0xf1, 0x04, 0x00, 0x00, 0x19, 0x05, 0x00, 0x00, 0x0e, 0x05, // ................
	0x00, 0x00, 0xf9, 0x00, 0x02, 0x00, 0x1b, 0x05, 0x00, 0x00, 0xf8, 0x00, 0x02, 0x00, 0x1b, 0x05, // ................
	0x00, 0x00, 0xf5, 0x00, 0x07, 0x00, 0x07, 0x00, 0x00, 0x00, 0x77, 0x0c, 0x00, 0x00, 0xe6, 0x00, // ..........w.....
	0x00, 0x00, 0x10, 0x06, 0x00, 0x00, 0x04, 0x05, 0x00, 0x00, 0x1a, 0x05, 0x00, 0x00, 0xf5, 0x00, // ................
	0x07, 0x00, 0x18, 0x00, 0x00, 0x00, 0xbe, 0x0b, 0x00, 0x00, 0xe3, 0x04, 0x00, 0x00, 0x10, 0x06, // ................
	0x00, 0x00, 0xbf, 0x0b, 0x00, 0x00, 0x1a, 0x05, 0x00, 0x00, 0x85, 0x00, 0x05, 0x00, 0x07, 0x00, // ................
	0x00, 0x00, 0x20, 0x05, 0x00, 0x00, 0xe7, 0x04, 0x00, 0x00, 0x8b, 0x01, 0x00, 0x00, 0x8e, 0x00, // .. .............
	0x05, 0x00, 0x18, 0x00, 0x00, 0x00, 0x21, 0x05, 0x00, 0x00, 0xbe, 0x0b, 0x00, 0x00, 0x20, 0x05, // ......!....... .
	0x00, 0x00, 0x81, 0x00, 0x05, 0x00, 0x18, 0x00, 0x00, 0x00, 0x22, 0x05, 0x00, 0x00, 0xd9, 0x04, // ..........".....
	0x00, 0x00, 0x21, 0x05, 0x00, 0x00, 0xf9, 0x00, 0x02, 0x00, 0x23, 0x05, 0x00, 0x00, 0xf8, 0x00, // ..!.......#.....
	0x02, 0x00, 0x23, 0x05, 0x00, 0x00, 0xf5, 0x00, 0x07, 0x00, 0x07, 0x00, 0x00, 0x00, 0xf7, 0x0b, // ..#.............
	0x00, 0x00, 0xe6, 0x00, 0x00, 0x00, 0x1b, 0x05, 0x00, 0x00, 0x4b, 0x05, 0x00, 0x00, 0x9a, 0x05, // ..........K.....
	0x00, 0x00, 0xf5, 0x00, 0x07, 0x00, 0x18, 0x00, 0x00, 0x00, 0xe5, 0x0b, 0x00, 0x00, 0xe8, 0x0b, // ................
	0x00, 0x00, 0x1b, 0x05, 0x00, 0x00, 0xe2, 0x0b, 0x00, 0x00, 0x9a, 0x05, 0x00, 0x00, 0xf5, 0x00, // ................
	0x07, 0x00, 0x20, 0x00, 0x00, 0x00, 0xdb, 0x0b, 0x00, 0x00, 0xde, 0x0b, 0x00, 0x00, 0x1b, 0x05, // .. .............
	0x00, 0x00, 0xd7, 0x0b, 0x00, 0x00, 0x9a, 0x05, 0x00, 0x00, 0xf5, 0x00, 0x07, 0x00, 0x18, 0x00, // ................
	0x00, 0x00, 0xc3, 0x0b, 0x00, 0x00, 0xbe, 0x0b, 0x00, 0x00, 0x1b, 0x05, 0x00, 0x00, 0x92, 0x05, // ................
	0x00, 0x00, 0x9a, 0x05, 0x00, 0x00, 0xf5, 0x00, 0x07, 0x00, 0x18, 0x00, 0x00, 0x00, 0xc2, 0x0b, // ................
	0x00, 0x00, 0x22, 0x05, 0x00, 0x00, 0x1b, 0x05, 0x00, 0x00, 0x99, 0x05, 0x00, 0x00, 0x9a, 0x05, // ..".............
	0x00, 0x00, 0xf5, 0x00, 0x07, 0x00, 0x86, 0x00, 0x00, 0x00, 0xc0, 0x0b, 0x00, 0x00, 0x8b, 0x00, // ................
	0x00, 0x00, 0x1b, 0x05, 0x00, 0x00, 0x9c, 0x05, 0x00, 0x00, 0x9a, 0x05, 0x00, 0x00, 0xb1, 0x00, // ................
	0x05, 0x00, 0x20, 0x00, 0x00, 0x00, 0x26, 0x05, 0x00, 0x00, 0xc0, 0x0b, 0x00, 0x00, 0xe2, 0x01, // .. ...&.........
	0x00, 0x00, 0xf6, 0x00, 0x04, 0x00, 0x9d, 0x05, 0x00, 0x00, 0x9a, 0x05, 0x00, 0x00, 0x00, 0x00, // ................
	0x00, 0x00, 0xfa, 0x00, 0x04, 0x00, 0x26, 0x05, 0x00, 0x00, 0x2a, 0x05, 0x00, 0x00, 0x9d, 0x05, // ......&...*.....
	0x00, 0x00, 0xf8, 0x00, 0x02, 0x00, 0x2a, 0x05, 0x00, 0x00, 0xf7, 0x00, 0x03, 0x00, 0xae, 0x06, // ......*.........
	0x00, 0x00, 0x00, 0x00, 0x00, 0x00, 0xfb, 0x00, 0x03, 0x00, 0x00, 0x01, 0x00, 0x00, 0x59, 0x06, // ..............Y.
	0x00, 0x00, 0xf8, 0x00, 0x02, 0x00, 0x59, 0x06, 0x00, 0x00, 0x85, 0x00, 0x05, 0x00, 0x07, 0x00, // ......Y.........
	0x00, 0x00, 0x5c, 0x06, 0x00, 0x00, 0xe7, 0x04, 0x00, 0x00, 0x34, 0x01, 0x00, 0x00, 0x41, 0x00, // ..........4...A.
	0x06, 0x00, 0xd5, 0x00, 0x00, 0x00, 0x5d, 0x06, 0x00, 0x00, 0xcc, 0x00, 0x00, 0x00, 0xcd, 0x00, // ......].........
	0x00, 0x00, 0xd4, 0x00, 0x00, 0x00, 0x3d, 0x00, 0x04, 0x00, 0x07, 0x00, 0x00, 0x00, 0x5e, 0x06, // ......=.......^.
	0x00, 0x00, 0x5d, 0x06, 0x00, 0x00, 0x6e, 0x00, 0x04, 0x00, 0x86, 0x00, 0x00, 0x00, 0x5f, 0x06, // ..]...n......._.
	0x00, 0x00, 0x5e, 0x06, 0x00, 0x00, 0xf7, 0x00, 0x03, 0x00, 0xd1, 0x06, 0x00, 0x00, 0x00, 0x00, // ..^.............
	0x00, 0x00, 0xfb, 0x00, 0x03, 0x00, 0x00, 0x01, 0x00, 0x00, 0xbf, 0x06, 0x00, 0x00, 0xf8, 0x00, // ................
	0x02, 0x00, 0xbf, 0x06, 0x00, 0x00, 0x83, 0x00, 0x05, 0x00, 0x18, 0x00, 0x00, 0x00, 0xe0, 0x06, // ................
	0x00, 0x00, 0xc2, 0x0b, 0x00, 0x00, 0x1e, 0x06, 0x00, 0x00, 0x88, 0x00, 0x05, 0x00, 0x18, 0x00, // ................
	0x00, 0x00, 0xe2, 0x06, 0x00, 0x00, 0xe0, 0x06, 0x00, 0x00, 0x1a, 0x06, 0x00, 0x00, 0xb8, 0x00, // ................
	0x05, 0x00, 0x27, 0x00, 0x00, 0x00, 0xeb, 0x06, 0x00, 0x00, 0xe2, 0x06, 0x00, 0x00, 0x64, 0x03, // ..'...........d.
	0x00, 0x00, 0x9a, 0x00, 0x04, 0x00, 0x20, 0x00, 0x00, 0x00, 0xc5, 0x06, 0x00, 0x00, 0xeb, 0x06, // ...... .........
	0x00, 0x00, 0xba, 0x00, 0x05, 0x00, 0x27, 0x00, 0x00, 0x00, 0xf4, 0x06, 0x00, 0x00, 0xe2, 0x06, // ......'.........
	0x00, 0x00, 0xb7, 0x0b, 0x00, 0x00, 0x9a, 0x00, 0x04, 0x00, 0x20, 0x00, 0x00, 0x00, 0xc9, 0x06, // .......... .....
	0x00, 0x00, 0xf4, 0x06, 0x00, 0x00, 0xa6, 0x00, 0x05, 0x00, 0x20, 0x00, 0x00, 0x00, 0xca, 0x06, // .......... .....
	0x00, 0x00, 0xc5, 0x06, 0x00, 0x00, 0xc9, 0x06, 0x00, 0x00, 0xf7, 0x00, 0x03, 0x00, 0xcc, 0x06, // ................
	0x00, 0x00, 0x00, 0x00, 0x00, 0x00, 0xfa, 0x00, 0x04, 0x00, 0xca, 0x06, 0x00, 0x00, 0xcb, 0x06, // ................
	0x00, 0x00, 0xcc, 0x06, 0x00, 0x00, 0xf8, 0x00, 0x02, 0x00, 0xcb, 0x06, 0x00, 0x00, 0xf9, 0x00, // ................
	0x02, 0x00, 0xd1, 0x06, 0x00, 0x00, 0xf8, 0x00, 0x02, 0x00, 0xcc, 0x06, 0x00, 0x00, 0x56, 0x00, // ..............V.
	0x05, 0x00, 0x9b, 0x00, 0x00, 0x00, 0xfb, 0x06, 0x00, 0x00, 0x84, 0x00, 0x00, 0x00, 0x81, 0x00, // ................
	0x00, 0x00, 0x58, 0x00, 0x07, 0x00, 0x0e, 0x00, 0x00, 0x00, 0xfe, 0x06, 0x00, 0x00, 0xfb, 0x06, // ..X.............
	0x00, 0x00, 0xe2, 0x06, 0x00, 0x00, 0x02, 0x00, 0x00, 0x00, 0xe6, 0x00, 0x00, 0x00, 0x51, 0x00, // ..............Q.
	0x05, 0x00, 0x07, 0x00, 0x00, 0x00, 0xd0, 0x06, 0x00, 0x00, 0xfe, 0x06, 0x00, 0x00, 0x00, 0x00, // ................
	0x00, 0x00, 0xf9, 0x00, 0x02, 0x00, 0xd1, 0x06, 0x00, 0x00, 0xf8, 0x00, 0x02, 0x00, 0xd1, 0x06, // ................
	0x00, 0x00, 0xf5, 0x00, 0x07, 0x00, 0x07, 0x00, 0x00, 0x00, 0xc4, 0x0b, 0x00, 0x00, 0xe6, 0x00, // ................
	0x00, 0x00, 0xcb, 0x06, 0x00, 0x00, 0xd0, 0x06, 0x00, 0x00, 0xcc, 0x06, 0x00, 0x00, 0xf9, 0x00, // ................
	0x02, 0x00, 0x63, 0x06, 0x00, 0x00, 0xf8, 0x00, 0x02, 0x00, 0x63, 0x06, 0x00, 0x00, 0xf5, 0x00, // ..c.......c.....
	0x07, 0x00, 0x07, 0x00, 0x00, 0x00, 0xca, 0x0b, 0x00, 0x00, 0xc4, 0x0b, 0x00, 0x00, 0xd1, 0x06, // ................
	0x00, 0x00, 0xc8, 0x0b, 0x00, 0x00, 0xa8, 0x06, 0x00, 0x00, 0xf5, 0x00, 0x07, 0x00, 0x18, 0x00, // ................
	0x00, 0x00, 0xc6, 0x0b, 0x00, 0x00, 0xc2, 0x0b, 0x00, 0x00, 0xd1, 0x06, 0x00, 0x00, 0x71, 0x06, // ..............q.
	0x00, 0x00, 0xa8, 0x06, 0x00, 0x00, 0xf5, 0x00, 0x07, 0x00, 0x86, 0x00, 0x00, 0x00, 0xc5, 0x0b, // ................
	0x00, 0x00, 0x8b, 0x00, 0x00, 0x00, 0xd1, 0x06, 0x00, 0x00, 0xaa, 0x06, 0x00, 0x00, 0xa8, 0x06, // ................
	0x00, 0x00, 0xb1, 0x00, 0x05, 0x00, 0x20, 0x00, 0x00, 0x00, 0x66, 0x06, 0x00, 0x00, 0xc5, 0x0b, // ...... ...f.....
	0x00, 0x00, 0x48, 0x01, 0x00, 0x00, 0xf6, 0x00, 0x04, 0x00, 0xab, 0x06, 0x00, 0x00, 0xa8, 0x06, // ..H.............
	0x00, 0x00, 0x00, 0x00, 0x00, 0x00, 0xfa, 0x00, 0x04, 0x00, 0x66, 0x06, 0x00, 0x00, 0x67, 0x06, // ..........f...g.
	0x00, 0x00, 0xab, 0x06, 0x00, 0x00, 0xf8, 0x00, 0x02, 0x00, 0x67, 0x06, 0x00, 0x00, 0xaf, 0x00, // ..........g.....
	0x05, 0x00, 0x20, 0x00, 0x00, 0x00, 0x6a, 0x06, 0x00, 0x00, 0xc5, 0x0b, 0x00, 0x00, 0x5f, 0x06, // .. ...j......._.
	0x00, 0x00, 0xf7, 0x00, 0x03, 0x00, 0x6c, 0x06, 0x00, 0x00, 0x00, 0x00, 0x00, 0x00, 0xfa, 0x00, // ......l.........
	0x04, 0x00, 0x6a, 0x06, 0x00, 0x00, 0x6b, 0x06, 0x00, 0x00, 0x6c, 0x06, 0x00, 0x00, 0xf8, 0x00, // ..j...k...l.....
	0x02, 0x00, 0x6b, 0x06, 0x00, 0x00, 0xf9, 0x00, 0x02, 0x00, 0xab, 0x06, 0x00, 0x00, 0xf8, 0x00, // ..k.............
	0x02, 0x00, 0x6c, 0x06, 0x00, 0x00, 0x8e, 0x00, 0x05, 0x00, 0x18, 0x00, 0x00, 0x00, 0x70, 0x06, // ..l...........p.
	0x00, 0x00, 0xc3, 0x0b, 0x00, 0x00, 0x5c, 0x06, 0x00, 0x00, 0x81, 0x00, 0x05, 0x00, 0x18, 0x00, // ................
	0x00, 0x00, 0x71, 0x06, 0x00, 0x00, 0xc6, 0x0b, 0x00, 0x00, 0x70, 0x06, 0x00, 0x00, 0x83, 0x00, // ..q.......p.....
	0x05, 0x00, 0x18, 0x00, 0x00, 0x00, 0x0c, 0x07, 0x00, 0x00, 0x71, 0x06, 0x00, 0x00, 0x1e, 0x06, // ..........q.....
	0x00, 0x00, 0x88, 0x00, 0x05, 0x00, 0x18, 0x00, 0x00, 0x00, 0x0e, 0x07, 0x00, 0x00, 0x0c, 0x07, // ................
	0x00, 0x00, 0x1a, 0x06, 0x00, 0x00, 0xb8, 0x00, 0x05, 0x00, 0x27, 0x00, 0x00, 0x00, 0x17, 0x07, // ..........'.....
	0x00, 0x00, 0x0e, 0x07, 0x00, 0x00, 0x64, 0x03, 0x00, 0x00, 0x9a, 0x00, 0x04, 0x00, 0x20, 0x00, // ......d....... .
	0x00, 0x00, 0x77, 0x06, 0x00, 0x00, 0x17, 0x07, 0x00, 0x00, 0xba, 0x00, 0x05, 0x00, 0x27, 0x00, // ..w...........'.
	0x00, 0x00, 0x20, 0x07, 0x00, 0x00, 0x0e, 0x07, 0x00, 0x00, 0xb7, 0x0b, 0x00, 0x00, 0x9a, 0x00, // .. .............
	0x04, 0x00, 0x20, 0x00, 0x00, 0x00, 0x7b, 0x06, 0x00, 0x00, 0x20, 0x07, 0x00, 0x00, 0xa6, 0x00, // .. ...{... .....
	0x05, 0x00, 0x20, 0x00, 0x00, 0x00, 0x7c, 0x06, 0x00, 0x00, 0x77, 0x06, 0x00, 0x00, 0x7b, 0x06, // .. ...|...w...{.
	0x00, 0x00, 0xf7, 0x00, 0x03, 0x00, 0x7e, 0x06, 0x00, 0x00, 0x00, 0x00, 0x00, 0x00, 0xfa, 0x00, // ......~.........
	0x04, 0x00, 0x7c, 0x06, 0x00, 0x00, 0x7d, 0x06, 0x00, 0x00, 0x7e, 0x06, 0x00, 0x00, 0xf8, 0x00, // ..|...}...~.....
	0x02, 0x00, 0x7d, 0x06, 0x00, 0x00, 0xf9, 0x00, 0x02, 0x00, 0xab, 0x06, 0x00, 0x00, 0xf8, 0x00, // ..}.............
	0x02, 0x00, 0x7e, 0x06, 0x00, 0x00, 0xf7, 0x00, 0x03, 0x00, 0x42, 0x07, 0x00, 0x00, 0x00, 0x00, // ..~.......B.....
	0x00, 0x00, 0xfb, 0x00, 0x03, 0x00, 0x00, 0x01, 0x00, 0x00, 0x30, 0x07, 0x00, 0x00, 0xf8, 0x00, // ..........0.....
	0x02, 0x00, 0x30, 0x07, 0x00, 0x00, 0xf7, 0x00, 0x03, 0x00, 0x3d, 0x07, 0x00, 0x00, 0x00, 0x00, // ..0.......=.....
	0x00, 0x00, 0xfa, 0x00, 0x04, 0x00, 0x7c, 0x06, 0x00, 0x00, 0x3c, 0x07, 0x00, 0x00, 0x3d, 0x07, // ......|...<...=.
	0x00, 0x00, 0xf8, 0x00, 0x02, 0x00, 0x3c, 0x07, 0x00, 0x00, 0xf9, 0x00, 0x02, 0x00, 0x42, 0x07, // ......<.......B.
	0x00, 0x00, 0xf8, 0x00, 0x02, 0x00, 0x3d, 0x07, 0x00, 0x00, 0x56, 0x00, 0x05, 0x00, 0x9b, 0x00, // ......=...V.....
	0x00, 0x00, 0x6c, 0x07, 0x00, 0x00, 0x84, 0x00, 0x00, 0x00, 0x81, 0x00, 0x00, 0x00, 0x58, 0x00, // ..l...........X.
	0x07, 0x00, 0x0e, 0x00, 0x00, 0x00, 0x6f, 0x07, 0x00, 0x00, 0x6c, 0x07, 0x00, 0x00, 0x0e, 0x07, // ......o...l.....
	0x00, 0x00, 0x02, 0x00, 0x00, 0x00, 0xe6, 0x00, 0x00, 0x00, 0x51, 0x00, 0x05, 0x00, 0x07, 0x00, // ..........Q.....
	0x00, 0x00, 0x41, 0x07, 0x00, 0x00, 0x6f, 0x07, 0x00, 0x00, 0x00, 0x00, 0x00, 0x00, 0xf9, 0x00, // ..A...o.........
	0x02, 0x00, 0x42, 0x07, 0x00, 0x00, 0xf8, 0x00, 0x02, 0x00, 0x42, 0x07, 0x00, 0x00, 0xf5, 0x00, // ..B.......B.....
	0x07, 0x00, 0x07, 0x00, 0x00, 0x00, 0xc8, 0x0b, 0x00, 0x00, 0xe6, 0x00, 0x00, 0x00, 0x3c, 0x07, // ..............<.
	0x00, 0x00, 0x41, 0x07, 0x00, 0x00, 0x3d, 0x07, 0x00, 0x00, 0xbe, 0x00, 0x05, 0x00, 0x20, 0x00, // ..A...=....... .
	0x00, 0x00, 0x83, 0x06, 0x00, 0x00, 0xca, 0x0b, 0x00, 0x00, 0xc7, 0x04, 0x00, 0x00, 0xb8, 0x00, // ................
	0x05, 0x00, 0x20, 0x00, 0x00, 0x00, 0x86, 0x06, 0x00, 0x00, 0xc8, 0x0b, 0x00, 0x00, 0xc7, 0x04, // .. .............
	0x00, 0x00, 0xa7, 0x00, 0x05, 0x00, 0x20, 0x00, 0x00, 0x00, 0x87, 0x06, 0x00, 0x00, 0x83, 0x06, // ...... .........
	0x00, 0x00, 0x86, 0x06, 0x00, 0x00, 0xf7, 0x00, 0x03, 0x00, 0xa5, 0x06, 0x00, 0x00, 0x00, 0x00, // ................
	0x00, 0x00, 0xfa, 0x00, 0x04, 0x00, 0x87, 0x06, 0x00, 0x00, 0x88, 0x06, 0x00, 0x00, 0xa5, 0x06, // ................
	0x00, 0x00, 0xf8, 0x00, 0x02, 0x00, 0x88, 0x06, 0x00, 0x00, 0xf9, 0x00, 0x02, 0x00, 0x8b, 0x06, // ................
	0x00, 0x00, 0xf8, 0x00, 0x02, 0x00, 0x8b, 0x06, 0x00, 0x00, 0xf5, 0x00, 0x07, 0x00, 0x18, 0x00, // ................
	0x00, 0x00, 0xcf, 0x0b, 0x00, 0x00, 0x71, 0x06, 0x00, 0x00, 0x88, 0x06, 0x00, 0x00, 0xb9, 0x0c, // ......q.........
	0x00, 0x00, 0x9d, 0x06, 0x00, 0x00, 0xf5, 0x00, 0x07, 0x00, 0x18, 0x00, 0x00, 0x00, 0xce, 0x0b, // ................
	0x00, 0x00, 0xc6, 0x0b, 0x00, 0x00, 0x88, 0x06, 0x00, 0x00, 0xbb, 0x0c, 0x00, 0x00, 0x9d, 0x06, // ................
	0x00, 0x00, 0xf5, 0x00, 0x07, 0x00, 0x86, 0x00, 0x00, 0x00, 0xcd, 0x0b, 0x00, 0x00, 0x8b, 0x00, // ................
	0x00, 0x00, 0x88, 0x06, 0x00, 0x00, 0x9f, 0x06, 0x00, 0x00, 0x9d, 0x06, 0x00, 0x00, 0xb1, 0x00, // ................
	0x05, 0x00, 0x20, 0x00, 0x00, 0x00, 0x8e, 0x06, 0x00, 0x00, 0xcd, 0x0b, 0x00, 0x00, 0x85, 0x01, // .. .............
	0x00, 0x00, 0xf6, 0x00, 0x04, 0x00, 0xa0, 0x06, 0x00, 0x00, 0x9d, 0x06, 0x00, 0x00, 0x00, 0x00, // ................
	0x00, 0x00, 0xfa, 0x00, 0x04, 0x00, 0x8e, 0x06, 0x00, 0x00, 0x8f, 0x06, 0x00, 0x00, 0xa0, 0x06, // ................
	0x00, 0x00, 0xf8, 0x00, 0x02, 0x00, 0x8f, 0x06, 0x00, 0x00, 0x81, 0x00, 0x05, 0x00, 0x18, 0x00, // ................
	0x00, 0x00, 0x92, 0x06, 0x00, 0x00, 0xce, 0x0b, 0x00, 0x00, 0xcf, 0x0b, 0x00, 0x00, 0x8e, 0x00, // ................
	0x05, 0x00, 0x18, 0x00, 0x00, 0x00, 0x93, 0x06, 0x00, 0x00, 0x92, 0x06, 0x00, 0x00, 0x8b, 0x01, // ................
	0x00, 0x00, 0xf7, 0x00, 0x03, 0x00, 0x91, 0x07, 0x00, 0x00, 0x00, 0x00, 0x00, 0x00, 0xfb, 0x00, // ................
	0x03, 0x00, 0x00, 0x01, 0x00, 0x00, 0x7f, 0x07, 0x00, 0x00, 0xf8, 0x00, 0x02, 0x00, 0x7f, 0x07, // ................
	0x00, 0x00, 0x83, 0x00, 0x05, 0x00, 0x18, 0x00, 0x00, 0x00, 0xa0, 0x07, 0x00, 0x00, 0x93, 0x06, // ................
	0x00, 0x00, 0x1e, 0x06, 0x00, 0x00, 0x88, 0x00, 0x05, 0x00, 0x18, 0x00, 0x00, 0x00, 0xa2, 0x07, // ................
	0x00, 0x00, 0xa0, 0x07, 0x00, 0x00, 0x1a, 0x06, 0x00, 0x00, 0xb8, 0x00, 0x05, 0x00, 0x27, 0x00, // ..............'.
	0x00, 0x00, 0xab, 0x07, 0x00, 0x00, 0xa2, 0x07, 0x00, 0x00, 0x64, 0x03, 0x00, 0x00, 0x9a, 0x00, // ..........d.....
	0x04, 0x00, 0x20, 0x00, 0x00, 0x00, 0x85, 0x07, 0x00, 0x00, 0xab, 0x07, 0x00, 0x00, 0xba, 0x00, // .. .............
	0x05, 0x00, 0x27, 0x00, 0x00, 0x00, 0xb4, 0x07, 0x00, 0x00, 0xa2, 0x07, 0x00, 0x00, 0xb7, 0x0b, // ..'.............
	0x00, 0x00, 0x9a, 0x00, 0x04, 0x00, 0x20, 0x00, 0x00, 0x00, 0x89, 0x07, 0x00, 0x00, 0xb4, 0x07, // ...... .........
	0x00, 0x00, 0xa6, 0x00, 0x05, 0x00, 0x20, 0x00, 0x00, 0x00, 0x8a, 0x07, 0x00, 0x00, 0x85, 0x07, // ...... .........
	0x00, 0x00, 0x89, 0x07, 0x00, 0x00, 0xf7, 0x00, 0x03, 0x00, 0x8c, 0x07, 0x00, 0x00, 0x00, 0x00, // ................
	0x00, 0x00, 0xfa, 0x00, 0x04, 0x00, 0x8a, 0x07, 0x00, 0x00, 0x8b, 0x07, 0x00, 0x00, 0x8c, 0x07, // ................
	0x00, 0x00, 0xf8, 0x00, 0x02, 0x00, 0x8b, 0x07, 0x00, 0x00, 0xf9, 0x00, 0x02, 0x00, 0x91, 0x07, // ................
	0x00, 0x00, 0xf8, 0x00, 0x02, 0x00, 0x8c, 0x07, 0x00, 0x00, 0x56, 0x00, 0x05, 0x00, 0x9b, 0x00, // ..........V.....
	0x00, 0x00, 0xbb, 0x07, 0x00, 0x00, 0x84, 0x00, 0x00, 0x00, 0x81, 0x00, 0x00, 0x00, 0x58, 0x00, // ..............X.
	0x07, 0x00, 0x0e, 0x00, 0x00, 0x00, 0xbe, 0x07, 0x00, 0x00, 0xbb, 0x07, 0x00, 0x00, 0xa2, 0x07, // ................
	0x00, 0x00, 0x02, 0x00, 0x00, 0x00, 0xe6, 0x00, 0x00, 0x00, 0x51, 0x00, 0x05, 0x00, 0x07, 0x00, // ..........Q.....
	0x00, 0x00, 0x90, 0x07, 0x00, 0x00, 0xbe, 0x07, 0x00, 0x00, 0x00, 0x00, 0x00, 0x00, 0xf9, 0x00, // ................
	0x02, 0x00, 0x91, 0x07, 0x00, 0x00, 0xf8, 0x00, 0x02, 0x00, 0x91, 0x07, 0x00, 0x00, 0xf5, 0x00, // ................
	0x07, 0x00, 0x07, 0x00, 0x00, 0x00, 0xd0, 0x0b, 0x00, 0x00, 0xe6, 0x00, 0x00, 0x00, 0x8b, 0x07, // ................
	0x00, 0x00, 0x90, 0x07, 0x00, 0x00, 0x8c, 0x07, 0x00, 0x00, 0xbe, 0x00, 0x05, 0x00, 0x20, 0x00, // .............. .
	0x00, 0x00, 0x97, 0x06, 0x00, 0x00, 0xd0, 0x0b, 0x00, 0x00, 0xc7, 0x04, 0x00, 0x00, 0x50, 0x00, // ..............P.
	0x06, 0x00, 0x27, 0x00, 0x00, 0x00, 0xb8, 0x0c, 0x00, 0x00, 0x97, 0x06, 0x00, 0x00, 0x97, 0x06, // ..'.............
	0x00, 0x00, 0x97, 0x06, 0x00, 0x00, 0xa9, 0x00, 0x06, 0x00, 0x18, 0x00, 0x00, 0x00, 0xb9, 0x0c, // ................
	0x00, 0x00, 0xb8, 0x0c, 0x00, 0x00, 0xcf, 0x0b, 0x00, 0x00, 0x93, 0x06, 0x00, 0x00, 0xa9, 0x00, // ................
	0x06, 0x00, 0x18, 0x00, 0x00, 0x00, 0xbb, 0x0c, 0x00, 0x00, 0xb8, 0x0c, 0x00, 0x00, 0x93, 0x06, // ................
	0x00, 0x00, 0xce, 0x0b, 0x00, 0x00, 0xf9, 0x00, 0x02, 0x00, 0x9d, 0x06, 0x00, 0x00, 0xf8, 0x00, // ................
	0x02, 0x00, 0x9d, 0x06, 0x00, 0x00, 0x80, 0x00, 0x05, 0x00, 0x86, 0x00, 0x00, 0x00, 0x9f, 0x06, // ................
	0x00, 0x00, 0xcd, 0x0b, 0x00, 0x00, 0x87, 0x00, 0x00, 0x00, 0xf9, 0x00, 0x02, 0x00, 0x8b, 0x06, // ................
	0x00, 0x00, 0xf8, 0x00, 0x02, 0x00, 0xa0, 0x06, 0x00, 0x00, 0x81, 0x00, 0x05, 0x00, 0x18, 0x00, // ................
	0x00, 0x00, 0xa3, 0x06, 0x00, 0x00, 0xce, 0x0b, 0x00, 0x00, 0xcf, 0x0b, 0x00, 0x00, 0x8e, 0x00, // ................
	0x05, 0x00, 0x18, 0x00, 0x00, 0x00, 0xa4, 0x06, 0x00, 0x00, 0xa3, 0x06, 0x00, 0x00, 0x8b, 0x01, // ................
	0x00, 0x00, 0xf9, 0x00, 0x02, 0x00, 0xab, 0x06, 0x00, 0x00, 0xf8, 0x00, 0x02, 0x00, 0xa5, 0x06, // ................
	0x00, 0x00, 0xf9, 0x00, 0x02, 0x00, 0xa8, 0x06, 0x00, 0x00, 0xf8, 0x00, 0x02, 0x00, 0xa8, 0x06, // ................
	0x00, 0x00, 0x80, 0x00, 0x05, 0x00, 0x86, 0x00, 0x00, 0x00, 0xaa, 0x06, 0x00, 0x00, 0xc5, 0x0b, // ................
	0x00, 0x00, 0x87, 0x00, 0x00, 0x00, 0xf9, 0x00, 0x02, 0x00, 0x63, 0x06, 0x00, 0x00, 0xf8, 0x00, // ..........c.....
	0x02, 0x00, 0xab, 0x06, 0x00, 0x00, 0xf5, 0x00, 0x0b, 0x00, 0x18, 0x00, 0x00, 0x00, 0xe2, 0x0b, // ................
	0x00, 0x00, 0xe5, 0x0b, 0x00, 0x00, 0x63, 0x06, 0x00, 0x00, 0xe5, 0x0b, 0x00, 0x00, 0x6b, 0x06, // ......c.......k.
	0x00, 0x00, 0xe5, 0x0b, 0x00, 0x00, 0x7d, 0x06, 0x00, 0x00, 0xa4, 0x06, 0x00, 0x00, 0xa0, 0x06, // ......}.........
	0x00, 0x00, 0xf5, 0x00, 0x0b, 0x00, 0x20, 0x00, 0x00, 0x00, 0xd8, 0x0b, 0x00, 0x00, 0xdb, 0x0b, // ...... .........
	0x00, 0x00, 0x63, 0x06, 0x00, 0x00, 0xdb, 0x0b, 0x00, 0x00, 0x6b, 0x06, 0x00, 0x00, 0x6b, 0x01, // ..c.......k...k.
	0x00, 0x00, 0x7d, 0x06, 0x00, 0x00, 0x9d, 0x01, 0x00, 0x00, 0xa0, 0x06, 0x00, 0x00, 0xf5, 0x00, // ..}.............
	0x0b, 0x00, 0x20, 0x00, 0x00, 0x00, 0xd3, 0x0b, 0x00, 0x00, 0x6b, 0x01, 0x00, 0x00, 0x63, 0x06, // .. .......k...c.
	0x00, 0x00, 0x6b, 0x01, 0x00, 0x00, 0x6b, 0x06, 0x00, 0x00, 0x9d, 0x01, 0x00, 0x00, 0x7d, 0x06, // ..k...k.......}.
	0x00, 0x00, 0x9d, 0x01, 0x00, 0x00, 0xa0, 0x06, 0x00, 0x00, 0xf7, 0x00, 0x03, 0x00, 0xad, 0x06, // ................
	0x00, 0x00, 0x00, 0x00, 0x00, 0x00, 0xfa, 0x00, 0x04, 0x00, 0xd3, 0x0b, 0x00, 0x00, 0xae, 0x06, // ................
	0x00, 0x00, 0xad, 0x06, 0x00, 0x00, 0xf8, 0x00, 0x02, 0x00, 0xad, 0x06, 0x00, 0x00, 0xf9, 0x00, // ................
	0x02, 0x00, 0xae, 0x06, 0x00, 0x00, 0xf8, 0x00, 0x02, 0x00, 0xae, 0x06, 0x00, 0x00, 0xf5, 0x00, // ................
	0x07, 0x00, 0x20, 0x00, 0x00, 0x00, 0xd7, 0x0b, 0x00, 0x00, 0xd8, 0x0b, 0x00, 0x00, 0xab, 0x06, // .. .............
	0x00, 0x00, 0x6b, 0x01, 0x00, 0x00, 0xad, 0x06, 0x00, 0x00, 0xa8, 0x00, 0x04, 0x00, 0x20, 0x00, // ..k........... .
	0x00, 0x00, 0x30, 0x05, 0x00, 0x00, 0xd7, 0x0b, 0x00, 0x00, 0xf7, 0x00, 0x03, 0x00, 0x45, 0x05, // ..0...........E.
	0x00, 0x00, 0x00, 0x00, 0x00, 0x00, 0xfa, 0x00, 0x04, 0x00, 0x30, 0x05, 0x00, 0x00, 0x31, 0x05, // ..........0...1.
	0x00, 0x00, 0x45, 0x05, 0x00, 0x00, 0xf8, 0x00, 0x02, 0x00, 0x31, 0x05, 0x00, 0x00, 0x51, 0x00, // ..E.......1...Q.
	0x05, 0x00, 0x07, 0x00, 0x00, 0x00, 0x33, 0x05, 0x00, 0x00, 0xc2, 0x0b, 0x00, 0x00, 0x00, 0x00, // ......3.........
	0x00, 0x00, 0x51, 0x00, 0x05, 0x00, 0x07, 0x00, 0x00, 0x00, 0x34, 0x05, 0x00, 0x00, 0xc2, 0x0b, // ..Q.......4.....
	0x00, 0x00, 0x01, 0x00, 0x00, 0x00, 0x51, 0x00, 0x05, 0x00, 0x07, 0x00, 0x00, 0x00, 0x35, 0x05, // ......Q.......5.
	0x00, 0x00, 0xc2, 0x0b, 0x00, 0x00, 0x02, 0x00, 0x00, 0x00, 0x50, 0x00, 0x07, 0x00, 0x0e, 0x00, // ..........P.....
	0x00, 0x00, 0x36, 0x05, 0x00, 0x00, 0x33, 0x05, 0x00, 0x00, 0x34, 0x05, 0x00, 0x00, 0x35, 0x05, // ..6...3...4...5.
	0x00, 0x00, 0xee, 0x00, 0x00, 0x00, 0x41, 0x00, 0x05, 0x00, 0x0f, 0x02, 0x00, 0x00, 0x37, 0x05, // ......A.......7.
	0x00, 0x00, 0xcc, 0x00, 0x00, 0x00, 0x85, 0x03, 0x00, 0x00, 0x3d, 0x00, 0x04, 0x00, 0xc9, 0x00, // ..........=.....
	0x00, 0x00, 0x38, 0x05, 0x00, 0x00, 0x37, 0x05, 0x00, 0x00, 0x90, 0x00, 0x05, 0x00, 0x0e, 0x00, // ..8...7.........
	0x00, 0x00, 0x39, 0x05, 0x00, 0x00, 0x36, 0x05, 0x00, 0x00, 0x38, 0x05, 0x00, 0x00, 0x4f, 0x00, // ..9...6...8...O.
	0x08, 0x00, 0x18, 0x00, 0x00, 0x00, 0x3a, 0x05, 0x00, 0x00, 0x39, 0x05, 0x00, 0x00, 0x39, 0x05, // ......:...9...9.
	0x00, 0x00, 0x00, 0x00, 0x00, 0x00, 0x01, 0x00, 0x00, 0x00, 0x02, 0x00, 0x00, 0x00, 0x51, 0x00, // ..............Q.
	0x05, 0x00, 0x07, 0x00, 0x00, 0x00, 0x3c, 0x05, 0x00, 0x00, 0xc3, 0x0b, 0x00, 0x00, 0x00, 0x00, // ......<.........
	0x00, 0x00, 0x51, 0x00, 0x05, 0x00, 0x07, 0x00, 0x00, 0x00, 0x3d, 0x05, 0x00, 0x00, 0xc3, 0x0b, // ..Q.......=.....
	0x00, 0x00, 0x01, 0x00, 0x00, 0x00, 0x51, 0x00, 0x05, 0x00, 0x07, 0x00, 0x00, 0x00, 0x3e, 0x05, // ......Q.......>.
	0x00, 0x00, 0xc3, 0x0b, 0x00, 0x00, 0x02, 0x00, 0x00, 0x00, 0x50, 0x00, 0x07, 0x00, 0x0e, 0x00, // ..........P.....
	0x00, 0x00, 0x3f, 0x05, 0x00, 0x00, 0x3c, 0x05, 0x00, 0x00, 0x3d, 0x05, 0x00, 0x00, 0x3e, 0x05, // ..?...<...=...>.
	0x00, 0x00, 0xe6, 0x00, 0x00, 0x00, 0x90, 0x00, 0x05, 0x00, 0x0e, 0x00, 0x00, 0x00, 0x42, 0x05, // ..............B.
	0x00, 0x00, 0x3f, 0x05, 0x00, 0x00, 0x38, 0x05, 0x00, 0x00, 0x4f, 0x00, 0x08, 0x00, 0x18, 0x00, // ..?...8...O.....
	0x00, 0x00, 0x43, 0x05, 0x00, 0x00, 0x42, 0x05, 0x00, 0x00, 0x42, 0x05, 0x00, 0x00, 0x00, 0x00, // ..C...B...B.....
	0x00, 0x00, 0x01, 0x00, 0x00, 0x00, 0x02, 0x00, 0x00, 0x00, 0x0c, 0x00, 0x06, 0x00, 0x18, 0x00, // ................
	0x00, 0x00, 0x44, 0x05, 0x00, 0x00, 0x01, 0x00, 0x00, 0x00, 0x45, 0x00, 0x00, 0x00, 0x43, 0x05, // ..D.......E...C.
	0x00, 0x00, 0xf9, 0x00, 0x02, 0x00, 0x9d, 0x05, 0x00, 0x00, 0xf8, 0x00, 0x02, 0x00, 0x45, 0x05, // ..............E.
	0x00, 0x00, 0x83, 0x00, 0x05, 0x00, 0x18, 0x00, 0x00, 0x00, 0x48, 0x05, 0x00, 0x00, 0xe2, 0x0b, // ..........H.....
	0x00, 0x00, 0xc2, 0x0b, 0x00, 0x00, 0x0c, 0x00, 0x06, 0x00, 0x07, 0x00, 0x00, 0x00, 0x49, 0x05, // ..............I.
	0x00, 0x00, 0x01, 0x00, 0x00, 0x00, 0x42, 0x00, 0x00, 0x00, 0x48, 0x05, 0x00, 0x00, 0x81, 0x00, // ......B...H.....
	0x05, 0x00, 0x07, 0x00, 0x00, 0x00, 0x4b, 0x05, 0x00, 0x00, 0xf7, 0x0b, 0x00, 0x00, 0x49, 0x05, // ......K.......I.
	0x00, 0x00, 0x50, 0x00, 0x06, 0x00, 0x18, 0x00, 0x00, 0x00, 0xcc, 0x07, 0x00, 0x00, 0xe7, 0x04, // ..P.............
	0x00, 0x00, 0xe6, 0x00, 0x00, 0x00, 0xe6, 0x00, 0x00, 0x00, 0x81, 0x00, 0x05, 0x00, 0x18, 0x00, // ................
	0x00, 0x00, 0xcd, 0x07, 0x00, 0x00, 0xe2, 0x0b, 0x00, 0x00, 0xcc, 0x07, 0x00, 0x00, 0xf7, 0x00, // ................
	0x03, 0x00, 0x0d, 0x08, 0x00, 0x00, 0x00, 0x00, 0x00, 0x00, 0xfb, 0x00, 0x03, 0x00, 0x00, 0x01, // ................
	0x00, 0x00, 0xfb, 0x07, 0x00, 0x00, 0xf8, 0x00, 0x02, 0x00, 0xfb, 0x07, 0x00, 0x00, 0x83, 0x00, // ................
	0x05, 0x00, 0x18, 0x00, 0x00, 0x00, 0x1c, 0x08, 0x00, 0x00, 0xcd, 0x07, 0x00, 0x00, 0x1e, 0x06, // ................
	0x00, 0x00, 0x88, 0x00, 0x05, 0x00, 0x18, 0x00, 0x00, 0x00, 0x1e, 0x08, 0x00, 0x00, 0x1c, 0x08, // ................
	0x00, 0x00, 0x1a, 0x06, 0x00, 0x00, 0xb8, 0x00, 0x05, 0x00, 0x27, 0x00, 0x00, 0x00, 0x27, 0x08, // ..........'...'.
	0x00, 0x00, 0x1e, 0x08, 0x00, 0x00, 0x64, 0x03, 0x00, 0x00, 0x9a, 0x00, 0x04, 0x00, 0x20, 0x00, // ......d....... .
	0x00, 0x00, 0x01, 0x08, 0x00, 0x00, 0x27, 0x08, 0x00, 0x00, 0xba, 0x00, 0x05, 0x00, 0x27, 0x00, // ......'.......'.
	0x00, 0x00, 0x30, 0x08, 0x00, 0x00, 0x1e, 0x08, 0x00, 0x00, 0xb7, 0x0b, 0x00, 0x00, 0x9a, 0x00, // ..0.............
	0x04, 0x00, 0x20, 0x00, 0x00, 0x00, 0x05, 0x08, 0x00, 0x00, 0x30, 0x08, 0x00, 0x00, 0xa6, 0x00, // .. .......0.....
	0x05, 0x00, 0x20, 0x00, 0x00, 0x00, 0x06, 0x08, 0x00, 0x00, 0x01, 0x08, 0x00, 0x00, 0x05, 0x08, // .. .............
	0x00, 0x00, 0xf7, 0x00, 0x03, 0x00, 0x08, 0x08, 0x00, 0x00, 0x00, 0x00, 0x00, 0x00, 0xfa, 0x00, // ................
	0x04, 0x00, 0x06, 0x08, 0x00, 0x00, 0x07, 0x08, 0x00, 0x00, 0x08, 0x08, 0x00, 0x00, 0xf8, 0x00, // ................
	0x02, 0x00, 0x07, 0x08, 0x00, 0x00, 0xf9, 0x00, 0x02, 0x00, 0x0d, 0x08, 0x00, 0x00, 0xf8, 0x00, // ................
	0x02, 0x00, 0x08, 0x08, 0x00, 0x00, 0x56, 0x00, 0x05, 0x00, 0x9b, 0x00, 0x00, 0x00, 0x37, 0x08, // ......V.......7.
	0x00, 0x00, 0x84, 0x00, 0x00, 0x00, 0x81, 0x00, 0x00, 0x00, 0x58, 0x00, 0x07, 0x00, 0x0e, 0x00, // ..........X.....
	0x00, 0x00, 0x3a, 0x08, 0x00, 0x00, 0x37, 0x08, 0x00, 0x00, 0x1e, 0x08, 0x00, 0x00, 0x02, 0x00, // ..:...7.........
	0x00, 0x00, 0xe6, 0x00, 0x00, 0x00, 0x51, 0x00, 0x05, 0x00, 0x07, 0x00, 0x00, 0x00, 0x0c, 0x08, // ......Q.........
	0x00, 0x00, 0x3a, 0x08, 0x00, 0x00, 0x00, 0x00, 0x00, 0x00, 0xf9, 0x00, 0x02, 0x00, 0x0d, 0x08, // ..:.............
	0x00, 0x00, 0xf8, 0x00, 0x02, 0x00, 0x0d, 0x08, 0x00, 0x00, 0xf5, 0x00, 0x07, 0x00, 0x07, 0x00, // ................
	0x00, 0x00, 0xfc, 0x0b, 0x00, 0x00, 0xe6, 0x00, 0x00, 0x00, 0x07, 0x08, 0x00, 0x00, 0x0c, 0x08, // ................
	0x00, 0x00, 0x08, 0x08, 0x00, 0x00, 0x83, 0x00, 0x05, 0x00, 0x18, 0x00, 0x00, 0x00, 0xd2, 0x07, // ................
	0x00, 0x00, 0xe2, 0x0b, 0x00, 0x00, 0xcc, 0x07, 0x00, 0x00, 0xf7, 0x00, 0x03, 0x00, 0x5c, 0x08, // ................
	0x00, 0x00, 0x00, 0x00, 0x00, 0x00, 0xfb, 0x00, 0x03, 0x00, 0x00, 0x01, 0x00, 0x00, 0x4a, 0x08, // ..............J.
	0x00, 0x00, 0xf8, 0x00, 0x02, 0x00, 0x4a, 0x08, 0x00, 0x00, 0x83, 0x00, 0x05, 0x00, 0x18, 0x00, // ......J.........
	0x00, 0x00, 0x6b, 0x08, 0x00, 0x00, 0xd2, 0x07, 0x00, 0x00, 0x1e, 0x06, 0x00, 0x00, 0x88, 0x00, // ..k.............
	0x05, 0x00, 0x18, 0x00, 0x00, 0x00, 0x6d, 0x08, 0x00, 0x00, 0x6b, 0x08, 0x00, 0x00, 0x1a, 0x06, // ......m...k.....
	0x00, 0x00, 0xb8, 0x00, 0x05, 0x00, 0x27, 0x00, 0x00, 0x00, 0x76, 0x08, 0x00, 0x00, 0x6d, 0x08, // ......'...v...m.
	0x00, 0x00, 0x64, 0x03, 0x00, 0x00, 0x9a, 0x00, 0x04, 0x00, 0x20, 0x00, 0x00, 0x00, 0x50, 0x08, // ..d....... ...P.
	0x00, 0x00, 0x76, 0x08, 0x00, 0x00, 0xba, 0x00, 0x05, 0x00, 0x27, 0x00, 0x00, 0x00, 0x7f, 0x08, // ..v.......'.....
	0x00, 0x00, 0x6d, 0x08, 0x00, 0x00, 0xb7, 0x0b, 0x00, 0x00, 0x9a, 0x00, 0x04, 0x00, 0x20, 0x00, // ..m........... .
	0x00, 0x00, 0x54, 0x08, 0x00, 0x00, 0x7f, 0x08, 0x00, 0x00, 0xa6, 0x00, 0x05, 0x00, 0x20, 0x00, // ..T........... .
	0x00, 0x00, 0x55, 0x08, 0x00, 0x00, 0x50, 0x08, 0x00, 0x00, 0x54, 0x08, 0x00, 0x00, 0xf7, 0x00, // ..U...P...T.....
	0x03, 0x00, 0x57, 0x08, 0x00, 0x00, 0x00, 0x00, 0x00, 0x00, 0xfa, 0x00, 0x04, 0x00, 0x55, 0x08, // ..W...........U.
	0x00, 0x00, 0x56, 0x08, 0x00, 0x00, 0x57, 0x08, 0x00, 0x00, 0xf8, 0x00, 0x02, 0x00, 0x56, 0x08, // ..V...W.......V.
	0x00, 0x00, 0xf9, 0x00, 0x02, 0x00, 0x5c, 0x08, 0x00, 0x00, 0xf8, 0x00, 0x02, 0x00, 0x57, 0x08, // ..............W.
	0x00, 0x00, 0x56, 0x00, 0x05, 0x00, 0x9b, 0x00, 0x00, 0x00, 0x86, 0x08, 0x00, 0x00, 0x84, 0x00, // ..V.............
	0x00, 0x00, 0x81, 0x00, 0x00, 0x00, 0x58, 0x00, 0x07, 0x00, 0x0e, 0x00, 0x00, 0x00, 0x89, 0x08, // ......X.........
	0x00, 0x00, 0x86, 0x08, 0x00, 0x00, 0x6d, 0x08, 0x00, 0x00, 0x02, 0x00, 0x00, 0x00, 0xe6, 0x00, // ......m.........
	0x00, 0x00, 0x51, 0x00, 0x05, 0x00, 0x07, 0x00, 0x00, 0x00, 0x5b, 0x08, 0x00, 0x00, 0x89, 0x08, // ..Q.......[.....
	0x00, 0x00, 0x00, 0x00, 0x00, 0x00, 0xf9, 0x00, 0x02, 0x00, 0x5c, 0x08, 0x00, 0x00, 0xf8, 0x00, // ................
	0x02, 0x00, 0x5c, 0x08, 0x00, 0x00, 0xf5, 0x00, 0x07, 0x00, 0x07, 0x00, 0x00, 0x00, 0xfd, 0x0b, // ................
	0x00, 0x00, 0xe6, 0x00, 0x00, 0x00, 0x56, 0x08, 0x00, 0x00, 0x5b, 0x08, 0x00, 0x00, 0x57, 0x08, // ......V...[...W.
	0x00, 0x00, 0x83, 0x00, 0x05, 0x00, 0x07, 0x00, 0x00, 0x00, 0xd4, 0x07, 0x00, 0x00, 0xfc, 0x0b, // ................
	0x00, 0x00, 0xfd, 0x0b, 0x00, 0x00, 0x50, 0x00, 0x06, 0x00, 0x18, 0x00, 0x00, 0x00, 0xd7, 0x07, // ......P.........
	0x00, 0x00, 0xe6, 0x00, 0x00, 0x00, 0xe7, 0x04, 0x00, 0x00, 0xe6, 0x00, 0x00, 0x00, 0x81, 0x00, // ................
	0x05, 0x00, 0x18, 0x00, 0x00, 0x00, 0xd8, 0x07, 0x00, 0x00, 0xe2, 0x0b, 0x00, 0x00, 0xd7, 0x07, // ................
	0x00, 0x00, 0xf7, 0x00, 0x03, 0x00, 0xab, 0x08, 0x00, 0x00, 0x00, 0x00, 0x00, 0x00, 0xfb, 0x00, // ................
	0x03, 0x00, 0x00, 0x01, 0x00, 0x00, 0x99, 0x08, 0x00, 0x00, 0xf8, 0x00, 0x02, 0x00, 0x99, 0x08, // ................
	0x00, 0x00, 0x83, 0x00, 0x05, 0x00, 0x18, 0x00, 0x00, 0x00, 0xba, 0x08, 0x00, 0x00, 0xd8, 0x07, // ................
	0x00, 0x00, 0x1e, 0x06, 0x00, 0x00, 0x88, 0x00, 0x05, 0x00, 0x18, 0x00, 0x00, 0x00, 0xbc, 0x08, // ................
	0x00, 0x00, 0xba, 0x08, 0x00, 0x00, 0x1a, 0x06, 0x00, 0x00, 0xb8, 0x00, 0x05, 0x00, 0x27, 0x00, // ..............'.
	0x00, 0x00, 0xc5, 0x08, 0x00, 0x00, 0xbc, 0x08, 0x00, 0x00, 0x64, 0x03, 0x00, 0x00, 0x9a, 0x00, // ..........d.....
	0x04, 0x00, 0x20, 0x00, 0x00, 0x00, 0x9f, 0x08, 0x00, 0x00, 0xc5, 0x08, 0x00, 0x00, 0xba, 0x00, // .. .............
	0x05, 0x00, 0x27, 0x00, 0x00, 0x00, 0xce, 0x08, 0x00, 0x00, 0xbc, 0x08, 0x00, 0x00, 0xb7, 0x0b, // ..'.............
	0x00, 0x00, 0x9a, 0x00, 0x04, 0x00, 0x20, 0x00, 0x00, 0x00, 0xa3, 0x08, 0x00, 0x00, 0xce, 0x08, // ...... .........
	0x00, 0x00, 0xa6, 0x00, 0x05, 0x00, 0x20, 0x00, 0x00, 0x00, 0xa4, 0x08, 0x00, 0x00, 0x9f, 0x08, // ...... .........
	0x00, 0x00, 0xa3, 0x08, 0x00, 0x00, 0xf7, 0x00, 0x03, 0x00, 0xa6, 0x08, 0x00, 0x00, 0x00, 0x00, // ................
	0x00, 0x00, 0xfa, 0x00, 0x04, 0x00, 0xa4, 0x08, 0x00, 0x00, 0xa5, 0x08, 0x00, 0x00, 0xa6, 0x08, // ................
	0x00, 0x00, 0xf8, 0x00, 0x02, 0x00, 0xa5, 0x08, 0x00, 0x00, 0xf9, 0x00, 0x02, 0x00, 0xab, 0x08, // ................
	0x00, 0x00, 0xf8, 0x00, 0x02, 0x00, 0xa6, 0x08, 0x00, 0x00, 0x56, 0x00, 0x05, 0x00, 0x9b, 0x00, // ..........V.....
	0x00, 0x00, 0xd5, 0x08, 0x00, 0x00, 0x84, 0x00, 0x00, 0x00, 0x81, 0x00, 0x00, 0x00, 0x58, 0x00, // ..............X.
	0x07, 0x00, 0x0e, 0x00, 0x00, 0x00, 0xd8, 0x08, 0x00, 0x00, 0xd5, 0x08, 0x00, 0x00, 0xbc, 0x08, // ................
	0x00, 0x00, 0x02, 0x00, 0x00, 0x00, 0xe6, 0x00, 0x00, 0x00, 0x51, 0x00, 0x05, 0x00, 0x07, 0x00, // ..........Q.....
	0x00, 0x00, 0xaa, 0x08, 0x00, 0x00, 0xd8, 0x08, 0x00, 0x00, 0x00, 0x00, 0x00, 0x00, 0xf9, 0x00, // ................
	0x02, 0x00, 0xab, 0x08, 0x00, 0x00, 0xf8, 0x00, 0x02, 0x00, 0xab, 0x08, 0x00, 0x00, 0xf5, 0x00, // ................
	0x07, 0x00, 0x07, 0x00, 0x00, 0x00, 0xfe, 0x0b, 0x00, 0x00, 0xe6, 0x00, 0x00, 0x00, 0xa5, 0x08, // ................
	0x00, 0x00, 0xaa, 0x08, 0x00, 0x00, 0xa6, 0x08, 0x00, 0x00, 0x83, 0x00, 0x05, 0x00, 0x18, 0x00, // ................
	0x00, 0x00, 0xdd, 0x07, 0x00, 0x00, 0xe2, 0x0b, 0x00, 0x00, 0xd7, 0x07, 0x00, 0x00, 0xf7, 0x00, // ................
	0x03, 0x00, 0xfa, 0x08, 0x00, 0x00, 0x00, 0x00, 0x00, 0x00, 0xfb, 0x00, 0x03, 0x00, 0x00, 0x01, // ................
	0x00, 0x00, 0xe8, 0x08, 0x00, 0x00, 0xf8, 0x00, 0x02, 0x00, 0xe8, 0x08, 0x00, 0x00, 0x83, 0x00, // ................
	0x05, 0x00, 0x18, 0x00, 0x00, 0x00, 0x09, 0x09, 0x00, 0x00, 0xdd, 0x07, 0x00, 0x00, 0x1e, 0x06, // ................
	0x00, 0x00, 0x88, 0x00, 0x05, 0x00, 0x18, 0x00, 0x00, 0x00, 0x0b, 0x09, 0x00, 0x00, 0x09, 0x09, // ................
	0x00, 0x00, 0x1a, 0x06, 0x00, 0x00, 0xb8, 0x00, 0x05, 0x00, 0x27, 0x00, 0x00, 0x00, 0x14, 0x09, // ..........'.....
	0x00, 0x00, 0x0b, 0x09, 0x00, 0x00, 0x64, 0x03, 0x00, 0x00, 0x9a, 0x00, 0x04, 0x00, 0x20, 0x00, // ......d....... .
	0x00, 0x00, 0xee, 0x08, 0x00, 0x00, 0x14, 0x09, 0x00, 0x00, 0xba, 0x00, 0x05, 0x00, 0x27, 0x00, // ..............'.
	0x00, 0x00, 0x1d, 0x09, 0x00, 0x00, 0x0b, 0x09, 0x00, 0x00, 0xb7, 0x0b, 0x00, 0x00, 0x9a, 0x00, // ................
	0x04, 0x00, 0x20, 0x00, 0x00, 0x00, 0xf2, 0x08, 0x00, 0x00, 0x1d, 0x09, 0x00, 0x00, 0xa6, 0x00, // .. .............
	0x05, 0x00, 0x20, 0x00, 0x00, 0x00, 0xf3, 0x08, 0x00, 0x00, 0xee, 0x08, 0x00, 0x00, 0xf2, 0x08, // .. .............
	0x00, 0x00, 0xf7, 0x00, 0x03, 0x00, 0xf5, 0x08, 0x00, 0x00, 0x00, 0x00, 0x00, 0x00, 0xfa, 0x00, // ................
	0x04, 0x00, 0xf3, 0x08, 0x00, 0x00, 0xf4, 0x08, 0x00, 0x00, 0xf5, 0x08, 0x00, 0x00, 0xf8, 0x00, // ................
	0x02, 0x00, 0xf4, 0x08, 0x00, 0x00, 0xf9, 0x00, 0x02, 0x00, 0xfa, 0x08, 0x00, 0x00, 0xf8, 0x00, // ................
	0x02, 0x00, 0xf5, 0x08, 0x00, 0x00, 0x56, 0x00, 0x05, 0x00, 0x9b, 0x00, 0x00, 0x00, 0x24, 0x09, // ......V.......$.
	0x00, 0x00, 0x84, 0x00, 0x00, 0x00, 0x81, 0x00, 0x00, 0x00, 0x58, 0x00, 0x07, 0x00, 0x0e, 0x00, // ..........X.....
	0x00, 0x00, 0x27, 0x09, 0x00, 0x00, 0x24, 0x09, 0x00, 0x00, 0x0b, 0x09, 0x00, 0x00, 0x02, 0x00, // ..'...$.........
	0x00, 0x00, 0xe6, 0x00, 0x00, 0x00, 0x51, 0x00, 0x05, 0x00, 0x07, 0x00, 0x00, 0x00, 0xf9, 0x08, // ......Q.........
	0x00, 0x00, 0x27, 0x09, 0x00, 0x00, 0x00, 0x00, 0x00, 0x00, 0xf9, 0x00, 0x02, 0x00, 0xfa, 0x08, // ..'.............
	0x00, 0x00, 0xf8, 0x00, 0x02, 0x00, 0xfa, 0x08, 0x00, 0x00, 0xf5, 0x00, 0x07, 0x00, 0x07, 0x00, // ................
	0x00, 0x00, 0xff, 0x0b, 0x00, 0x00, 0xe6, 0x00, 0x00, 0x00, 0xf4, 0x08, 0x00, 0x00, 0xf9, 0x08, // ................
	0x00, 0x00, 0xf5, 0x08, 0x00, 0x00, 0x83, 0x00, 0x05, 0x00, 0x07, 0x00, 0x00, 0x00, 0xdf, 0x07, // ................
	0x00, 0x00, 0xfe, 0x0b, 0x00, 0x00, 0xff, 0x0b, 0x00, 0x00, 0x50, 0x00, 0x06, 0x00, 0x18, 0x00, // ..........P.....
	0x00, 0x00, 0xe2, 0x07, 0x00, 0x00, 0xe6, 0x00, 0x00, 0x00, 0xe6, 0x00, 0x00, 0x00, 0xe7, 0x04, // ................
	0x00, 0x00, 0x81, 0x00, 0x05, 0x00, 0x18, 0x00, 0x00, 0x00, 0xe3, 0x07, 0x00, 0x00, 0xe2, 0x0b, // ................
	0x00, 0x00, 0xe2, 0x07, 0x00, 0x00, 0xf7, 0x00, 0x03, 0x00, 0x49, 0x09, 0x00, 0x00, 0x00, 0x00, // ..........I.....
	0x00, 0x00, 0xfb, 0x00, 0x03, 0x00, 0x00, 0x01, 0x00, 0x00, 0x37, 0x09, 0x00, 0x00, 0xf8, 0x00, // ..........7.....
	0x02, 0x00, 0x37, 0x09, 0x00, 0x00, 0x83, 0x00, 0x05, 0x00, 0x18, 0x00, 0x00, 0x00, 0x58, 0x09, // ..7...........X.
	0x00, 0x00, 0xe3, 0x07, 0x00, 0x00, 0x1e, 0x06, 0x00, 0x00, 0x88, 0x00, 0x05, 0x00, 0x18, 0x00, // ................
	0x00, 0x00, 0x5a, 0x09, 0x00, 0x00, 0x58, 0x09, 0x00, 0x00, 0x1a, 0x06, 0x00, 0x00, 0xb8, 0x00, // ..Z...X.........
	0x05, 0x00, 0x27, 0x00, 0x00, 0x00, 0x63, 0x09, 0x00, 0x00, 0x5a, 0x09, 0x00, 0x00, 0x64, 0x03, // ..'...c...Z...d.
	0x00, 0x00, 0x9a, 0x00, 0x04, 0x00, 0x20, 0x00, 0x00, 0x00, 0x3d, 0x09, 0x00, 0x00, 0x63, 0x09, // ...... ...=...c.
	0x00, 0x00, 0xba, 0x00, 0x05, 0x00, 0x27, 0x00, 0x00, 0x00, 0x6c, 0x09, 0x00, 0x00, 0x5a, 0x09, // ......'...l...Z.
	0x00, 0x00, 0xb7, 0x0b, 0x00, 0x00, 0x9a, 0x00, 0x04, 0x00, 0x20, 0x00, 0x00, 0x00, 0x41, 0x09, // .......... ...A.
	0x00, 0x00, 0x6c, 0x09, 0x00, 0x00, 0xa6, 0x00, 0x05, 0x00, 0x20, 0x00, 0x00, 0x00, 0x42, 0x09, // ..l....... ...B.
	0x00, 0x00, 0x3d, 0x09, 0x00, 0x00, 0x41, 0x09, 0x00, 0x00, 0xf7, 0x00, 0x03, 0x00, 0x44, 0x09, // ..=...A.......D.
	0x00, 0x00, 0x00, 0x00, 0x00, 0x00, 0xfa, 0x00, 0x04, 0x00, 0x42, 0x09, 0x00, 0x00, 0x43, 0x09, // ..........B...C.
	0x00, 0x00, 0x44, 0x09, 0x00, 0x00, 0xf8, 0x00, 0x02, 0x00, 0x43, 0x09, 0x00, 0x00, 0xf9, 0x00, // ..D.......C.....
	0x02, 0x00, 0x49, 0x09, 0x00, 0x00, 0xf8, 0x00, 0x02, 0x00, 0x44, 0x09, 0x00, 0x00, 0x56, 0x00, // ..I.......D...V.
	0x05, 0x00, 0x9b, 0x00, 0x00, 0x00, 0x73, 0x09, 0x00, 0x00, 0x84, 0x00, 0x00, 0x00, 0x81, 0x00, // ......s.........
	0x00, 0x00, 0x58, 0x00, 0x07, 0x00, 0x0e, 0x00, 0x00, 0x00, 0x76, 0x09, 0x00, 0x00, 0x73, 0x09, // ..X.......v...s.
	0x00, 0x00, 0x5a, 0x09, 0x00, 0x00, 0x02, 0x00, 0x00, 0x00, 0xe6, 0x00, 0x00, 0x00, 0x51, 0x00, // ..Z...........Q.
	0x05, 0x00, 0x07, 0x00, 0x00, 0x00, 0x48, 0x09, 0x00, 0x00, 0x76, 0x09, 0x00, 0x00, 0x00, 0x00, // ......H...v.....
	0x00, 0x00, 0xf9, 0x00, 0x02, 0x00, 0x49, 0x09, 0x00, 0x00, 0xf8, 0x00, 0x02, 0x00, 0x49, 0x09, // ......I.......I.
	0x00, 0x00, 0xf5, 0x00, 0x07, 0x00, 0x07, 0x00, 0x00, 0x00, 0x00, 0x0c, 0x00, 0x00, 0xe6, 0x00, // ................
	0x00, 0x00, 0x43, 0x09, 0x00, 0x00, 0x48, 0x09, 0x00, 0x00, 0x44, 0x09, 0x00, 0x00, 0x83, 0x00, // ..C...H...D.....
	0x05, 0x00, 0x18, 0x00, 0x00, 0x00, 0xe8, 0x07, 0x00, 0x00, 0xe2, 0x0b, 0x00, 0x00, 0xe2, 0x07, // ................
	0x00, 0x00, 0xf7, 0x00, 0x03, 0x00, 0x98, 0x09, 0x00, 0x00, 0x00, 0x00, 0x00, 0x00, 0xfb, 0x00, // ................
	0x03, 0x00, 0x00, 0x01, 0x00, 0x00, 0x86, 0x09, 0x00, 0x00, 0xf8, 0x00, 0x02, 0x00, 0x86, 0x09, // ................
	0x00, 0x00, 0x83, 0x00, 0x05, 0x00, 0x18, 0x00, 0x00, 0x00, 0xa7, 0x09, 0x00, 0x00, 0xe8, 0x07, // ................
	0x00, 0x00, 0x1e, 0x06, 0x00, 0x00, 0x88, 0x00, 0x05, 0x00, 0x18, 0x00, 0x00, 0x00, 0xa9, 0x09, // ................
	0x00, 0x00, 0xa7, 0x09, 0x00, 0x00, 0x1a, 0x06, 0x00, 0x00, 0xb8, 0x00, 0x05, 0x00, 0x27, 0x00, // ..............'.
	0x00, 0x00, 0xb2, 0x09, 0x00, 0x00, 0xa9, 0x09, 0x00, 0x00, 0x64, 0x03, 0x00, 0x00, 0x9a, 0x00, // ..........d.....
	0x04, 0x00, 0x20, 0x00, 0x00, 0x00, 0x8c, 0x09, 0x00, 0x00, 0xb2, 0x09, 0x00, 0x00, 0xba, 0x00, // .. .............
	0x05, 0x00, 0x27, 0x00, 0x00, 0x00, 0xbb, 0x09, 0x00, 0x00, 0xa9, 0x09, 0x00, 0x00, 0xb7, 0x0b, // ..'.............
	0x00, 0x00, 0x9a, 0x00, 0x04, 0x00, 0x20, 0x00, 0x00, 0x00, 0x90, 0x09, 0x00, 0x00, 0xbb, 0x09, // ...... .........
	0x00, 0x00, 0xa6, 0x00, 0x05, 0x00, 0x20, 0x00, 0x00, 0x00, 0x91, 0x09, 0x00, 0x00, 0x8c, 0x09, // ...... .........
	0x00, 0x00, 0x90, 0x09, 0x00, 0x00, 0xf7, 0x00, 0x03, 0x00, 0x93, 0x09, 0x00, 0x00, 0x00, 0x00, // ................
	0x00, 0x00, 0xfa, 0x00, 0x04, 0x00, 0x91, 0x09, 0x00, 0x00, 0x92, 0x09, 0x00, 0x00, 0x93, 0x09, // ................
	0x00, 0x00, 0xf8, 0x00, 0x02, 0x00, 0x92, 0x09, 0x00, 0x00, 0xf9, 0x00, 0x02, 0x00, 0x98, 0x09, // ................
	0x00, 0x00, 0xf8, 0x00, 0x02, 0x00, 0x93, 0x09, 0x00, 0x00, 0x56, 0x00, 0x05, 0x00, 0x9b, 0x00, // ..........V.....
	0x00, 0x00, 0xc2, 0x09, 0x00, 0x00, 0x84, 0x00, 0x00, 0x00, 0x81, 0x00, 0x00, 0x00, 0x58, 0x00, // ..............X.
	0x07, 0x00, 0x0e, 0x00, 0x00, 0x00, 0xc5, 0x09, 0x00, 0x00, 0xc2, 0x09, 0x00, 0x00, 0xa9, 0x09, // ................
	0x00, 0x00, 0x02, 0x00, 0x00, 0x00, 0xe6, 0x00, 0x00, 0x00, 0x51, 0x00, 0x05, 0x00, 0x07, 0x00, // ..........Q.....
	0x00, 0x00, 0x97, 0x09, 0x00, 0x00, 0xc5, 0x09, 0x00, 0x00, 0x00, 0x00, 0x00, 0x00, 0xf9, 0x00, // ................
	0x02, 0x00, 0x98, 0x09, 0x00, 0x00, 0xf8, 0x00, 0x02, 0x00, 0x98, 0x09, 0x00, 0x00, 0xf5, 0x00, // ................
	0x07, 0x00, 0x07, 0x00, 0x00, 0x00, 0x01, 0x0c, 0x00, 0x00, 0xe6, 0x00, 0x00, 0x00, 0x92, 0x09, // ................
	0x00, 0x00, 0x97, 0x09, 0x00, 0x00, 0x93, 0x09, 0x00, 0x00, 0x83, 0x00, 0x05, 0x00, 0x07, 0x00, // ................
	0x00, 0x00, 0xea, 0x07, 0x00, 0x00, 0x00, 0x0c, 0x00, 0x00, 0x01, 0x0c, 0x00, 0x00, 0x50, 0x00, // ..............P.
	0x06, 0x00, 0x18, 0x00, 0x00, 0x00, 0xeb, 0x07, 0x00, 0x00, 0xd4, 0x07, 0x00, 0x00, 0xdf, 0x07, // ................
	0x00, 0x00, 0xea, 0x07, 0x00, 0x00, 0x0c, 0x00, 0x06, 0x00, 0x07, 0x00, 0x00, 0x00, 0x4f, 0x05, // ..............O.
	0x00, 0x00, 0x01, 0x00, 0x00, 0x00, 0x42, 0x00, 0x00, 0x00, 0xeb, 0x07, 0x00, 0x00, 0xba, 0x00, // ......B.........
	0x05, 0x00, 0x20, 0x00, 0x00, 0x00, 0x50, 0x05, 0x00, 0x00, 0x4f, 0x05, 0x00, 0x00, 0xa2, 0x03, // .. ...P...O.....
	0x00, 0x00, 0x0c, 0x00, 0x06, 0x00, 0x18, 0x00, 0x00, 0x00, 0x52, 0x05, 0x00, 0x00, 0x01, 0x00, // ..........R.....
	0x00, 0x00, 0x45, 0x00, 0x00, 0x00, 0xeb, 0x07, 0x00, 0x00, 0x50, 0x00, 0x06, 0x00, 0x27, 0x00, // ..E.......P...'.
	0x00, 0x00, 0x53, 0x05, 0x00, 0x00, 0x50, 0x05, 0x00, 0x00, 0x50, 0x05, 0x00, 0x00, 0x50, 0x05, // ..S...P...P...P.
	0x00, 0x00, 0xa9, 0x00, 0x06, 0x00, 0x18, 0x00, 0x00, 0x00, 0x54, 0x05, 0x00, 0x00, 0x53, 0x05, // ..........T...S.
	0x00, 0x00, 0x52, 0x05, 0x00, 0x00, 0xa6, 0x03, 0x00, 0x00, 0x51, 0x00, 0x05, 0x00, 0x07, 0x00, // ..R.......Q.....
	0x00, 0x00, 0x56, 0x05, 0x00, 0x00, 0x54, 0x05, 0x00, 0x00, 0x00, 0x00, 0x00, 0x00, 0x51, 0x00, // ..V...T.......Q.
	0x05, 0x00, 0x07, 0x00, 0x00, 0x00, 0x57, 0x05, 0x00, 0x00, 0x54, 0x05, 0x00, 0x00, 0x01, 0x00, // ......W...T.....
	0x00, 0x00, 0x51, 0x00, 0x05, 0x00, 0x07, 0x00, 0x00, 0x00, 0x58, 0x05, 0x00, 0x00, 0x54, 0x05, // ..Q.......X...T.
	0x00, 0x00, 0x02, 0x00, 0x00, 0x00, 0x50, 0x00, 0x07, 0x00, 0x0e, 0x00, 0x00, 0x00, 0x59, 0x05, // ......P.......Y.
	0x00, 0x00, 0x56, 0x05, 0x00, 0x00, 0x57, 0x05, 0x00, 0x00, 0x58, 0x05, 0x00, 0x00, 0xe6, 0x00, // ..V...W...X.....
	0x00, 0x00, 0x41, 0x00, 0x05, 0x00, 0x0f, 0x02, 0x00, 0x00, 0x5a, 0x05, 0x00, 0x00, 0xcc, 0x00, // ..A.......Z.....
	0x00, 0x00, 0x85, 0x03, 0x00, 0x00, 0x3d, 0x00, 0x04, 0x00, 0xc9, 0x00, 0x00, 0x00, 0x5b, 0x05, // ......=.......[.
	0x00, 0x00, 0x5a, 0x05, 0x00, 0x00, 0x90, 0x00, 0x05, 0x00, 0x0e, 0x00, 0x00, 0x00, 0x5c, 0x05, // ..Z.............
	0x00, 0x00, 0x59, 0x05, 0x00, 0x00, 0x5b, 0x05, 0x00, 0x00, 0x4f, 0x00, 0x08, 0x00, 0x18, 0x00, // ..Y...[...O.....
	0x00, 0x00, 0x5d, 0x05, 0x00, 0x00, 0x5c, 0x05, 0x00, 0x00, 0x5c, 0x05, 0x00, 0x00, 0x00, 0x00, // ..].............
	0x00, 0x00, 0x01, 0x00, 0x00, 0x00, 0x02, 0x00, 0x00, 0x00, 0x0c, 0x00, 0x06, 0x00, 0x18, 0x00, // ................
	0x00, 0x00, 0x5e, 0x05, 0x00, 0x00, 0x01, 0x00, 0x00, 0x00, 0x45, 0x00, 0x00, 0x00, 0x5d, 0x05, // ..^.......E...].
	0x00, 0x00, 0x51, 0x00, 0x05, 0x00, 0x07, 0x00, 0x00, 0x00, 0x60, 0x05, 0x00, 0x00, 0xc3, 0x0b, // ..Q.......`.....
	0x00, 0x00, 0x00, 0x00, 0x00, 0x00, 0x51, 0x00, 0x05, 0x00, 0x07, 0x00, 0x00, 0x00, 0x61, 0x05, // ......Q.......a.
	0x00, 0x00, 0xc3, 0x0b, 0x00, 0x00, 0x01, 0x00, 0x00, 0x00, 0x51, 0x00, 0x05, 0x00, 0x07, 0x00, // ..........Q.....
	0x00, 0x00, 0x62, 0x05, 0x00, 0x00, 0xc3, 0x0b, 0x00, 0x00, 0x02, 0x00, 0x00, 0x00, 0x50, 0x00, // ..b...........P.
	0x07, 0x00, 0x0e, 0x00, 0x00, 0x00, 0x63, 0x05, 0x00, 0x00, 0x60, 0x05, 0x00, 0x00, 0x61, 0x05, // ......c...`...a.
	0x00, 0x00, 0x62, 0x05, 0x00, 0x00, 0xe6, 0x00, 0x00, 0x00, 0x90, 0x00, 0x05, 0x00, 0x0e, 0x00, // ..b.............
	0x00, 0x00, 0x66, 0x05, 0x00, 0x00, 0x63, 0x05, 0x00, 0x00, 0x5b, 0x05, 0x00, 0x00, 0x4f, 0x00, // ..f...c...[...O.
	0x08, 0x00, 0x18, 0x00, 0x00, 0x00, 0x67, 0x05, 0x00, 0x00, 0x66, 0x05, 0x00, 0x00, 0x66, 0x05, // ......g...f...f.
	0x00, 0x00, 0x00, 0x00, 0x00, 0x00, 0x01, 0x00, 0x00, 0x00, 0x02, 0x00, 0x00, 0x00, 0x0c, 0x00, // ................
	0x06, 0x00, 0x18, 0x00, 0x00, 0x00, 0x68, 0x05, 0x00, 0x00, 0x01, 0x00, 0x00, 0x00, 0x45, 0x00, // ......h.......E.
	0x00, 0x00, 0x67, 0x05, 0x00, 0x00, 0x94, 0x00, 0x05, 0x00, 0x07, 0x00, 0x00, 0x00, 0x6b, 0x05, // ..g...........k.
	0x00, 0x00, 0x5e, 0x05, 0x00, 0x00, 0x68, 0x05, 0x00, 0x00, 0xba, 0x00, 0x05, 0x00, 0x20, 0x00, // ..^...h....... .
	0x00, 0x00, 0x6c, 0x05, 0x00, 0x00, 0x6b, 0x05, 0x00, 0x00, 0xe6, 0x00, 0x00, 0x00, 0x7f, 0x00, // ..l...k.........
	0x04, 0x00, 0x18, 0x00, 0x00, 0x00, 0x6e, 0x05, 0x00, 0x00, 0x5e, 0x05, 0x00, 0x00, 0x50, 0x00, // ......n...^...P.
	0x06, 0x00, 0x27, 0x00, 0x00, 0x00, 0x70, 0x05, 0x00, 0x00, 0x6c, 0x05, 0x00, 0x00, 0x6c, 0x05, // ..'...p...l...l.
	0x00, 0x00, 0x6c, 0x05, 0x00, 0x00, 0xa9, 0x00, 0x06, 0x00, 0x18, 0x00, 0x00, 0x00, 0x71, 0x05, // ..l...........q.
	0x00, 0x00, 0x70, 0x05, 0x00, 0x00, 0x6e, 0x05, 0x00, 0x00, 0x5e, 0x05, 0x00, 0x00, 0x0c, 0x00, // ..p...n...^.....
	0x08, 0x00, 0x18, 0x00, 0x00, 0x00, 0x75, 0x05, 0x00, 0x00, 0x01, 0x00, 0x00, 0x00, 0x48, 0x00, // ......u.......H.
	0x00, 0x00, 0x68, 0x05, 0x00, 0x00, 0x71, 0x05, 0x00, 0x00, 0xc5, 0x04, 0x00, 0x00, 0x94, 0x00, // ..h...q.........
	0x05, 0x00, 0x07, 0x00, 0x00, 0x00, 0x78, 0x05, 0x00, 0x00, 0x75, 0x05, 0x00, 0x00, 0x75, 0x05, // ......x...u...u.
	0x00, 0x00, 0xba, 0x00, 0x05, 0x00, 0x20, 0x00, 0x00, 0x00, 0x79, 0x05, 0x00, 0x00, 0x78, 0x05, // ...... ...y...x.
	0x00, 0x00, 0x4c, 0x03, 0x00, 0x00, 0xf7, 0x00, 0x03, 0x00, 0x86, 0x05, 0x00, 0x00, 0x00, 0x00, // ..L.............
	0x00, 0x00, 0xfa, 0x00, 0x04, 0x00, 0x79, 0x05, 0x00, 0x00, 0x7a, 0x05, 0x00, 0x00, 0x86, 0x05, // ......y...z.....
	0x00, 0x00, 0xf8, 0x00, 0x02, 0x00, 0x7a, 0x05, 0x00, 0x00, 0x51, 0x00, 0x05, 0x00, 0x07, 0x00, // ......z...Q.....
	0x00, 0x00, 0x7c, 0x05, 0x00, 0x00, 0xe2, 0x0b, 0x00, 0x00, 0x00, 0x00, 0x00, 0x00, 0x51, 0x00, // ..|...........Q.
	0x05, 0x00, 0x07, 0x00, 0x00, 0x00, 0x7d, 0x05, 0x00, 0x00, 0xe2, 0x0b, 0x00, 0x00, 0x01, 0x00, // ......}.........
	0x00, 0x00, 0x51, 0x00, 0x05, 0x00, 0x07, 0x00, 0x00, 0x00, 0x7e, 0x05, 0x00, 0x00, 0xe2, 0x0b, // ..Q.......~.....
	0x00, 0x00, 0x02, 0x00, 0x00, 0x00, 0x50, 0x00, 0x07, 0x00, 0x0e, 0x00, 0x00, 0x00, 0x7f, 0x05, // ......P.........
	0x00, 0x00, 0x7c, 0x05, 0x00, 0x00, 0x7d, 0x05, 0x00, 0x00, 0x7e, 0x05, 0x00, 0x00, 0xee, 0x00, // ..|...}...~.....
	0x00, 0x00, 0x90, 0x00, 0x05, 0x00, 0x0e, 0x00, 0x00, 0x00, 0x82, 0x05, 0x00, 0x00, 0x7f, 0x05, // ................
	0x00, 0x00, 0x5b, 0x05, 0x00, 0x00, 0x4f, 0x00, 0x08, 0x00, 0x18, 0x00, 0x00, 0x00, 0x83, 0x05, // ..[...O.........
	0x00, 0x00, 0x82, 0x05, 0x00, 0x00, 0x82, 0x05, 0x00, 0x00, 0x00, 0x00, 0x00, 0x00, 0x01, 0x00, // ................
	0x00, 0x00, 0x02, 0x00, 0x00, 0x00, 0x0c, 0x00, 0x06, 0x00, 0x18, 0x00, 0x00, 0x00, 0x85, 0x05, // ................
	0x00, 0x00, 0x01, 0x00, 0x00, 0x00, 0x45, 0x00, 0x00, 0x00, 0x75, 0x05, 0x00, 0x00, 0xf9, 0x00, // ......E...u.....
	0x02, 0x00, 0x9d, 0x05, 0x00, 0x00, 0xf8, 0x00, 0x02, 0x00, 0x86, 0x05, 0x00, 0x00, 0x94, 0x00, // ................
	0x05, 0x00, 0x07, 0x00, 0x00, 0x00, 0x89, 0x05, 0x00, 0x00, 0x54, 0x05, 0x00, 0x00, 0xc3, 0x0b, // ..........T.....
	0x00, 0x00, 0xba, 0x00, 0x05, 0x00, 0x20, 0x00, 0x00, 0x00, 0x8a, 0x05, 0x00, 0x00, 0x89, 0x05, // ...... .........
	0x00, 0x00, 0xe6, 0x00, 0x00, 0x00, 0x7f, 0x00, 0x04, 0x00, 0x18, 0x00, 0x00, 0x00, 0x8c, 0x05, // ................
	0x00, 0x00, 0x54, 0x05, 0x00, 0x00, 0x50, 0x00, 0x06, 0x00, 0x27, 0x00, 0x00, 0x00, 0x8e, 0x05, // ..T...P...'.....
	0x00, 0x00, 0x8a, 0x05, 0x00, 0x00, 0x8a, 0x05, 0x00, 0x00, 0x8a, 0x05, 0x00, 0x00, 0xa9, 0x00, // ................
	0x06, 0x00, 0x18, 0x00, 0x00, 0x00, 0x8f, 0x05, 0x00, 0x00, 0x8e, 0x05, 0x00, 0x00, 0x8c, 0x05, // ................
	0x00, 0x00, 0x54, 0x05, 0x00, 0x00, 0x0c, 0x00, 0x07, 0x00, 0x18, 0x00, 0x00, 0x00, 0x92, 0x05, // ..T.............
	0x00, 0x00, 0x01, 0x00, 0x00, 0x00, 0x47, 0x00, 0x00, 0x00, 0xc3, 0x0b, 0x00, 0x00, 0x8f, 0x05, // ......G.........
	0x00, 0x00, 0x85, 0x00, 0x05, 0x00, 0x07, 0x00, 0x00, 0x00, 0x97, 0x05, 0x00, 0x00, 0xe7, 0x04, // ................
	0x00, 0x00, 0xf1, 0x03, 0x00, 0x00, 0x8e, 0x00, 0x05, 0x00, 0x18, 0x00, 0x00, 0x00, 0x98, 0x05, // ................
	0x00, 0x00, 0x92, 0x05, 0x00, 0x00, 0x97, 0x05, 0x00, 0x00, 0x81, 0x00, 0x05, 0x00, 0x18, 0x00, // ................
	0x00, 0x00, 0x99, 0x05, 0x00, 0x00, 0xe2, 0x0b, 0x00, 0x00, 0x98, 0x05, 0x00, 0x00, 0xf9, 0x00, // ................
	0x02, 0x00, 0x9a, 0x05, 0x00, 0x00, 0xf8, 0x00, 0x02, 0x00, 0x9a, 0x05, 0x00, 0x00, 0x80, 0x00, // ................
	0x05, 0x00, 0x86, 0x00, 0x00, 0x00, 0x9c, 0x05, 0x00, 0x00, 0xc0, 0x0b, 0x00, 0x00, 0x87, 0x00, // ................
	0x00, 0x00, 0xf9, 0x00, 0x02, 0x00, 0x23, 0x05, 0x00, 0x00, 0xf8, 0x00, 0x02, 0x00, 0x9d, 0x05, // ......#.........
	0x00, 0x00, 0xf5, 0x00, 0x09, 0x00, 0x07, 0x00, 0x00, 0x00, 0x65, 0x0c, 0x00, 0x00, 0xf7, 0x0b, // ..........e.....
	0x00, 0x00, 0x23, 0x05, 0x00, 0x00, 0xf7, 0x0b, 0x00, 0x00, 0x31, 0x05, 0x00, 0x00, 0x4b, 0x05, // ..#.......1...K.
	0x00, 0x00, 0x7a, 0x05, 0x00, 0x00, 0xf5, 0x00, 0x09, 0x00, 0x18, 0x00, 0x00, 0x00, 0x2e, 0x0c, // ..z.............
	0x00, 0x00, 0x64, 0x03, 0x00, 0x00, 0x23, 0x05, 0x00, 0x00, 0x44, 0x05, 0x00, 0x00, 0x31, 0x05, // ..d...#...D...1.
	0x00, 0x00, 0x85, 0x05, 0x00, 0x00, 0x7a, 0x05, 0x00, 0x00, 0xf5, 0x00, 0x09, 0x00, 0x18, 0x00, // ......z.........
	0x00, 0x00, 0x1e, 0x0c, 0x00, 0x00, 0x64, 0x03, 0x00, 0x00, 0x23, 0x05, 0x00, 0x00, 0x3a, 0x05, // ......d...#...:.
	0x00, 0x00, 0x31, 0x05, 0x00, 0x00, 0x83, 0x05, 0x00, 0x00, 0x7a, 0x05, 0x00, 0x00, 0xf7, 0x00, // ..1.......z.....
	0x03, 0x00, 0xcd, 0x0a, 0x00, 0x00, 0x00, 0x00, 0x00, 0x00, 0xfb, 0x00, 0x03, 0x00, 0x00, 0x01, // ................
	0x00, 0x00, 0xf8, 0x09, 0x00, 0x00, 0xf8, 0x00, 0x02, 0x00, 0xf8, 0x09, 0x00, 0x00, 0x41, 0x00, // ..............A.
	0x06, 0x00, 0xd5, 0x00, 0x00, 0x00, 0xf9, 0x09, 0x00, 0x00, 0xcc, 0x00, 0x00, 0x00, 0xde, 0x01, // ................
	0x00, 0x00, 0xd4, 0x00, 0x00, 0x00, 0x3d, 0x00, 0x04, 0x00, 0x07, 0x00, 0x00, 0x00, 0xfa, 0x09, // ......=.........
	0x00, 0x00, 0xf9, 0x09, 0x00, 0x00, 0x41, 0x00, 0x06, 0x00, 0xd5, 0x00, 0x00, 0x00, 0xfb, 0x09, // ......A.........
	0x00, 0x00, 0xcc, 0x00, 0x00, 0x00, 0xe2, 0x01, 0x00, 0x00, 0xe3, 0x01, 0x00, 0x00, 0x3d, 0x00, // ..............=.
	0x04, 0x00, 0x07, 0x00, 0x00, 0x00, 0xfc, 0x09, 0x00, 0x00, 0xfb, 0x09, 0x00, 0x00, 0x41, 0x00, // ..............A.
	0x06, 0x00, 0xd5, 0x00, 0x00, 0x00, 0xfd, 0x09, 0x00, 0x00, 0xcc, 0x00, 0x00, 0x00, 0xe7, 0x01, // ................
	0x00, 0x00, 0xd4, 0x00, 0x00, 0x00, 0x3d, 0x00, 0x04, 0x00, 0x07, 0x00, 0x00, 0x00, 0xfe, 0x09, // ......=.........
	0x00, 0x00, 0xfd, 0x09, 0x00, 0x00, 0x85, 0x00, 0x05, 0x00, 0x07, 0x00, 0x00, 0x00, 0x00, 0x0a, // ................
	0x00, 0x00, 0xfe, 0x09, 0x00, 0x00, 0xb8, 0x0b, 0x00, 0x00, 0x41, 0x00, 0x06, 0x00, 0xd5, 0x00, // ..........A.....
	0x00, 0x00, 0x01, 0x0a, 0x00, 0x00, 0xcc, 0x00, 0x00, 0x00, 0xe2, 0x01, 0x00, 0x00, 0xd4, 0x00, // ................
	0x00, 0x00, 0x3d, 0x00, 0x04, 0x00, 0x07, 0x00, 0x00, 0x00, 0x02, 0x0a, 0x00, 0x00, 0x01, 0x0a, // ..=.............
	0x00, 0x00, 0xba, 0x00, 0x05, 0x00, 0x20, 0x00, 0x00, 0x00, 0x03, 0x0a, 0x00, 0x00, 0x02, 0x0a, // ...... .........
	0x00, 0x00, 0x8b, 0x01, 0x00, 0x00, 0xf9, 0x00, 0x02, 0x00, 0x04, 0x0a, 0x00, 0x00, 0xf8, 0x00, // ................
	0x02, 0x00, 0x04, 0x0a, 0x00, 0x00, 0xf5, 0x00, 0x07, 0x00, 0x07, 0x00, 0x00, 0x00, 0x43, 0x0c, // ..............C.
	0x00, 0x00, 0xf4, 0x01, 0x00, 0x00, 0xf8, 0x09, 0x00, 0x00, 0x0c, 0x0a, 0x00, 0x00, 0xc5, 0x0a, // ................
	0x00, 0x00, 0xf5, 0x00, 0x07, 0x00, 0x86, 0x00, 0x00, 0x00, 0x3e, 0x0c, 0x00, 0x00, 0x87, 0x00, // ..........>.....
	0x00, 0x00, 0xf8, 0x09, 0x00, 0x00, 0xc7, 0x0a, 0x00, 0x00, 0xc5, 0x0a, 0x00, 0x00, 0xb3, 0x00, // ................
	0x05, 0x00, 0x20, 0x00, 0x00, 0x00, 0x07, 0x0a, 0x00, 0x00, 0x3e, 0x0c, 0x00, 0x00, 0xfc, 0x01, // .. .......>.....
	0x00, 0x00, 0xf6, 0x00, 0x04, 0x00, 0xc8, 0x0a, 0x00, 0x00, 0xc5, 0x0a, 0x00, 0x00, 0x00, 0x00, // ................
	0x00, 0x00, 0xfa, 0x00, 0x04, 0x00, 0x07, 0x0a, 0x00, 0x00, 0x08, 0x0a, 0x00, 0x00, 0xc8, 0x0a, // ................
	0x00, 0x00, 0xf8, 0x00, 0x02, 0x00, 0x08, 0x0a, 0x00, 0x00, 0x6f, 0x00, 0x04, 0x00, 0x07, 0x00, // ..........o.....
	0x00, 0x00, 0x0b, 0x0a, 0x00, 0x00, 0x3e, 0x0c, 0x00, 0x00, 0x85, 0x00, 0x05, 0x00, 0x07, 0x00, // ......>.........
	0x00, 0x00, 0x0c, 0x0a, 0x00, 0x00, 0x00, 0x0a, 0x00, 0x00, 0x0b, 0x0a, 0x00, 0x00, 0x8e, 0x00, // ................
	0x05, 0x00, 0x18, 0x00, 0x00, 0x00, 0x10, 0x0a, 0x00, 0x00, 0x2e, 0x0c, 0x00, 0x00, 0x0c, 0x0a, // ................
	0x00, 0x00, 0x81, 0x00, 0x05, 0x00, 0x18, 0x00, 0x00, 0x00, 0x11, 0x0a, 0x00, 0x00, 0x1e, 0x0c, // ................
	0x00, 0x00, 0x10, 0x0a, 0x00, 0x00, 0x51, 0x00, 0x05, 0x00, 0x07, 0x00, 0x00, 0x00, 0x13, 0x0a, // ......Q.........
	0x00, 0x00, 0x11, 0x0a, 0x00, 0x00, 0x00, 0x00, 0x00, 0x00, 0x51, 0x00, 0x05, 0x00, 0x07, 0x00, // ..........Q.....
	0x00, 0x00, 0x14, 0x0a, 0x00, 0x00, 0x11, 0x0a, 0x00, 0x00, 0x01, 0x00, 0x00, 0x00, 0x51, 0x00, // ..............Q.
	0x05, 0x00, 0x07, 0x00, 0x00, 0x00, 0x15, 0x0a, 0x00, 0x00, 0x11, 0x0a, 0x00, 0x00, 0x02, 0x00, // ................
	0x00, 0x00, 0x50, 0x00, 0x07, 0x00, 0x0e, 0x00, 0x00, 0x00, 0x16, 0x0a, 0x00, 0x00, 0x13, 0x0a, // ..P.............
	0x00, 0x00, 0x14, 0x0a, 0x00, 0x00, 0x15, 0x0a, 0x00, 0x00, 0xee, 0x00, 0x00, 0x00, 0x41, 0x00, // ..............A.
	0x05, 0x00, 0x0f, 0x02, 0x00, 0x00, 0x17, 0x0a, 0x00, 0x00, 0xcc, 0x00, 0x00, 0x00, 0x87, 0x00, // ................
	0x00, 0x00, 0x3d, 0x00, 0x04, 0x00, 0xc9, 0x00, 0x00, 0x00, 0x18, 0x0a, 0x00, 0x00, 0x17, 0x0a, // ..=.............
	0x00, 0x00, 0x90, 0x00, 0x05, 0x00, 0x0e, 0x00, 0x00, 0x00, 0x19, 0x0a, 0x00, 0x00, 0x16, 0x0a, // ................
	0x00, 0x00, 0x18, 0x0a, 0x00, 0x00, 0x51, 0x00, 0x05, 0x00, 0x07, 0x00, 0x00, 0x00, 0x1b, 0x0a, // ......Q.........
	0x00, 0x00, 0x19, 0x0a, 0x00, 0x00, 0x03, 0x00, 0x00, 0x00, 0xbc, 0x00, 0x05, 0x00, 0x20, 0x00, // .............. .
	0x00, 0x00, 0x1c, 0x0a, 0x00, 0x00, 0x1b, 0x0a, 0x00, 0x00, 0xe6, 0x00, 0x00, 0x00, 0xf7, 0x00, // ................
	0x03, 0x00, 0x1f, 0x0a, 0x00, 0x00, 0x00, 0x00, 0x00, 0x00, 0xfa, 0x00, 0x04, 0x00, 0x1c, 0x0a, // ................
	0x00, 0x00, 0x1d, 0x0a, 0x00, 0x00, 0x1f, 0x0a, 0x00, 0x00, 0xf8, 0x00, 0x02, 0x00, 0x1d, 0x0a, // ................
	0x00, 0x00, 0xf9, 0x00, 0x02, 0x00, 0xc5, 0x0a, 0x00, 0x00, 0xf8, 0x00, 0x02, 0x00, 0x1f, 0x0a, // ................
	0x00, 0x00, 0x4f, 0x00, 0x08, 0x00, 0x18, 0x00, 0x00, 0x00, 0x21, 0x0a, 0x00, 0x00, 0x19, 0x0a, // ..O.......!.....
	0x00, 0x00, 0x19, 0x0a, 0x00, 0x00, 0x00, 0x00, 0x00, 0x00, 0x01, 0x00, 0x00, 0x00, 0x02, 0x00, // ................
	0x00, 0x00, 0x50, 0x00, 0x06, 0x00, 0x18, 0x00, 0x00, 0x00, 0x24, 0x0a, 0x00, 0x00, 0x1b, 0x0a, // ..P.......$.....
	0x00, 0x00, 0x1b, 0x0a, 0x00, 0x00, 0x1b, 0x0a, 0x00, 0x00, 0x88, 0x00, 0x05, 0x00, 0x18, 0x00, // ................
	0x00, 0x00, 0x25, 0x0a, 0x00, 0x00, 0x21, 0x0a, 0x00, 0x00, 0x24, 0x0a, 0x00, 0x00, 0x4f, 0x00, // ..%...!...$...O.
	0x07, 0x00, 0x0b, 0x00, 0x00, 0x00, 0x27, 0x0a, 0x00, 0x00, 0x25, 0x0a, 0x00, 0x00, 0x25, 0x0a, // ......'...%...%.
	0x00, 0x00, 0x00, 0x00, 0x00, 0x00, 0x01, 0x00, 0x00, 0x00, 0x8e, 0x00, 0x05, 0x00, 0x0b, 0x00, // ................
	0x00, 0x00, 0x28, 0x0a, 0x00, 0x00, 0x27, 0x0a, 0x00, 0x00, 0x8b, 0x01, 0x00, 0x00, 0x81, 0x00, // ..(...'.........
	0x05, 0x00, 0x0b, 0x00, 0x00, 0x00, 0x2a, 0x0a, 0x00, 0x00, 0x28, 0x0a, 0x00, 0x00, 0xb9, 0x0b, // ......*...(.....
	0x00, 0x00, 0xf7, 0x00, 0x03, 0x00, 0x31, 0x0a, 0x00, 0x00, 0x00, 0x00, 0x00, 0x00, 0xfa, 0x00, // ......1.........
	0x04, 0x00, 0x03, 0x0a, 0x00, 0x00, 0x2c, 0x0a, 0x00, 0x00, 0x31, 0x0a, 0x00, 0x00, 0xf8, 0x00, // ......,...1.....
	0x02, 0x00, 0x2c, 0x0a, 0x00, 0x00, 0x51, 0x00, 0x05, 0x00, 0x07, 0x00, 0x00, 0x00, 0x2e, 0x0a, // ..,...Q.........
	0x00, 0x00, 0x2a, 0x0a, 0x00, 0x00, 0x01, 0x00, 0x00, 0x00, 0x83, 0x00, 0x05, 0x00, 0x07, 0x00, // ..*.............
	0x00, 0x00, 0x2f, 0x0a, 0x00, 0x00, 0xee, 0x00, 0x00, 0x00, 0x2e, 0x0a, 0x00, 0x00, 0x52, 0x00, // ../...........R.
	0x06, 0x00, 0x0b, 0x00, 0x00, 0x00, 0xaa, 0x0b, 0x00, 0x00, 0x2f, 0x0a, 0x00, 0x00, 0x2a, 0x0a, // ........../...*.
	0x00, 0x00, 0x01, 0x00, 0x00, 0x00, 0xf9, 0x00, 0x02, 0x00, 0x31, 0x0a, 0x00, 0x00, 0xf8, 0x00, // ..........1.....
	0x02, 0x00, 0x31, 0x0a, 0x00, 0x00, 0xf5, 0x00, 0x07, 0x00, 0x0b, 0x00, 0x00, 0x00, 0x3f, 0x0c, // ..1...........?.
	0x00, 0x00, 0x2a, 0x0a, 0x00, 0x00, 0x1f, 0x0a, 0x00, 0x00, 0xaa, 0x0b, 0x00, 0x00, 0x2c, 0x0a, // ..*...........,.
	0x00, 0x00, 0xb8, 0x00, 0x05, 0x00, 0x21, 0x00, 0x00, 0x00, 0xd8, 0x0a, 0x00, 0x00, 0x3f, 0x0c, // ......!.......?.
	0x00, 0x00, 0xba, 0x0b, 0x00, 0x00, 0x9a, 0x00, 0x04, 0x00, 0x20, 0x00, 0x00, 0x00, 0x35, 0x0a, // .......... ...5.
	0x00, 0x00, 0xd8, 0x0a, 0x00, 0x00, 0xba, 0x00, 0x05, 0x00, 0x21, 0x00, 0x00, 0x00, 0xe1, 0x0a, // ..........!.....
	0x00, 0x00, 0x3f, 0x0c, 0x00, 0x00, 0xbb, 0x0b, 0x00, 0x00, 0x9a, 0x00, 0x04, 0x00, 0x20, 0x00, // ..?........... .
	0x00, 0x00, 0x39, 0x0a, 0x00, 0x00, 0xe1, 0x0a, 0x00, 0x00, 0xa6, 0x00, 0x05, 0x00, 0x20, 0x00, // ..9........... .
	0x00, 0x00, 0x3a, 0x0a, 0x00, 0x00, 0x35, 0x0a, 0x00, 0x00, 0x39, 0x0a, 0x00, 0x00, 0xf7, 0x00, // ..:...5...9.....
	0x03, 0x00, 0x3d, 0x0a, 0x00, 0x00, 0x00, 0x00, 0x00, 0x00, 0xfa, 0x00, 0x04, 0x00, 0x3a, 0x0a, // ..=...........:.
	0x00, 0x00, 0x3b, 0x0a, 0x00, 0x00, 0x3d, 0x0a, 0x00, 0x00, 0xf8, 0x00, 0x02, 0x00, 0x3b, 0x0a, // ..;...=.......;.
	0x00, 0x00, 0xf9, 0x00, 0x02, 0x00, 0xc5, 0x0a, 0x00, 0x00, 0xf8, 0x00, 0x02, 0x00, 0x3d, 0x0a, // ..............=.
	0x00, 0x00, 0x56, 0x00, 0x05, 0x00, 0x8f, 0x00, 0x00, 0x00, 0xe8, 0x0a, 0x00, 0x00, 0x7c, 0x00, // ..V...........|.
	0x00, 0x00, 0x7a, 0x00, 0x00, 0x00, 0x58, 0x00, 0x07, 0x00, 0x0e, 0x00, 0x00, 0x00, 0xeb, 0x0a, // ..z...X.........
	0x00, 0x00, 0xe8, 0x0a, 0x00, 0x00, 0x3f, 0x0c, 0x00, 0x00, 0x02, 0x00, 0x00, 0x00, 0xe6, 0x00, // ......?.........
	0x00, 0x00, 0x51, 0x00, 0x05, 0x00, 0x07, 0x00, 0x00, 0x00, 0x41, 0x0a, 0x00, 0x00, 0xeb, 0x0a, // ..Q.......A.....
	0x00, 0x00, 0x00, 0x00, 0x00, 0x00, 0x85, 0x00, 0x05, 0x00, 0x07, 0x00, 0x00, 0x00, 0xf0, 0x0a, // ................
	0x00, 0x00, 0xfa, 0x09, 0x00, 0x00, 0xfc, 0x09, 0x00, 0x00, 0x83, 0x00, 0x05, 0x00, 0x07, 0x00, // ................
	0x00, 0x00, 0xf5, 0x0a, 0x00, 0x00, 0xfc, 0x09, 0x00, 0x00, 0xfa, 0x09, 0x00, 0x00, 0x85, 0x00, // ................
	0x05, 0x00, 0x07, 0x00, 0x00, 0x00, 0xf6, 0x0a, 0x00, 0x00, 0x41, 0x0a, 0x00, 0x00, 0xf5, 0x0a, // ..........A.....
	0x00, 0x00, 0x83, 0x00, 0x05, 0x00, 0x07, 0x00, 0x00, 0x00, 0xf7, 0x0a, 0x00, 0x00, 0xfc, 0x09, // ................
	0x00, 0x00, 0xf6, 0x0a, 0x00, 0x00, 0x88, 0x00, 0x05, 0x00, 0x07, 0x00, 0x00, 0x00, 0xf8, 0x0a, // ................
	0x00, 0x00, 0xf0, 0x0a, 0x00, 0x00, 0xf7, 0x0a, 0x00, 0x00, 0x41, 0x00, 0x05, 0x00, 0x0f, 0x02, // ..........A.....
	0x00, 0x00, 0x4a, 0x0a, 0x00, 0x00, 0xcc, 0x00, 0x00, 0x00, 0x8b, 0x00, 0x00, 0x00, 0x3d, 0x00, // ..J...........=.
	0x04, 0x00, 0xc9, 0x00, 0x00, 0x00, 0x4b, 0x0a, 0x00, 0x00, 0x4a, 0x0a, 0x00, 0x00, 0x90, 0x00, // ......K...J.....
	0x05, 0x00, 0x0e, 0x00, 0x00, 0x00, 0x4c, 0x0a, 0x00, 0x00, 0x16, 0x0a, 0x00, 0x00, 0x4b, 0x0a, // ......L.......K.
	0x00, 0x00, 0x51, 0x00, 0x05, 0x00, 0x07, 0x00, 0x00, 0x00, 0x4d, 0x0a, 0x00, 0x00, 0x4c, 0x0a, // ..Q.......M...L.
	0x00, 0x00, 0x02, 0x00, 0x00, 0x00, 0x85, 0x00, 0x05, 0x00, 0x07, 0x00, 0x00, 0x00, 0x51, 0x0a, // ..............Q.
	0x00, 0x00, 0xf4, 0x01, 0x00, 0x00, 0x0c, 0x0a, 0x00, 0x00, 0x81, 0x00, 0x05, 0x00, 0x07, 0x00, // ................
	0x00, 0x00, 0x52, 0x0a, 0x00, 0x00, 0xf8, 0x0a, 0x00, 0x00, 0x51, 0x0a, 0x00, 0x00, 0xbc, 0x00, // ..R.......Q.....
	0x05, 0x00, 0x20, 0x00, 0x00, 0x00, 0x53, 0x0a, 0x00, 0x00, 0x4d, 0x0a, 0x00, 0x00, 0x52, 0x0a, // .. ...S...M...R.
	0x00, 0x00, 0xba, 0x00, 0x05, 0x00, 0x20, 0x00, 0x00, 0x00, 0x55, 0x0a, 0x00, 0x00, 0x4d, 0x0a, // ...... ...U...M.
	0x00, 0x00, 0xe6, 0x00, 0x00, 0x00, 0xa7, 0x00, 0x05, 0x00, 0x20, 0x00, 0x00, 0x00, 0x56, 0x0a, // .......... ...V.
	0x00, 0x00, 0x53, 0x0a, 0x00, 0x00, 0x55, 0x0a, 0x00, 0x00, 0xf7, 0x00, 0x03, 0x00, 0xc3, 0x0a, // ..S...U.........
	0x00, 0x00, 0x00, 0x00, 0x00, 0x00, 0xfa, 0x00, 0x04, 0x00, 0x56, 0x0a, 0x00, 0x00, 0x57, 0x0a, // ..........V...W.
	0x00, 0x00, 0xc3, 0x0a, 0x00, 0x00, 0xf8, 0x00, 0x02, 0x00, 0x57, 0x0a, 0x00, 0x00, 0xf9, 0x00, // ..........W.....
	0x02, 0x00, 0x59, 0x0a, 0x00, 0x00, 0xf8, 0x00, 0x02, 0x00, 0x59, 0x0a, 0x00, 0x00, 0xf5, 0x00, // ..Y.......Y.....
	0x07, 0x00, 0x07, 0x00, 0x00, 0x00, 0x44, 0x0c, 0x00, 0x00, 0x0c, 0x0a, 0x00, 0x00, 0x57, 0x0a, // ......D.......W.
	0x00, 0x00, 0xbc, 0x0c, 0x00, 0x00, 0x9e, 0x0a, 0x00, 0x00, 0xf5, 0x00, 0x07, 0x00, 0x07, 0x00, // ................
	0x00, 0x00, 0x41, 0x0c, 0x00, 0x00, 0x43, 0x0c, 0x00, 0x00, 0x57, 0x0a, 0x00, 0x00, 0xbd, 0x0c, // ..A...C...W.....
	0x00, 0x00, 0x9e, 0x0a, 0x00, 0x00, 0xf5, 0x00, 0x07, 0x00, 0x86, 0x00, 0x00, 0x00, 0x40, 0x0c, // ..............@.
	0x00, 0x00, 0x8b, 0x00, 0x00, 0x00, 0x57, 0x0a, 0x00, 0x00, 0xa0, 0x0a, 0x00, 0x00, 0x9e, 0x0a, // ......W.........
	0x00, 0x00, 0xb1, 0x00, 0x05, 0x00, 0x20, 0x00, 0x00, 0x00, 0x5c, 0x0a, 0x00, 0x00, 0x40, 0x0c, // ...... .......@.
	0x00, 0x00, 0xca, 0x01, 0x00, 0x00, 0xf6, 0x00, 0x04, 0x00, 0xa1, 0x0a, 0x00, 0x00, 0x9e, 0x0a, // ................
	0x00, 0x00, 0x00, 0x00, 0x00, 0x00, 0xfa, 0x00, 0x04, 0x00, 0x5c, 0x0a, 0x00, 0x00, 0x5d, 0x0a, // ..............].
	0x00, 0x00, 0xa1, 0x0a, 0x00, 0x00, 0xf8, 0x00, 0x02, 0x00, 0x5d, 0x0a, 0x00, 0x00, 0x81, 0x00, // ..........].....
	0x05, 0x00, 0x07, 0x00, 0x00, 0x00, 0x60, 0x0a, 0x00, 0x00, 0x41, 0x0c, 0x00, 0x00, 0x44, 0x0c, // ......`...A...D.
	0x00, 0x00, 0x85, 0x00, 0x05, 0x00, 0x07, 0x00, 0x00, 0x00, 0x61, 0x0a, 0x00, 0x00, 0x60, 0x0a, // ..........a...`.
	0x00, 0x00, 0x8b, 0x01, 0x00, 0x00, 0x8e, 0x00, 0x05, 0x00, 0x18, 0x00, 0x00, 0x00, 0x65, 0x0a, // ..............e.
	0x00, 0x00, 0x2e, 0x0c, 0x00, 0x00, 0x61, 0x0a, 0x00, 0x00, 0x81, 0x00, 0x05, 0x00, 0x18, 0x00, // ......a.........
	0x00, 0x00, 0x66, 0x0a, 0x00, 0x00, 0x1e, 0x0c, 0x00, 0x00, 0x65, 0x0a, 0x00, 0x00, 0x51, 0x00, // ..f.......e...Q.
	0x05, 0x00, 0x07, 0x00, 0x00, 0x00, 0x68, 0x0a, 0x00, 0x00, 0x66, 0x0a, 0x00, 0x00, 0x00, 0x00, // ......h...f.....
	0x00, 0x00, 0x51, 0x00, 0x05, 0x00, 0x07, 0x00, 0x00, 0x00, 0x69, 0x0a, 0x00, 0x00, 0x66, 0x0a, // ..Q.......i...f.
	0x00, 0x00, 0x01, 0x00, 0x00, 0x00, 0x51, 0x00, 0x05, 0x00, 0x07, 0x00, 0x00, 0x00, 0x6a, 0x0a, // ......Q.......j.
	0x00, 0x00, 0x66, 0x0a, 0x00, 0x00, 0x02, 0x00, 0x00, 0x00, 0x50, 0x00, 0x07, 0x00, 0x0e, 0x00, // ..f.......P.....
	0x00, 0x00, 0x6b, 0x0a, 0x00, 0x00, 0x68, 0x0a, 0x00, 0x00, 0x69, 0x0a, 0x00, 0x00, 0x6a, 0x0a, // ..k...h...i...j.
	0x00, 0x00, 0xee, 0x00, 0x00, 0x00, 0x90, 0x00, 0x05, 0x00, 0x0e, 0x00, 0x00, 0x00, 0x6e, 0x0a, // ..............n.
	0x00, 0x00, 0x6b, 0x0a, 0x00, 0x00, 0x18, 0x0a, 0x00, 0x00, 0x51, 0x00, 0x05, 0x00, 0x07, 0x00, // ..k.......Q.....
	0x00, 0x00, 0x70, 0x0a, 0x00, 0x00, 0x6e, 0x0a, 0x00, 0x00, 0x03, 0x00, 0x00, 0x00, 0xbc, 0x00, // ..p...n.........
	0x05, 0x00, 0x20, 0x00, 0x00, 0x00, 0x71, 0x0a, 0x00, 0x00, 0x70, 0x0a, 0x00, 0x00, 0xe6, 0x00, // .. ...q...p.....
	0x00, 0x00, 0xf7, 0x00, 0x03, 0x00, 0x73, 0x0a, 0x00, 0x00, 0x00, 0x00, 0x00, 0x00, 0xfa, 0x00, // ......s.........
	0x04, 0x00, 0x71, 0x0a, 0x00, 0x00, 0x72, 0x0a, 0x00, 0x00, 0x73, 0x0a, 0x00, 0x00, 0xf8, 0x00, // ..q...r...s.....
	0x02, 0x00, 0x72, 0x0a, 0x00, 0x00, 0xf9, 0x00, 0x02, 0x00, 0xa1, 0x0a, 0x00, 0x00, 0xf8, 0x00, // ..r.............
	0x02, 0x00, 0x73, 0x0a, 0x00, 0x00, 0x4f, 0x00, 0x07, 0x00, 0x0b, 0x00, 0x00, 0x00, 0x75, 0x0a, // ..s...O.......u.
	0x00, 0x00, 0x6e, 0x0a, 0x00, 0x00, 0x6e, 0x0a, 0x00, 0x00, 0x00, 0x00, 0x00, 0x00, 0x01, 0x00, // ..n...n.........
	0x00, 0x00, 0x50, 0x00, 0x05, 0x00, 0x0b, 0x00, 0x00, 0x00, 0x78, 0x0a, 0x00, 0x00, 0x70, 0x0a, // ..P.......x...p.
	0x00, 0x00, 0x70, 0x0a, 0x00, 0x00, 0x88, 0x00, 0x05, 0x00, 0x0b, 0x00, 0x00, 0x00, 0x79, 0x0a, // ..p...........y.
	0x00, 0x00, 0x75, 0x0a, 0x00, 0x00, 0x78, 0x0a, 0x00, 0x00, 0x8e, 0x00, 0x05, 0x00, 0x0b, 0x00, // ..u...x.........
	0x00, 0x00, 0x7a, 0x0a, 0x00, 0x00, 0x79, 0x0a, 0x00, 0x00, 0x8b, 0x01, 0x00, 0x00, 0x81, 0x00, // ..z...y.........
	0x05, 0x00, 0x0b, 0x00, 0x00, 0x00, 0x7c, 0x0a, 0x00, 0x00, 0x7a, 0x0a, 0x00, 0x00, 0xb9, 0x0b, // ......|...z.....
	0x00, 0x00, 0xf7, 0x00, 0x03, 0x00, 0x83, 0x0a, 0x00, 0x00, 0x00, 0x00, 0x00, 0x00, 0xfa, 0x00, // ................
	0x04, 0x00, 0x03, 0x0a, 0x00, 0x00, 0x7e, 0x0a, 0x00, 0x00, 0x83, 0x0a, 0x00, 0x00, 0xf8, 0x00, // ......~.........
	0x02, 0x00, 0x7e, 0x0a, 0x00, 0x00, 0x51, 0x00, 0x05, 0x00, 0x07, 0x00, 0x00, 0x00, 0x80, 0x0a, // ..~...Q.........
	0x00, 0x00, 0x7c, 0x0a, 0x00, 0x00, 0x01, 0x00, 0x00, 0x00, 0x83, 0x00, 0x05, 0x00, 0x07, 0x00, // ..|.............
	0x00, 0x00, 0x81, 0x0a, 0x00, 0x00, 0xee, 0x00, 0x00, 0x00, 0x80, 0x0a, 0x00, 0x00, 0x52, 0x00, // ..............R.
	0x06, 0x00, 0x0b, 0x00, 0x00, 0x00, 0xaf, 0x0b, 0x00, 0x00, 0x81, 0x0a, 0x00, 0x00, 0x7c, 0x0a, // ..............|.
	0x00, 0x00, 0x01, 0x00, 0x00, 0x00, 0xf9, 0x00, 0x02, 0x00, 0x83, 0x0a, 0x00, 0x00, 0xf8, 0x00, // ................
	0x02, 0x00, 0x83, 0x0a, 0x00, 0x00, 0xf5, 0x00, 0x07, 0x00, 0x0b, 0x00, 0x00, 0x00, 0x45, 0x0c, // ..............E.
	0x00, 0x00, 0x7c, 0x0a, 0x00, 0x00, 0x73, 0x0a, 0x00, 0x00, 0xaf, 0x0b, 0x00, 0x00, 0x7e, 0x0a, // ..|...s.......~.
	0x00, 0x00, 0x56, 0x00, 0x05, 0x00, 0x8f, 0x00, 0x00, 0x00, 0xff, 0x0a, 0x00, 0x00, 0x7c, 0x00, // ..V...........|.
	0x00, 0x00, 0x7a, 0x00, 0x00, 0x00, 0x58, 0x00, 0x07, 0x00, 0x0e, 0x00, 0x00, 0x00, 0x02, 0x0b, // ..z...X.........
	0x00, 0x00, 0xff, 0x0a, 0x00, 0x00, 0x45, 0x0c, 0x00, 0x00, 0x02, 0x00, 0x00, 0x00, 0xe6, 0x00, // ......E.........
	0x00, 0x00, 0x51, 0x00, 0x05, 0x00, 0x07, 0x00, 0x00, 0x00, 0x87, 0x0a, 0x00, 0x00, 0x02, 0x0b, // ..Q.............
	0x00, 0x00, 0x00, 0x00, 0x00, 0x00, 0x85, 0x00, 0x05, 0x00, 0x07, 0x00, 0x00, 0x00, 0x0d, 0x0b, // ................
	0x00, 0x00, 0x87, 0x0a, 0x00, 0x00, 0xf5, 0x0a, 0x00, 0x00, 0x83, 0x00, 0x05, 0x00, 0x07, 0x00, // ................
	0x00, 0x00, 0x0e, 0x0b, 0x00, 0x00, 0xfc, 0x09, 0x00, 0x00, 0x0d, 0x0b, 0x00, 0x00, 0x88, 0x00, // ................
	0x05, 0x00, 0x07, 0x00, 0x00, 0x00, 0x0f, 0x0b, 0x00, 0x00, 0xf0, 0x0a, 0x00, 0x00, 0x0e, 0x0b, // ................
	0x00, 0x00, 0x90, 0x00, 0x05, 0x00, 0x0e, 0x00, 0x00, 0x00, 0x92, 0x0a, 0x00, 0x00, 0x6b, 0x0a, // ..............k.
	0x00, 0x00, 0x4b, 0x0a, 0x00, 0x00, 0x51, 0x00, 0x05, 0x00, 0x07, 0x00, 0x00, 0x00, 0x93, 0x0a, // ..K...Q.........
	0x00, 0x00, 0x92, 0x0a, 0x00, 0x00, 0x02, 0x00, 0x00, 0x00, 0x85, 0x00, 0x05, 0x00, 0x07, 0x00, // ................
	0x00, 0x00, 0x96, 0x0a, 0x00, 0x00, 0x60, 0x0a, 0x00, 0x00, 0xbc, 0x0b, 0x00, 0x00, 0x81, 0x00, // ......`.........
	0x05, 0x00, 0x07, 0x00, 0x00, 0x00, 0x97, 0x0a, 0x00, 0x00, 0x0f, 0x0b, 0x00, 0x00, 0x96, 0x0a, // ................
	0x00, 0x00, 0xbc, 0x00, 0x05, 0x00, 0x20, 0x00, 0x00, 0x00, 0x98, 0x0a, 0x00, 0x00, 0x93, 0x0a, // ...... .........
	0x00, 0x00, 0x97, 0x0a, 0x00, 0x00, 0xa9, 0x00, 0x06, 0x00, 0x07, 0x00, 0x00, 0x00, 0xbc, 0x0c, // ................
	0x00, 0x00, 0x98, 0x0a, 0x00, 0x00, 0x61, 0x0a, 0x00, 0x00, 0x44, 0x0c, 0x00, 0x00, 0xa9, 0x00, // ......a...D.....
	0x06, 0x00, 0x07, 0x00, 0x00, 0x00, 0xbd, 0x0c, 0x00, 0x00, 0x98, 0x0a, 0x00, 0x00, 0x41, 0x0c, // ..............A.
	0x00, 0x00, 0x61, 0x0a, 0x00, 0x00, 0xf9, 0x00, 0x02, 0x00, 0x9e, 0x0a, 0x00, 0x00, 0xf8, 0x00, // ..a.............
	0x02, 0x00, 0x9e, 0x0a, 0x00, 0x00, 0x80, 0x00, 0x05, 0x00, 0x86, 0x00, 0x00, 0x00, 0xa0, 0x0a, // ................
	0x00, 0x00, 0x40, 0x0c, 0x00, 0x00, 0x87, 0x00, 0x00, 0x00, 0xf9, 0x00, 0x02, 0x00, 0x59, 0x0a, // ..@...........Y.
	0x00, 0x00, 0xf8, 0x00, 0x02, 0x00, 0xa1, 0x0a, 0x00, 0x00, 0x8e, 0x00, 0x05, 0x00, 0x18, 0x00, // ................
	0x00, 0x00, 0xa5, 0x0a, 0x00, 0x00, 0x2e, 0x0c, 0x00, 0x00, 0x44, 0x0c, 0x00, 0x00, 0x81, 0x00, // ..........D.....
	0x05, 0x00, 0x18, 0x00, 0x00, 0x00, 0xa6, 0x0a, 0x00, 0x00, 0x1e, 0x0c, 0x00, 0x00, 0xa5, 0x0a, // ................
	0x00, 0x00, 0x51, 0x00, 0x05, 0x00, 0x07, 0x00, 0x00, 0x00, 0xa8, 0x0a, 0x00, 0x00, 0xa6, 0x0a, // ..Q.............
	0x00, 0x00, 0x00, 0x00, 0x00, 0x00, 0x51, 0x00, 0x05, 0x00, 0x07, 0x00, 0x00, 0x00, 0xa9, 0x0a, // ......Q.........
	0x00, 0x00, 0xa6, 0x0a, 0x00, 0x00, 0x01, 0x00, 0x00, 0x00, 0x51, 0x00, 0x05, 0x00, 0x07, 0x00, // ..........Q.....
	0x00, 0x00, 0xaa, 0x0a, 0x00, 0x00, 0xa6, 0x0a, 0x00, 0x00, 0x02, 0x00, 0x00, 0x00, 0x50, 0x00, // ..............P.
	0x07, 0x00, 0x0e, 0x00, 0x00, 0x00, 0xab, 0x0a, 0x00, 0x00, 0xa8, 0x0a, 0x00, 0x00, 0xa9, 0x0a, // ................
	0x00, 0x00, 0xaa, 0x0a, 0x00, 0x00, 0xee, 0x00, 0x00, 0x00, 0x90, 0x00, 0x05, 0x00, 0x0e, 0x00, // ................
	0x00, 0x00, 0xae, 0x0a, 0x00, 0x00, 0xab, 0x0a, 0x00, 0x00, 0x18, 0x0a, 0x00, 0x00, 0x4f, 0x00, // ..............O.
	0x07, 0x00, 0x0b, 0x00, 0x00, 0x00, 0xb0, 0x0a, 0x00, 0x00, 0xae, 0x0a, 0x00, 0x00, 0xae, 0x0a, // ................
	0x00, 0x00, 0x00, 0x00, 0x00, 0x00, 0x01, 0x00, 0x00, 0x00, 0x51, 0x00, 0x05, 0x00, 0x07, 0x00, // ..........Q.....
	0x00, 0x00, 0xb2, 0x0a, 0x00, 0x00, 0xae, 0x0a, 0x00, 0x00, 0x03, 0x00, 0x00, 0x00, 0x50, 0x00, // ..............P.
	0x05, 0x00, 0x0b, 0x00, 0x00, 0x00, 0xb3, 0x0a, 0x00, 0x00, 0xb2, 0x0a, 0x00, 0x00, 0xb2, 0x0a, // ................
	0x00, 0x00, 0x88, 0x00, 0x05, 0x00, 0x0b, 0x00, 0x00, 0x00, 0xb4, 0x0a, 0x00, 0x00, 0xb0, 0x0a, // ................
	0x00, 0x00, 0xb3, 0x0a, 0x00, 0x00, 0x8e, 0x00, 0x05, 0x00, 0x0b, 0x00, 0x00, 0x00, 0xb5, 0x0a, // ................
	0x00, 0x00, 0xb4, 0x0a, 0x00, 0x00, 0x8b, 0x01, 0x00, 0x00, 0x81, 0x00, 0x05, 0x00, 0x0b, 0x00, // ................
	0x00, 0x00, 0xb7, 0x0a, 0x00, 0x00, 0xb5, 0x0a, 0x00, 0x00, 0xb9, 0x0b, 0x00, 0x00, 0xf7, 0x00, // ................
	0x03, 0x00, 0xbe, 0x0a, 0x00, 0x00, 0x00, 0x00, 0x00, 0x00, 0xfa, 0x00, 0x04, 0x00, 0x03, 0x0a, // ................
	0x00, 0x00, 0xb9, 0x0a, 0x00, 0x00, 0xbe, 0x0a, 0x00, 0x00, 0xf8, 0x00, 0x02, 0x00, 0xb9, 0x0a, // ................
	0x00, 0x00, 0x51, 0x00, 0x05, 0x00, 0x07, 0x00, 0x00, 0x00, 0xbb, 0x0a, 0x00, 0x00, 0xb7, 0x0a, // ..Q.............
	0x00, 0x00, 0x01, 0x00, 0x00, 0x00, 0x83, 0x00, 0x05, 0x00, 0x07, 0x00, 0x00, 0x00, 0xbc, 0x0a, // ................
	0x00, 0x00, 0xee, 0x00, 0x00, 0x00, 0xbb, 0x0a, 0x00, 0x00, 0x52, 0x00, 0x06, 0x00, 0x0b, 0x00, // ..........R.....
	0x00, 0x00, 0xb3, 0x0b, 0x00, 0x00, 0xbc, 0x0a, 0x00, 0x00, 0xb7, 0x0a, 0x00, 0x00, 0x01, 0x00, // ................
	0x00, 0x00, 0xf9, 0x00, 0x02, 0x00, 0xbe, 0x0a, 0x00, 0x00, 0xf8, 0x00, 0x02, 0x00, 0xbe, 0x0a, // ................
	0x00, 0x00, 0xf5, 0x00, 0x07, 0x00, 0x0b, 0x00, 0x00, 0x00, 0x49, 0x0c, 0x00, 0x00, 0xb7, 0x0a, // ..........I.....
	0x00, 0x00, 0xa1, 0x0a, 0x00, 0x00, 0xb3, 0x0b, 0x00, 0x00, 0xb9, 0x0a, 0x00, 0x00, 0x56, 0x00, // ..............V.
	0x05, 0x00, 0x8f, 0x00, 0x00, 0x00, 0x16, 0x0b, 0x00, 0x00, 0x76, 0x00, 0x00, 0x00, 0x73, 0x00, // ..........v...s.
	0x00, 0x00, 0x58, 0x00, 0x07, 0x00, 0x0e, 0x00, 0x00, 0x00, 0x19, 0x0b, 0x00, 0x00, 0x16, 0x0b, // ..X.............
	0x00, 0x00, 0x49, 0x0c, 0x00, 0x00, 0x02, 0x00, 0x00, 0x00, 0xe6, 0x00, 0x00, 0x00, 0x4f, 0x00, // ..I...........O.
	0x08, 0x00, 0x18, 0x00, 0x00, 0x00, 0xc2, 0x0a, 0x00, 0x00, 0x19, 0x0b, 0x00, 0x00, 0x19, 0x0b, // ................
	0x00, 0x00, 0x00, 0x00, 0x00, 0x00, 0x01, 0x00, 0x00, 0x00, 0x02, 0x00, 0x00, 0x00, 0xf9, 0x00, // ................
	0x02, 0x00, 0xc8, 0x0a, 0x00, 0x00, 0xf8, 0x00, 0x02, 0x00, 0xc3, 0x0a, 0x00, 0x00, 0xf9, 0x00, // ................
	0x02, 0x00, 0xc5, 0x0a, 0x00, 0x00, 0xf8, 0x00, 0x02, 0x00, 0xc5, 0x0a, 0x00, 0x00, 0x80, 0x00, // ................
	0x05, 0x00, 0x86, 0x00, 0x00, 0x00, 0xc7, 0x0a, 0x00, 0x00, 0x3e, 0x0c, 0x00, 0x00, 0x87, 0x00, // ..........>.....
	0x00, 0x00, 0xf9, 0x00, 0x02, 0x00, 0x04, 0x0a, 0x00, 0x00, 0xf8, 0x00, 0x02, 0x00, 0xc8, 0x0a, // ................
	0x00, 0x00, 0xf5, 0x00, 0x07, 0x00, 0x18, 0x00, 0x00, 0x00, 0x4d, 0x0c, 0x00, 0x00, 0xe8, 0x0b, // ..........M.....
	0x00, 0x00, 0x04, 0x0a, 0x00, 0x00, 0xc2, 0x0a, 0x00, 0x00, 0xbe, 0x0a, 0x00, 0x00, 0xf5, 0x00, // ................
	0x07, 0x00, 0x20, 0x00, 0x00, 0x00, 0x4a, 0x0c, 0x00, 0x00, 0x6b, 0x01, 0x00, 0x00, 0x04, 0x0a, // .. ...J...k.....
	0x00, 0x00, 0x9d, 0x01, 0x00, 0x00, 0xbe, 0x0a, 0x00, 0x00, 0xf7, 0x00, 0x03, 0x00, 0xca, 0x0a, // ................
	0x00, 0x00, 0x00, 0x00, 0x00, 0x00, 0xfa, 0x00, 0x04, 0x00, 0x4a, 0x0c, 0x00, 0x00, 0xcd, 0x0a, // ..........J.....
	0x00, 0x00, 0xca, 0x0a, 0x00, 0x00, 0xf8, 0x00, 0x02, 0x00, 0xca, 0x0a, 0x00, 0x00, 0x51, 0x00, // ..............Q.
	0x05, 0x00, 0x07, 0x00, 0x00, 0x00, 0x22, 0x0b, 0x00, 0x00, 0x2e, 0x0c, 0x00, 0x00, 0x01, 0x00, // ......".........
	0x00, 0x00, 0x85, 0x00, 0x05, 0x00, 0x07, 0x00, 0x00, 0x00, 0x23, 0x0b, 0x00, 0x00, 0x22, 0x0b, // ..........#...".
	0x00, 0x00, 0xb8, 0x01, 0x00, 0x00, 0x81, 0x00, 0x05, 0x00, 0x07, 0x00, 0x00, 0x00, 0x24, 0x0b, // ..............$.
	0x00, 0x00, 0x23, 0x0b, 0x00, 0x00, 0xba, 0x01, 0x00, 0x00, 0x0c, 0x00, 0x08, 0x00, 0x07, 0x00, // ..#.............
	0x00, 0x00, 0x25, 0x0b, 0x00, 0x00, 0x01, 0x00, 0x00, 0x00, 0x2b, 0x00, 0x00, 0x00, 0x24, 0x0b, // ..%.......+...$.
	0x00, 0x00, 0xe6, 0x00, 0x00, 0x00, 0xee, 0x00, 0x00, 0x00, 0x50, 0x00, 0x06, 0x00, 0x18, 0x00, // ..........P.....
	0x00, 0x00, 0x26, 0x0b, 0x00, 0x00, 0x25, 0x0b, 0x00, 0x00, 0x25, 0x0b, 0x00, 0x00, 0x25, 0x0b, // ..&...%...%...%.
	0x00, 0x00, 0x41, 0x00, 0x05, 0x00, 0xce, 0x00, 0x00, 0x00, 0x27, 0x0b, 0x00, 0x00, 0xcc, 0x00, // ..A.......'.....
	0x00, 0x00, 0xb3, 0x01, 0x00, 0x00, 0x3d, 0x00, 0x04, 0x00, 0x0e, 0x00, 0x00, 0x00, 0x28, 0x0b, // ......=.......(.
	0x00, 0x00, 0x27, 0x0b, 0x00, 0x00, 0x4f, 0x00, 0x08, 0x00, 0x18, 0x00, 0x00, 0x00, 0x29, 0x0b, // ..'...O.......).
	0x00, 0x00, 0x28, 0x0b, 0x00, 0x00, 0x28, 0x0b, 0x00, 0x00, 0x00, 0x00, 0x00, 0x00, 0x01, 0x00, // ..(...(.........
	0x00, 0x00, 0x02, 0x00, 0x00, 0x00, 0x41, 0x00, 0x05, 0x00, 0xce, 0x00, 0x00, 0x00, 0x2a, 0x0b, // ......A.......*.
	0x00, 0x00, 0xcc, 0x00, 0x00, 0x00, 0xb4, 0x01, 0x00, 0x00, 0x3d, 0x00, 0x04, 0x00, 0x0e, 0x00, // ..........=.....
	0x00, 0x00, 0x2b, 0x0b, 0x00, 0x00, 0x2a, 0x0b, 0x00, 0x00, 0x4f, 0x00, 0x08, 0x00, 0x18, 0x00, // ..+...*...O.....
	0x00, 0x00, 0x2c, 0x0b, 0x00, 0x00, 0x2b, 0x0b, 0x00, 0x00, 0x2b, 0x0b, 0x00, 0x00, 0x00, 0x00, // ..,...+...+.....
	0x00, 0x00, 0x01, 0x00, 0x00, 0x00, 0x02, 0x00, 0x00, 0x00, 0x0c, 0x00, 0x08, 0x00, 0x18, 0x00, // ................
	0x00, 0x00, 0x42, 0x0b, 0x00, 0x00, 0x01, 0x00, 0x00, 0x00, 0x2e, 0x00, 0x00, 0x00, 0x29, 0x0b, // ..B...........).
	0x00, 0x00, 0x2c, 0x0b, 0x00, 0x00, 0x26, 0x0b, 0x00, 0x00, 0x41, 0x00, 0x05, 0x00, 0xce, 0x00, // ..,...&...A.....
	0x00, 0x00, 0x2f, 0x0b, 0x00, 0x00, 0xcc, 0x00, 0x00, 0x00, 0xca, 0x01, 0x00, 0x00, 0x3d, 0x00, // ../...........=.
	0x04, 0x00, 0x0e, 0x00, 0x00, 0x00, 0x30, 0x0b, 0x00, 0x00, 0x2f, 0x0b, 0x00, 0x00, 0x4f, 0x00, // ......0.../...O.
	0x08, 0x00, 0x18, 0x00, 0x00, 0x00, 0x31, 0x0b, 0x00, 0x00, 0x30, 0x0b, 0x00, 0x00, 0x30, 0x0b, // ......1...0...0.
	0x00, 0x00, 0x00, 0x00, 0x00, 0x00, 0x01, 0x00, 0x00, 0x00, 0x02, 0x00, 0x00, 0x00, 0x94, 0x00, // ................
	0x05, 0x00, 0x07, 0x00, 0x00, 0x00, 0x32, 0x0b, 0x00, 0x00, 0x2e, 0x0c, 0x00, 0x00, 0x31, 0x0b, // ......2.......1.
	0x00, 0x00, 0x0c, 0x00, 0x08, 0x00, 0x07, 0x00, 0x00, 0x00, 0x33, 0x0b, 0x00, 0x00, 0x01, 0x00, // ..........3.....
	0x00, 0x00, 0x2b, 0x00, 0x00, 0x00, 0x32, 0x0b, 0x00, 0x00, 0xe6, 0x00, 0x00, 0x00, 0xee, 0x00, // ..+...2.........
	0x00, 0x00, 0x0c, 0x00, 0x07, 0x00, 0x07, 0x00, 0x00, 0x00, 0x34, 0x0b, 0x00, 0x00, 0x01, 0x00, // ..........4.....
	0x00, 0x00, 0x1a, 0x00, 0x00, 0x00, 0x33, 0x0b, 0x00, 0x00, 0xd0, 0x01, 0x00, 0x00, 0x41, 0x00, // ......3.......A.
	0x05, 0x00, 0xce, 0x00, 0x00, 0x00, 0x36, 0x0b, 0x00, 0x00, 0xcc, 0x00, 0x00, 0x00, 0x85, 0x01, // ......6.........
	0x00, 0x00, 0x3d, 0x00, 0x04, 0x00, 0x0e, 0x00, 0x00, 0x00, 0x37, 0x0b, 0x00, 0x00, 0x36, 0x0b, // ..=.......7...6.
	0x00, 0x00, 0x4f, 0x00, 0x08, 0x00, 0x18, 0x00, 0x00, 0x00, 0x38, 0x0b, 0x00, 0x00, 0x37, 0x0b, // ..O.......8...7.
	0x00, 0x00, 0x37, 0x0b, 0x00, 0x00, 0x00, 0x00, 0x00, 0x00, 0x01, 0x00, 0x00, 0x00, 0x02, 0x00, // ..7.............
	0x00, 0x00, 0x8e, 0x00, 0x05, 0x00, 0x18, 0x00, 0x00, 0x00, 0x3a, 0x0b, 0x00, 0x00, 0x38, 0x0b, // ..........:...8.
	0x00, 0x00, 0x34, 0x0b, 0x00, 0x00, 0x8e, 0x00, 0x05, 0x00, 0x18, 0x00, 0x00, 0x00, 0x3b, 0x0b, // ..4...........;.
	0x00, 0x00, 0x3a, 0x0b, 0x00, 0x00, 0xd8, 0x01, 0x00, 0x00, 0x81, 0x00, 0x05, 0x00, 0x18, 0x00, // ..:.............
	0x00, 0x00, 0x3c, 0x0b, 0x00, 0x00, 0x42, 0x0b, 0x00, 0x00, 0x3b, 0x0b, 0x00, 0x00, 0xf9, 0x00, // ..<...B...;.....
	0x02, 0x00, 0xcd, 0x0a, 0x00, 0x00, 0xf8, 0x00, 0x02, 0x00, 0xcd, 0x0a, 0x00, 0x00, 0xf5, 0x00, // ................
	0x07, 0x00, 0x18, 0x00, 0x00, 0x00, 0x4c, 0x0c, 0x00, 0x00, 0x4d, 0x0c, 0x00, 0x00, 0xc8, 0x0a, // ......L...M.....
	0x00, 0x00, 0x3c, 0x0b, 0x00, 0x00, 0xca, 0x0a, 0x00, 0x00, 0x41, 0x00, 0x06, 0x00, 0xd5, 0x00, // ..<.......A.....
	0x00, 0x00, 0xa1, 0x05, 0x00, 0x00, 0xcc, 0x00, 0x00, 0x00, 0xf0, 0x02, 0x00, 0x00, 0xb5, 0x01, // ................
	0x00, 0x00, 0x3d, 0x00, 0x04, 0x00, 0x07, 0x00, 0x00, 0x00, 0xa2, 0x05, 0x00, 0x00, 0xa1, 0x05, // ..=.............
	0x00, 0x00, 0x7f, 0x00, 0x04, 0x00, 0x07, 0x00, 0x00, 0x00, 0xa3, 0x05, 0x00, 0x00, 0xa2, 0x05, // ................
	0x00, 0x00, 0x85, 0x00, 0x05, 0x00, 0x07, 0x00, 0x00, 0x00, 0xa5, 0x05, 0x00, 0x00, 0xa3, 0x05, // ................
	0x00, 0x00, 0x65, 0x0c, 0x00, 0x00, 0x0c, 0x00, 0x06, 0x00, 0x07, 0x00, 0x00, 0x00, 0xa6, 0x05, // ..e.............
	0x00, 0x00, 0x01, 0x00, 0x00, 0x00, 0x1b, 0x00, 0x00, 0x00, 0xa5, 0x05, 0x00, 0x00, 0x41, 0x00, // ..............A.
	0x05, 0x00, 0xce, 0x00, 0x00, 0x00, 0xa7, 0x05, 0x00, 0x00, 0xcc, 0x00, 0x00, 0x00, 0xe7, 0x01, // ................
	0x00, 0x00, 0x3d, 0x00, 0x04, 0x00, 0x0e, 0x00, 0x00, 0x00, 0xa8, 0x05, 0x00, 0x00, 0xa7, 0x05, // ..=.............
	0x00, 0x00, 0x4f, 0x00, 0x08, 0x00, 0x18, 0x00, 0x00, 0x00, 0xa9, 0x05, 0x00, 0x00, 0xa8, 0x05, // ..O.............
	0x00, 0x00, 0xa8, 0x05, 0x00, 0x00, 0x00, 0x00, 0x00, 0x00, 0x01, 0x00, 0x00, 0x00, 0x02, 0x00, // ................
	0x00, 0x00, 0x8e, 0x00, 0x05, 0x00, 0x18, 0x00, 0x00, 0x00, 0xad, 0x05, 0x00, 0x00, 0xa9, 0x05, // ................
	0x00, 0x00, 0xa6, 0x05, 0x00, 0x00, 0x85, 0x00, 0x05, 0x00, 0x18, 0x00, 0x00, 0x00, 0xae, 0x05, // ................
	0x00, 0x00, 0x4c, 0x0c, 0x00, 0x00, 0xad, 0x05, 0x00, 0x00, 0x83, 0x00, 0x05, 0x00, 0x07, 0x00, // ..L.............
	0x00, 0x00, 0xb1, 0x05, 0x00, 0x00, 0xee, 0x00, 0x00, 0x00, 0xa6, 0x05, 0x00, 0x00, 0x8e, 0x00, // ................
	0x05, 0x00, 0x18, 0x00, 0x00, 0x00, 0xb2, 0x05, 0x00, 0x00, 0xa9, 0x05, 0x00, 0x00, 0xb1, 0x05, // ................
	0x00, 0x00, 0x8e, 0x00, 0x05, 0x00, 0x18, 0x00, 0x00, 0x00, 0xb3, 0x05, 0x00, 0x00, 0xb2, 0x05, // ................
	0x00, 0x00, 0x12, 0x04, 0x00, 0x00, 0x41, 0x00, 0x05, 0x00, 0xce, 0x00, 0x00, 0x00, 0xb4, 0x05, // ......A.........
	0x00, 0x00, 0xcc, 0x00, 0x00, 0x00, 0xb4, 0x01, 0x00, 0x00, 0x3d, 0x00, 0x04, 0x00, 0x0e, 0x00, // ..........=.....
	0x00, 0x00, 0xb5, 0x05, 0x00, 0x00, 0xb4, 0x05, 0x00, 0x00, 0x4f, 0x00, 0x08, 0x00, 0x18, 0x00, // ..........O.....
	0x00, 0x00, 0xb6, 0x05, 0x00, 0x00, 0xb5, 0x05, 0x00, 0x00, 0xb5, 0x05, 0x00, 0x00, 0x00, 0x00, // ................
	0x00, 0x00, 0x01, 0x00, 0x00, 0x00, 0x02, 0x00, 0x00, 0x00, 0x41, 0x00, 0x05, 0x00, 0xce, 0x00, // ..........A.....
	0x00, 0x00, 0xb7, 0x05, 0x00, 0x00, 0xcc, 0x00, 0x00, 0x00, 0xb3, 0x01, 0x00, 0x00, 0x3d, 0x00, // ..............=.
	0x04, 0x00, 0x0e, 0x00, 0x00, 0x00, 0xb8, 0x05, 0x00, 0x00, 0xb7, 0x05, 0x00, 0x00, 0x4f, 0x00, // ..............O.
	0x08, 0x00, 0x18, 0x00, 0x00, 0x00, 0xb9, 0x05, 0x00, 0x00, 0xb8, 0x05, 0x00, 0x00, 0xb8, 0x05, // ................
	0x00, 0x00, 0x00, 0x00, 0x00, 0x00, 0x01, 0x00, 0x00, 0x00, 0x02, 0x00, 0x00, 0x00, 0x81, 0x00, // ................
	0x05, 0x00, 0x18, 0x00, 0x00, 0x00, 0xba, 0x05, 0x00, 0x00, 0xb6, 0x05, 0x00, 0x00, 0xb9, 0x05, // ................
	0x00, 0x00, 0x85, 0x00, 0x05, 0x00, 0x18, 0x00, 0x00, 0x00, 0xbb, 0x05, 0x00, 0x00, 0xb3, 0x05, // ................
	0x00, 0x00, 0xba, 0x05, 0x00, 0x00, 0x81, 0x00, 0x05, 0x00, 0x18, 0x00, 0x00, 0x00, 0xbc, 0x05, // ................
	0x00, 0x00, 0xae, 0x05, 0x00, 0x00, 0xbb, 0x05, 0x00, 0x00, 0x94, 0x00, 0x05, 0x00, 0x07, 0x00, // ................
	0x00, 0x00, 0xc0, 0x05, 0x00, 0x00, 0xd0, 0x04, 0x00, 0x00, 0xce, 0x04, 0x00, 0x00, 0xb8, 0x00, // ................
	0x05, 0x00, 0x20, 0x00, 0x00, 0x00, 0xc1, 0x05, 0x00, 0x00, 0xc0, 0x05, 0x00, 0x00, 0xe6, 0x00, // .. .............
	0x00, 0x00, 0x7f, 0x00, 0x04, 0x00, 0x18, 0x00, 0x00, 0x00, 0xc4, 0x05, 0x00, 0x00, 0xd0, 0x04, // ................
	0x00, 0x00, 0x50, 0x00, 0x06, 0x00, 0x27, 0x00, 0x00, 0x00, 0xc5, 0x05, 0x00, 0x00, 0xc1, 0x05, // ..P...'.........
	0x00, 0x00, 0xc1, 0x05, 0x00, 0x00, 0xc1, 0x05, 0x00, 0x00, 0xa9, 0x00, 0x06, 0x00, 0x18, 0x00, // ................
	0x00, 0x00, 0xc6, 0x05, 0x00, 0x00, 0xc5, 0x05, 0x00, 0x00, 0xd0, 0x04, 0x00, 0x00, 0xc4, 0x05, // ................
	0x00, 0x00, 0x0c, 0x00, 0x07, 0x00, 0x18, 0x00, 0x00, 0x00, 0xc7, 0x05, 0x00, 0x00, 0x01, 0x00, // ................
	0x00, 0x00, 0x47, 0x00, 0x00, 0x00, 0xce, 0x04, 0x00, 0x00, 0xc6, 0x05, 0x00, 0x00, 0x51, 0x00, // ..G...........Q.
	0x05, 0x00, 0x07, 0x00, 0x00, 0x00, 0x4b, 0x0b, 0x00, 0x00, 0xc7, 0x05, 0x00, 0x00, 0x01, 0x00, // ......K.........
	0x00, 0x00, 0x85, 0x00, 0x05, 0x00, 0x07, 0x00, 0x00, 0x00, 0x4c, 0x0b, 0x00, 0x00, 0x4b, 0x0b, // ..........L...K.
	0x00, 0x00, 0xb8, 0x01, 0x00, 0x00, 0x81, 0x00, 0x05, 0x00, 0x07, 0x00, 0x00, 0x00, 0x4d, 0x0b, // ..............M.
	0x00, 0x00, 0x4c, 0x0b, 0x00, 0x00, 0xba, 0x01, 0x00, 0x00, 0x0c, 0x00, 0x08, 0x00, 0x07, 0x00, // ..L.............
	0x00, 0x00, 0x4e, 0x0b, 0x00, 0x00, 0x01, 0x00, 0x00, 0x00, 0x2b, 0x00, 0x00, 0x00, 0x4d, 0x0b, // ..N.......+...M.
	0x00, 0x00, 0xe6, 0x00, 0x00, 0x00, 0xee, 0x00, 0x00, 0x00, 0x50, 0x00, 0x06, 0x00, 0x18, 0x00, // ..........P.....
	0x00, 0x00, 0x4f, 0x0b, 0x00, 0x00, 0x4e, 0x0b, 0x00, 0x00, 0x4e, 0x0b, 0x00, 0x00, 0x4e, 0x0b, // ..O...N...N...N.
	0x00, 0x00, 0x0c, 0x00, 0x08, 0x00, 0x18, 0x00, 0x00, 0x00, 0x6b, 0x0b, 0x00, 0x00, 0x01, 0x00, // ..........k.....
	0x00, 0x00, 0x2e, 0x00, 0x00, 0x00, 0xb9, 0x05, 0x00, 0x00, 0xb6, 0x05, 0x00, 0x00, 0x4f, 0x0b, // ..............O.
	0x00, 0x00, 0x41, 0x00, 0x05, 0x00, 0xce, 0x00, 0x00, 0x00, 0x58, 0x0b, 0x00, 0x00, 0xcc, 0x00, // ..A.......X.....
	0x00, 0x00, 0xca, 0x01, 0x00, 0x00, 0x3d, 0x00, 0x04, 0x00, 0x0e, 0x00, 0x00, 0x00, 0x59, 0x0b, // ......=.......Y.
	0x00, 0x00, 0x58, 0x0b, 0x00, 0x00, 0x4f, 0x00, 0x08, 0x00, 0x18, 0x00, 0x00, 0x00, 0x5a, 0x0b, // ..X...O.......Z.
	0x00, 0x00, 0x59, 0x0b, 0x00, 0x00, 0x59, 0x0b, 0x00, 0x00, 0x00, 0x00, 0x00, 0x00, 0x01, 0x00, // ..Y...Y.........
	0x00, 0x00, 0x02, 0x00, 0x00, 0x00, 0x94, 0x00, 0x05, 0x00, 0x07, 0x00, 0x00, 0x00, 0x5b, 0x0b, // ..............[.
	0x00, 0x00, 0xc7, 0x05, 0x00, 0x00, 0x5a, 0x0b, 0x00, 0x00, 0x0c, 0x00, 0x08, 0x00, 0x07, 0x00, // ......Z.........
	0x00, 0x00, 0x5c, 0x0b, 0x00, 0x00, 0x01, 0x00, 0x00, 0x00, 0x2b, 0x00, 0x00, 0x00, 0x5b, 0x0b, // ..........+...[.
	0x00, 0x00, 0xe6, 0x00, 0x00, 0x00, 0xee, 0x00, 0x00, 0x00, 0x0c, 0x00, 0x07, 0x00, 0x07, 0x00, // ................
	0x00, 0x00, 0x5d, 0x0b, 0x00, 0x00, 0x01, 0x00, 0x00, 0x00, 0x1a, 0x00, 0x00, 0x00, 0x5c, 0x0b, // ..].............
	0x00, 0x00, 0xd0, 0x01, 0x00, 0x00, 0x41, 0x00, 0x05, 0x00, 0xce, 0x00, 0x00, 0x00, 0x5f, 0x0b, // ......A......._.
	0x00, 0x00, 0xcc, 0x00, 0x00, 0x00, 0x85, 0x01, 0x00, 0x00, 0x3d, 0x00, 0x04, 0x00, 0x0e, 0x00, // ..........=.....
	0x00, 0x00, 0x60, 0x0b, 0x00, 0x00, 0x5f, 0x0b, 0x00, 0x00, 0x4f, 0x00, 0x08, 0x00, 0x18, 0x00, // ..`..._...O.....
	0x00, 0x00, 0x61, 0x0b, 0x00, 0x00, 0x60, 0x0b, 0x00, 0x00, 0x60, 0x0b, 0x00, 0x00, 0x00, 0x00, // ..a...`...`.....
	0x00, 0x00, 0x01, 0x00, 0x00, 0x00, 0x02, 0x00, 0x00, 0x00, 0x8e, 0x00, 0x05, 0x00, 0x18, 0x00, // ................
	0x00, 0x00, 0x63, 0x0b, 0x00, 0x00, 0x61, 0x0b, 0x00, 0x00, 0x5d, 0x0b, 0x00, 0x00, 0x8e, 0x00, // ..c...a...].....
	0x05, 0x00, 0x18, 0x00, 0x00, 0x00, 0x64, 0x0b, 0x00, 0x00, 0x63, 0x0b, 0x00, 0x00, 0xd8, 0x01, // ......d...c.....
	0x00, 0x00, 0x81, 0x00, 0x05, 0x00, 0x18, 0x00, 0x00, 0x00, 0x65, 0x0b, 0x00, 0x00, 0x6b, 0x0b, // ..........e...k.
	0x00, 0x00, 0x64, 0x0b, 0x00, 0x00, 0x41, 0x00, 0x06, 0x00, 0xd5, 0x00, 0x00, 0x00, 0xca, 0x05, // ..d...A.........
	0x00, 0x00, 0xcc, 0x00, 0x00, 0x00, 0xf0, 0x02, 0x00, 0x00, 0xe3, 0x01, 0x00, 0x00, 0x3d, 0x00, // ..............=.
	0x04, 0x00, 0x07, 0x00, 0x00, 0x00, 0xcb, 0x05, 0x00, 0x00, 0xca, 0x05, 0x00, 0x00, 0x83, 0x00, // ................
	0x05, 0x00, 0x07, 0x00, 0x00, 0x00, 0xcc, 0x05, 0x00, 0x00, 0xee, 0x00, 0x00, 0x00, 0xcb, 0x05, // ................
	0x00, 0x00, 0x85, 0x00, 0x05, 0x00, 0x07, 0x00, 0x00, 0x00, 0xcd, 0x05, 0x00, 0x00, 0x2e, 0x04, // ................
	0x00, 0x00, 0xcc, 0x05, 0x00, 0x00, 0x0c, 0x00, 0x06, 0x00, 0x07, 0x00, 0x00, 0x00, 0xce, 0x05, // ................
	0x00, 0x00, 0x01, 0x00, 0x00, 0x00, 0x1d, 0x00, 0x00, 0x00, 0xcd, 0x05, 0x00, 0x00, 0x81, 0x00, // ................
	0x05, 0x00, 0x07, 0x00, 0x00, 0x00, 0xcf, 0x05, 0x00, 0x00, 0xce, 0x05, 0x00, 0x00, 0xd8, 0x01, // ................
	0x00, 0x00, 0x0c, 0x00, 0x07, 0x00, 0x07, 0x00, 0x00, 0x00, 0xd7, 0x05, 0x00, 0x00, 0x01, 0x00, // ................
	0x00, 0x00, 0x1a, 0x00, 0x00, 0x00, 0x5c, 0x0b, 0x00, 0x00, 0xcf, 0x05, 0x00, 0x00, 0x41, 0x00, // ..............A.
	0x06, 0x00, 0xd5, 0x00, 0x00, 0x00, 0xd8, 0x05, 0x00, 0x00, 0xcc, 0x00, 0x00, 0x00, 0xca, 0x01, // ................
	0x00, 0x00, 0xd4, 0x00, 0x00, 0x00, 0x3d, 0x00, 0x04, 0x00, 0x07, 0x00, 0x00, 0x00, 0xd9, 0x05, // ......=.........
	0x00, 0x00, 0xd8, 0x05, 0x00, 0x00, 0x85, 0x00, 0x05, 0x00, 0x07, 0x00, 0x00, 0x00, 0xda, 0x05, // ................
	0x00, 0x00, 0xd7, 0x05, 0x00, 0x00, 0xd9, 0x05, 0x00, 0x00, 0x50, 0x00, 0x06, 0x00, 0x18, 0x00, // ..........P.....
	0x00, 0x00, 0xdc, 0x05, 0x00, 0x00, 0x77, 0x0c, 0x00, 0x00, 0x77, 0x0c, 0x00, 0x00, 0x77, 0x0c, // ......w...w...w.
	0x00, 0x00, 0x0c, 0x00, 0x08, 0x00, 0x18, 0x00, 0x00, 0x00, 0x71, 0x0b, 0x00, 0x00, 0x01, 0x00, // ..........q.....
	0x00, 0x00, 0x2e, 0x00, 0x00, 0x00, 0xbc, 0x05, 0x00, 0x00, 0x65, 0x0b, 0x00, 0x00, 0xdc, 0x05, // ..........e.....
	0x00, 0x00, 0x8e, 0x00, 0x05, 0x00, 0x18, 0x00, 0x00, 0x00, 0xe4, 0x05, 0x00, 0x00, 0x61, 0x0b, // ..............a.
	0x00, 0x00, 0xda, 0x05, 0x00, 0x00, 0x81, 0x00, 0x05, 0x00, 0x18, 0x00, 0x00, 0x00, 0xe5, 0x05, // ................
	0x00, 0x00, 0x71, 0x0b, 0x00, 0x00, 0xe4, 0x05, 0x00, 0x00, 0x51, 0x00, 0x05, 0x00, 0x07, 0x00, // ..q.......Q.....
	0x00, 0x00, 0xe7, 0x05, 0x00, 0x00, 0xe5, 0x05, 0x00, 0x00, 0x00, 0x00, 0x00, 0x00, 0x51, 0x00, // ..............Q.
	0x05, 0x00, 0x07, 0x00, 0x00, 0x00, 0xe8, 0x05, 0x00, 0x00, 0xe5, 0x05, 0x00, 0x00, 0x01, 0x00, // ................
	0x00, 0x00, 0x51, 0x00, 0x05, 0x00, 0x07, 0x00, 0x00, 0x00, 0xe9, 0x05, 0x00, 0x00, 0xe5, 0x05, // ..Q.............
	0x00, 0x00, 0x02, 0x00, 0x00, 0x00, 0x50, 0x00, 0x07, 0x00, 0x0e, 0x00, 0x00, 0x00, 0xea, 0x05, // ......P.........
	0x00, 0x00, 0xe7, 0x05, 0x00, 0x00, 0xe8, 0x05, 0x00, 0x00, 0xe9, 0x05, 0x00, 0x00, 0xee, 0x00, // ................
	0x00, 0x00, 0x3e, 0x00, 0x03, 0x00, 0x6b, 0x04, 0x00, 0x00, 0xea, 0x05, 0x00, 0x00, 0xfd, 0x00, // ..>...k.........
	0x01, 0x00, 0x38, 0x00, 0x01, 0x00, 0x00, 0x00, 0xa0, 0x01,                                     // ..8.......
};
