static const uint8_t fs_fxaa_spv[15751] =
{
	0x46, 0x53, 0x48, 0x0b, 0x6f, 0x1e, 0x3e, 0x3c, 0x00, 0x00, 0x00, 0x00, 0x08, 0x00, 0x0b, 0x75, // FSH.o.><.......u
	0x5f, 0x6c, 0x65, 0x6e, 0x73, 0x46, 0x6c, 0x61, 0x72, 0x65, 0x12, 0x01, 0x50, 0x00, 0x01, 0x00, // _lensFlare..P...
	0x00, 0x00, 0x00, 0x00, 0x0f, 0x75, 0x5f, 0x70, 0x72, 0x65, 0x73, 0x65, 0x6e, 0x74, 0x50, 0x61, // .....u_presentPa
	0x72, 0x61, 0x6d, 0x73, 0x12, 0x01, 0x00, 0x00, 0x01, 0x00, 0x00, 0x00, 0x00, 0x00, 0x0d, 0x75, // rams...........u
	0x5f, 0x73, 0x63, 0x72, 0x65, 0x65, 0x6e, 0x53, 0x68, 0x61, 0x6b, 0x65, 0x12, 0x01, 0x20, 0x00, // _screenShake.. .
	0x01, 0x00, 0x00, 0x00, 0x00, 0x00, 0x11, 0x75, 0x5f, 0x6d, 0x61, 0x67, 0x6e, 0x69, 0x66, 0x69, // .......u_magnifi
	0x65, 0x72, 0x50, 0x61, 0x72, 0x61, 0x6d, 0x73, 0x12, 0x01, 0x40, 0x00, 0x01, 0x00, 0x00, 0x00, // erParams..@.....
	0x00, 0x00, 0x0b, 0x75, 0x5f, 0x6d, 0x61, 0x67, 0x6e, 0x69, 0x66, 0x69, 0x65, 0x72, 0x12, 0x01, // ...u_magnifier..
	0x30, 0x00, 0x01, 0x00, 0x00, 0x00, 0x00, 0x00, 0x10, 0x75, 0x5f, 0x62, 0x6c, 0x6f, 0x6f, 0x6d, // 0........u_bloom
	0x43, 0x6f, 0x6d, 0x70, 0x6f, 0x73, 0x69, 0x74, 0x65, 0x12, 0x01, 0x10, 0x00, 0x01, 0x00, 0x00, // Composite.......
	0x00, 0x00, 0x00, 0x07, 0x73, 0x5f, 0x73, 0x63, 0x65, 0x6e, 0x65, 0x30, 0x00, 0x02, 0x00, 0x00, // ....s_scene0....
	0x00, 0x00, 0x02, 0x26, 0x00, 0x07, 0x73, 0x5f, 0x62, 0x6c, 0x6f, 0x6f, 0x6d, 0x30, 0x00, 0x03, // ...&..s_bloom0..
	0x00, 0x00, 0x00, 0x00, 0x02, 0x26, 0x00, 0xb8, 0x3c, 0x00, 0x00, 0x03, 0x02, 0x23, 0x07, 0x00, // .....&..<....#..
	0x00, 0x01, 0x00, 0x0b, 0x00, 0x08, 0x00, 0x64, 0x0b, 0x00, 0x00, 0x00, 0x00, 0x00, 0x00, 0x11, // .......d........
	0x00, 0x02, 0x00, 0x01, 0x00, 0x00, 0x00, 0x0b, 0x00, 0x06, 0x00, 0x01, 0x00, 0x00, 0x00, 0x47, // ...............G
	0x4c, 0x53, 0x4c, 0x2e, 0x73, 0x74, 0x64, 0x2e, 0x34, 0x35, 0x30, 0x00, 0x00, 0x00, 0x00, 0x0e, // LSL.std.450.....
	0x00, 0x03, 0x00, 0x00, 0x00, 0x00, 0x00, 0x01, 0x00, 0x00, 0x00, 0x0f, 0x00, 0x07, 0x00, 0x04, // ................
	0x00, 0x00, 0x00, 0x04, 0x00, 0x00, 0x00, 0x6d, 0x61, 0x69, 0x6e, 0x00, 0x00, 0x00, 0x00, 0x89, // .......main.....
	0x03, 0x00, 0x00, 0x94, 0x03, 0x00, 0x00, 0x10, 0x00, 0x03, 0x00, 0x04, 0x00, 0x00, 0x00, 0x07, // ................
	0x00, 0x00, 0x00, 0x03, 0x00, 0x03, 0x00, 0x05, 0x00, 0x00, 0x00, 0xf4, 0x01, 0x00, 0x00, 0x05, // ................
	0x00, 0x04, 0x00, 0x04, 0x00, 0x00, 0x00, 0x6d, 0x61, 0x69, 0x6e, 0x00, 0x00, 0x00, 0x00, 0x05, // .......main.....
	0x00, 0x06, 0x00, 0x63, 0x00, 0x00, 0x00, 0x73, 0x5f, 0x73, 0x63, 0x65, 0x6e, 0x65, 0x53, 0x61, // ...c...s_sceneSa
	0x6d, 0x70, 0x6c, 0x65, 0x72, 0x00, 0x00, 0x05, 0x00, 0x06, 0x00, 0x66, 0x00, 0x00, 0x00, 0x73, // mpler......f...s
	0x5f, 0x73, 0x63, 0x65, 0x6e, 0x65, 0x54, 0x65, 0x78, 0x74, 0x75, 0x72, 0x65, 0x00, 0x00, 0x05, // _sceneTexture...
	0x00, 0x06, 0x00, 0x6a, 0x00, 0x00, 0x00, 0x73, 0x5f, 0x62, 0x6c, 0x6f, 0x6f, 0x6d, 0x53, 0x61, // ...j...s_bloomSa
	0x6d, 0x70, 0x6c, 0x65, 0x72, 0x00, 0x00, 0x05, 0x00, 0x06, 0x00, 0x6c, 0x00, 0x00, 0x00, 0x73, // mpler......l...s
	0x5f, 0x62, 0x6c, 0x6f, 0x6f, 0x6d, 0x54, 0x65, 0x78, 0x74, 0x75, 0x72, 0x65, 0x00, 0x00, 0x05, // _bloomTexture...
	0x00, 0x06, 0x00, 0x9d, 0x00, 0x00, 0x00, 0x55, 0x6e, 0x69, 0x66, 0x6f, 0x72, 0x6d, 0x42, 0x6c, // .......UniformBl
	0x6f, 0x63, 0x6b, 0x00, 0x00, 0x00, 0x00, 0x06, 0x00, 0x07, 0x00, 0x9d, 0x00, 0x00, 0x00, 0x00, // ock.............
	0x00, 0x00, 0x00, 0x75, 0x5f, 0x70, 0x72, 0x65, 0x73, 0x65, 0x6e, 0x74, 0x50, 0x61, 0x72, 0x61, // ...u_presentPara
	0x6d, 0x73, 0x00, 0x06, 0x00, 0x08, 0x00, 0x9d, 0x00, 0x00, 0x00, 0x01, 0x00, 0x00, 0x00, 0x75, // ms.............u
	0x5f, 0x62, 0x6c, 0x6f, 0x6f, 0x6d, 0x43, 0x6f, 0x6d, 0x70, 0x6f, 0x73, 0x69, 0x74, 0x65, 0x00, // _bloomComposite.
	0x00, 0x00, 0x00, 0x06, 0x00, 0x07, 0x00, 0x9d, 0x00, 0x00, 0x00, 0x02, 0x00, 0x00, 0x00, 0x75, // ...............u
	0x5f, 0x73, 0x63, 0x72, 0x65, 0x65, 0x6e, 0x53, 0x68, 0x61, 0x6b, 0x65, 0x00, 0x00, 0x00, 0x06, // _screenShake....
	0x00, 0x06, 0x00, 0x9d, 0x00, 0x00, 0x00, 0x03, 0x00, 0x00, 0x00, 0x75, 0x5f, 0x6d, 0x61, 0x67, // ...........u_mag
	0x6e, 0x69, 0x66, 0x69, 0x65, 0x72, 0x00, 0x06, 0x00, 0x08, 0x00, 0x9d, 0x00, 0x00, 0x00, 0x04, // nifier..........
	0x00, 0x00, 0x00, 0x75, 0x5f, 0x6d, 0x61, 0x67, 0x6e, 0x69, 0x66, 0x69, 0x65, 0x72, 0x50, 0x61, // ...u_magnifierPa
	0x72, 0x61, 0x6d, 0x73, 0x00, 0x00, 0x00, 0x06, 0x00, 0x06, 0x00, 0x9d, 0x00, 0x00, 0x00, 0x05, // rams............
	0x00, 0x00, 0x00, 0x75, 0x5f, 0x6c, 0x65, 0x6e, 0x73, 0x46, 0x6c, 0x61, 0x72, 0x65, 0x00, 0x05, // ...u_lensFlare..
	0x00, 0x03, 0x00, 0x9f, 0x00, 0x00, 0x00, 0x00, 0x00, 0x00, 0x00, 0x05, 0x00, 0x05, 0x00, 0x89, // ................
	0x03, 0x00, 0x00, 0x76, 0x5f, 0x74, 0x65, 0x78, 0x63, 0x6f, 0x6f, 0x72, 0x64, 0x30, 0x00, 0x05, // ...v_texcoord0..
	0x00, 0x06, 0x00, 0x94, 0x03, 0x00, 0x00, 0x62, 0x67, 0x66, 0x78, 0x5f, 0x46, 0x72, 0x61, 0x67, // .......bgfx_Frag
	0x44, 0x61, 0x74, 0x61, 0x30, 0x00, 0x00, 0x47, 0x00, 0x04, 0x00, 0x63, 0x00, 0x00, 0x00, 0x21, // Data0..G...c...!
	0x00, 0x00, 0x00, 0x12, 0x00, 0x00, 0x00, 0x47, 0x00, 0x04, 0x00, 0x63, 0x00, 0x00, 0x00, 0x22, // .......G...c..."
	0x00, 0x00, 0x00, 0x00, 0x00, 0x00, 0x00, 0x47, 0x00, 0x04, 0x00, 0x66, 0x00, 0x00, 0x00, 0x21, // .......G...f...!
	0x00, 0x00, 0x00, 0x02, 0x00, 0x00, 0x00, 0x47, 0x00, 0x04, 0x00, 0x66, 0x00, 0x00, 0x00, 0x22, // .......G...f..."
	0x00, 0x00, 0x00, 0x00, 0x00, 0x00, 0x00, 0x47, 0x00, 0x04, 0x00, 0x6a, 0x00, 0x00, 0x00, 0x21, // .......G...j...!
	0x00, 0x00, 0x00, 0x13, 0x00, 0x00, 0x00, 0x47, 0x00, 0x04, 0x00, 0x6a, 0x00, 0x00, 0x00, 0x22, // .......G...j..."
	0x00, 0x00, 0x00, 0x00, 0x00, 0x00, 0x00, 0x47, 0x00, 0x04, 0x00, 0x6c, 0x00, 0x00, 0x00, 0x21, // .......G...l...!
	0x00, 0x00, 0x00, 0x03, 0x00, 0x00, 0x00, 0x47, 0x00, 0x04, 0x00, 0x6c, 0x00, 0x00, 0x00, 0x22, // .......G...l..."
	0x00, 0x00, 0x00, 0x00, 0x00, 0x00, 0x00, 0x47, 0x00, 0x03, 0x00, 0x9d, 0x00, 0x00, 0x00, 0x02, // .......G........
	0x00, 0x00, 0x00, 0x48, 0x00, 0x05, 0x00, 0x9d, 0x00, 0x00, 0x00, 0x00, 0x00, 0x00, 0x00, 0x23, // ...H...........#
	0x00, 0x00, 0x00, 0x00, 0x00, 0x00, 0x00, 0x48, 0x00, 0x05, 0x00, 0x9d, 0x00, 0x00, 0x00, 0x01, // .......H........
	0x00, 0x00, 0x00, 0x23, 0x00, 0x00, 0x00, 0x10, 0x00, 0x00, 0x00, 0x48, 0x00, 0x05, 0x00, 0x9d, // ...#.......H....
	0x00, 0x00, 0x00, 0x02, 0x00, 0x00, 0x00, 0x23, 0x00, 0x00, 0x00, 0x20, 0x00, 0x00, 0x00, 0x48, // .......#... ...H
	0x00, 0x05, 0x00, 0x9d, 0x00, 0x00, 0x00, 0x03, 0x00, 0x00, 0x00, 0x23, 0x00, 0x00, 0x00, 0x30, // ...........#...0
	0x00, 0x00, 0x00, 0x48, 0x00, 0x05, 0x00, 0x9d, 0x00, 0x00, 0x00, 0x04, 0x00, 0x00, 0x00, 0x23, // ...H...........#
	0x00, 0x00, 0x00, 0x40, 0x00, 0x00, 0x00, 0x48, 0x00, 0x05, 0x00, 0x9d, 0x00, 0x00, 0x00, 0x05, // ...@...H........
	0x00, 0x00, 0x00, 0x23, 0x00, 0x00, 0x00, 0x50, 0x00, 0x00, 0x00, 0x47, 0x00, 0x04, 0x00, 0x9f, // ...#...P...G....
	0x00, 0x00, 0x00, 0x21, 0x00, 0x00, 0x00, 0x01, 0x00, 0x00, 0x00, 0x47, 0x00, 0x04, 0x00, 0x9f, // ...!.......G....
	0x00, 0x00, 0x00, 0x22, 0x00, 0x00, 0x00, 0x00, 0x00, 0x00, 0x00, 0x47, 0x00, 0x04, 0x00, 0x89, // ...".......G....
	0x03, 0x00, 0x00, 0x1e, 0x00, 0x00, 0x00, 0x00, 0x00, 0x00, 0x00, 0x47, 0x00, 0x04, 0x00, 0x94, // ...........G....
	0x03, 0x00, 0x00, 0x1e, 0x00, 0x00, 0x00, 0x00, 0x00, 0x00, 0x00, 0x13, 0x00, 0x02, 0x00, 0x02, // ................
	0x00, 0x00, 0x00, 0x21, 0x00, 0x03, 0x00, 0x03, 0x00, 0x00, 0x00, 0x02, 0x00, 0x00, 0x00, 0x1a, // ...!............
	0x00, 0x02, 0x00, 0x06, 0x00, 0x00, 0x00, 0x16, 0x00, 0x03, 0x00, 0x07, 0x00, 0x00, 0x00, 0x20, // ............... 
	0x00, 0x00, 0x00, 0x19, 0x00, 0x09, 0x00, 0x08, 0x00, 0x00, 0x00, 0x07, 0x00, 0x00, 0x00, 0x01, // ................
	0x00, 0x00, 0x00, 0x00, 0x00, 0x00, 0x00, 0x00, 0x00, 0x00, 0x00, 0x00, 0x00, 0x00, 0x00, 0x01, // ................
	0x00, 0x00, 0x00, 0x00, 0x00, 0x00, 0x00, 0x17, 0x00, 0x04, 0x00, 0x0b, 0x00, 0x00, 0x00, 0x07, // ................
	0x00, 0x00, 0x00, 0x02, 0x00, 0x00, 0x00, 0x17, 0x00, 0x04, 0x00, 0x0d, 0x00, 0x00, 0x00, 0x07, // ................
	0x00, 0x00, 0x00, 0x04, 0x00, 0x00, 0x00, 0x17, 0x00, 0x04, 0x00, 0x20, 0x00, 0x00, 0x00, 0x07, // ........... ....
	0x00, 0x00, 0x00, 0x03, 0x00, 0x00, 0x00, 0x20, 0x00, 0x04, 0x00, 0x62, 0x00, 0x00, 0x00, 0x00, // ....... ...b....
	0x00, 0x00, 0x00, 0x06, 0x00, 0x00, 0x00, 0x3b, 0x00, 0x04, 0x00, 0x62, 0x00, 0x00, 0x00, 0x63, // .......;...b...c
	0x00, 0x00, 0x00, 0x00, 0x00, 0x00, 0x00, 0x20, 0x00, 0x04, 0x00, 0x65, 0x00, 0x00, 0x00, 0x00, // ....... ...e....
	0x00, 0x00, 0x00, 0x08, 0x00, 0x00, 0x00, 0x3b, 0x00, 0x04, 0x00, 0x65, 0x00, 0x00, 0x00, 0x66, // .......;...e...f
	0x00, 0x00, 0x00, 0x00, 0x00, 0x00, 0x00, 0x3b, 0x00, 0x04, 0x00, 0x62, 0x00, 0x00, 0x00, 0x6a, // .......;...b...j
	0x00, 0x00, 0x00, 0x00, 0x00, 0x00, 0x00, 0x3b, 0x00, 0x04, 0x00, 0x65, 0x00, 0x00, 0x00, 0x6c, // .......;...e...l
	0x00, 0x00, 0x00, 0x00, 0x00, 0x00, 0x00, 0x15, 0x00, 0x04, 0x00, 0x6f, 0x00, 0x00, 0x00, 0x20, // ...........o... 
	0x00, 0x00, 0x00, 0x01, 0x00, 0x00, 0x00, 0x2b, 0x00, 0x04, 0x00, 0x6f, 0x00, 0x00, 0x00, 0x70, // .......+...o...p
	0x00, 0x00, 0x00, 0x01, 0x00, 0x00, 0x00, 0x2b, 0x00, 0x04, 0x00, 0x6f, 0x00, 0x00, 0x00, 0x74, // .......+...o...t
	0x00, 0x00, 0x00, 0x00, 0x00, 0x00, 0x00, 0x1b, 0x00, 0x03, 0x00, 0x78, 0x00, 0x00, 0x00, 0x08, // ...........x....
	0x00, 0x00, 0x00, 0x1e, 0x00, 0x08, 0x00, 0x9d, 0x00, 0x00, 0x00, 0x0d, 0x00, 0x00, 0x00, 0x0d, // ................
	0x00, 0x00, 0x00, 0x0d, 0x00, 0x00, 0x00, 0x0d, 0x00, 0x00, 0x00, 0x0d, 0x00, 0x00, 0x00, 0x0d, // ................
	0x00, 0x00, 0x00, 0x20, 0x00, 0x04, 0x00, 0x9e, 0x00, 0x00, 0x00, 0x02, 0x00, 0x00, 0x00, 0x9d, // ... ............
	0x00, 0x00, 0x00, 0x3b, 0x00, 0x04, 0x00, 0x9e, 0x00, 0x00, 0x00, 0x9f, 0x00, 0x00, 0x00, 0x02, // ...;............
	0x00, 0x00, 0x00, 0x2b, 0x00, 0x04, 0x00, 0x6f, 0x00, 0x00, 0x00, 0xa0, 0x00, 0x00, 0x00, 0x05, // ...+...o........
	0x00, 0x00, 0x00, 0x15, 0x00, 0x04, 0x00, 0xa1, 0x00, 0x00, 0x00, 0x20, 0x00, 0x00, 0x00, 0x00, // ........... ....
	0x00, 0x00, 0x00, 0x2b, 0x00, 0x04, 0x00, 0xa1, 0x00, 0x00, 0x00, 0xa2, 0x00, 0x00, 0x00, 0x02, // ...+............
	0x00, 0x00, 0x00, 0x20, 0x00, 0x04, 0x00, 0xa3, 0x00, 0x00, 0x00, 0x02, 0x00, 0x00, 0x00, 0x07, // ... ............
	0x00, 0x00, 0x00, 0x2b, 0x00, 0x04, 0x00, 0x07, 0x00, 0x00, 0x00, 0xa7, 0x00, 0x00, 0x00, 0x00, // ...+............
	0x00, 0x00, 0x00, 0x14, 0x00, 0x02, 0x00, 0xa8, 0x00, 0x00, 0x00, 0x2b, 0x00, 0x04, 0x00, 0xa1, // ...........+....
	0x00, 0x00, 0x00, 0xaf, 0x00, 0x00, 0x00, 0x01, 0x00, 0x00, 0x00, 0x2b, 0x00, 0x04, 0x00, 0xa1, // ...........+....
	0x00, 0x00, 0x00, 0xb2, 0x00, 0x00, 0x00, 0x00, 0x00, 0x00, 0x00, 0x2b, 0x00, 0x04, 0x00, 0x07, // ...........+....
	0x00, 0x00, 0x00, 0xb5, 0x00, 0x00, 0x00, 0xbd, 0x37, 0x86, 0x35, 0x2b, 0x00, 0x04, 0x00, 0x07, // ........7.5+....
	0x00, 0x00, 0x00, 0xb8, 0x00, 0x00, 0x00, 0x00, 0x00, 0x80, 0x3f, 0x20, 0x00, 0x04, 0x00, 0xbb, // ..........? ....
	0x00, 0x00, 0x00, 0x02, 0x00, 0x00, 0x00, 0x0d, 0x00, 0x00, 0x00, 0x2b, 0x00, 0x04, 0x00, 0x07, // ...........+....
	0x00, 0x00, 0x00, 0xc0, 0x00, 0x00, 0x00, 0x00, 0x00, 0x00, 0x3f, 0x2c, 0x00, 0x05, 0x00, 0x0b, // ..........?,....
	0x00, 0x00, 0x00, 0xc1, 0x00, 0x00, 0x00, 0xc0, 0x00, 0x00, 0x00, 0xc0, 0x00, 0x00, 0x00, 0x2b, // ...............+
	0x00, 0x04, 0x00, 0x07, 0x00, 0x00, 0x00, 0xd0, 0x00, 0x00, 0x00, 0x9a, 0x99, 0x59, 0x3f, 0x2b, // .............Y?+
	0x00, 0x04, 0x00, 0x07, 0x00, 0x00, 0x00, 0xd1, 0x00, 0x00, 0x00, 0x9a, 0x99, 0x19, 0x3f, 0x2c, // ..............?,
	0x00, 0x06, 0x00, 0x20, 0x00, 0x00, 0x00, 0xd2, 0x00, 0x00, 0x00, 0xb8, 0x00, 0x00, 0x00, 0xd0, // ... ............
	0x00, 0x00, 0x00, 0xd1, 0x00, 0x00, 0x00, 0x2b, 0x00, 0x04, 0x00, 0x07, 0x00, 0x00, 0x00, 0xd7, // .......+........
	0x00, 0x00, 0x00, 0x00, 0x00, 0x70, 0x42, 0x2b, 0x00, 0x04, 0x00, 0x07, 0x00, 0x00, 0x00, 0xdb, // .....pB+........
	0x00, 0x00, 0x00, 0xcd, 0xcc, 0x4c, 0x3f, 0x2b, 0x00, 0x04, 0x00, 0x07, 0x00, 0x00, 0x00, 0xdf, // .....L?+........
	0x00, 0x00, 0x00, 0x66, 0x66, 0x66, 0x3f, 0x2b, 0x00, 0x04, 0x00, 0x07, 0x00, 0x00, 0x00, 0xe0, // ...fff?+........
	0x00, 0x00, 0x00, 0x00, 0x00, 0x40, 0x3f, 0x2c, 0x00, 0x06, 0x00, 0x20, 0x00, 0x00, 0x00, 0xe1, // .....@?,... ....
	0x00, 0x00, 0x00, 0xb8, 0x00, 0x00, 0x00, 0xdf, 0x00, 0x00, 0x00, 0xe0, 0x00, 0x00, 0x00, 0x2b, // ...............+
	0x00, 0x04, 0x00, 0x07, 0x00, 0x00, 0x00, 0xe8, 0x00, 0x00, 0x00, 0x00, 0x00, 0x80, 0x3e, 0x2b, // ..............>+
	0x00, 0x04, 0x00, 0x6f, 0x00, 0x00, 0x00, 0xf4, 0x00, 0x00, 0x00, 0x06, 0x00, 0x00, 0x00, 0x2b, // ...o...........+
	0x00, 0x04, 0x00, 0x07, 0x00, 0x00, 0x00, 0xf7, 0x00, 0x00, 0x00, 0x9a, 0x99, 0x99, 0x3e, 0x2b, // ..............>+
	0x00, 0x04, 0x00, 0x07, 0x00, 0x00, 0x00, 0xfa, 0x00, 0x00, 0x00, 0x29, 0x5c, 0x8f, 0x3e, 0x2b, // ...........)..>+
	0x00, 0x04, 0x00, 0x07, 0x00, 0x00, 0x00, 0x0b, 0x01, 0x00, 0x00, 0x00, 0x00, 0xb0, 0x41, 0x2b, // ..............A+
	0x00, 0x04, 0x00, 0x07, 0x00, 0x00, 0x00, 0x0e, 0x01, 0x00, 0x00, 0x00, 0x00, 0x00, 0x41, 0x2b, // ..............A+
	0x00, 0x04, 0x00, 0x07, 0x00, 0x00, 0x00, 0x12, 0x01, 0x00, 0x00, 0x33, 0x33, 0x33, 0x3f, 0x2c, // ...........333?,
	0x00, 0x06, 0x00, 0x20, 0x00, 0x00, 0x00, 0x13, 0x01, 0x00, 0x00, 0xc0, 0x00, 0x00, 0x00, 0x12, // ... ............
	0x01, 0x00, 0x00, 0xb8, 0x00, 0x00, 0x00, 0x2b, 0x00, 0x04, 0x00, 0x07, 0x00, 0x00, 0x00, 0x14, // .......+........
	0x01, 0x00, 0x00, 0xcd, 0xcc, 0xcc, 0x3e, 0x2c, 0x00, 0x06, 0x00, 0x20, 0x00, 0x00, 0x00, 0x15, // ......>,... ....
	0x01, 0x00, 0x00, 0xb8, 0x00, 0x00, 0x00, 0xd1, 0x00, 0x00, 0x00, 0x14, 0x01, 0x00, 0x00, 0x2b, // ...............+
	0x00, 0x04, 0x00, 0x07, 0x00, 0x00, 0x00, 0x28, 0x01, 0x00, 0x00, 0xec, 0x51, 0x38, 0x3e, 0x2b, // .......(....Q8>+
	0x00, 0x04, 0x00, 0x07, 0x00, 0x00, 0x00, 0x2f, 0x01, 0x00, 0x00, 0x00, 0x00, 0xc0, 0x3f, 0x2b, // ......./......?+
	0x00, 0x04, 0x00, 0x6f, 0x00, 0x00, 0x00, 0x5b, 0x01, 0x00, 0x00, 0x02, 0x00, 0x00, 0x00, 0x2b, // ...o...[.......+
	0x00, 0x04, 0x00, 0x6f, 0x00, 0x00, 0x00, 0x65, 0x01, 0x00, 0x00, 0x04, 0x00, 0x00, 0x00, 0x2b, // ...o...e.......+
	0x00, 0x04, 0x00, 0x6f, 0x00, 0x00, 0x00, 0x69, 0x01, 0x00, 0x00, 0x03, 0x00, 0x00, 0x00, 0x2b, // ...o...i.......+
	0x00, 0x04, 0x00, 0x07, 0x00, 0x00, 0x00, 0x94, 0x01, 0x00, 0x00, 0xac, 0xc5, 0x27, 0x37, 0x2b, // .............'7+
	0x00, 0x04, 0x00, 0xa1, 0x00, 0x00, 0x00, 0xa7, 0x01, 0x00, 0x00, 0x03, 0x00, 0x00, 0x00, 0x2b, // ...............+
	0x00, 0x04, 0x00, 0x07, 0x00, 0x00, 0x00, 0xfb, 0x01, 0x00, 0x00, 0x18, 0x26, 0xd3, 0x3d, 0x2b, // ............&.=+
	0x00, 0x04, 0x00, 0x07, 0x00, 0x00, 0x00, 0x06, 0x02, 0x00, 0x00, 0xec, 0x51, 0x05, 0x42, 0x2b, // ............Q.B+
	0x00, 0x04, 0x00, 0x07, 0x00, 0x00, 0x00, 0x20, 0x02, 0x00, 0x00, 0x1f, 0x85, 0x99, 0x41, 0x2b, // ....... ......A+
	0x00, 0x04, 0x00, 0x07, 0x00, 0x00, 0x00, 0x21, 0x02, 0x00, 0x00, 0x85, 0xeb, 0xe9, 0x40, 0x2c, // .......!......@,
	0x00, 0x05, 0x00, 0x0b, 0x00, 0x00, 0x00, 0x22, 0x02, 0x00, 0x00, 0x20, 0x02, 0x00, 0x00, 0x21, // ......."... ...!
	0x02, 0x00, 0x00, 0x2b, 0x00, 0x04, 0x00, 0x07, 0x00, 0x00, 0x00, 0x27, 0x02, 0x00, 0x00, 0xe1, // ...+.......'....
	0x7a, 0x2d, 0x42, 0x2b, 0x00, 0x04, 0x00, 0x07, 0x00, 0x00, 0x00, 0x28, 0x02, 0x00, 0x00, 0xcd, // z-B+.......(....
	0xcc, 0x76, 0x42, 0x2c, 0x00, 0x05, 0x00, 0x0b, 0x00, 0x00, 0x00, 0x29, 0x02, 0x00, 0x00, 0x27, // .vB,.......)...'
	0x02, 0x00, 0x00, 0x28, 0x02, 0x00, 0x00, 0x2b, 0x00, 0x04, 0x00, 0x07, 0x00, 0x00, 0x00, 0x30, // ...(...+.......0
	0x02, 0x00, 0x00, 0x00, 0x00, 0xe3, 0x42, 0x2b, 0x00, 0x04, 0x00, 0x07, 0x00, 0x00, 0x00, 0x31, // ......B+.......1
	0x02, 0x00, 0x00, 0x33, 0xf3, 0x87, 0x43, 0x2c, 0x00, 0x05, 0x00, 0x0b, 0x00, 0x00, 0x00, 0x32, // ...3..C,.......2
	0x02, 0x00, 0x00, 0x30, 0x02, 0x00, 0x00, 0x31, 0x02, 0x00, 0x00, 0x2c, 0x00, 0x05, 0x00, 0x0b, // ...0...1...,....
	0x00, 0x00, 0x00, 0x37, 0x02, 0x00, 0x00, 0x28, 0x02, 0x00, 0x00, 0x20, 0x02, 0x00, 0x00, 0x2b, // ...7...(... ...+
	0x00, 0x04, 0x00, 0x07, 0x00, 0x00, 0x00, 0x3c, 0x02, 0x00, 0x00, 0xcd, 0x4c, 0x1d, 0x43, 0x2c, // .......<....L.C,
	0x00, 0x05, 0x00, 0x0b, 0x00, 0x00, 0x00, 0x3d, 0x02, 0x00, 0x00, 0x21, 0x02, 0x00, 0x00, 0x3c, // .......=...!...<
	0x02, 0x00, 0x00, 0x2b, 0x00, 0x04, 0x00, 0x07, 0x00, 0x00, 0x00, 0x46, 0x02, 0x00, 0x00, 0x81, // ...+.......F....
	0x80, 0x80, 0x3b, 0x2b, 0x00, 0x04, 0x00, 0x07, 0x00, 0x00, 0x00, 0x97, 0x02, 0x00, 0x00, 0x00, // ..;+............
	0x00, 0xc0, 0x40, 0x2b, 0x00, 0x04, 0x00, 0x07, 0x00, 0x00, 0x00, 0x9c, 0x02, 0x00, 0x00, 0xab, // ..@+............
	0xaa, 0x2a, 0x3e, 0x2b, 0x00, 0x04, 0x00, 0x07, 0x00, 0x00, 0x00, 0x9e, 0x02, 0x00, 0x00, 0xab, // .*>+............
	0xaa, 0x2a, 0x3c, 0x2b, 0x00, 0x04, 0x00, 0x07, 0x00, 0x00, 0x00, 0xa1, 0x02, 0x00, 0x00, 0x00, // .*<+............
	0x00, 0x80, 0xbf, 0x2c, 0x00, 0x05, 0x00, 0x0b, 0x00, 0x00, 0x00, 0xa2, 0x02, 0x00, 0x00, 0xa1, // ...,............
	0x02, 0x00, 0x00, 0xa1, 0x02, 0x00, 0x00, 0x2c, 0x00, 0x05, 0x00, 0x0b, 0x00, 0x00, 0x00, 0xac, // .......,........
	0x02, 0x00, 0x00, 0xb8, 0x00, 0x00, 0x00, 0xa1, 0x02, 0x00, 0x00, 0x2c, 0x00, 0x05, 0x00, 0x0b, // ...........,....
	0x00, 0x00, 0x00, 0xb6, 0x02, 0x00, 0x00, 0xa1, 0x02, 0x00, 0x00, 0xb8, 0x00, 0x00, 0x00, 0x2c, // ...............,
	0x00, 0x05, 0x00, 0x0b, 0x00, 0x00, 0x00, 0xc0, 0x02, 0x00, 0x00, 0xb8, 0x00, 0x00, 0x00, 0xb8, // ................
	0x00, 0x00, 0x00, 0x2b, 0x00, 0x04, 0x00, 0x07, 0x00, 0x00, 0x00, 0xcf, 0x02, 0x00, 0x00, 0x87, // ...+............
	0x16, 0x99, 0x3e, 0x2b, 0x00, 0x04, 0x00, 0x07, 0x00, 0x00, 0x00, 0xd0, 0x02, 0x00, 0x00, 0xa2, // ..>+............
	0x45, 0x16, 0x3f, 0x2b, 0x00, 0x04, 0x00, 0x07, 0x00, 0x00, 0x00, 0xd1, 0x02, 0x00, 0x00, 0xd5, // E.?+............
	0x78, 0xe9, 0x3d, 0x2c, 0x00, 0x06, 0x00, 0x20, 0x00, 0x00, 0x00, 0xd2, 0x02, 0x00, 0x00, 0xcf, // x.=,... ........
	0x02, 0x00, 0x00, 0xd0, 0x02, 0x00, 0x00, 0xd1, 0x02, 0x00, 0x00, 0x2b, 0x00, 0x04, 0x00, 0x07, // ...........+....
	0x00, 0x00, 0x00, 0x35, 0x03, 0x00, 0x00, 0xab, 0xaa, 0x2a, 0xbe, 0x2b, 0x00, 0x04, 0x00, 0x07, // ...5.....*.+....
	0x00, 0x00, 0x00, 0x4b, 0x03, 0x00, 0x00, 0x00, 0x00, 0x00, 0xbf, 0x17, 0x00, 0x04, 0x00, 0x6b, // ...K...........k
	0x03, 0x00, 0x00, 0xa8, 0x00, 0x00, 0x00, 0x03, 0x00, 0x00, 0x00, 0x20, 0x00, 0x04, 0x00, 0x88, // ........... ....
	0x03, 0x00, 0x00, 0x01, 0x00, 0x00, 0x00, 0x0b, 0x00, 0x00, 0x00, 0x3b, 0x00, 0x04, 0x00, 0x88, // ...........;....
	0x03, 0x00, 0x00, 0x89, 0x03, 0x00, 0x00, 0x01, 0x00, 0x00, 0x00, 0x20, 0x00, 0x04, 0x00, 0x93, // ........... ....
	0x03, 0x00, 0x00, 0x03, 0x00, 0x00, 0x00, 0x0d, 0x00, 0x00, 0x00, 0x3b, 0x00, 0x04, 0x00, 0x93, // ...........;....
	0x03, 0x00, 0x00, 0x94, 0x03, 0x00, 0x00, 0x03, 0x00, 0x00, 0x00, 0x2c, 0x00, 0x05, 0x00, 0x0b, // ...........,....
	0x00, 0x00, 0x00, 0x55, 0x0b, 0x00, 0x00, 0xb5, 0x00, 0x00, 0x00, 0xb5, 0x00, 0x00, 0x00, 0x2b, // ...U...........+
	0x00, 0x04, 0x00, 0x07, 0x00, 0x00, 0x00, 0x57, 0x0b, 0x00, 0x00, 0xab, 0xaa, 0x2a, 0x3d, 0x2b, // .......W.....*=+
	0x00, 0x04, 0x00, 0x07, 0x00, 0x00, 0x00, 0x58, 0x0b, 0x00, 0x00, 0x00, 0x00, 0xc0, 0xc0, 0x2b, // .......X.......+
	0x00, 0x04, 0x00, 0x07, 0x00, 0x00, 0x00, 0x5a, 0x0b, 0x00, 0x00, 0x00, 0x00, 0xe0, 0xc0, 0x2c, // .......Z.......,
	0x00, 0x06, 0x00, 0x20, 0x00, 0x00, 0x00, 0x5b, 0x0b, 0x00, 0x00, 0x06, 0x02, 0x00, 0x00, 0x06, // ... ...[........
	0x02, 0x00, 0x00, 0x06, 0x02, 0x00, 0x00, 0x36, 0x00, 0x05, 0x00, 0x02, 0x00, 0x00, 0x00, 0x04, // .......6........
	0x00, 0x00, 0x00, 0x00, 0x00, 0x00, 0x00, 0x03, 0x00, 0x00, 0x00, 0xf8, 0x00, 0x02, 0x00, 0x05, // ................
	0x00, 0x00, 0x00, 0x3d, 0x00, 0x04, 0x00, 0x06, 0x00, 0x00, 0x00, 0x64, 0x00, 0x00, 0x00, 0x63, // ...=.......d...c
	0x00, 0x00, 0x00, 0x3d, 0x00, 0x04, 0x00, 0x08, 0x00, 0x00, 0x00, 0x67, 0x00, 0x00, 0x00, 0x66, // ...=.......g...f
	0x00, 0x00, 0x00, 0x3d, 0x00, 0x04, 0x00, 0x06, 0x00, 0x00, 0x00, 0x6b, 0x00, 0x00, 0x00, 0x6a, // ...=.......k...j
	0x00, 0x00, 0x00, 0x3d, 0x00, 0x04, 0x00, 0x08, 0x00, 0x00, 0x00, 0x6d, 0x00, 0x00, 0x00, 0x6c, // ...=.......m...l
	0x00, 0x00, 0x00, 0x3d, 0x00, 0x04, 0x00, 0x0b, 0x00, 0x00, 0x00, 0x8a, 0x03, 0x00, 0x00, 0x89, // ...=............
	0x03, 0x00, 0x00, 0xf7, 0x00, 0x03, 0x00, 0xde, 0x04, 0x00, 0x00, 0x00, 0x00, 0x00, 0x00, 0xfb, // ................
	0x00, 0x03, 0x00, 0xb2, 0x00, 0x00, 0x00, 0xfd, 0x03, 0x00, 0x00, 0xf8, 0x00, 0x02, 0x00, 0xfd, // ................
	0x03, 0x00, 0x00, 0x41, 0x00, 0x06, 0x00, 0xa3, 0x00, 0x00, 0x00, 0xff, 0x03, 0x00, 0x00, 0x9f, // ...A............
	0x00, 0x00, 0x00, 0x74, 0x00, 0x00, 0x00, 0xaf, 0x00, 0x00, 0x00, 0x3d, 0x00, 0x04, 0x00, 0x07, // ...t.......=....
	0x00, 0x00, 0x00, 0x00, 0x04, 0x00, 0x00, 0xff, 0x03, 0x00, 0x00, 0x41, 0x00, 0x06, 0x00, 0xa3, // ...........A....
	0x00, 0x00, 0x00, 0x01, 0x04, 0x00, 0x00, 0x9f, 0x00, 0x00, 0x00, 0x74, 0x00, 0x00, 0x00, 0xa2, // ...........t....
	0x00, 0x00, 0x00, 0x3d, 0x00, 0x04, 0x00, 0x07, 0x00, 0x00, 0x00, 0x02, 0x04, 0x00, 0x00, 0x01, // ...=............
	0x04, 0x00, 0x00, 0x50, 0x00, 0x05, 0x00, 0x0b, 0x00, 0x00, 0x00, 0x03, 0x04, 0x00, 0x00, 0x00, // ...P............
	0x04, 0x00, 0x00, 0x02, 0x04, 0x00, 0x00, 0x51, 0x00, 0x05, 0x00, 0x07, 0x00, 0x00, 0x00, 0x06, // .......Q........
	0x04, 0x00, 0x00, 0x8a, 0x03, 0x00, 0x00, 0x01, 0x00, 0x00, 0x00, 0x83, 0x00, 0x05, 0x00, 0x07, // ................
	0x00, 0x00, 0x00, 0x07, 0x04, 0x00, 0x00, 0xb8, 0x00, 0x00, 0x00, 0x06, 0x04, 0x00, 0x00, 0x41, // ...............A
	0x00, 0x06, 0x00, 0xa3, 0x00, 0x00, 0x00, 0x0a, 0x04, 0x00, 0x00, 0x9f, 0x00, 0x00, 0x00, 0x74, // ...............t
	0x00, 0x00, 0x00, 0xb2, 0x00, 0x00, 0x00, 0x3d, 0x00, 0x04, 0x00, 0x07, 0x00, 0x00, 0x00, 0x0b, // .......=........
	0x04, 0x00, 0x00, 0x0a, 0x04, 0x00, 0x00, 0x0c, 0x00, 0x08, 0x00, 0x07, 0x00, 0x00, 0x00, 0xe8, // ................
	0x04, 0x00, 0x00, 0x01, 0x00, 0x00, 0x00, 0x2e, 0x00, 0x00, 0x00, 0x06, 0x04, 0x00, 0x00, 0x07, // ................
	0x04, 0x00, 0x00, 0x0b, 0x04, 0x00, 0x00, 0x52, 0x00, 0x06, 0x00, 0x0b, 0x00, 0x00, 0x00, 0xd5, // .......R........
	0x0a, 0x00, 0x00, 0xe8, 0x04, 0x00, 0x00, 0x8a, 0x03, 0x00, 0x00, 0x01, 0x00, 0x00, 0x00, 0x41, // ...............A
	0x00, 0x05, 0x00, 0xbb, 0x00, 0x00, 0x00, 0xfe, 0x04, 0x00, 0x00, 0x9f, 0x00, 0x00, 0x00, 0x5b, // ...............[
	0x01, 0x00, 0x00, 0x3d, 0x00, 0x04, 0x00, 0x0d, 0x00, 0x00, 0x00, 0xff, 0x04, 0x00, 0x00, 0xfe, // ...=............
	0x04, 0x00, 0x00, 0x4f, 0x00, 0x07, 0x00, 0x0b, 0x00, 0x00, 0x00, 0x00, 0x05, 0x00, 0x00, 0xff, // ...O............
	0x04, 0x00, 0x00, 0xff, 0x04, 0x00, 0x00, 0x00, 0x00, 0x00, 0x00, 0x01, 0x00, 0x00, 0x00, 0x85, // ................
	0x00, 0x05, 0x00, 0x0b, 0x00, 0x00, 0x00, 0x02, 0x05, 0x00, 0x00, 0x00, 0x05, 0x00, 0x00, 0x03, // ................
	0x04, 0x00, 0x00, 0x81, 0x00, 0x05, 0x00, 0x0b, 0x00, 0x00, 0x00, 0x05, 0x05, 0x00, 0x00, 0xd5, // ................
	0x0a, 0x00, 0x00, 0x02, 0x05, 0x00, 0x00, 0x41, 0x00, 0x06, 0x00, 0xa3, 0x00, 0x00, 0x00, 0x06, // .......A........
	0x05, 0x00, 0x00, 0x9f, 0x00, 0x00, 0x00, 0x65, 0x01, 0x00, 0x00, 0xa2, 0x00, 0x00, 0x00, 0x3d, // .......e.......=
	0x00, 0x04, 0x00, 0x07, 0x00, 0x00, 0x00, 0x07, 0x05, 0x00, 0x00, 0x06, 0x05, 0x00, 0x00, 0xba, // ................
	0x00, 0x05, 0x00, 0xa8, 0x00, 0x00, 0x00, 0x08, 0x05, 0x00, 0x00, 0x07, 0x05, 0x00, 0x00, 0xc0, // ................
	0x00, 0x00, 0x00, 0x41, 0x00, 0x06, 0x00, 0xa3, 0x00, 0x00, 0x00, 0x09, 0x05, 0x00, 0x00, 0x9f, // ...A............
	0x00, 0x00, 0x00, 0x69, 0x01, 0x00, 0x00, 0xa2, 0x00, 0x00, 0x00, 0x3d, 0x00, 0x04, 0x00, 0x07, // ...i.......=....
	0x00, 0x00, 0x00, 0x0a, 0x05, 0x00, 0x00, 0x09, 0x05, 0x00, 0x00, 0xba, 0x00, 0x05, 0x00, 0xa8, // ................
	0x00, 0x00, 0x00, 0x0b, 0x05, 0x00, 0x00, 0x0a, 0x05, 0x00, 0x00, 0xa7, 0x00, 0x00, 0x00, 0xa7, // ................
	0x00, 0x05, 0x00, 0xa8, 0x00, 0x00, 0x00, 0x0c, 0x05, 0x00, 0x00, 0x08, 0x05, 0x00, 0x00, 0x0b, // ................
	0x05, 0x00, 0x00, 0xf7, 0x00, 0x03, 0x00, 0x60, 0x05, 0x00, 0x00, 0x00, 0x00, 0x00, 0x00, 0xfa, // .......`........
	0x00, 0x04, 0x00, 0x0c, 0x05, 0x00, 0x00, 0x0d, 0x05, 0x00, 0x00, 0x60, 0x05, 0x00, 0x00, 0xf8, // ...........`....
	0x00, 0x02, 0x00, 0x0d, 0x05, 0x00, 0x00, 0x0c, 0x00, 0x07, 0x00, 0x07, 0x00, 0x00, 0x00, 0x10, // ................
	0x05, 0x00, 0x00, 0x01, 0x00, 0x00, 0x00, 0x28, 0x00, 0x00, 0x00, 0x00, 0x04, 0x00, 0x00, 0xb5, // .......(........
	0x00, 0x00, 0x00, 0x88, 0x00, 0x05, 0x00, 0x07, 0x00, 0x00, 0x00, 0x11, 0x05, 0x00, 0x00, 0xb8, // ................
	0x00, 0x00, 0x00, 0x10, 0x05, 0x00, 0x00, 0x0c, 0x00, 0x07, 0x00, 0x07, 0x00, 0x00, 0x00, 0x14, // ................
	0x05, 0x00, 0x00, 0x01, 0x00, 0x00, 0x00, 0x28, 0x00, 0x00, 0x00, 0x02, 0x04, 0x00, 0x00, 0xb5, // .......(........
	0x00, 0x00, 0x00, 0x88, 0x00, 0x05, 0x00, 0x07, 0x00, 0x00, 0x00, 0x15, 0x05, 0x00, 0x00, 0xb8, // ................
	0x00, 0x00, 0x00, 0x14, 0x05, 0x00, 0x00, 0x50, 0x00, 0x05, 0x00, 0x0b, 0x00, 0x00, 0x00, 0x16, // .......P........
	0x05, 0x00, 0x00, 0x11, 0x05, 0x00, 0x00, 0x15, 0x05, 0x00, 0x00, 0x0c, 0x00, 0x07, 0x00, 0x07, // ................
	0x00, 0x00, 0x00, 0x1b, 0x05, 0x00, 0x00, 0x01, 0x00, 0x00, 0x00, 0x25, 0x00, 0x00, 0x00, 0x11, // ...........%....
	0x05, 0x00, 0x00, 0x15, 0x05, 0x00, 0x00, 0x0c, 0x00, 0x07, 0x00, 0x07, 0x00, 0x00, 0x00, 0x1e, // ................
	0x05, 0x00, 0x00, 0x01, 0x00, 0x00, 0x00, 0x28, 0x00, 0x00, 0x00, 0x1b, 0x05, 0x00, 0x00, 0xb8, // .......(........
	0x00, 0x00, 0x00, 0x50, 0x00, 0x05, 0x00, 0x0b, 0x00, 0x00, 0x00, 0x1f, 0x05, 0x00, 0x00, 0x1e, // ...P............
	0x05, 0x00, 0x00, 0x1e, 0x05, 0x00, 0x00, 0x88, 0x00, 0x05, 0x00, 0x0b, 0x00, 0x00, 0x00, 0x20, // ............... 
	0x05, 0x00, 0x00, 0x16, 0x05, 0x00, 0x00, 0x1f, 0x05, 0x00, 0x00, 0x41, 0x00, 0x05, 0x00, 0xbb, // ...........A....
	0x00, 0x00, 0x00, 0x22, 0x05, 0x00, 0x00, 0x9f, 0x00, 0x00, 0x00, 0x69, 0x01, 0x00, 0x00, 0x3d, // ...".......i...=
	0x00, 0x04, 0x00, 0x0d, 0x00, 0x00, 0x00, 0x23, 0x05, 0x00, 0x00, 0x22, 0x05, 0x00, 0x00, 0x4f, // .......#..."...O
	0x00, 0x07, 0x00, 0x0b, 0x00, 0x00, 0x00, 0x24, 0x05, 0x00, 0x00, 0x23, 0x05, 0x00, 0x00, 0x23, // .......$...#...#
	0x05, 0x00, 0x00, 0x00, 0x00, 0x00, 0x00, 0x01, 0x00, 0x00, 0x00, 0x83, 0x00, 0x05, 0x00, 0x0b, // ................
	0x00, 0x00, 0x00, 0x25, 0x05, 0x00, 0x00, 0xd5, 0x0a, 0x00, 0x00, 0x24, 0x05, 0x00, 0x00, 0x85, // ...%.......$....
	0x00, 0x05, 0x00, 0x0b, 0x00, 0x00, 0x00, 0x27, 0x05, 0x00, 0x00, 0x25, 0x05, 0x00, 0x00, 0x20, // .......'...%... 
	0x05, 0x00, 0x00, 0x0c, 0x00, 0x06, 0x00, 0x07, 0x00, 0x00, 0x00, 0x29, 0x05, 0x00, 0x00, 0x01, // ...........)....
	0x00, 0x00, 0x00, 0x42, 0x00, 0x00, 0x00, 0x27, 0x05, 0x00, 0x00, 0x0c, 0x00, 0x07, 0x00, 0x07, // ...B...'........
	0x00, 0x00, 0x00, 0x2c, 0x05, 0x00, 0x00, 0x01, 0x00, 0x00, 0x00, 0x28, 0x00, 0x00, 0x00, 0x0a, // ...,.......(....
	0x05, 0x00, 0x00, 0x94, 0x01, 0x00, 0x00, 0x88, 0x00, 0x05, 0x00, 0x07, 0x00, 0x00, 0x00, 0x2f, // .............../
	0x05, 0x00, 0x00, 0x29, 0x05, 0x00, 0x00, 0x2c, 0x05, 0x00, 0x00, 0x0c, 0x00, 0x08, 0x00, 0x07, // ...)...,........
	0x00, 0x00, 0x00, 0x30, 0x05, 0x00, 0x00, 0x01, 0x00, 0x00, 0x00, 0x2b, 0x00, 0x00, 0x00, 0x2f, // ...0.......+.../
	0x05, 0x00, 0x00, 0xa7, 0x00, 0x00, 0x00, 0xb8, 0x00, 0x00, 0x00, 0x41, 0x00, 0x06, 0x00, 0xa3, // ...........A....
	0x00, 0x00, 0x00, 0x31, 0x05, 0x00, 0x00, 0x9f, 0x00, 0x00, 0x00, 0x65, 0x01, 0x00, 0x00, 0xb2, // ...1.......e....
	0x00, 0x00, 0x00, 0x3d, 0x00, 0x04, 0x00, 0x07, 0x00, 0x00, 0x00, 0x32, 0x05, 0x00, 0x00, 0x31, // ...=.......2...1
	0x05, 0x00, 0x00, 0x85, 0x00, 0x05, 0x00, 0x07, 0x00, 0x00, 0x00, 0x34, 0x05, 0x00, 0x00, 0x32, // ...........4...2
	0x05, 0x00, 0x00, 0x30, 0x05, 0x00, 0x00, 0x85, 0x00, 0x05, 0x00, 0x07, 0x00, 0x00, 0x00, 0x36, // ...0...........6
	0x05, 0x00, 0x00, 0x34, 0x05, 0x00, 0x00, 0x30, 0x05, 0x00, 0x00, 0x81, 0x00, 0x05, 0x00, 0x07, // ...4...0........
	0x00, 0x00, 0x00, 0x37, 0x05, 0x00, 0x00, 0xb8, 0x00, 0x00, 0x00, 0x36, 0x05, 0x00, 0x00, 0x8e, // ...7.......6....
	0x00, 0x05, 0x00, 0x0b, 0x00, 0x00, 0x00, 0x3a, 0x05, 0x00, 0x00, 0x27, 0x05, 0x00, 0x00, 0x37, // .......:...'...7
	0x05, 0x00, 0x00, 0x41, 0x00, 0x06, 0x00, 0xa3, 0x00, 0x00, 0x00, 0x3b, 0x05, 0x00, 0x00, 0x9f, // ...A.......;....
	0x00, 0x00, 0x00, 0x69, 0x01, 0x00, 0x00, 0xa7, 0x01, 0x00, 0x00, 0x3d, 0x00, 0x04, 0x00, 0x07, // ...i.......=....
	0x00, 0x00, 0x00, 0x3c, 0x05, 0x00, 0x00, 0x3b, 0x05, 0x00, 0x00, 0x0c, 0x00, 0x07, 0x00, 0x07, // ...<...;........
	0x00, 0x00, 0x00, 0x3d, 0x05, 0x00, 0x00, 0x01, 0x00, 0x00, 0x00, 0x28, 0x00, 0x00, 0x00, 0x3c, // ...=.......(...<
	0x05, 0x00, 0x00, 0xb8, 0x00, 0x00, 0x00, 0x50, 0x00, 0x05, 0x00, 0x0b, 0x00, 0x00, 0x00, 0x3e, // .......P.......>
	0x05, 0x00, 0x00, 0x3d, 0x05, 0x00, 0x00, 0x3d, 0x05, 0x00, 0x00, 0x88, 0x00, 0x05, 0x00, 0x0b, // ...=...=........
	0x00, 0x00, 0x00, 0x3f, 0x05, 0x00, 0x00, 0x3a, 0x05, 0x00, 0x00, 0x3e, 0x05, 0x00, 0x00, 0x88, // ...?...:...>....
	0x00, 0x05, 0x00, 0x0b, 0x00, 0x00, 0x00, 0x45, 0x05, 0x00, 0x00, 0x3f, 0x05, 0x00, 0x00, 0x20, // .......E...?... 
	0x05, 0x00, 0x00, 0x81, 0x00, 0x05, 0x00, 0x0b, 0x00, 0x00, 0x00, 0x46, 0x05, 0x00, 0x00, 0x24, // ...........F...$
	0x05, 0x00, 0x00, 0x45, 0x05, 0x00, 0x00, 0x81, 0x00, 0x05, 0x00, 0x0b, 0x00, 0x00, 0x00, 0x48, // ...E...........H
	0x05, 0x00, 0x00, 0x46, 0x05, 0x00, 0x00, 0x02, 0x05, 0x00, 0x00, 0x41, 0x00, 0x06, 0x00, 0xa3, // ...F.......A....
	0x00, 0x00, 0x00, 0x49, 0x05, 0x00, 0x00, 0x9f, 0x00, 0x00, 0x00, 0x65, 0x01, 0x00, 0x00, 0xaf, // ...I.......e....
	0x00, 0x00, 0x00, 0x3d, 0x00, 0x04, 0x00, 0x07, 0x00, 0x00, 0x00, 0x4a, 0x05, 0x00, 0x00, 0x49, // ...=.......J...I
	0x05, 0x00, 0x00, 0x0c, 0x00, 0x07, 0x00, 0x07, 0x00, 0x00, 0x00, 0x4b, 0x05, 0x00, 0x00, 0x01, // ...........K....
	0x00, 0x00, 0x00, 0x28, 0x00, 0x00, 0x00, 0x4a, 0x05, 0x00, 0x00, 0xa7, 0x00, 0x00, 0x00, 0x0c, // ...(...J........
	0x00, 0x07, 0x00, 0x07, 0x00, 0x00, 0x00, 0x4d, 0x05, 0x00, 0x00, 0x01, 0x00, 0x00, 0x00, 0x25, // .......M.......%
	0x00, 0x00, 0x00, 0x4b, 0x05, 0x00, 0x00, 0x2c, 0x05, 0x00, 0x00, 0xba, 0x00, 0x05, 0x00, 0xa8, // ...K...,........
	0x00, 0x00, 0x00, 0x4f, 0x05, 0x00, 0x00, 0x4d, 0x05, 0x00, 0x00, 0x94, 0x01, 0x00, 0x00, 0x83, // ...O...M........
	0x00, 0x05, 0x00, 0x07, 0x00, 0x00, 0x00, 0x52, 0x05, 0x00, 0x00, 0x2c, 0x05, 0x00, 0x00, 0x4d, // .......R...,...M
	0x05, 0x00, 0x00, 0x0c, 0x00, 0x08, 0x00, 0x07, 0x00, 0x00, 0x00, 0x55, 0x05, 0x00, 0x00, 0x01, // ...........U....
	0x00, 0x00, 0x00, 0x31, 0x00, 0x00, 0x00, 0x52, 0x05, 0x00, 0x00, 0x2c, 0x05, 0x00, 0x00, 0x29, // ...1...R...,...)
	0x05, 0x00, 0x00, 0x83, 0x00, 0x05, 0x00, 0x07, 0x00, 0x00, 0x00, 0x56, 0x05, 0x00, 0x00, 0xb8, // ...........V....
	0x00, 0x00, 0x00, 0x55, 0x05, 0x00, 0x00, 0x0c, 0x00, 0x07, 0x00, 0x07, 0x00, 0x00, 0x00, 0x59, // ...U...........Y
	0x05, 0x00, 0x00, 0x01, 0x00, 0x00, 0x00, 0x30, 0x00, 0x00, 0x00, 0x29, 0x05, 0x00, 0x00, 0x2c, // .......0...)...,
	0x05, 0x00, 0x00, 0xa9, 0x00, 0x06, 0x00, 0x07, 0x00, 0x00, 0x00, 0x5a, 0x05, 0x00, 0x00, 0x4f, // ...........Z...O
	0x05, 0x00, 0x00, 0x56, 0x05, 0x00, 0x00, 0x59, 0x05, 0x00, 0x00, 0x50, 0x00, 0x05, 0x00, 0x0b, // ...V...Y...P....
	0x00, 0x00, 0x00, 0x5c, 0x05, 0x00, 0x00, 0x5a, 0x05, 0x00, 0x00, 0x5a, 0x05, 0x00, 0x00, 0x0c, // .......Z...Z....
	0x00, 0x08, 0x00, 0x0b, 0x00, 0x00, 0x00, 0x69, 0x05, 0x00, 0x00, 0x01, 0x00, 0x00, 0x00, 0x2e, // .......i........
	0x00, 0x00, 0x00, 0x05, 0x05, 0x00, 0x00, 0x48, 0x05, 0x00, 0x00, 0x5c, 0x05, 0x00, 0x00, 0xf9, // .......H........
	0x00, 0x02, 0x00, 0x60, 0x05, 0x00, 0x00, 0xf8, 0x00, 0x02, 0x00, 0x60, 0x05, 0x00, 0x00, 0xf5, // ...`.......`....
	0x00, 0x07, 0x00, 0x0b, 0x00, 0x00, 0x00, 0x5c, 0x0b, 0x00, 0x00, 0x05, 0x05, 0x00, 0x00, 0xfd, // ................
	0x03, 0x00, 0x00, 0x69, 0x05, 0x00, 0x00, 0x0d, 0x05, 0x00, 0x00, 0x8e, 0x00, 0x05, 0x00, 0x0b, // ...i............
	0x00, 0x00, 0x00, 0x6f, 0x05, 0x00, 0x00, 0x03, 0x04, 0x00, 0x00, 0xc0, 0x00, 0x00, 0x00, 0x83, // ...o............
	0x00, 0x05, 0x00, 0x0b, 0x00, 0x00, 0x00, 0x73, 0x05, 0x00, 0x00, 0xc0, 0x02, 0x00, 0x00, 0x6f, // .......s.......o
	0x05, 0x00, 0x00, 0x0c, 0x00, 0x08, 0x00, 0x0b, 0x00, 0x00, 0x00, 0x74, 0x05, 0x00, 0x00, 0x01, // ...........t....
	0x00, 0x00, 0x00, 0x2b, 0x00, 0x00, 0x00, 0x5c, 0x0b, 0x00, 0x00, 0x6f, 0x05, 0x00, 0x00, 0x73, // ...+.......o...s
	0x05, 0x00, 0x00, 0x51, 0x00, 0x05, 0x00, 0x07, 0x00, 0x00, 0x00, 0x7f, 0x05, 0x00, 0x00, 0x74, // ...Q...........t
	0x05, 0x00, 0x00, 0x01, 0x00, 0x00, 0x00, 0x83, 0x00, 0x05, 0x00, 0x07, 0x00, 0x00, 0x00, 0x80, // ................
	0x05, 0x00, 0x00, 0xb8, 0x00, 0x00, 0x00, 0x7f, 0x05, 0x00, 0x00, 0x0c, 0x00, 0x08, 0x00, 0x07, // ................
	0x00, 0x00, 0x00, 0x8d, 0x05, 0x00, 0x00, 0x01, 0x00, 0x00, 0x00, 0x2e, 0x00, 0x00, 0x00, 0x7f, // ................
	0x05, 0x00, 0x00, 0x80, 0x05, 0x00, 0x00, 0x0b, 0x04, 0x00, 0x00, 0x52, 0x00, 0x06, 0x00, 0x0b, // ...........R....
	0x00, 0x00, 0x00, 0xdd, 0x0a, 0x00, 0x00, 0x8d, 0x05, 0x00, 0x00, 0x74, 0x05, 0x00, 0x00, 0x01, // ...........t....
	0x00, 0x00, 0x00, 0x0c, 0x00, 0x07, 0x00, 0x0b, 0x00, 0x00, 0x00, 0x15, 0x04, 0x00, 0x00, 0x01, // ................
	0x00, 0x00, 0x00, 0x28, 0x00, 0x00, 0x00, 0x03, 0x04, 0x00, 0x00, 0x55, 0x0b, 0x00, 0x00, 0x88, // ...(.......U....
	0x00, 0x05, 0x00, 0x0b, 0x00, 0x00, 0x00, 0x16, 0x04, 0x00, 0x00, 0xd5, 0x0a, 0x00, 0x00, 0x15, // ................
	0x04, 0x00, 0x00, 0x41, 0x00, 0x06, 0x00, 0xa3, 0x00, 0x00, 0x00, 0x17, 0x04, 0x00, 0x00, 0x9f, // ...A............
	0x00, 0x00, 0x00, 0x74, 0x00, 0x00, 0x00, 0xa7, 0x01, 0x00, 0x00, 0x3d, 0x00, 0x04, 0x00, 0x07, // ...t.......=....
	0x00, 0x00, 0x00, 0x18, 0x04, 0x00, 0x00, 0x17, 0x04, 0x00, 0x00, 0xb8, 0x00, 0x05, 0x00, 0xa8, // ................
	0x00, 0x00, 0x00, 0x19, 0x04, 0x00, 0x00, 0x18, 0x04, 0x00, 0x00, 0xc0, 0x00, 0x00, 0x00, 0xf7, // ................
	0x00, 0x03, 0x00, 0x2c, 0x04, 0x00, 0x00, 0x00, 0x00, 0x00, 0x00, 0xfa, 0x00, 0x04, 0x00, 0x19, // ...,............
	0x04, 0x00, 0x00, 0x1a, 0x04, 0x00, 0x00, 0x2c, 0x04, 0x00, 0x00, 0xf8, 0x00, 0x02, 0x00, 0x1a, // .......,........
	0x04, 0x00, 0x00, 0x0c, 0x00, 0x08, 0x00, 0x0b, 0x00, 0x00, 0x00, 0xa8, 0x05, 0x00, 0x00, 0x01, // ................
	0x00, 0x00, 0x00, 0x2b, 0x00, 0x00, 0x00, 0xdd, 0x0a, 0x00, 0x00, 0x6f, 0x05, 0x00, 0x00, 0x73, // ...+.......o...s
	0x05, 0x00, 0x00, 0x56, 0x00, 0x05, 0x00, 0x78, 0x00, 0x00, 0x00, 0xb3, 0x05, 0x00, 0x00, 0x67, // ...V...x.......g
	0x00, 0x00, 0x00, 0x64, 0x00, 0x00, 0x00, 0x57, 0x00, 0x05, 0x00, 0x0d, 0x00, 0x00, 0x00, 0xb5, // ...d...W........
	0x05, 0x00, 0x00, 0xb3, 0x05, 0x00, 0x00, 0xa8, 0x05, 0x00, 0x00, 0x4f, 0x00, 0x08, 0x00, 0x20, // ...........O... 
	0x00, 0x00, 0x00, 0x9d, 0x05, 0x00, 0x00, 0xb5, 0x05, 0x00, 0x00, 0xb5, 0x05, 0x00, 0x00, 0x00, // ................
	0x00, 0x00, 0x00, 0x01, 0x00, 0x00, 0x00, 0x02, 0x00, 0x00, 0x00, 0x56, 0x00, 0x05, 0x00, 0x78, // ...........V...x
	0x00, 0x00, 0x00, 0xc9, 0x05, 0x00, 0x00, 0x6d, 0x00, 0x00, 0x00, 0x6b, 0x00, 0x00, 0x00, 0x57, // .......m...k...W
	0x00, 0x05, 0x00, 0x0d, 0x00, 0x00, 0x00, 0xcb, 0x05, 0x00, 0x00, 0xc9, 0x05, 0x00, 0x00, 0xdd, // ................
	0x0a, 0x00, 0x00, 0x4f, 0x00, 0x08, 0x00, 0x20, 0x00, 0x00, 0x00, 0xbe, 0x05, 0x00, 0x00, 0xcb, // ...O... ........
	0x05, 0x00, 0x00, 0xcb, 0x05, 0x00, 0x00, 0x00, 0x00, 0x00, 0x00, 0x01, 0x00, 0x00, 0x00, 0x02, // ................
	0x00, 0x00, 0x00, 0x41, 0x00, 0x06, 0x00, 0xa3, 0x00, 0x00, 0x00, 0xbf, 0x05, 0x00, 0x00, 0x9f, // ...A............
	0x00, 0x00, 0x00, 0x70, 0x00, 0x00, 0x00, 0xb2, 0x00, 0x00, 0x00, 0x3d, 0x00, 0x04, 0x00, 0x07, // ...p.......=....
	0x00, 0x00, 0x00, 0xc0, 0x05, 0x00, 0x00, 0xbf, 0x05, 0x00, 0x00, 0x8e, 0x00, 0x05, 0x00, 0x20, // ............... 
	0x00, 0x00, 0x00, 0xc1, 0x05, 0x00, 0x00, 0xbe, 0x05, 0x00, 0x00, 0xc0, 0x05, 0x00, 0x00, 0x81, // ................
	0x00, 0x05, 0x00, 0x20, 0x00, 0x00, 0x00, 0xc2, 0x05, 0x00, 0x00, 0x9d, 0x05, 0x00, 0x00, 0xc1, // ... ............
	0x05, 0x00, 0x00, 0xf7, 0x00, 0x03, 0x00, 0x4c, 0x06, 0x00, 0x00, 0x00, 0x00, 0x00, 0x00, 0xfb, // .......L........
	0x00, 0x03, 0x00, 0xb2, 0x00, 0x00, 0x00, 0xe2, 0x05, 0x00, 0x00, 0xf8, 0x00, 0x02, 0x00, 0xe2, // ................
	0x05, 0x00, 0x00, 0x41, 0x00, 0x06, 0x00, 0xa3, 0x00, 0x00, 0x00, 0xe3, 0x05, 0x00, 0x00, 0x9f, // ...A............
	0x00, 0x00, 0x00, 0xa0, 0x00, 0x00, 0x00, 0xa2, 0x00, 0x00, 0x00, 0x3d, 0x00, 0x04, 0x00, 0x07, // ...........=....
	0x00, 0x00, 0x00, 0xe4, 0x05, 0x00, 0x00, 0xe3, 0x05, 0x00, 0x00, 0xbc, 0x00, 0x05, 0x00, 0xa8, // ................
	0x00, 0x00, 0x00, 0xe6, 0x05, 0x00, 0x00, 0xe4, 0x05, 0x00, 0x00, 0xa7, 0x00, 0x00, 0x00, 0xf7, // ................
	0x00, 0x03, 0x00, 0xe9, 0x05, 0x00, 0x00, 0x00, 0x00, 0x00, 0x00, 0xfa, 0x00, 0x04, 0x00, 0xe6, // ................
	0x05, 0x00, 0x00, 0xe7, 0x05, 0x00, 0x00, 0xe9, 0x05, 0x00, 0x00, 0xf8, 0x00, 0x02, 0x00, 0xe7, // ................
	0x05, 0x00, 0x00, 0xf9, 0x00, 0x02, 0x00, 0x4c, 0x06, 0x00, 0x00, 0xf8, 0x00, 0x02, 0x00, 0xe9, // .......L........
	0x05, 0x00, 0x00, 0x0c, 0x00, 0x07, 0x00, 0x07, 0x00, 0x00, 0x00, 0xee, 0x05, 0x00, 0x00, 0x01, // ................
	0x00, 0x00, 0x00, 0x28, 0x00, 0x00, 0x00, 0x00, 0x04, 0x00, 0x00, 0xb5, 0x00, 0x00, 0x00, 0x88, // ...(............
	0x00, 0x05, 0x00, 0x07, 0x00, 0x00, 0x00, 0xef, 0x05, 0x00, 0x00, 0x02, 0x04, 0x00, 0x00, 0xee, // ................
	0x05, 0x00, 0x00, 0x50, 0x00, 0x05, 0x00, 0x0b, 0x00, 0x00, 0x00, 0xf0, 0x05, 0x00, 0x00, 0xef, // ...P............
	0x05, 0x00, 0x00, 0xb8, 0x00, 0x00, 0x00, 0x41, 0x00, 0x05, 0x00, 0xbb, 0x00, 0x00, 0x00, 0xf1, // .......A........
	0x05, 0x00, 0x00, 0x9f, 0x00, 0x00, 0x00, 0xa0, 0x00, 0x00, 0x00, 0x3d, 0x00, 0x04, 0x00, 0x0d, // ...........=....
	0x00, 0x00, 0x00, 0xf2, 0x05, 0x00, 0x00, 0xf1, 0x05, 0x00, 0x00, 0x4f, 0x00, 0x07, 0x00, 0x0b, // ...........O....
	0x00, 0x00, 0x00, 0xf3, 0x05, 0x00, 0x00, 0xf2, 0x05, 0x00, 0x00, 0xf2, 0x05, 0x00, 0x00, 0x00, // ................
	0x00, 0x00, 0x00, 0x01, 0x00, 0x00, 0x00, 0x83, 0x00, 0x05, 0x00, 0x0b, 0x00, 0x00, 0x00, 0xf6, // ................
	0x05, 0x00, 0x00, 0xc1, 0x00, 0x00, 0x00, 0xf3, 0x05, 0x00, 0x00, 0x83, 0x00, 0x05, 0x00, 0x0b, // ................
	0x00, 0x00, 0x00, 0xfa, 0x05, 0x00, 0x00, 0xd5, 0x0a, 0x00, 0x00, 0xf3, 0x05, 0x00, 0x00, 0x85, // ................
	0x00, 0x05, 0x00, 0x0b, 0x00, 0x00, 0x00, 0xfc, 0x05, 0x00, 0x00, 0xfa, 0x05, 0x00, 0x00, 0xf0, // ................
	0x05, 0x00, 0x00, 0x0c, 0x00, 0x06, 0x00, 0x07, 0x00, 0x00, 0x00, 0xfd, 0x05, 0x00, 0x00, 0x01, // ................
	0x00, 0x00, 0x00, 0x42, 0x00, 0x00, 0x00, 0xfc, 0x05, 0x00, 0x00, 0x7f, 0x00, 0x04, 0x00, 0x07, // ...B............
	0x00, 0x00, 0x00, 0xff, 0x05, 0x00, 0x00, 0xfd, 0x05, 0x00, 0x00, 0x85, 0x00, 0x05, 0x00, 0x07, // ................
	0x00, 0x00, 0x00, 0x01, 0x06, 0x00, 0x00, 0xff, 0x05, 0x00, 0x00, 0xfd, 0x05, 0x00, 0x00, 0x85, // ................
	0x00, 0x05, 0x00, 0x07, 0x00, 0x00, 0x00, 0x02, 0x06, 0x00, 0x00, 0x01, 0x06, 0x00, 0x00, 0xd7, // ................
	0x00, 0x00, 0x00, 0x0c, 0x00, 0x06, 0x00, 0x07, 0x00, 0x00, 0x00, 0x03, 0x06, 0x00, 0x00, 0x01, // ................
	0x00, 0x00, 0x00, 0x1b, 0x00, 0x00, 0x00, 0x02, 0x06, 0x00, 0x00, 0x8e, 0x00, 0x05, 0x00, 0x20, // ............... 
	0x00, 0x00, 0x00, 0x04, 0x06, 0x00, 0x00, 0xd2, 0x00, 0x00, 0x00, 0x03, 0x06, 0x00, 0x00, 0x8e, // ................
	0x00, 0x05, 0x00, 0x20, 0x00, 0x00, 0x00, 0x05, 0x06, 0x00, 0x00, 0x04, 0x06, 0x00, 0x00, 0xdb, // ... ............
	0x00, 0x00, 0x00, 0x85, 0x00, 0x05, 0x00, 0x07, 0x00, 0x00, 0x00, 0x0a, 0x06, 0x00, 0x00, 0xfd, // ................
	0x05, 0x00, 0x00, 0x5a, 0x0b, 0x00, 0x00, 0x0c, 0x00, 0x06, 0x00, 0x07, 0x00, 0x00, 0x00, 0x0b, // ...Z............
	0x06, 0x00, 0x00, 0x01, 0x00, 0x00, 0x00, 0x1b, 0x00, 0x00, 0x00, 0x0a, 0x06, 0x00, 0x00, 0x8e, // ................
	0x00, 0x05, 0x00, 0x20, 0x00, 0x00, 0x00, 0x0c, 0x06, 0x00, 0x00, 0xe1, 0x00, 0x00, 0x00, 0x0b, // ... ............
	0x06, 0x00, 0x00, 0x8e, 0x00, 0x05, 0x00, 0x20, 0x00, 0x00, 0x00, 0x0d, 0x06, 0x00, 0x00, 0x0c, // ....... ........
	0x06, 0x00, 0x00, 0xe8, 0x00, 0x00, 0x00, 0x81, 0x00, 0x05, 0x00, 0x20, 0x00, 0x00, 0x00, 0x0f, // ........... ....
	0x06, 0x00, 0x00, 0x05, 0x06, 0x00, 0x00, 0x0d, 0x06, 0x00, 0x00, 0xf9, 0x00, 0x02, 0x00, 0x10, // ................
	0x06, 0x00, 0x00, 0xf8, 0x00, 0x02, 0x00, 0x10, 0x06, 0x00, 0x00, 0xf5, 0x00, 0x07, 0x00, 0x20, // ............... 
	0x00, 0x00, 0x00, 0x61, 0x0b, 0x00, 0x00, 0x0f, 0x06, 0x00, 0x00, 0xe9, 0x05, 0x00, 0x00, 0x39, // ...a...........9
	0x06, 0x00, 0x00, 0x14, 0x06, 0x00, 0x00, 0xf5, 0x00, 0x07, 0x00, 0x6f, 0x00, 0x00, 0x00, 0x60, // ...........o...`
	0x0b, 0x00, 0x00, 0x74, 0x00, 0x00, 0x00, 0xe9, 0x05, 0x00, 0x00, 0x3c, 0x06, 0x00, 0x00, 0x14, // ...t.......<....
	0x06, 0x00, 0x00, 0xb1, 0x00, 0x05, 0x00, 0xa8, 0x00, 0x00, 0x00, 0x13, 0x06, 0x00, 0x00, 0x60, // ...............`
	0x0b, 0x00, 0x00, 0xf4, 0x00, 0x00, 0x00, 0xf6, 0x00, 0x04, 0x00, 0x3d, 0x06, 0x00, 0x00, 0x14, // ...........=....
	0x06, 0x00, 0x00, 0x00, 0x00, 0x00, 0x00, 0xfa, 0x00, 0x04, 0x00, 0x13, 0x06, 0x00, 0x00, 0x14, // ................
	0x06, 0x00, 0x00, 0x3d, 0x06, 0x00, 0x00, 0xf8, 0x00, 0x02, 0x00, 0x14, 0x06, 0x00, 0x00, 0x6f, // ...=...........o
	0x00, 0x04, 0x00, 0x07, 0x00, 0x00, 0x00, 0x16, 0x06, 0x00, 0x00, 0x60, 0x0b, 0x00, 0x00, 0x85, // ...........`....
	0x00, 0x05, 0x00, 0x07, 0x00, 0x00, 0x00, 0x17, 0x06, 0x00, 0x00, 0x16, 0x06, 0x00, 0x00, 0xfa, // ................
	0x00, 0x00, 0x00, 0x81, 0x00, 0x05, 0x00, 0x07, 0x00, 0x00, 0x00, 0x18, 0x06, 0x00, 0x00, 0xf7, // ................
	0x00, 0x00, 0x00, 0x17, 0x06, 0x00, 0x00, 0x8e, 0x00, 0x05, 0x00, 0x0b, 0x00, 0x00, 0x00, 0x1c, // ................
	0x06, 0x00, 0x00, 0xf6, 0x05, 0x00, 0x00, 0x18, 0x06, 0x00, 0x00, 0x81, 0x00, 0x05, 0x00, 0x0b, // ................
	0x00, 0x00, 0x00, 0x1d, 0x06, 0x00, 0x00, 0xf3, 0x05, 0x00, 0x00, 0x1c, 0x06, 0x00, 0x00, 0x83, // ................
	0x00, 0x05, 0x00, 0x0b, 0x00, 0x00, 0x00, 0x20, 0x06, 0x00, 0x00, 0xd5, 0x0a, 0x00, 0x00, 0x1d, // ....... ........
	0x06, 0x00, 0x00, 0x85, 0x00, 0x05, 0x00, 0x0b, 0x00, 0x00, 0x00, 0x22, 0x06, 0x00, 0x00, 0x20, // ..........."... 
	0x06, 0x00, 0x00, 0xf0, 0x05, 0x00, 0x00, 0x0c, 0x00, 0x06, 0x00, 0x07, 0x00, 0x00, 0x00, 0x23, // ...............#
	0x06, 0x00, 0x00, 0x01, 0x00, 0x00, 0x00, 0x42, 0x00, 0x00, 0x00, 0x22, 0x06, 0x00, 0x00, 0x85, // .......B..."....
	0x00, 0x05, 0x00, 0x07, 0x00, 0x00, 0x00, 0x26, 0x06, 0x00, 0x00, 0x16, 0x06, 0x00, 0x00, 0x0e, // .......&........
	0x01, 0x00, 0x00, 0x81, 0x00, 0x05, 0x00, 0x07, 0x00, 0x00, 0x00, 0x27, 0x06, 0x00, 0x00, 0x0b, // ...........'....
	0x01, 0x00, 0x00, 0x26, 0x06, 0x00, 0x00, 0x85, 0x00, 0x05, 0x00, 0x07, 0x00, 0x00, 0x00, 0x2a, // ...&...........*
	0x06, 0x00, 0x00, 0x16, 0x06, 0x00, 0x00, 0x14, 0x01, 0x00, 0x00, 0x0c, 0x00, 0x06, 0x00, 0x07, // ................
	0x00, 0x00, 0x00, 0x2b, 0x06, 0x00, 0x00, 0x01, 0x00, 0x00, 0x00, 0x0a, 0x00, 0x00, 0x00, 0x2a, // ...+...........*
	0x06, 0x00, 0x00, 0x50, 0x00, 0x06, 0x00, 0x20, 0x00, 0x00, 0x00, 0x2c, 0x06, 0x00, 0x00, 0x2b, // ...P... ...,...+
	0x06, 0x00, 0x00, 0x2b, 0x06, 0x00, 0x00, 0x2b, 0x06, 0x00, 0x00, 0x0c, 0x00, 0x08, 0x00, 0x20, // ...+...+....... 
	0x00, 0x00, 0x00, 0x57, 0x06, 0x00, 0x00, 0x01, 0x00, 0x00, 0x00, 0x2e, 0x00, 0x00, 0x00, 0x13, // ...W............
	0x01, 0x00, 0x00, 0x15, 0x01, 0x00, 0x00, 0x2c, 0x06, 0x00, 0x00, 0x7f, 0x00, 0x04, 0x00, 0x07, // .......,........
	0x00, 0x00, 0x00, 0x30, 0x06, 0x00, 0x00, 0x23, 0x06, 0x00, 0x00, 0x85, 0x00, 0x05, 0x00, 0x07, // ...0...#........
	0x00, 0x00, 0x00, 0x32, 0x06, 0x00, 0x00, 0x30, 0x06, 0x00, 0x00, 0x23, 0x06, 0x00, 0x00, 0x85, // ...2...0...#....
	0x00, 0x05, 0x00, 0x07, 0x00, 0x00, 0x00, 0x34, 0x06, 0x00, 0x00, 0x32, 0x06, 0x00, 0x00, 0x27, // .......4...2...'
	0x06, 0x00, 0x00, 0x0c, 0x00, 0x06, 0x00, 0x07, 0x00, 0x00, 0x00, 0x35, 0x06, 0x00, 0x00, 0x01, // ...........5....
	0x00, 0x00, 0x00, 0x1b, 0x00, 0x00, 0x00, 0x34, 0x06, 0x00, 0x00, 0x8e, 0x00, 0x05, 0x00, 0x20, // .......4....... 
	0x00, 0x00, 0x00, 0x36, 0x06, 0x00, 0x00, 0x57, 0x06, 0x00, 0x00, 0x35, 0x06, 0x00, 0x00, 0x8e, // ...6...W...5....
	0x00, 0x05, 0x00, 0x20, 0x00, 0x00, 0x00, 0x37, 0x06, 0x00, 0x00, 0x36, 0x06, 0x00, 0x00, 0x28, // ... ...7...6...(
	0x01, 0x00, 0x00, 0x81, 0x00, 0x05, 0x00, 0x20, 0x00, 0x00, 0x00, 0x39, 0x06, 0x00, 0x00, 0x61, // ....... ...9...a
	0x0b, 0x00, 0x00, 0x37, 0x06, 0x00, 0x00, 0x80, 0x00, 0x05, 0x00, 0x6f, 0x00, 0x00, 0x00, 0x3c, // ...7.......o...<
	0x06, 0x00, 0x00, 0x60, 0x0b, 0x00, 0x00, 0x70, 0x00, 0x00, 0x00, 0xf9, 0x00, 0x02, 0x00, 0x10, // ...`...p........
	0x06, 0x00, 0x00, 0xf8, 0x00, 0x02, 0x00, 0x3d, 0x06, 0x00, 0x00, 0x83, 0x00, 0x05, 0x00, 0x0b, // .......=........
	0x00, 0x00, 0x00, 0x40, 0x06, 0x00, 0x00, 0xd5, 0x0a, 0x00, 0x00, 0xc1, 0x00, 0x00, 0x00, 0x85, // ...@............
	0x00, 0x05, 0x00, 0x0b, 0x00, 0x00, 0x00, 0x42, 0x06, 0x00, 0x00, 0x40, 0x06, 0x00, 0x00, 0xf0, // .......B...@....
	0x05, 0x00, 0x00, 0x0c, 0x00, 0x06, 0x00, 0x07, 0x00, 0x00, 0x00, 0x43, 0x06, 0x00, 0x00, 0x01, // ...........C....
	0x00, 0x00, 0x00, 0x42, 0x00, 0x00, 0x00, 0x42, 0x06, 0x00, 0x00, 0x0c, 0x00, 0x08, 0x00, 0x07, // ...B...B........
	0x00, 0x00, 0x00, 0x44, 0x06, 0x00, 0x00, 0x01, 0x00, 0x00, 0x00, 0x31, 0x00, 0x00, 0x00, 0x2f, // ...D.......1.../
	0x01, 0x00, 0x00, 0xc0, 0x00, 0x00, 0x00, 0x43, 0x06, 0x00, 0x00, 0x8e, 0x00, 0x05, 0x00, 0x20, // .......C....... 
	0x00, 0x00, 0x00, 0x48, 0x06, 0x00, 0x00, 0x61, 0x0b, 0x00, 0x00, 0xe4, 0x05, 0x00, 0x00, 0x8e, // ...H...a........
	0x00, 0x05, 0x00, 0x20, 0x00, 0x00, 0x00, 0x4a, 0x06, 0x00, 0x00, 0x48, 0x06, 0x00, 0x00, 0x44, // ... ...J...H...D
	0x06, 0x00, 0x00, 0x81, 0x00, 0x05, 0x00, 0x20, 0x00, 0x00, 0x00, 0x4b, 0x06, 0x00, 0x00, 0xc2, // ....... ...K....
	0x05, 0x00, 0x00, 0x4a, 0x06, 0x00, 0x00, 0xf9, 0x00, 0x02, 0x00, 0x4c, 0x06, 0x00, 0x00, 0xf8, // ...J.......L....
	0x00, 0x02, 0x00, 0x4c, 0x06, 0x00, 0x00, 0xf5, 0x00, 0x07, 0x00, 0x20, 0x00, 0x00, 0x00, 0x62, // ...L....... ...b
	0x0b, 0x00, 0x00, 0xc2, 0x05, 0x00, 0x00, 0xe7, 0x05, 0x00, 0x00, 0x4b, 0x06, 0x00, 0x00, 0x3d, // ...........K...=
	0x06, 0x00, 0x00, 0x81, 0x00, 0x05, 0x00, 0x0b, 0x00, 0x00, 0x00, 0x63, 0x06, 0x00, 0x00, 0x16, // ...........c....
	0x04, 0x00, 0x00, 0xc1, 0x00, 0x00, 0x00, 0x51, 0x00, 0x05, 0x00, 0x07, 0x00, 0x00, 0x00, 0x82, // .......Q........
	0x06, 0x00, 0x00, 0x63, 0x06, 0x00, 0x00, 0x00, 0x00, 0x00, 0x00, 0x51, 0x00, 0x05, 0x00, 0x07, // ...c.......Q....
	0x00, 0x00, 0x00, 0x84, 0x06, 0x00, 0x00, 0x63, 0x06, 0x00, 0x00, 0x01, 0x00, 0x00, 0x00, 0x50, // .......c.......P
	0x00, 0x06, 0x00, 0x20, 0x00, 0x00, 0x00, 0x87, 0x06, 0x00, 0x00, 0x82, 0x06, 0x00, 0x00, 0x84, // ... ............
	0x06, 0x00, 0x00, 0x82, 0x06, 0x00, 0x00, 0x8e, 0x00, 0x05, 0x00, 0x20, 0x00, 0x00, 0x00, 0x88, // ........... ....
	0x06, 0x00, 0x00, 0x87, 0x06, 0x00, 0x00, 0xfb, 0x01, 0x00, 0x00, 0x0c, 0x00, 0x06, 0x00, 0x20, // ............... 
	0x00, 0x00, 0x00, 0x89, 0x06, 0x00, 0x00, 0x01, 0x00, 0x00, 0x00, 0x0a, 0x00, 0x00, 0x00, 0x88, // ................
	0x06, 0x00, 0x00, 0x51, 0x00, 0x05, 0x00, 0x07, 0x00, 0x00, 0x00, 0x8c, 0x06, 0x00, 0x00, 0x89, // ...Q............
	0x06, 0x00, 0x00, 0x01, 0x00, 0x00, 0x00, 0x51, 0x00, 0x05, 0x00, 0x07, 0x00, 0x00, 0x00, 0x8e, // .......Q........
	0x06, 0x00, 0x00, 0x89, 0x06, 0x00, 0x00, 0x02, 0x00, 0x00, 0x00, 0x51, 0x00, 0x05, 0x00, 0x07, // ...........Q....
	0x00, 0x00, 0x00, 0x90, 0x06, 0x00, 0x00, 0x89, 0x06, 0x00, 0x00, 0x00, 0x00, 0x00, 0x00, 0x50, // ...............P
	0x00, 0x06, 0x00, 0x20, 0x00, 0x00, 0x00, 0x91, 0x06, 0x00, 0x00, 0x8c, 0x06, 0x00, 0x00, 0x8e, // ... ............
	0x06, 0x00, 0x00, 0x90, 0x06, 0x00, 0x00, 0x81, 0x00, 0x05, 0x00, 0x20, 0x00, 0x00, 0x00, 0x93, // ........... ....
	0x06, 0x00, 0x00, 0x91, 0x06, 0x00, 0x00, 0x5b, 0x0b, 0x00, 0x00, 0x94, 0x00, 0x05, 0x00, 0x07, // .......[........
	0x00, 0x00, 0x00, 0x94, 0x06, 0x00, 0x00, 0x89, 0x06, 0x00, 0x00, 0x93, 0x06, 0x00, 0x00, 0x50, // ...............P
	0x00, 0x06, 0x00, 0x20, 0x00, 0x00, 0x00, 0xa8, 0x06, 0x00, 0x00, 0x94, 0x06, 0x00, 0x00, 0x94, // ... ............
	0x06, 0x00, 0x00, 0x94, 0x06, 0x00, 0x00, 0x81, 0x00, 0x05, 0x00, 0x20, 0x00, 0x00, 0x00, 0x97, // ........... ....
	0x06, 0x00, 0x00, 0x89, 0x06, 0x00, 0x00, 0xa8, 0x06, 0x00, 0x00, 0x51, 0x00, 0x05, 0x00, 0x07, // ...........Q....
	0x00, 0x00, 0x00, 0x99, 0x06, 0x00, 0x00, 0x97, 0x06, 0x00, 0x00, 0x00, 0x00, 0x00, 0x00, 0x51, // ...............Q
	0x00, 0x05, 0x00, 0x07, 0x00, 0x00, 0x00, 0x9b, 0x06, 0x00, 0x00, 0x97, 0x06, 0x00, 0x00, 0x01, // ................
	0x00, 0x00, 0x00, 0x81, 0x00, 0x05, 0x00, 0x07, 0x00, 0x00, 0x00, 0x9c, 0x06, 0x00, 0x00, 0x99, // ................
	0x06, 0x00, 0x00, 0x9b, 0x06, 0x00, 0x00, 0x51, 0x00, 0x05, 0x00, 0x07, 0x00, 0x00, 0x00, 0x9e, // .......Q........
	0x06, 0x00, 0x00, 0x97, 0x06, 0x00, 0x00, 0x02, 0x00, 0x00, 0x00, 0x85, 0x00, 0x05, 0x00, 0x07, // ................
	0x00, 0x00, 0x00, 0x9f, 0x06, 0x00, 0x00, 0x9c, 0x06, 0x00, 0x00, 0x9e, 0x06, 0x00, 0x00, 0x0c, // ................
	0x00, 0x06, 0x00, 0x07, 0x00, 0x00, 0x00, 0xa0, 0x06, 0x00, 0x00, 0x01, 0x00, 0x00, 0x00, 0x0a, // ................
	0x00, 0x00, 0x00, 0x9f, 0x06, 0x00, 0x00, 0x81, 0x00, 0x05, 0x00, 0x0b, 0x00, 0x00, 0x00, 0x66, // ...............f
	0x06, 0x00, 0x00, 0x16, 0x04, 0x00, 0x00, 0x22, 0x02, 0x00, 0x00, 0x51, 0x00, 0x05, 0x00, 0x07, // ......."...Q....
	0x00, 0x00, 0x00, 0xaf, 0x06, 0x00, 0x00, 0x66, 0x06, 0x00, 0x00, 0x00, 0x00, 0x00, 0x00, 0x51, // .......f.......Q
	0x00, 0x05, 0x00, 0x07, 0x00, 0x00, 0x00, 0xb1, 0x06, 0x00, 0x00, 0x66, 0x06, 0x00, 0x00, 0x01, // ...........f....
	0x00, 0x00, 0x00, 0x50, 0x00, 0x06, 0x00, 0x20, 0x00, 0x00, 0x00, 0xb4, 0x06, 0x00, 0x00, 0xaf, // ...P... ........
	0x06, 0x00, 0x00, 0xb1, 0x06, 0x00, 0x00, 0xaf, 0x06, 0x00, 0x00, 0x8e, 0x00, 0x05, 0x00, 0x20, // ............... 
	0x00, 0x00, 0x00, 0xb5, 0x06, 0x00, 0x00, 0xb4, 0x06, 0x00, 0x00, 0xfb, 0x01, 0x00, 0x00, 0x0c, // ................
	0x00, 0x06, 0x00, 0x20, 0x00, 0x00, 0x00, 0xb6, 0x06, 0x00, 0x00, 0x01, 0x00, 0x00, 0x00, 0x0a, // ... ............
	0x00, 0x00, 0x00, 0xb5, 0x06, 0x00, 0x00, 0x51, 0x00, 0x05, 0x00, 0x07, 0x00, 0x00, 0x00, 0xb9, // .......Q........
	0x06, 0x00, 0x00, 0xb6, 0x06, 0x00, 0x00, 0x01, 0x00, 0x00, 0x00, 0x51, 0x00, 0x05, 0x00, 0x07, // ...........Q....
	0x00, 0x00, 0x00, 0xbb, 0x06, 0x00, 0x00, 0xb6, 0x06, 0x00, 0x00, 0x02, 0x00, 0x00, 0x00, 0x51, // ...............Q
	0x00, 0x05, 0x00, 0x07, 0x00, 0x00, 0x00, 0xbd, 0x06, 0x00, 0x00, 0xb6, 0x06, 0x00, 0x00, 0x00, // ................
	0x00, 0x00, 0x00, 0x50, 0x00, 0x06, 0x00, 0x20, 0x00, 0x00, 0x00, 0xbe, 0x06, 0x00, 0x00, 0xb9, // ...P... ........
	0x06, 0x00, 0x00, 0xbb, 0x06, 0x00, 0x00, 0xbd, 0x06, 0x00, 0x00, 0x81, 0x00, 0x05, 0x00, 0x20, // ............... 
	0x00, 0x00, 0x00, 0xc0, 0x06, 0x00, 0x00, 0xbe, 0x06, 0x00, 0x00, 0x5b, 0x0b, 0x00, 0x00, 0x94, // ...........[....
	0x00, 0x05, 0x00, 0x07, 0x00, 0x00, 0x00, 0xc1, 0x06, 0x00, 0x00, 0xb6, 0x06, 0x00, 0x00, 0xc0, // ................
	0x06, 0x00, 0x00, 0x50, 0x00, 0x06, 0x00, 0x20, 0x00, 0x00, 0x00, 0xd5, 0x06, 0x00, 0x00, 0xc1, // ...P... ........
	0x06, 0x00, 0x00, 0xc1, 0x06, 0x00, 0x00, 0xc1, 0x06, 0x00, 0x00, 0x81, 0x00, 0x05, 0x00, 0x20, // ............... 
	0x00, 0x00, 0x00, 0xc4, 0x06, 0x00, 0x00, 0xb6, 0x06, 0x00, 0x00, 0xd5, 0x06, 0x00, 0x00, 0x51, // ...............Q
	0x00, 0x05, 0x00, 0x07, 0x00, 0x00, 0x00, 0xc6, 0x06, 0x00, 0x00, 0xc4, 0x06, 0x00, 0x00, 0x00, // ................
	0x00, 0x00, 0x00, 0x51, 0x00, 0x05, 0x00, 0x07, 0x00, 0x00, 0x00, 0xc8, 0x06, 0x00, 0x00, 0xc4, // ...Q............
	0x06, 0x00, 0x00, 0x01, 0x00, 0x00, 0x00, 0x81, 0x00, 0x05, 0x00, 0x07, 0x00, 0x00, 0x00, 0xc9, // ................
	0x06, 0x00, 0x00, 0xc6, 0x06, 0x00, 0x00, 0xc8, 0x06, 0x00, 0x00, 0x51, 0x00, 0x05, 0x00, 0x07, // ...........Q....
	0x00, 0x00, 0x00, 0xcb, 0x06, 0x00, 0x00, 0xc4, 0x06, 0x00, 0x00, 0x02, 0x00, 0x00, 0x00, 0x85, // ................
	0x00, 0x05, 0x00, 0x07, 0x00, 0x00, 0x00, 0xcc, 0x06, 0x00, 0x00, 0xc9, 0x06, 0x00, 0x00, 0xcb, // ................
	0x06, 0x00, 0x00, 0x0c, 0x00, 0x06, 0x00, 0x07, 0x00, 0x00, 0x00, 0xcd, 0x06, 0x00, 0x00, 0x01, // ................
	0x00, 0x00, 0x00, 0x0a, 0x00, 0x00, 0x00, 0xcc, 0x06, 0x00, 0x00, 0x81, 0x00, 0x05, 0x00, 0x0b, // ................
	0x00, 0x00, 0x00, 0x69, 0x06, 0x00, 0x00, 0x16, 0x04, 0x00, 0x00, 0x29, 0x02, 0x00, 0x00, 0x51, // ...i.......)...Q
	0x00, 0x05, 0x00, 0x07, 0x00, 0x00, 0x00, 0xdc, 0x06, 0x00, 0x00, 0x69, 0x06, 0x00, 0x00, 0x00, // ...........i....
	0x00, 0x00, 0x00, 0x51, 0x00, 0x05, 0x00, 0x07, 0x00, 0x00, 0x00, 0xde, 0x06, 0x00, 0x00, 0x69, // ...Q...........i
	0x06, 0x00, 0x00, 0x01, 0x00, 0x00, 0x00, 0x50, 0x00, 0x06, 0x00, 0x20, 0x00, 0x00, 0x00, 0xe1, // .......P... ....
	0x06, 0x00, 0x00, 0xdc, 0x06, 0x00, 0x00, 0xde, 0x06, 0x00, 0x00, 0xdc, 0x06, 0x00, 0x00, 0x8e, // ................
	0x00, 0x05, 0x00, 0x20, 0x00, 0x00, 0x00, 0xe2, 0x06, 0x00, 0x00, 0xe1, 0x06, 0x00, 0x00, 0xfb, // ... ............
	0x01, 0x00, 0x00, 0x0c, 0x00, 0x06, 0x00, 0x20, 0x00, 0x00, 0x00, 0xe3, 0x06, 0x00, 0x00, 0x01, // ....... ........
	0x00, 0x00, 0x00, 0x0a, 0x00, 0x00, 0x00, 0xe2, 0x06, 0x00, 0x00, 0x51, 0x00, 0x05, 0x00, 0x07, // ...........Q....
	0x00, 0x00, 0x00, 0xe6, 0x06, 0x00, 0x00, 0xe3, 0x06, 0x00, 0x00, 0x01, 0x00, 0x00, 0x00, 0x51, // ...............Q
	0x00, 0x05, 0x00, 0x07, 0x00, 0x00, 0x00, 0xe8, 0x06, 0x00, 0x00, 0xe3, 0x06, 0x00, 0x00, 0x02, // ................
	0x00, 0x00, 0x00, 0x51, 0x00, 0x05, 0x00, 0x07, 0x00, 0x00, 0x00, 0xea, 0x06, 0x00, 0x00, 0xe3, // ...Q............
	0x06, 0x00, 0x00, 0x00, 0x00, 0x00, 0x00, 0x50, 0x00, 0x06, 0x00, 0x20, 0x00, 0x00, 0x00, 0xeb, // .......P... ....
	0x06, 0x00, 0x00, 0xe6, 0x06, 0x00, 0x00, 0xe8, 0x06, 0x00, 0x00, 0xea, 0x06, 0x00, 0x00, 0x81, // ................
	0x00, 0x05, 0x00, 0x20, 0x00, 0x00, 0x00, 0xed, 0x06, 0x00, 0x00, 0xeb, 0x06, 0x00, 0x00, 0x5b, // ... ...........[
	0x0b, 0x00, 0x00, 0x94, 0x00, 0x05, 0x00, 0x07, 0x00, 0x00, 0x00, 0xee, 0x06, 0x00, 0x00, 0xe3, // ................
	0x06, 0x00, 0x00, 0xed, 0x06, 0x00, 0x00, 0x50, 0x00, 0x06, 0x00, 0x20, 0x00, 0x00, 0x00, 0x02, // .......P... ....
	0x07, 0x00, 0x00, 0xee, 0x06, 0x00, 0x00, 0xee, 0x06, 0x00, 0x00, 0xee, 0x06, 0x00, 0x00, 0x81, // ................
	0x00, 0x05, 0x00, 0x20, 0x00, 0x00, 0x00, 0xf1, 0x06, 0x00, 0x00, 0xe3, 0x06, 0x00, 0x00, 0x02, // ... ............
	0x07, 0x00, 0x00, 0x51, 0x00, 0x05, 0x00, 0x07, 0x00, 0x00, 0x00, 0xf3, 0x06, 0x00, 0x00, 0xf1, // ...Q............
	0x06, 0x00, 0x00, 0x00, 0x00, 0x00, 0x00, 0x51, 0x00, 0x05, 0x00, 0x07, 0x00, 0x00, 0x00, 0xf5, // .......Q........
	0x06, 0x00, 0x00, 0xf1, 0x06, 0x00, 0x00, 0x01, 0x00, 0x00, 0x00, 0x81, 0x00, 0x05, 0x00, 0x07, // ................
	0x00, 0x00, 0x00, 0xf6, 0x06, 0x00, 0x00, 0xf3, 0x06, 0x00, 0x00, 0xf5, 0x06, 0x00, 0x00, 0x51, // ...............Q
	0x00, 0x05, 0x00, 0x07, 0x00, 0x00, 0x00, 0xf8, 0x06, 0x00, 0x00, 0xf1, 0x06, 0x00, 0x00, 0x02, // ................
	0x00, 0x00, 0x00, 0x85, 0x00, 0x05, 0x00, 0x07, 0x00, 0x00, 0x00, 0xf9, 0x06, 0x00, 0x00, 0xf6, // ................
	0x06, 0x00, 0x00, 0xf8, 0x06, 0x00, 0x00, 0x0c, 0x00, 0x06, 0x00, 0x07, 0x00, 0x00, 0x00, 0xfa, // ................
	0x06, 0x00, 0x00, 0x01, 0x00, 0x00, 0x00, 0x0a, 0x00, 0x00, 0x00, 0xf9, 0x06, 0x00, 0x00, 0x50, // ...............P
	0x00, 0x06, 0x00, 0x20, 0x00, 0x00, 0x00, 0x6b, 0x06, 0x00, 0x00, 0xa0, 0x06, 0x00, 0x00, 0xcd, // ... ...k........
	0x06, 0x00, 0x00, 0xfa, 0x06, 0x00, 0x00, 0x81, 0x00, 0x05, 0x00, 0x0b, 0x00, 0x00, 0x00, 0x6d, // ...............m
	0x06, 0x00, 0x00, 0x16, 0x04, 0x00, 0x00, 0x32, 0x02, 0x00, 0x00, 0x51, 0x00, 0x05, 0x00, 0x07, // .......2...Q....
	0x00, 0x00, 0x00, 0x09, 0x07, 0x00, 0x00, 0x6d, 0x06, 0x00, 0x00, 0x00, 0x00, 0x00, 0x00, 0x51, // .......m.......Q
	0x00, 0x05, 0x00, 0x07, 0x00, 0x00, 0x00, 0x0b, 0x07, 0x00, 0x00, 0x6d, 0x06, 0x00, 0x00, 0x01, // ...........m....
	0x00, 0x00, 0x00, 0x50, 0x00, 0x06, 0x00, 0x20, 0x00, 0x00, 0x00, 0x0e, 0x07, 0x00, 0x00, 0x09, // ...P... ........
	0x07, 0x00, 0x00, 0x0b, 0x07, 0x00, 0x00, 0x09, 0x07, 0x00, 0x00, 0x8e, 0x00, 0x05, 0x00, 0x20, // ............... 
	0x00, 0x00, 0x00, 0x0f, 0x07, 0x00, 0x00, 0x0e, 0x07, 0x00, 0x00, 0xfb, 0x01, 0x00, 0x00, 0x0c, // ................
	0x00, 0x06, 0x00, 0x20, 0x00, 0x00, 0x00, 0x10, 0x07, 0x00, 0x00, 0x01, 0x00, 0x00, 0x00, 0x0a, // ... ............
	0x00, 0x00, 0x00, 0x0f, 0x07, 0x00, 0x00, 0x51, 0x00, 0x05, 0x00, 0x07, 0x00, 0x00, 0x00, 0x13, // .......Q........
	0x07, 0x00, 0x00, 0x10, 0x07, 0x00, 0x00, 0x01, 0x00, 0x00, 0x00, 0x51, 0x00, 0x05, 0x00, 0x07, // ...........Q....
	0x00, 0x00, 0x00, 0x15, 0x07, 0x00, 0x00, 0x10, 0x07, 0x00, 0x00, 0x02, 0x00, 0x00, 0x00, 0x51, // ...............Q
	0x00, 0x05, 0x00, 0x07, 0x00, 0x00, 0x00, 0x17, 0x07, 0x00, 0x00, 0x10, 0x07, 0x00, 0x00, 0x00, // ................
	0x00, 0x00, 0x00, 0x50, 0x00, 0x06, 0x00, 0x20, 0x00, 0x00, 0x00, 0x18, 0x07, 0x00, 0x00, 0x13, // ...P... ........
	0x07, 0x00, 0x00, 0x15, 0x07, 0x00, 0x00, 0x17, 0x07, 0x00, 0x00, 0x81, 0x00, 0x05, 0x00, 0x20, // ............... 
	0x00, 0x00, 0x00, 0x1a, 0x07, 0x00, 0x00, 0x18, 0x07, 0x00, 0x00, 0x5b, 0x0b, 0x00, 0x00, 0x94, // ...........[....
	0x00, 0x05, 0x00, 0x07, 0x00, 0x00, 0x00, 0x1b, 0x07, 0x00, 0x00, 0x10, 0x07, 0x00, 0x00, 0x1a, // ................
	0x07, 0x00, 0x00, 0x50, 0x00, 0x06, 0x00, 0x20, 0x00, 0x00, 0x00, 0x2f, 0x07, 0x00, 0x00, 0x1b, // ...P... .../....
	0x07, 0x00, 0x00, 0x1b, 0x07, 0x00, 0x00, 0x1b, 0x07, 0x00, 0x00, 0x81, 0x00, 0x05, 0x00, 0x20, // ............... 
	0x00, 0x00, 0x00, 0x1e, 0x07, 0x00, 0x00, 0x10, 0x07, 0x00, 0x00, 0x2f, 0x07, 0x00, 0x00, 0x51, // .........../...Q
	0x00, 0x05, 0x00, 0x07, 0x00, 0x00, 0x00, 0x20, 0x07, 0x00, 0x00, 0x1e, 0x07, 0x00, 0x00, 0x00, // ....... ........
	0x00, 0x00, 0x00, 0x51, 0x00, 0x05, 0x00, 0x07, 0x00, 0x00, 0x00, 0x22, 0x07, 0x00, 0x00, 0x1e, // ...Q......."....
	0x07, 0x00, 0x00, 0x01, 0x00, 0x00, 0x00, 0x81, 0x00, 0x05, 0x00, 0x07, 0x00, 0x00, 0x00, 0x23, // ...............#
	0x07, 0x00, 0x00, 0x20, 0x07, 0x00, 0x00, 0x22, 0x07, 0x00, 0x00, 0x51, 0x00, 0x05, 0x00, 0x07, // ... ..."...Q....
	0x00, 0x00, 0x00, 0x25, 0x07, 0x00, 0x00, 0x1e, 0x07, 0x00, 0x00, 0x02, 0x00, 0x00, 0x00, 0x85, // ...%............
	0x00, 0x05, 0x00, 0x07, 0x00, 0x00, 0x00, 0x26, 0x07, 0x00, 0x00, 0x23, 0x07, 0x00, 0x00, 0x25, // .......&...#...%
	0x07, 0x00, 0x00, 0x0c, 0x00, 0x06, 0x00, 0x07, 0x00, 0x00, 0x00, 0x27, 0x07, 0x00, 0x00, 0x01, // ...........'....
	0x00, 0x00, 0x00, 0x0a, 0x00, 0x00, 0x00, 0x26, 0x07, 0x00, 0x00, 0x81, 0x00, 0x05, 0x00, 0x0b, // .......&........
	0x00, 0x00, 0x00, 0x70, 0x06, 0x00, 0x00, 0x16, 0x04, 0x00, 0x00, 0x37, 0x02, 0x00, 0x00, 0x51, // ...p.......7...Q
	0x00, 0x05, 0x00, 0x07, 0x00, 0x00, 0x00, 0x36, 0x07, 0x00, 0x00, 0x70, 0x06, 0x00, 0x00, 0x00, // .......6...p....
	0x00, 0x00, 0x00, 0x51, 0x00, 0x05, 0x00, 0x07, 0x00, 0x00, 0x00, 0x38, 0x07, 0x00, 0x00, 0x70, // ...Q.......8...p
	0x06, 0x00, 0x00, 0x01, 0x00, 0x00, 0x00, 0x50, 0x00, 0x06, 0x00, 0x20, 0x00, 0x00, 0x00, 0x3b, // .......P... ...;
	0x07, 0x00, 0x00, 0x36, 0x07, 0x00, 0x00, 0x38, 0x07, 0x00, 0x00, 0x36, 0x07, 0x00, 0x00, 0x8e, // ...6...8...6....
	0x00, 0x05, 0x00, 0x20, 0x00, 0x00, 0x00, 0x3c, 0x07, 0x00, 0x00, 0x3b, 0x07, 0x00, 0x00, 0xfb, // ... ...<...;....
	0x01, 0x00, 0x00, 0x0c, 0x00, 0x06, 0x00, 0x20, 0x00, 0x00, 0x00, 0x3d, 0x07, 0x00, 0x00, 0x01, // ....... ...=....
	0x00, 0x00, 0x00, 0x0a, 0x00, 0x00, 0x00, 0x3c, 0x07, 0x00, 0x00, 0x51, 0x00, 0x05, 0x00, 0x07, // .......<...Q....
	0x00, 0x00, 0x00, 0x40, 0x07, 0x00, 0x00, 0x3d, 0x07, 0x00, 0x00, 0x01, 0x00, 0x00, 0x00, 0x51, // ...@...=.......Q
	0x00, 0x05, 0x00, 0x07, 0x00, 0x00, 0x00, 0x42, 0x07, 0x00, 0x00, 0x3d, 0x07, 0x00, 0x00, 0x02, // .......B...=....
	0x00, 0x00, 0x00, 0x51, 0x00, 0x05, 0x00, 0x07, 0x00, 0x00, 0x00, 0x44, 0x07, 0x00, 0x00, 0x3d, // ...Q.......D...=
	0x07, 0x00, 0x00, 0x00, 0x00, 0x00, 0x00, 0x50, 0x00, 0x06, 0x00, 0x20, 0x00, 0x00, 0x00, 0x45, // .......P... ...E
	0x07, 0x00, 0x00, 0x40, 0x07, 0x00, 0x00, 0x42, 0x07, 0x00, 0x00, 0x44, 0x07, 0x00, 0x00, 0x81, // ...@...B...D....
	0x00, 0x05, 0x00, 0x20, 0x00, 0x00, 0x00, 0x47, 0x07, 0x00, 0x00, 0x45, 0x07, 0x00, 0x00, 0x5b, // ... ...G...E...[
	0x0b, 0x00, 0x00, 0x94, 0x00, 0x05, 0x00, 0x07, 0x00, 0x00, 0x00, 0x48, 0x07, 0x00, 0x00, 0x3d, // ...........H...=
	0x07, 0x00, 0x00, 0x47, 0x07, 0x00, 0x00, 0x50, 0x00, 0x06, 0x00, 0x20, 0x00, 0x00, 0x00, 0x5c, // ...G...P... ....
	0x07, 0x00, 0x00, 0x48, 0x07, 0x00, 0x00, 0x48, 0x07, 0x00, 0x00, 0x48, 0x07, 0x00, 0x00, 0x81, // ...H...H...H....
	0x00, 0x05, 0x00, 0x20, 0x00, 0x00, 0x00, 0x4b, 0x07, 0x00, 0x00, 0x3d, 0x07, 0x00, 0x00, 0x5c, // ... ...K...=....
	0x07, 0x00, 0x00, 0x51, 0x00, 0x05, 0x00, 0x07, 0x00, 0x00, 0x00, 0x4d, 0x07, 0x00, 0x00, 0x4b, // ...Q.......M...K
	0x07, 0x00, 0x00, 0x00, 0x00, 0x00, 0x00, 0x51, 0x00, 0x05, 0x00, 0x07, 0x00, 0x00, 0x00, 0x4f, // .......Q.......O
	0x07, 0x00, 0x00, 0x4b, 0x07, 0x00, 0x00, 0x01, 0x00, 0x00, 0x00, 0x81, 0x00, 0x05, 0x00, 0x07, // ...K............
	0x00, 0x00, 0x00, 0x50, 0x07, 0x00, 0x00, 0x4d, 0x07, 0x00, 0x00, 0x4f, 0x07, 0x00, 0x00, 0x51, // ...P...M...O...Q
	0x00, 0x05, 0x00, 0x07, 0x00, 0x00, 0x00, 0x52, 0x07, 0x00, 0x00, 0x4b, 0x07, 0x00, 0x00, 0x02, // .......R...K....
	0x00, 0x00, 0x00, 0x85, 0x00, 0x05, 0x00, 0x07, 0x00, 0x00, 0x00, 0x53, 0x07, 0x00, 0x00, 0x50, // ...........S...P
	0x07, 0x00, 0x00, 0x52, 0x07, 0x00, 0x00, 0x0c, 0x00, 0x06, 0x00, 0x07, 0x00, 0x00, 0x00, 0x54, // ...R...........T
	0x07, 0x00, 0x00, 0x01, 0x00, 0x00, 0x00, 0x0a, 0x00, 0x00, 0x00, 0x53, 0x07, 0x00, 0x00, 0x81, // ...........S....
	0x00, 0x05, 0x00, 0x0b, 0x00, 0x00, 0x00, 0x73, 0x06, 0x00, 0x00, 0x16, 0x04, 0x00, 0x00, 0x3d, // .......s.......=
	0x02, 0x00, 0x00, 0x51, 0x00, 0x05, 0x00, 0x07, 0x00, 0x00, 0x00, 0x63, 0x07, 0x00, 0x00, 0x73, // ...Q.......c...s
	0x06, 0x00, 0x00, 0x00, 0x00, 0x00, 0x00, 0x51, 0x00, 0x05, 0x00, 0x07, 0x00, 0x00, 0x00, 0x65, // .......Q.......e
	0x07, 0x00, 0x00, 0x73, 0x06, 0x00, 0x00, 0x01, 0x00, 0x00, 0x00, 0x50, 0x00, 0x06, 0x00, 0x20, // ...s.......P... 
	0x00, 0x00, 0x00, 0x68, 0x07, 0x00, 0x00, 0x63, 0x07, 0x00, 0x00, 0x65, 0x07, 0x00, 0x00, 0x63, // ...h...c...e...c
	0x07, 0x00, 0x00, 0x8e, 0x00, 0x05, 0x00, 0x20, 0x00, 0x00, 0x00, 0x69, 0x07, 0x00, 0x00, 0x68, // ....... ...i...h
	0x07, 0x00, 0x00, 0xfb, 0x01, 0x00, 0x00, 0x0c, 0x00, 0x06, 0x00, 0x20, 0x00, 0x00, 0x00, 0x6a, // ........... ...j
	0x07, 0x00, 0x00, 0x01, 0x00, 0x00, 0x00, 0x0a, 0x00, 0x00, 0x00, 0x69, 0x07, 0x00, 0x00, 0x51, // ...........i...Q
	0x00, 0x05, 0x00, 0x07, 0x00, 0x00, 0x00, 0x6d, 0x07, 0x00, 0x00, 0x6a, 0x07, 0x00, 0x00, 0x01, // .......m...j....
	0x00, 0x00, 0x00, 0x51, 0x00, 0x05, 0x00, 0x07, 0x00, 0x00, 0x00, 0x6f, 0x07, 0x00, 0x00, 0x6a, // ...Q.......o...j
	0x07, 0x00, 0x00, 0x02, 0x00, 0x00, 0x00, 0x51, 0x00, 0x05, 0x00, 0x07, 0x00, 0x00, 0x00, 0x71, // .......Q.......q
	0x07, 0x00, 0x00, 0x6a, 0x07, 0x00, 0x00, 0x00, 0x00, 0x00, 0x00, 0x50, 0x00, 0x06, 0x00, 0x20, // ...j.......P... 
	0x00, 0x00, 0x00, 0x72, 0x07, 0x00, 0x00, 0x6d, 0x07, 0x00, 0x00, 0x6f, 0x07, 0x00, 0x00, 0x71, // ...r...m...o...q
	0x07, 0x00, 0x00, 0x81, 0x00, 0x05, 0x00, 0x20, 0x00, 0x00, 0x00, 0x74, 0x07, 0x00, 0x00, 0x72, // ....... ...t...r
	0x07, 0x00, 0x00, 0x5b, 0x0b, 0x00, 0x00, 0x94, 0x00, 0x05, 0x00, 0x07, 0x00, 0x00, 0x00, 0x75, // ...[...........u
	0x07, 0x00, 0x00, 0x6a, 0x07, 0x00, 0x00, 0x74, 0x07, 0x00, 0x00, 0x50, 0x00, 0x06, 0x00, 0x20, // ...j...t...P... 
	0x00, 0x00, 0x00, 0x89, 0x07, 0x00, 0x00, 0x75, 0x07, 0x00, 0x00, 0x75, 0x07, 0x00, 0x00, 0x75, // .......u...u...u
	0x07, 0x00, 0x00, 0x81, 0x00, 0x05, 0x00, 0x20, 0x00, 0x00, 0x00, 0x78, 0x07, 0x00, 0x00, 0x6a, // ....... ...x...j
	0x07, 0x00, 0x00, 0x89, 0x07, 0x00, 0x00, 0x51, 0x00, 0x05, 0x00, 0x07, 0x00, 0x00, 0x00, 0x7a, // .......Q.......z
	0x07, 0x00, 0x00, 0x78, 0x07, 0x00, 0x00, 0x00, 0x00, 0x00, 0x00, 0x51, 0x00, 0x05, 0x00, 0x07, // ...x.......Q....
	0x00, 0x00, 0x00, 0x7c, 0x07, 0x00, 0x00, 0x78, 0x07, 0x00, 0x00, 0x01, 0x00, 0x00, 0x00, 0x81, // ...|...x........
	0x00, 0x05, 0x00, 0x07, 0x00, 0x00, 0x00, 0x7d, 0x07, 0x00, 0x00, 0x7a, 0x07, 0x00, 0x00, 0x7c, // .......}...z...|
	0x07, 0x00, 0x00, 0x51, 0x00, 0x05, 0x00, 0x07, 0x00, 0x00, 0x00, 0x7f, 0x07, 0x00, 0x00, 0x78, // ...Q...........x
	0x07, 0x00, 0x00, 0x02, 0x00, 0x00, 0x00, 0x85, 0x00, 0x05, 0x00, 0x07, 0x00, 0x00, 0x00, 0x80, // ................
	0x07, 0x00, 0x00, 0x7d, 0x07, 0x00, 0x00, 0x7f, 0x07, 0x00, 0x00, 0x0c, 0x00, 0x06, 0x00, 0x07, // ...}............
	0x00, 0x00, 0x00, 0x81, 0x07, 0x00, 0x00, 0x01, 0x00, 0x00, 0x00, 0x0a, 0x00, 0x00, 0x00, 0x80, // ................
	0x07, 0x00, 0x00, 0x50, 0x00, 0x06, 0x00, 0x20, 0x00, 0x00, 0x00, 0x75, 0x06, 0x00, 0x00, 0x27, // ...P... ...u...'
	0x07, 0x00, 0x00, 0x54, 0x07, 0x00, 0x00, 0x81, 0x07, 0x00, 0x00, 0x83, 0x00, 0x05, 0x00, 0x20, // ...T........... 
	0x00, 0x00, 0x00, 0x79, 0x06, 0x00, 0x00, 0x6b, 0x06, 0x00, 0x00, 0x75, 0x06, 0x00, 0x00, 0x8e, // ...y...k...u....
	0x00, 0x05, 0x00, 0x20, 0x00, 0x00, 0x00, 0x7a, 0x06, 0x00, 0x00, 0x79, 0x06, 0x00, 0x00, 0x46, // ... ...z...y...F
	0x02, 0x00, 0x00, 0x81, 0x00, 0x05, 0x00, 0x20, 0x00, 0x00, 0x00, 0x7b, 0x06, 0x00, 0x00, 0x62, // ....... ...{...b
	0x0b, 0x00, 0x00, 0x7a, 0x06, 0x00, 0x00, 0x51, 0x00, 0x05, 0x00, 0x07, 0x00, 0x00, 0x00, 0x28, // ...z...Q.......(
	0x04, 0x00, 0x00, 0x7b, 0x06, 0x00, 0x00, 0x00, 0x00, 0x00, 0x00, 0x51, 0x00, 0x05, 0x00, 0x07, // ...{.......Q....
	0x00, 0x00, 0x00, 0x29, 0x04, 0x00, 0x00, 0x7b, 0x06, 0x00, 0x00, 0x01, 0x00, 0x00, 0x00, 0x51, // ...)...{.......Q
	0x00, 0x05, 0x00, 0x07, 0x00, 0x00, 0x00, 0x2a, 0x04, 0x00, 0x00, 0x7b, 0x06, 0x00, 0x00, 0x02, // .......*...{....
	0x00, 0x00, 0x00, 0x50, 0x00, 0x07, 0x00, 0x0d, 0x00, 0x00, 0x00, 0x2b, 0x04, 0x00, 0x00, 0x28, // ...P.......+...(
	0x04, 0x00, 0x00, 0x29, 0x04, 0x00, 0x00, 0x2a, 0x04, 0x00, 0x00, 0xb8, 0x00, 0x00, 0x00, 0xf9, // ...)...*........
	0x00, 0x02, 0x00, 0xde, 0x04, 0x00, 0x00, 0xf8, 0x00, 0x02, 0x00, 0x2c, 0x04, 0x00, 0x00, 0x0c, // ...........,....
	0x00, 0x07, 0x00, 0x07, 0x00, 0x00, 0x00, 0x2f, 0x04, 0x00, 0x00, 0x01, 0x00, 0x00, 0x00, 0x28, // ......./.......(
	0x00, 0x00, 0x00, 0x18, 0x04, 0x00, 0x00, 0xb8, 0x00, 0x00, 0x00, 0x85, 0x00, 0x05, 0x00, 0x07, // ................
	0x00, 0x00, 0x00, 0x31, 0x04, 0x00, 0x00, 0x97, 0x02, 0x00, 0x00, 0x2f, 0x04, 0x00, 0x00, 0x81, // ...1......./....
	0x00, 0x05, 0x00, 0x07, 0x00, 0x00, 0x00, 0x32, 0x04, 0x00, 0x00, 0x31, 0x04, 0x00, 0x00, 0x97, // .......2...1....
	0x02, 0x00, 0x00, 0x85, 0x00, 0x05, 0x00, 0x0b, 0x00, 0x00, 0x00, 0x35, 0x04, 0x00, 0x00, 0xa2, // ...........5....
	0x02, 0x00, 0x00, 0x03, 0x04, 0x00, 0x00, 0x81, 0x00, 0x05, 0x00, 0x0b, 0x00, 0x00, 0x00, 0x36, // ...............6
	0x04, 0x00, 0x00, 0xdd, 0x0a, 0x00, 0x00, 0x35, 0x04, 0x00, 0x00, 0x0c, 0x00, 0x08, 0x00, 0x0b, // .......5........
	0x00, 0x00, 0x00, 0xa0, 0x07, 0x00, 0x00, 0x01, 0x00, 0x00, 0x00, 0x2b, 0x00, 0x00, 0x00, 0x36, // ...........+...6
	0x04, 0x00, 0x00, 0x6f, 0x05, 0x00, 0x00, 0x73, 0x05, 0x00, 0x00, 0x56, 0x00, 0x05, 0x00, 0x78, // ...o...s...V...x
	0x00, 0x00, 0x00, 0xab, 0x07, 0x00, 0x00, 0x67, 0x00, 0x00, 0x00, 0x64, 0x00, 0x00, 0x00, 0x57, // .......g...d...W
	0x00, 0x05, 0x00, 0x0d, 0x00, 0x00, 0x00, 0xad, 0x07, 0x00, 0x00, 0xab, 0x07, 0x00, 0x00, 0xa0, // ................
	0x07, 0x00, 0x00, 0x4f, 0x00, 0x08, 0x00, 0x20, 0x00, 0x00, 0x00, 0x95, 0x07, 0x00, 0x00, 0xad, // ...O... ........
	0x07, 0x00, 0x00, 0xad, 0x07, 0x00, 0x00, 0x00, 0x00, 0x00, 0x00, 0x01, 0x00, 0x00, 0x00, 0x02, // ................
	0x00, 0x00, 0x00, 0x85, 0x00, 0x05, 0x00, 0x0b, 0x00, 0x00, 0x00, 0x3b, 0x04, 0x00, 0x00, 0xac, // ...........;....
	0x02, 0x00, 0x00, 0x03, 0x04, 0x00, 0x00, 0x81, 0x00, 0x05, 0x00, 0x0b, 0x00, 0x00, 0x00, 0x3c, // ...............<
	0x04, 0x00, 0x00, 0xdd, 0x0a, 0x00, 0x00, 0x3b, 0x04, 0x00, 0x00, 0x0c, 0x00, 0x08, 0x00, 0x0b, // .......;........
	0x00, 0x00, 0x00, 0xc4, 0x07, 0x00, 0x00, 0x01, 0x00, 0x00, 0x00, 0x2b, 0x00, 0x00, 0x00, 0x3c, // ...........+...<
	0x04, 0x00, 0x00, 0x6f, 0x05, 0x00, 0x00, 0x73, 0x05, 0x00, 0x00, 0x56, 0x00, 0x05, 0x00, 0x78, // ...o...s...V...x
	0x00, 0x00, 0x00, 0xcf, 0x07, 0x00, 0x00, 0x67, 0x00, 0x00, 0x00, 0x64, 0x00, 0x00, 0x00, 0x57, // .......g...d...W
	0x00, 0x05, 0x00, 0x0d, 0x00, 0x00, 0x00, 0xd1, 0x07, 0x00, 0x00, 0xcf, 0x07, 0x00, 0x00, 0xc4, // ................
	0x07, 0x00, 0x00, 0x4f, 0x00, 0x08, 0x00, 0x20, 0x00, 0x00, 0x00, 0xb9, 0x07, 0x00, 0x00, 0xd1, // ...O... ........
	0x07, 0x00, 0x00, 0xd1, 0x07, 0x00, 0x00, 0x00, 0x00, 0x00, 0x00, 0x01, 0x00, 0x00, 0x00, 0x02, // ................
	0x00, 0x00, 0x00, 0x85, 0x00, 0x05, 0x00, 0x0b, 0x00, 0x00, 0x00, 0x41, 0x04, 0x00, 0x00, 0xb6, // ...........A....
	0x02, 0x00, 0x00, 0x03, 0x04, 0x00, 0x00, 0x81, 0x00, 0x05, 0x00, 0x0b, 0x00, 0x00, 0x00, 0x42, // ...............B
	0x04, 0x00, 0x00, 0xdd, 0x0a, 0x00, 0x00, 0x41, 0x04, 0x00, 0x00, 0x0c, 0x00, 0x08, 0x00, 0x0b, // .......A........
	0x00, 0x00, 0x00, 0xe8, 0x07, 0x00, 0x00, 0x01, 0x00, 0x00, 0x00, 0x2b, 0x00, 0x00, 0x00, 0x42, // ...........+...B
	0x04, 0x00, 0x00, 0x6f, 0x05, 0x00, 0x00, 0x73, 0x05, 0x00, 0x00, 0x56, 0x00, 0x05, 0x00, 0x78, // ...o...s...V...x
	0x00, 0x00, 0x00, 0xf3, 0x07, 0x00, 0x00, 0x67, 0x00, 0x00, 0x00, 0x64, 0x00, 0x00, 0x00, 0x57, // .......g...d...W
	0x00, 0x05, 0x00, 0x0d, 0x00, 0x00, 0x00, 0xf5, 0x07, 0x00, 0x00, 0xf3, 0x07, 0x00, 0x00, 0xe8, // ................
	0x07, 0x00, 0x00, 0x4f, 0x00, 0x08, 0x00, 0x20, 0x00, 0x00, 0x00, 0xdd, 0x07, 0x00, 0x00, 0xf5, // ...O... ........
	0x07, 0x00, 0x00, 0xf5, 0x07, 0x00, 0x00, 0x00, 0x00, 0x00, 0x00, 0x01, 0x00, 0x00, 0x00, 0x02, // ................
	0x00, 0x00, 0x00, 0x81, 0x00, 0x05, 0x00, 0x0b, 0x00, 0x00, 0x00, 0x48, 0x04, 0x00, 0x00, 0xdd, // ...........H....
	0x0a, 0x00, 0x00, 0x03, 0x04, 0x00, 0x00, 0x0c, 0x00, 0x08, 0x00, 0x0b, 0x00, 0x00, 0x00, 0x0c, // ................
	0x08, 0x00, 0x00, 0x01, 0x00, 0x00, 0x00, 0x2b, 0x00, 0x00, 0x00, 0x48, 0x04, 0x00, 0x00, 0x6f, // .......+...H...o
	0x05, 0x00, 0x00, 0x73, 0x05, 0x00, 0x00, 0x56, 0x00, 0x05, 0x00, 0x78, 0x00, 0x00, 0x00, 0x17, // ...s...V...x....
	0x08, 0x00, 0x00, 0x67, 0x00, 0x00, 0x00, 0x64, 0x00, 0x00, 0x00, 0x57, 0x00, 0x05, 0x00, 0x0d, // ...g...d...W....
	0x00, 0x00, 0x00, 0x19, 0x08, 0x00, 0x00, 0x17, 0x08, 0x00, 0x00, 0x0c, 0x08, 0x00, 0x00, 0x4f, // ...............O
	0x00, 0x08, 0x00, 0x20, 0x00, 0x00, 0x00, 0x01, 0x08, 0x00, 0x00, 0x19, 0x08, 0x00, 0x00, 0x19, // ... ............
	0x08, 0x00, 0x00, 0x00, 0x00, 0x00, 0x00, 0x01, 0x00, 0x00, 0x00, 0x02, 0x00, 0x00, 0x00, 0x0c, // ................
	0x00, 0x08, 0x00, 0x0b, 0x00, 0x00, 0x00, 0x30, 0x08, 0x00, 0x00, 0x01, 0x00, 0x00, 0x00, 0x2b, // .......0.......+
	0x00, 0x00, 0x00, 0xdd, 0x0a, 0x00, 0x00, 0x6f, 0x05, 0x00, 0x00, 0x73, 0x05, 0x00, 0x00, 0x56, // .......o...s...V
	0x00, 0x05, 0x00, 0x78, 0x00, 0x00, 0x00, 0x3b, 0x08, 0x00, 0x00, 0x67, 0x00, 0x00, 0x00, 0x64, // ...x...;...g...d
	0x00, 0x00, 0x00, 0x57, 0x00, 0x05, 0x00, 0x0d, 0x00, 0x00, 0x00, 0x3d, 0x08, 0x00, 0x00, 0x3b, // ...W.......=...;
	0x08, 0x00, 0x00, 0x30, 0x08, 0x00, 0x00, 0x4f, 0x00, 0x08, 0x00, 0x20, 0x00, 0x00, 0x00, 0x25, // ...0...O... ...%
	0x08, 0x00, 0x00, 0x3d, 0x08, 0x00, 0x00, 0x3d, 0x08, 0x00, 0x00, 0x00, 0x00, 0x00, 0x00, 0x01, // ...=...=........
	0x00, 0x00, 0x00, 0x02, 0x00, 0x00, 0x00, 0x94, 0x00, 0x05, 0x00, 0x07, 0x00, 0x00, 0x00, 0x50, // ...............P
	0x04, 0x00, 0x00, 0x95, 0x07, 0x00, 0x00, 0xd2, 0x02, 0x00, 0x00, 0x94, 0x00, 0x05, 0x00, 0x07, // ................
	0x00, 0x00, 0x00, 0x53, 0x04, 0x00, 0x00, 0xb9, 0x07, 0x00, 0x00, 0xd2, 0x02, 0x00, 0x00, 0x94, // ...S............
	0x00, 0x05, 0x00, 0x07, 0x00, 0x00, 0x00, 0x56, 0x04, 0x00, 0x00, 0xdd, 0x07, 0x00, 0x00, 0xd2, // .......V........
	0x02, 0x00, 0x00, 0x94, 0x00, 0x05, 0x00, 0x07, 0x00, 0x00, 0x00, 0x59, 0x04, 0x00, 0x00, 0x01, // ...........Y....
	0x08, 0x00, 0x00, 0xd2, 0x02, 0x00, 0x00, 0x94, 0x00, 0x05, 0x00, 0x07, 0x00, 0x00, 0x00, 0x5c, // ................
	0x04, 0x00, 0x00, 0x25, 0x08, 0x00, 0x00, 0xd2, 0x02, 0x00, 0x00, 0x0c, 0x00, 0x07, 0x00, 0x07, // ...%............
	0x00, 0x00, 0x00, 0x60, 0x04, 0x00, 0x00, 0x01, 0x00, 0x00, 0x00, 0x25, 0x00, 0x00, 0x00, 0x50, // ...`.......%...P
	0x04, 0x00, 0x00, 0x53, 0x04, 0x00, 0x00, 0x0c, 0x00, 0x07, 0x00, 0x07, 0x00, 0x00, 0x00, 0x63, // ...S...........c
	0x04, 0x00, 0x00, 0x01, 0x00, 0x00, 0x00, 0x25, 0x00, 0x00, 0x00, 0x56, 0x04, 0x00, 0x00, 0x59, // .......%...V...Y
	0x04, 0x00, 0x00, 0x0c, 0x00, 0x07, 0x00, 0x07, 0x00, 0x00, 0x00, 0x64, 0x04, 0x00, 0x00, 0x01, // ...........d....
	0x00, 0x00, 0x00, 0x25, 0x00, 0x00, 0x00, 0x60, 0x04, 0x00, 0x00, 0x63, 0x04, 0x00, 0x00, 0x0c, // ...%...`...c....
	0x00, 0x07, 0x00, 0x07, 0x00, 0x00, 0x00, 0x65, 0x04, 0x00, 0x00, 0x01, 0x00, 0x00, 0x00, 0x25, // .......e.......%
	0x00, 0x00, 0x00, 0x5c, 0x04, 0x00, 0x00, 0x64, 0x04, 0x00, 0x00, 0x0c, 0x00, 0x07, 0x00, 0x07, // .......d........
	0x00, 0x00, 0x00, 0x69, 0x04, 0x00, 0x00, 0x01, 0x00, 0x00, 0x00, 0x28, 0x00, 0x00, 0x00, 0x50, // ...i.......(...P
	0x04, 0x00, 0x00, 0x53, 0x04, 0x00, 0x00, 0x0c, 0x00, 0x07, 0x00, 0x07, 0x00, 0x00, 0x00, 0x6c, // ...S...........l
	0x04, 0x00, 0x00, 0x01, 0x00, 0x00, 0x00, 0x28, 0x00, 0x00, 0x00, 0x56, 0x04, 0x00, 0x00, 0x59, // .......(...V...Y
	0x04, 0x00, 0x00, 0x0c, 0x00, 0x07, 0x00, 0x07, 0x00, 0x00, 0x00, 0x6d, 0x04, 0x00, 0x00, 0x01, // ...........m....
	0x00, 0x00, 0x00, 0x28, 0x00, 0x00, 0x00, 0x69, 0x04, 0x00, 0x00, 0x6c, 0x04, 0x00, 0x00, 0x0c, // ...(...i...l....
	0x00, 0x07, 0x00, 0x07, 0x00, 0x00, 0x00, 0x6e, 0x04, 0x00, 0x00, 0x01, 0x00, 0x00, 0x00, 0x28, // .......n.......(
	0x00, 0x00, 0x00, 0x5c, 0x04, 0x00, 0x00, 0x6d, 0x04, 0x00, 0x00, 0x81, 0x00, 0x05, 0x00, 0x07, // .......m........
	0x00, 0x00, 0x00, 0x71, 0x04, 0x00, 0x00, 0x50, 0x04, 0x00, 0x00, 0x53, 0x04, 0x00, 0x00, 0x81, // ...q...P...S....
	0x00, 0x05, 0x00, 0x07, 0x00, 0x00, 0x00, 0x74, 0x04, 0x00, 0x00, 0x56, 0x04, 0x00, 0x00, 0x59, // .......t...V...Y
	0x04, 0x00, 0x00, 0x83, 0x00, 0x05, 0x00, 0x07, 0x00, 0x00, 0x00, 0x75, 0x04, 0x00, 0x00, 0x71, // ...........u...q
	0x04, 0x00, 0x00, 0x74, 0x04, 0x00, 0x00, 0x7f, 0x00, 0x04, 0x00, 0x07, 0x00, 0x00, 0x00, 0x76, // ...t...........v
	0x04, 0x00, 0x00, 0x75, 0x04, 0x00, 0x00, 0x81, 0x00, 0x05, 0x00, 0x07, 0x00, 0x00, 0x00, 0x7a, // ...u...........z
	0x04, 0x00, 0x00, 0x50, 0x04, 0x00, 0x00, 0x56, 0x04, 0x00, 0x00, 0x81, 0x00, 0x05, 0x00, 0x07, // ...P...V........
	0x00, 0x00, 0x00, 0x7d, 0x04, 0x00, 0x00, 0x53, 0x04, 0x00, 0x00, 0x59, 0x04, 0x00, 0x00, 0x83, // ...}...S...Y....
	0x00, 0x05, 0x00, 0x07, 0x00, 0x00, 0x00, 0x7e, 0x04, 0x00, 0x00, 0x7a, 0x04, 0x00, 0x00, 0x7d, // .......~...z...}
	0x04, 0x00, 0x00, 0x50, 0x00, 0x05, 0x00, 0x0b, 0x00, 0x00, 0x00, 0x56, 0x0b, 0x00, 0x00, 0x76, // ...P.......V...v
	0x04, 0x00, 0x00, 0x7e, 0x04, 0x00, 0x00, 0x81, 0x00, 0x05, 0x00, 0x07, 0x00, 0x00, 0x00, 0x84, // ...~............
	0x04, 0x00, 0x00, 0x71, 0x04, 0x00, 0x00, 0x56, 0x04, 0x00, 0x00, 0x81, 0x00, 0x05, 0x00, 0x07, // ...q...V........
	0x00, 0x00, 0x00, 0x86, 0x04, 0x00, 0x00, 0x84, 0x04, 0x00, 0x00, 0x59, 0x04, 0x00, 0x00, 0x85, // ...........Y....
	0x00, 0x05, 0x00, 0x07, 0x00, 0x00, 0x00, 0x89, 0x04, 0x00, 0x00, 0x86, 0x04, 0x00, 0x00, 0x57, // ...............W
	0x0b, 0x00, 0x00, 0x0c, 0x00, 0x07, 0x00, 0x07, 0x00, 0x00, 0x00, 0x8b, 0x04, 0x00, 0x00, 0x01, // ................
	0x00, 0x00, 0x00, 0x28, 0x00, 0x00, 0x00, 0x89, 0x04, 0x00, 0x00, 0x9e, 0x02, 0x00, 0x00, 0x0c, // ...(............
	0x00, 0x06, 0x00, 0x07, 0x00, 0x00, 0x00, 0x8e, 0x04, 0x00, 0x00, 0x01, 0x00, 0x00, 0x00, 0x04, // ................
	0x00, 0x00, 0x00, 0x76, 0x04, 0x00, 0x00, 0x0c, 0x00, 0x06, 0x00, 0x07, 0x00, 0x00, 0x00, 0x91, // ...v............
	0x04, 0x00, 0x00, 0x01, 0x00, 0x00, 0x00, 0x04, 0x00, 0x00, 0x00, 0x7e, 0x04, 0x00, 0x00, 0x0c, // ...........~....
	0x00, 0x07, 0x00, 0x07, 0x00, 0x00, 0x00, 0x92, 0x04, 0x00, 0x00, 0x01, 0x00, 0x00, 0x00, 0x25, // ...............%
	0x00, 0x00, 0x00, 0x8e, 0x04, 0x00, 0x00, 0x91, 0x04, 0x00, 0x00, 0x81, 0x00, 0x05, 0x00, 0x07, // ................
	0x00, 0x00, 0x00, 0x94, 0x04, 0x00, 0x00, 0x92, 0x04, 0x00, 0x00, 0x8b, 0x04, 0x00, 0x00, 0x88, // ................
	0x00, 0x05, 0x00, 0x07, 0x00, 0x00, 0x00, 0x95, 0x04, 0x00, 0x00, 0xb8, 0x00, 0x00, 0x00, 0x94, // ................
	0x04, 0x00, 0x00, 0x8e, 0x00, 0x05, 0x00, 0x0b, 0x00, 0x00, 0x00, 0x98, 0x04, 0x00, 0x00, 0x56, // ...............V
	0x0b, 0x00, 0x00, 0x95, 0x04, 0x00, 0x00, 0x83, 0x00, 0x05, 0x00, 0x07, 0x00, 0x00, 0x00, 0x9a, // ................
	0x04, 0x00, 0x00, 0x58, 0x0b, 0x00, 0x00, 0x31, 0x04, 0x00, 0x00, 0x50, 0x00, 0x05, 0x00, 0x0b, // ...X...1...P....
	0x00, 0x00, 0x00, 0x9d, 0x04, 0x00, 0x00, 0x9a, 0x04, 0x00, 0x00, 0x9a, 0x04, 0x00, 0x00, 0x50, // ...............P
	0x00, 0x05, 0x00, 0x0b, 0x00, 0x00, 0x00, 0x9f, 0x04, 0x00, 0x00, 0x32, 0x04, 0x00, 0x00, 0x32, // ...........2...2
	0x04, 0x00, 0x00, 0x0c, 0x00, 0x08, 0x00, 0x0b, 0x00, 0x00, 0x00, 0xa0, 0x04, 0x00, 0x00, 0x01, // ................
	0x00, 0x00, 0x00, 0x2b, 0x00, 0x00, 0x00, 0x98, 0x04, 0x00, 0x00, 0x9d, 0x04, 0x00, 0x00, 0x9f, // ...+............
	0x04, 0x00, 0x00, 0x85, 0x00, 0x05, 0x00, 0x0b, 0x00, 0x00, 0x00, 0xa2, 0x04, 0x00, 0x00, 0xa0, // ................
	0x04, 0x00, 0x00, 0x03, 0x04, 0x00, 0x00, 0x8e, 0x00, 0x05, 0x00, 0x0b, 0x00, 0x00, 0x00, 0xa5, // ................
	0x04, 0x00, 0x00, 0xa2, 0x04, 0x00, 0x00, 0x35, 0x03, 0x00, 0x00, 0x81, 0x00, 0x05, 0x00, 0x0b, // .......5........
	0x00, 0x00, 0x00, 0xa6, 0x04, 0x00, 0x00, 0xdd, 0x0a, 0x00, 0x00, 0xa5, 0x04, 0x00, 0x00, 0x0c, // ................
	0x00, 0x08, 0x00, 0x0b, 0x00, 0x00, 0x00, 0x54, 0x08, 0x00, 0x00, 0x01, 0x00, 0x00, 0x00, 0x2b, // .......T.......+
	0x00, 0x00, 0x00, 0xa6, 0x04, 0x00, 0x00, 0x6f, 0x05, 0x00, 0x00, 0x73, 0x05, 0x00, 0x00, 0x56, // .......o...s...V
	0x00, 0x05, 0x00, 0x78, 0x00, 0x00, 0x00, 0x5f, 0x08, 0x00, 0x00, 0x67, 0x00, 0x00, 0x00, 0x64, // ...x..._...g...d
	0x00, 0x00, 0x00, 0x57, 0x00, 0x05, 0x00, 0x0d, 0x00, 0x00, 0x00, 0x61, 0x08, 0x00, 0x00, 0x5f, // ...W.......a..._
	0x08, 0x00, 0x00, 0x54, 0x08, 0x00, 0x00, 0x4f, 0x00, 0x08, 0x00, 0x20, 0x00, 0x00, 0x00, 0x49, // ...T...O... ...I
	0x08, 0x00, 0x00, 0x61, 0x08, 0x00, 0x00, 0x61, 0x08, 0x00, 0x00, 0x00, 0x00, 0x00, 0x00, 0x01, // ...a...a........
	0x00, 0x00, 0x00, 0x02, 0x00, 0x00, 0x00, 0x8e, 0x00, 0x05, 0x00, 0x0b, 0x00, 0x00, 0x00, 0xab, // ................
	0x04, 0x00, 0x00, 0xa2, 0x04, 0x00, 0x00, 0x9c, 0x02, 0x00, 0x00, 0x81, 0x00, 0x05, 0x00, 0x0b, // ................
	0x00, 0x00, 0x00, 0xac, 0x04, 0x00, 0x00, 0xdd, 0x0a, 0x00, 0x00, 0xab, 0x04, 0x00, 0x00, 0x0c, // ................
	0x00, 0x08, 0x00, 0x0b, 0x00, 0x00, 0x00, 0x78, 0x08, 0x00, 0x00, 0x01, 0x00, 0x00, 0x00, 0x2b, // .......x.......+
	0x00, 0x00, 0x00, 0xac, 0x04, 0x00, 0x00, 0x6f, 0x05, 0x00, 0x00, 0x73, 0x05, 0x00, 0x00, 0x56, // .......o...s...V
	0x00, 0x05, 0x00, 0x78, 0x00, 0x00, 0x00, 0x83, 0x08, 0x00, 0x00, 0x67, 0x00, 0x00, 0x00, 0x64, // ...x.......g...d
	0x00, 0x00, 0x00, 0x57, 0x00, 0x05, 0x00, 0x0d, 0x00, 0x00, 0x00, 0x85, 0x08, 0x00, 0x00, 0x83, // ...W............
	0x08, 0x00, 0x00, 0x78, 0x08, 0x00, 0x00, 0x4f, 0x00, 0x08, 0x00, 0x20, 0x00, 0x00, 0x00, 0x6d, // ...x...O... ...m
	0x08, 0x00, 0x00, 0x85, 0x08, 0x00, 0x00, 0x85, 0x08, 0x00, 0x00, 0x00, 0x00, 0x00, 0x00, 0x01, // ................
	0x00, 0x00, 0x00, 0x02, 0x00, 0x00, 0x00, 0x81, 0x00, 0x05, 0x00, 0x20, 0x00, 0x00, 0x00, 0xaf, // ........... ....
	0x04, 0x00, 0x00, 0x49, 0x08, 0x00, 0x00, 0x6d, 0x08, 0x00, 0x00, 0x8e, 0x00, 0x05, 0x00, 0x20, // ...I...m....... 
	0x00, 0x00, 0x00, 0xb0, 0x04, 0x00, 0x00, 0xaf, 0x04, 0x00, 0x00, 0xc0, 0x00, 0x00, 0x00, 0x8e, // ................
	0x00, 0x05, 0x00, 0x20, 0x00, 0x00, 0x00, 0xb2, 0x04, 0x00, 0x00, 0xb0, 0x04, 0x00, 0x00, 0xc0, // ... ............
	0x00, 0x00, 0x00, 0x8e, 0x00, 0x05, 0x00, 0x0b, 0x00, 0x00, 0x00, 0xb5, 0x04, 0x00, 0x00, 0xa2, // ................
	0x04, 0x00, 0x00, 0x4b, 0x03, 0x00, 0x00, 0x81, 0x00, 0x05, 0x00, 0x0b, 0x00, 0x00, 0x00, 0xb6, // ...K............
	0x04, 0x00, 0x00, 0xdd, 0x0a, 0x00, 0x00, 0xb5, 0x04, 0x00, 0x00, 0x0c, 0x00, 0x08, 0x00, 0x0b, // ................
	0x00, 0x00, 0x00, 0x9c, 0x08, 0x00, 0x00, 0x01, 0x00, 0x00, 0x00, 0x2b, 0x00, 0x00, 0x00, 0xb6, // ...........+....
	0x04, 0x00, 0x00, 0x6f, 0x05, 0x00, 0x00, 0x73, 0x05, 0x00, 0x00, 0x56, 0x00, 0x05, 0x00, 0x78, // ...o...s...V...x
	0x00, 0x00, 0x00, 0xa7, 0x08, 0x00, 0x00, 0x67, 0x00, 0x00, 0x00, 0x64, 0x00, 0x00, 0x00, 0x57, // .......g...d...W
	0x00, 0x05, 0x00, 0x0d, 0x00, 0x00, 0x00, 0xa9, 0x08, 0x00, 0x00, 0xa7, 0x08, 0x00, 0x00, 0x9c, // ................
	0x08, 0x00, 0x00, 0x4f, 0x00, 0x08, 0x00, 0x20, 0x00, 0x00, 0x00, 0x91, 0x08, 0x00, 0x00, 0xa9, // ...O... ........
	0x08, 0x00, 0x00, 0xa9, 0x08, 0x00, 0x00, 0x00, 0x00, 0x00, 0x00, 0x01, 0x00, 0x00, 0x00, 0x02, // ................
	0x00, 0x00, 0x00, 0x8e, 0x00, 0x05, 0x00, 0x0b, 0x00, 0x00, 0x00, 0xbb, 0x04, 0x00, 0x00, 0xa2, // ................
	0x04, 0x00, 0x00, 0xc0, 0x00, 0x00, 0x00, 0x81, 0x00, 0x05, 0x00, 0x0b, 0x00, 0x00, 0x00, 0xbc, // ................
	0x04, 0x00, 0x00, 0xdd, 0x0a, 0x00, 0x00, 0xbb, 0x04, 0x00, 0x00, 0x0c, 0x00, 0x08, 0x00, 0x0b, // ................
	0x00, 0x00, 0x00, 0xc0, 0x08, 0x00, 0x00, 0x01, 0x00, 0x00, 0x00, 0x2b, 0x00, 0x00, 0x00, 0xbc, // ...........+....
	0x04, 0x00, 0x00, 0x6f, 0x05, 0x00, 0x00, 0x73, 0x05, 0x00, 0x00, 0x56, 0x00, 0x05, 0x00, 0x78, // ...o...s...V...x
	0x00, 0x00, 0x00, 0xcb, 0x08, 0x00, 0x00, 0x67, 0x00, 0x00, 0x00, 0x64, 0x00, 0x00, 0x00, 0x57, // .......g...d...W
	0x00, 0x05, 0x00, 0x0d, 0x00, 0x00, 0x00, 0xcd, 0x08, 0x00, 0x00, 0xcb, 0x08, 0x00, 0x00, 0xc0, // ................
	0x08, 0x00, 0x00, 0x4f, 0x00, 0x08, 0x00, 0x20, 0x00, 0x00, 0x00, 0xb5, 0x08, 0x00, 0x00, 0xcd, // ...O... ........
	0x08, 0x00, 0x00, 0xcd, 0x08, 0x00, 0x00, 0x00, 0x00, 0x00, 0x00, 0x01, 0x00, 0x00, 0x00, 0x02, // ................
	0x00, 0x00, 0x00, 0x81, 0x00, 0x05, 0x00, 0x20, 0x00, 0x00, 0x00, 0xbf, 0x04, 0x00, 0x00, 0x91, // ....... ........
	0x08, 0x00, 0x00, 0xb5, 0x08, 0x00, 0x00, 0x8e, 0x00, 0x05, 0x00, 0x20, 0x00, 0x00, 0x00, 0xc0, // ........... ....
	0x04, 0x00, 0x00, 0xbf, 0x04, 0x00, 0x00, 0xe8, 0x00, 0x00, 0x00, 0x81, 0x00, 0x05, 0x00, 0x20, // ............... 
	0x00, 0x00, 0x00, 0xc1, 0x04, 0x00, 0x00, 0xb2, 0x04, 0x00, 0x00, 0xc0, 0x04, 0x00, 0x00, 0x94, // ................
	0x00, 0x05, 0x00, 0x07, 0x00, 0x00, 0x00, 0xc4, 0x04, 0x00, 0x00, 0xc1, 0x04, 0x00, 0x00, 0xd2, // ................
	0x02, 0x00, 0x00, 0xb8, 0x00, 0x05, 0x00, 0xa8, 0x00, 0x00, 0x00, 0xc7, 0x04, 0x00, 0x00, 0xc4, // ................
	0x04, 0x00, 0x00, 0x65, 0x04, 0x00, 0x00, 0xba, 0x00, 0x05, 0x00, 0xa8, 0x00, 0x00, 0x00, 0xca, // ...e............
	0x04, 0x00, 0x00, 0xc4, 0x04, 0x00, 0x00, 0x6e, 0x04, 0x00, 0x00, 0xa6, 0x00, 0x05, 0x00, 0xa8, // .......n........
	0x00, 0x00, 0x00, 0xcb, 0x04, 0x00, 0x00, 0xc7, 0x04, 0x00, 0x00, 0xca, 0x04, 0x00, 0x00, 0x50, // ...............P
	0x00, 0x06, 0x00, 0x6b, 0x03, 0x00, 0x00, 0xce, 0x04, 0x00, 0x00, 0xcb, 0x04, 0x00, 0x00, 0xcb, // ...k............
	0x04, 0x00, 0x00, 0xcb, 0x04, 0x00, 0x00, 0xa9, 0x00, 0x06, 0x00, 0x20, 0x00, 0x00, 0x00, 0xcf, // ........... ....
	0x04, 0x00, 0x00, 0xce, 0x04, 0x00, 0x00, 0xb0, 0x04, 0x00, 0x00, 0xc1, 0x04, 0x00, 0x00, 0x56, // ...............V
	0x00, 0x05, 0x00, 0x78, 0x00, 0x00, 0x00, 0xe1, 0x08, 0x00, 0x00, 0x6d, 0x00, 0x00, 0x00, 0x6b, // ...x.......m...k
	0x00, 0x00, 0x00, 0x57, 0x00, 0x05, 0x00, 0x0d, 0x00, 0x00, 0x00, 0xe3, 0x08, 0x00, 0x00, 0xe1, // ...W............
	0x08, 0x00, 0x00, 0xdd, 0x0a, 0x00, 0x00, 0x4f, 0x00, 0x08, 0x00, 0x20, 0x00, 0x00, 0x00, 0xd6, // .......O... ....
	0x08, 0x00, 0x00, 0xe3, 0x08, 0x00, 0x00, 0xe3, 0x08, 0x00, 0x00, 0x00, 0x00, 0x00, 0x00, 0x01, // ................
	0x00, 0x00, 0x00, 0x02, 0x00, 0x00, 0x00, 0x41, 0x00, 0x06, 0x00, 0xa3, 0x00, 0x00, 0x00, 0xd7, // .......A........
	0x08, 0x00, 0x00, 0x9f, 0x00, 0x00, 0x00, 0x70, 0x00, 0x00, 0x00, 0xb2, 0x00, 0x00, 0x00, 0x3d, // .......p.......=
	0x00, 0x04, 0x00, 0x07, 0x00, 0x00, 0x00, 0xd8, 0x08, 0x00, 0x00, 0xd7, 0x08, 0x00, 0x00, 0x8e, // ................
	0x00, 0x05, 0x00, 0x20, 0x00, 0x00, 0x00, 0xd9, 0x08, 0x00, 0x00, 0xd6, 0x08, 0x00, 0x00, 0xd8, // ... ............
	0x08, 0x00, 0x00, 0x81, 0x00, 0x05, 0x00, 0x20, 0x00, 0x00, 0x00, 0xda, 0x08, 0x00, 0x00, 0xcf, // ....... ........
	0x04, 0x00, 0x00, 0xd9, 0x08, 0x00, 0x00, 0xf7, 0x00, 0x03, 0x00, 0x64, 0x09, 0x00, 0x00, 0x00, // ...........d....
	0x00, 0x00, 0x00, 0xfb, 0x00, 0x03, 0x00, 0xb2, 0x00, 0x00, 0x00, 0xfa, 0x08, 0x00, 0x00, 0xf8, // ................
	0x00, 0x02, 0x00, 0xfa, 0x08, 0x00, 0x00, 0x41, 0x00, 0x06, 0x00, 0xa3, 0x00, 0x00, 0x00, 0xfb, // .......A........
	0x08, 0x00, 0x00, 0x9f, 0x00, 0x00, 0x00, 0xa0, 0x00, 0x00, 0x00, 0xa2, 0x00, 0x00, 0x00, 0x3d, // ...............=
	0x00, 0x04, 0x00, 0x07, 0x00, 0x00, 0x00, 0xfc, 0x08, 0x00, 0x00, 0xfb, 0x08, 0x00, 0x00, 0xbc, // ................
	0x00, 0x05, 0x00, 0xa8, 0x00, 0x00, 0x00, 0xfe, 0x08, 0x00, 0x00, 0xfc, 0x08, 0x00, 0x00, 0xa7, // ................
	0x00, 0x00, 0x00, 0xf7, 0x00, 0x03, 0x00, 0x01, 0x09, 0x00, 0x00, 0x00, 0x00, 0x00, 0x00, 0xfa, // ................
	0x00, 0x04, 0x00, 0xfe, 0x08, 0x00, 0x00, 0xff, 0x08, 0x00, 0x00, 0x01, 0x09, 0x00, 0x00, 0xf8, // ................
	0x00, 0x02, 0x00, 0xff, 0x08, 0x00, 0x00, 0xf9, 0x00, 0x02, 0x00, 0x64, 0x09, 0x00, 0x00, 0xf8, // ...........d....
	0x00, 0x02, 0x00, 0x01, 0x09, 0x00, 0x00, 0x0c, 0x00, 0x07, 0x00, 0x07, 0x00, 0x00, 0x00, 0x06, // ................
	0x09, 0x00, 0x00, 0x01, 0x00, 0x00, 0x00, 0x28, 0x00, 0x00, 0x00, 0x00, 0x04, 0x00, 0x00, 0xb5, // .......(........
	0x00, 0x00, 0x00, 0x88, 0x00, 0x05, 0x00, 0x07, 0x00, 0x00, 0x00, 0x07, 0x09, 0x00, 0x00, 0x02, // ................
	0x04, 0x00, 0x00, 0x06, 0x09, 0x00, 0x00, 0x50, 0x00, 0x05, 0x00, 0x0b, 0x00, 0x00, 0x00, 0x08, // .......P........
	0x09, 0x00, 0x00, 0x07, 0x09, 0x00, 0x00, 0xb8, 0x00, 0x00, 0x00, 0x41, 0x00, 0x05, 0x00, 0xbb, // ...........A....
	0x00, 0x00, 0x00, 0x09, 0x09, 0x00, 0x00, 0x9f, 0x00, 0x00, 0x00, 0xa0, 0x00, 0x00, 0x00, 0x3d, // ...............=
	0x00, 0x04, 0x00, 0x0d, 0x00, 0x00, 0x00, 0x0a, 0x09, 0x00, 0x00, 0x09, 0x09, 0x00, 0x00, 0x4f, // ...............O
	0x00, 0x07, 0x00, 0x0b, 0x00, 0x00, 0x00, 0x0b, 0x09, 0x00, 0x00, 0x0a, 0x09, 0x00, 0x00, 0x0a, // ................
	0x09, 0x00, 0x00, 0x00, 0x00, 0x00, 0x00, 0x01, 0x00, 0x00, 0x00, 0x83, 0x00, 0x05, 0x00, 0x0b, // ................
	0x00, 0x00, 0x00, 0x0e, 0x09, 0x00, 0x00, 0xc1, 0x00, 0x00, 0x00, 0x0b, 0x09, 0x00, 0x00, 0x83, // ................
	0x00, 0x05, 0x00, 0x0b, 0x00, 0x00, 0x00, 0x12, 0x09, 0x00, 0x00, 0xd5, 0x0a, 0x00, 0x00, 0x0b, // ................
	0x09, 0x00, 0x00, 0x85, 0x00, 0x05, 0x00, 0x0b, 0x00, 0x00, 0x00, 0x14, 0x09, 0x00, 0x00, 0x12, // ................
	0x09, 0x00, 0x00, 0x08, 0x09, 0x00, 0x00, 0x0c, 0x00, 0x06, 0x00, 0x07, 0x00, 0x00, 0x00, 0x15, // ................
	0x09, 0x00, 0x00, 0x01, 0x00, 0x00, 0x00, 0x42, 0x00, 0x00, 0x00, 0x14, 0x09, 0x00, 0x00, 0x7f, // .......B........
	0x00, 0x04, 0x00, 0x07, 0x00, 0x00, 0x00, 0x17, 0x09, 0x00, 0x00, 0x15, 0x09, 0x00, 0x00, 0x85, // ................
	0x00, 0x05, 0x00, 0x07, 0x00, 0x00, 0x00, 0x19, 0x09, 0x00, 0x00, 0x17, 0x09, 0x00, 0x00, 0x15, // ................
	0x09, 0x00, 0x00, 0x85, 0x00, 0x05, 0x00, 0x07, 0x00, 0x00, 0x00, 0x1a, 0x09, 0x00, 0x00, 0x19, // ................
	0x09, 0x00, 0x00, 0xd7, 0x00, 0x00, 0x00, 0x0c, 0x00, 0x06, 0x00, 0x07, 0x00, 0x00, 0x00, 0x1b, // ................
	0x09, 0x00, 0x00, 0x01, 0x00, 0x00, 0x00, 0x1b, 0x00, 0x00, 0x00, 0x1a, 0x09, 0x00, 0x00, 0x8e, // ................
	0x00, 0x05, 0x00, 0x20, 0x00, 0x00, 0x00, 0x1c, 0x09, 0x00, 0x00, 0xd2, 0x00, 0x00, 0x00, 0x1b, // ... ............
	0x09, 0x00, 0x00, 0x8e, 0x00, 0x05, 0x00, 0x20, 0x00, 0x00, 0x00, 0x1d, 0x09, 0x00, 0x00, 0x1c, // ....... ........
	0x09, 0x00, 0x00, 0xdb, 0x00, 0x00, 0x00, 0x85, 0x00, 0x05, 0x00, 0x07, 0x00, 0x00, 0x00, 0x22, // ..............."
	0x09, 0x00, 0x00, 0x15, 0x09, 0x00, 0x00, 0x5a, 0x0b, 0x00, 0x00, 0x0c, 0x00, 0x06, 0x00, 0x07, // .......Z........
	0x00, 0x00, 0x00, 0x23, 0x09, 0x00, 0x00, 0x01, 0x00, 0x00, 0x00, 0x1b, 0x00, 0x00, 0x00, 0x22, // ...#..........."
	0x09, 0x00, 0x00, 0x8e, 0x00, 0x05, 0x00, 0x20, 0x00, 0x00, 0x00, 0x24, 0x09, 0x00, 0x00, 0xe1, // ....... ...$....
	0x00, 0x00, 0x00, 0x23, 0x09, 0x00, 0x00, 0x8e, 0x00, 0x05, 0x00, 0x20, 0x00, 0x00, 0x00, 0x25, // ...#....... ...%
	0x09, 0x00, 0x00, 0x24, 0x09, 0x00, 0x00, 0xe8, 0x00, 0x00, 0x00, 0x81, 0x00, 0x05, 0x00, 0x20, // ...$........... 
	0x00, 0x00, 0x00, 0x27, 0x09, 0x00, 0x00, 0x1d, 0x09, 0x00, 0x00, 0x25, 0x09, 0x00, 0x00, 0xf9, // ...'.......%....
	0x00, 0x02, 0x00, 0x28, 0x09, 0x00, 0x00, 0xf8, 0x00, 0x02, 0x00, 0x28, 0x09, 0x00, 0x00, 0xf5, // ...(.......(....
	0x00, 0x07, 0x00, 0x20, 0x00, 0x00, 0x00, 0x5e, 0x0b, 0x00, 0x00, 0x27, 0x09, 0x00, 0x00, 0x01, // ... ...^...'....
	0x09, 0x00, 0x00, 0x51, 0x09, 0x00, 0x00, 0x2c, 0x09, 0x00, 0x00, 0xf5, 0x00, 0x07, 0x00, 0x6f, // ...Q...,.......o
	0x00, 0x00, 0x00, 0x5d, 0x0b, 0x00, 0x00, 0x74, 0x00, 0x00, 0x00, 0x01, 0x09, 0x00, 0x00, 0x54, // ...]...t.......T
	0x09, 0x00, 0x00, 0x2c, 0x09, 0x00, 0x00, 0xb1, 0x00, 0x05, 0x00, 0xa8, 0x00, 0x00, 0x00, 0x2b, // ...,...........+
	0x09, 0x00, 0x00, 0x5d, 0x0b, 0x00, 0x00, 0xf4, 0x00, 0x00, 0x00, 0xf6, 0x00, 0x04, 0x00, 0x55, // ...]...........U
	0x09, 0x00, 0x00, 0x2c, 0x09, 0x00, 0x00, 0x00, 0x00, 0x00, 0x00, 0xfa, 0x00, 0x04, 0x00, 0x2b, // ...,...........+
	0x09, 0x00, 0x00, 0x2c, 0x09, 0x00, 0x00, 0x55, 0x09, 0x00, 0x00, 0xf8, 0x00, 0x02, 0x00, 0x2c, // ...,...U.......,
	0x09, 0x00, 0x00, 0x6f, 0x00, 0x04, 0x00, 0x07, 0x00, 0x00, 0x00, 0x2e, 0x09, 0x00, 0x00, 0x5d, // ...o...........]
	0x0b, 0x00, 0x00, 0x85, 0x00, 0x05, 0x00, 0x07, 0x00, 0x00, 0x00, 0x2f, 0x09, 0x00, 0x00, 0x2e, // .........../....
	0x09, 0x00, 0x00, 0xfa, 0x00, 0x00, 0x00, 0x81, 0x00, 0x05, 0x00, 0x07, 0x00, 0x00, 0x00, 0x30, // ...............0
	0x09, 0x00, 0x00, 0xf7, 0x00, 0x00, 0x00, 0x2f, 0x09, 0x00, 0x00, 0x8e, 0x00, 0x05, 0x00, 0x0b, // ......./........
	0x00, 0x00, 0x00, 0x34, 0x09, 0x00, 0x00, 0x0e, 0x09, 0x00, 0x00, 0x30, 0x09, 0x00, 0x00, 0x81, // ...4.......0....
	0x00, 0x05, 0x00, 0x0b, 0x00, 0x00, 0x00, 0x35, 0x09, 0x00, 0x00, 0x0b, 0x09, 0x00, 0x00, 0x34, // .......5.......4
	0x09, 0x00, 0x00, 0x83, 0x00, 0x05, 0x00, 0x0b, 0x00, 0x00, 0x00, 0x38, 0x09, 0x00, 0x00, 0xd5, // ...........8....
	0x0a, 0x00, 0x00, 0x35, 0x09, 0x00, 0x00, 0x85, 0x00, 0x05, 0x00, 0x0b, 0x00, 0x00, 0x00, 0x3a, // ...5...........:
	0x09, 0x00, 0x00, 0x38, 0x09, 0x00, 0x00, 0x08, 0x09, 0x00, 0x00, 0x0c, 0x00, 0x06, 0x00, 0x07, // ...8............
	0x00, 0x00, 0x00, 0x3b, 0x09, 0x00, 0x00, 0x01, 0x00, 0x00, 0x00, 0x42, 0x00, 0x00, 0x00, 0x3a, // ...;.......B...:
	0x09, 0x00, 0x00, 0x85, 0x00, 0x05, 0x00, 0x07, 0x00, 0x00, 0x00, 0x3e, 0x09, 0x00, 0x00, 0x2e, // ...........>....
	0x09, 0x00, 0x00, 0x0e, 0x01, 0x00, 0x00, 0x81, 0x00, 0x05, 0x00, 0x07, 0x00, 0x00, 0x00, 0x3f, // ...............?
	0x09, 0x00, 0x00, 0x0b, 0x01, 0x00, 0x00, 0x3e, 0x09, 0x00, 0x00, 0x85, 0x00, 0x05, 0x00, 0x07, // .......>........
	0x00, 0x00, 0x00, 0x42, 0x09, 0x00, 0x00, 0x2e, 0x09, 0x00, 0x00, 0x14, 0x01, 0x00, 0x00, 0x0c, // ...B............
	0x00, 0x06, 0x00, 0x07, 0x00, 0x00, 0x00, 0x43, 0x09, 0x00, 0x00, 0x01, 0x00, 0x00, 0x00, 0x0a, // .......C........
	0x00, 0x00, 0x00, 0x42, 0x09, 0x00, 0x00, 0x50, 0x00, 0x06, 0x00, 0x20, 0x00, 0x00, 0x00, 0x44, // ...B...P... ...D
	0x09, 0x00, 0x00, 0x43, 0x09, 0x00, 0x00, 0x43, 0x09, 0x00, 0x00, 0x43, 0x09, 0x00, 0x00, 0x0c, // ...C...C...C....
	0x00, 0x08, 0x00, 0x20, 0x00, 0x00, 0x00, 0x6f, 0x09, 0x00, 0x00, 0x01, 0x00, 0x00, 0x00, 0x2e, // ... ...o........
	0x00, 0x00, 0x00, 0x13, 0x01, 0x00, 0x00, 0x15, 0x01, 0x00, 0x00, 0x44, 0x09, 0x00, 0x00, 0x7f, // ...........D....
	0x00, 0x04, 0x00, 0x07, 0x00, 0x00, 0x00, 0x48, 0x09, 0x00, 0x00, 0x3b, 0x09, 0x00, 0x00, 0x85, // .......H...;....
	0x00, 0x05, 0x00, 0x07, 0x00, 0x00, 0x00, 0x4a, 0x09, 0x00, 0x00, 0x48, 0x09, 0x00, 0x00, 0x3b, // .......J...H...;
	0x09, 0x00, 0x00, 0x85, 0x00, 0x05, 0x00, 0x07, 0x00, 0x00, 0x00, 0x4c, 0x09, 0x00, 0x00, 0x4a, // ...........L...J
	0x09, 0x00, 0x00, 0x3f, 0x09, 0x00, 0x00, 0x0c, 0x00, 0x06, 0x00, 0x07, 0x00, 0x00, 0x00, 0x4d, // ...?...........M
	0x09, 0x00, 0x00, 0x01, 0x00, 0x00, 0x00, 0x1b, 0x00, 0x00, 0x00, 0x4c, 0x09, 0x00, 0x00, 0x8e, // ...........L....
	0x00, 0x05, 0x00, 0x20, 0x00, 0x00, 0x00, 0x4e, 0x09, 0x00, 0x00, 0x6f, 0x09, 0x00, 0x00, 0x4d, // ... ...N...o...M
	0x09, 0x00, 0x00, 0x8e, 0x00, 0x05, 0x00, 0x20, 0x00, 0x00, 0x00, 0x4f, 0x09, 0x00, 0x00, 0x4e, // ....... ...O...N
	0x09, 0x00, 0x00, 0x28, 0x01, 0x00, 0x00, 0x81, 0x00, 0x05, 0x00, 0x20, 0x00, 0x00, 0x00, 0x51, // ...(....... ...Q
	0x09, 0x00, 0x00, 0x5e, 0x0b, 0x00, 0x00, 0x4f, 0x09, 0x00, 0x00, 0x80, 0x00, 0x05, 0x00, 0x6f, // ...^...O.......o
	0x00, 0x00, 0x00, 0x54, 0x09, 0x00, 0x00, 0x5d, 0x0b, 0x00, 0x00, 0x70, 0x00, 0x00, 0x00, 0xf9, // ...T...]...p....
	0x00, 0x02, 0x00, 0x28, 0x09, 0x00, 0x00, 0xf8, 0x00, 0x02, 0x00, 0x55, 0x09, 0x00, 0x00, 0x83, // ...(.......U....
	0x00, 0x05, 0x00, 0x0b, 0x00, 0x00, 0x00, 0x58, 0x09, 0x00, 0x00, 0xd5, 0x0a, 0x00, 0x00, 0xc1, // .......X........
	0x00, 0x00, 0x00, 0x85, 0x00, 0x05, 0x00, 0x0b, 0x00, 0x00, 0x00, 0x5a, 0x09, 0x00, 0x00, 0x58, // ...........Z...X
	0x09, 0x00, 0x00, 0x08, 0x09, 0x00, 0x00, 0x0c, 0x00, 0x06, 0x00, 0x07, 0x00, 0x00, 0x00, 0x5b, // ...............[
	0x09, 0x00, 0x00, 0x01, 0x00, 0x00, 0x00, 0x42, 0x00, 0x00, 0x00, 0x5a, 0x09, 0x00, 0x00, 0x0c, // .......B...Z....
	0x00, 0x08, 0x00, 0x07, 0x00, 0x00, 0x00, 0x5c, 0x09, 0x00, 0x00, 0x01, 0x00, 0x00, 0x00, 0x31, // ...............1
	0x00, 0x00, 0x00, 0x2f, 0x01, 0x00, 0x00, 0xc0, 0x00, 0x00, 0x00, 0x5b, 0x09, 0x00, 0x00, 0x8e, // .../.......[....
	0x00, 0x05, 0x00, 0x20, 0x00, 0x00, 0x00, 0x60, 0x09, 0x00, 0x00, 0x5e, 0x0b, 0x00, 0x00, 0xfc, // ... ...`...^....
	0x08, 0x00, 0x00, 0x8e, 0x00, 0x05, 0x00, 0x20, 0x00, 0x00, 0x00, 0x62, 0x09, 0x00, 0x00, 0x60, // ....... ...b...`
	0x09, 0x00, 0x00, 0x5c, 0x09, 0x00, 0x00, 0x81, 0x00, 0x05, 0x00, 0x20, 0x00, 0x00, 0x00, 0x63, // ........... ...c
	0x09, 0x00, 0x00, 0xda, 0x08, 0x00, 0x00, 0x62, 0x09, 0x00, 0x00, 0xf9, 0x00, 0x02, 0x00, 0x64, // .......b.......d
	0x09, 0x00, 0x00, 0xf8, 0x00, 0x02, 0x00, 0x64, 0x09, 0x00, 0x00, 0xf5, 0x00, 0x07, 0x00, 0x20, // .......d....... 
	0x00, 0x00, 0x00, 0x5f, 0x0b, 0x00, 0x00, 0xda, 0x08, 0x00, 0x00, 0xff, 0x08, 0x00, 0x00, 0x63, // ..._...........c
	0x09, 0x00, 0x00, 0x55, 0x09, 0x00, 0x00, 0x81, 0x00, 0x05, 0x00, 0x0b, 0x00, 0x00, 0x00, 0x7b, // ...U...........{
	0x09, 0x00, 0x00, 0x16, 0x04, 0x00, 0x00, 0xc1, 0x00, 0x00, 0x00, 0x51, 0x00, 0x05, 0x00, 0x07, // ...........Q....
	0x00, 0x00, 0x00, 0x9a, 0x09, 0x00, 0x00, 0x7b, 0x09, 0x00, 0x00, 0x00, 0x00, 0x00, 0x00, 0x51, // .......{.......Q
	0x00, 0x05, 0x00, 0x07, 0x00, 0x00, 0x00, 0x9c, 0x09, 0x00, 0x00, 0x7b, 0x09, 0x00, 0x00, 0x01, // ...........{....
	0x00, 0x00, 0x00, 0x50, 0x00, 0x06, 0x00, 0x20, 0x00, 0x00, 0x00, 0x9f, 0x09, 0x00, 0x00, 0x9a, // ...P... ........
	0x09, 0x00, 0x00, 0x9c, 0x09, 0x00, 0x00, 0x9a, 0x09, 0x00, 0x00, 0x8e, 0x00, 0x05, 0x00, 0x20, // ............... 
	0x00, 0x00, 0x00, 0xa0, 0x09, 0x00, 0x00, 0x9f, 0x09, 0x00, 0x00, 0xfb, 0x01, 0x00, 0x00, 0x0c, // ................
	0x00, 0x06, 0x00, 0x20, 0x00, 0x00, 0x00, 0xa1, 0x09, 0x00, 0x00, 0x01, 0x00, 0x00, 0x00, 0x0a, // ... ............
	0x00, 0x00, 0x00, 0xa0, 0x09, 0x00, 0x00, 0x51, 0x00, 0x05, 0x00, 0x07, 0x00, 0x00, 0x00, 0xa4, // .......Q........
	0x09, 0x00, 0x00, 0xa1, 0x09, 0x00, 0x00, 0x01, 0x00, 0x00, 0x00, 0x51, 0x00, 0x05, 0x00, 0x07, // ...........Q....
	0x00, 0x00, 0x00, 0xa6, 0x09, 0x00, 0x00, 0xa1, 0x09, 0x00, 0x00, 0x02, 0x00, 0x00, 0x00, 0x51, // ...............Q
	0x00, 0x05, 0x00, 0x07, 0x00, 0x00, 0x00, 0xa8, 0x09, 0x00, 0x00, 0xa1, 0x09, 0x00, 0x00, 0x00, // ................
	0x00, 0x00, 0x00, 0x50, 0x00, 0x06, 0x00, 0x20, 0x00, 0x00, 0x00, 0xa9, 0x09, 0x00, 0x00, 0xa4, // ...P... ........
	0x09, 0x00, 0x00, 0xa6, 0x09, 0x00, 0x00, 0xa8, 0x09, 0x00, 0x00, 0x81, 0x00, 0x05, 0x00, 0x20, // ............... 
	0x00, 0x00, 0x00, 0xab, 0x09, 0x00, 0x00, 0xa9, 0x09, 0x00, 0x00, 0x5b, 0x0b, 0x00, 0x00, 0x94, // ...........[....
	0x00, 0x05, 0x00, 0x07, 0x00, 0x00, 0x00, 0xac, 0x09, 0x00, 0x00, 0xa1, 0x09, 0x00, 0x00, 0xab, // ................
	0x09, 0x00, 0x00, 0x50, 0x00, 0x06, 0x00, 0x20, 0x00, 0x00, 0x00, 0xc0, 0x09, 0x00, 0x00, 0xac, // ...P... ........
	0x09, 0x00, 0x00, 0xac, 0x09, 0x00, 0x00, 0xac, 0x09, 0x00, 0x00, 0x81, 0x00, 0x05, 0x00, 0x20, // ............... 
	0x00, 0x00, 0x00, 0xaf, 0x09, 0x00, 0x00, 0xa1, 0x09, 0x00, 0x00, 0xc0, 0x09, 0x00, 0x00, 0x51, // ...............Q
	0x00, 0x05, 0x00, 0x07, 0x00, 0x00, 0x00, 0xb1, 0x09, 0x00, 0x00, 0xaf, 0x09, 0x00, 0x00, 0x00, // ................
	0x00, 0x00, 0x00, 0x51, 0x00, 0x05, 0x00, 0x07, 0x00, 0x00, 0x00, 0xb3, 0x09, 0x00, 0x00, 0xaf, // ...Q............
	0x09, 0x00, 0x00, 0x01, 0x00, 0x00, 0x00, 0x81, 0x00, 0x05, 0x00, 0x07, 0x00, 0x00, 0x00, 0xb4, // ................
	0x09, 0x00, 0x00, 0xb1, 0x09, 0x00, 0x00, 0xb3, 0x09, 0x00, 0x00, 0x51, 0x00, 0x05, 0x00, 0x07, // ...........Q....
	0x00, 0x00, 0x00, 0xb6, 0x09, 0x00, 0x00, 0xaf, 0x09, 0x00, 0x00, 0x02, 0x00, 0x00, 0x00, 0x85, // ................
	0x00, 0x05, 0x00, 0x07, 0x00, 0x00, 0x00, 0xb7, 0x09, 0x00, 0x00, 0xb4, 0x09, 0x00, 0x00, 0xb6, // ................
	0x09, 0x00, 0x00, 0x0c, 0x00, 0x06, 0x00, 0x07, 0x00, 0x00, 0x00, 0xb8, 0x09, 0x00, 0x00, 0x01, // ................
	0x00, 0x00, 0x00, 0x0a, 0x00, 0x00, 0x00, 0xb7, 0x09, 0x00, 0x00, 0x81, 0x00, 0x05, 0x00, 0x0b, // ................
	0x00, 0x00, 0x00, 0x7e, 0x09, 0x00, 0x00, 0x16, 0x04, 0x00, 0x00, 0x22, 0x02, 0x00, 0x00, 0x51, // ...~......."...Q
	0x00, 0x05, 0x00, 0x07, 0x00, 0x00, 0x00, 0xc7, 0x09, 0x00, 0x00, 0x7e, 0x09, 0x00, 0x00, 0x00, // ...........~....
	0x00, 0x00, 0x00, 0x51, 0x00, 0x05, 0x00, 0x07, 0x00, 0x00, 0x00, 0xc9, 0x09, 0x00, 0x00, 0x7e, // ...Q...........~
	0x09, 0x00, 0x00, 0x01, 0x00, 0x00, 0x00, 0x50, 0x00, 0x06, 0x00, 0x20, 0x00, 0x00, 0x00, 0xcc, // .......P... ....
	0x09, 0x00, 0x00, 0xc7, 0x09, 0x00, 0x00, 0xc9, 0x09, 0x00, 0x00, 0xc7, 0x09, 0x00, 0x00, 0x8e, // ................
	0x00, 0x05, 0x00, 0x20, 0x00, 0x00, 0x00, 0xcd, 0x09, 0x00, 0x00, 0xcc, 0x09, 0x00, 0x00, 0xfb, // ... ............
	0x01, 0x00, 0x00, 0x0c, 0x00, 0x06, 0x00, 0x20, 0x00, 0x00, 0x00, 0xce, 0x09, 0x00, 0x00, 0x01, // ....... ........
	0x00, 0x00, 0x00, 0x0a, 0x00, 0x00, 0x00, 0xcd, 0x09, 0x00, 0x00, 0x51, 0x00, 0x05, 0x00, 0x07, // ...........Q....
	0x00, 0x00, 0x00, 0xd1, 0x09, 0x00, 0x00, 0xce, 0x09, 0x00, 0x00, 0x01, 0x00, 0x00, 0x00, 0x51, // ...............Q
	0x00, 0x05, 0x00, 0x07, 0x00, 0x00, 0x00, 0xd3, 0x09, 0x00, 0x00, 0xce, 0x09, 0x00, 0x00, 0x02, // ................
	0x00, 0x00, 0x00, 0x51, 0x00, 0x05, 0x00, 0x07, 0x00, 0x00, 0x00, 0xd5, 0x09, 0x00, 0x00, 0xce, // ...Q............
	0x09, 0x00, 0x00, 0x00, 0x00, 0x00, 0x00, 0x50, 0x00, 0x06, 0x00, 0x20, 0x00, 0x00, 0x00, 0xd6, // .......P... ....
	0x09, 0x00, 0x00, 0xd1, 0x09, 0x00, 0x00, 0xd3, 0x09, 0x00, 0x00, 0xd5, 0x09, 0x00, 0x00, 0x81, // ................
	0x00, 0x05, 0x00, 0x20, 0x00, 0x00, 0x00, 0xd8, 0x09, 0x00, 0x00, 0xd6, 0x09, 0x00, 0x00, 0x5b, // ... ...........[
	0x0b, 0x00, 0x00, 0x94, 0x00, 0x05, 0x00, 0x07, 0x00, 0x00, 0x00, 0xd9, 0x09, 0x00, 0x00, 0xce, // ................
	0x09, 0x00, 0x00, 0xd8, 0x09, 0x00, 0x00, 0x50, 0x00, 0x06, 0x00, 0x20, 0x00, 0x00, 0x00, 0xed, // .......P... ....
	0x09, 0x00, 0x00, 0xd9, 0x09, 0x00, 0x00, 0xd9, 0x09, 0x00, 0x00, 0xd9, 0x09, 0x00, 0x00, 0x81, // ................
	0x00, 0x05, 0x00, 0x20, 0x00, 0x00, 0x00, 0xdc, 0x09, 0x00, 0x00, 0xce, 0x09, 0x00, 0x00, 0xed, // ... ............
	0x09, 0x00, 0x00, 0x51, 0x00, 0x05, 0x00, 0x07, 0x00, 0x00, 0x00, 0xde, 0x09, 0x00, 0x00, 0xdc, // ...Q............
	0x09, 0x00, 0x00, 0x00, 0x00, 0x00, 0x00, 0x51, 0x00, 0x05, 0x00, 0x07, 0x00, 0x00, 0x00, 0xe0, // .......Q........
	0x09, 0x00, 0x00, 0xdc, 0x09, 0x00, 0x00, 0x01, 0x00, 0x00, 0x00, 0x81, 0x00, 0x05, 0x00, 0x07, // ................
	0x00, 0x00, 0x00, 0xe1, 0x09, 0x00, 0x00, 0xde, 0x09, 0x00, 0x00, 0xe0, 0x09, 0x00, 0x00, 0x51, // ...............Q
	0x00, 0x05, 0x00, 0x07, 0x00, 0x00, 0x00, 0xe3, 0x09, 0x00, 0x00, 0xdc, 0x09, 0x00, 0x00, 0x02, // ................
	0x00, 0x00, 0x00, 0x85, 0x00, 0x05, 0x00, 0x07, 0x00, 0x00, 0x00, 0xe4, 0x09, 0x00, 0x00, 0xe1, // ................
	0x09, 0x00, 0x00, 0xe3, 0x09, 0x00, 0x00, 0x0c, 0x00, 0x06, 0x00, 0x07, 0x00, 0x00, 0x00, 0xe5, // ................
	0x09, 0x00, 0x00, 0x01, 0x00, 0x00, 0x00, 0x0a, 0x00, 0x00, 0x00, 0xe4, 0x09, 0x00, 0x00, 0x81, // ................
	0x00, 0x05, 0x00, 0x0b, 0x00, 0x00, 0x00, 0x81, 0x09, 0x00, 0x00, 0x16, 0x04, 0x00, 0x00, 0x29, // ...............)
	0x02, 0x00, 0x00, 0x51, 0x00, 0x05, 0x00, 0x07, 0x00, 0x00, 0x00, 0xf4, 0x09, 0x00, 0x00, 0x81, // ...Q............
	0x09, 0x00, 0x00, 0x00, 0x00, 0x00, 0x00, 0x51, 0x00, 0x05, 0x00, 0x07, 0x00, 0x00, 0x00, 0xf6, // .......Q........
	0x09, 0x00, 0x00, 0x81, 0x09, 0x00, 0x00, 0x01, 0x00, 0x00, 0x00, 0x50, 0x00, 0x06, 0x00, 0x20, // ...........P... 
	0x00, 0x00, 0x00, 0xf9, 0x09, 0x00, 0x00, 0xf4, 0x09, 0x00, 0x00, 0xf6, 0x09, 0x00, 0x00, 0xf4, // ................
	0x09, 0x00, 0x00, 0x8e, 0x00, 0x05, 0x00, 0x20, 0x00, 0x00, 0x00, 0xfa, 0x09, 0x00, 0x00, 0xf9, // ....... ........
	0x09, 0x00, 0x00, 0xfb, 0x01, 0x00, 0x00, 0x0c, 0x00, 0x06, 0x00, 0x20, 0x00, 0x00, 0x00, 0xfb, // ........... ....
	0x09, 0x00, 0x00, 0x01, 0x00, 0x00, 0x00, 0x0a, 0x00, 0x00, 0x00, 0xfa, 0x09, 0x00, 0x00, 0x51, // ...............Q
	0x00, 0x05, 0x00, 0x07, 0x00, 0x00, 0x00, 0xfe, 0x09, 0x00, 0x00, 0xfb, 0x09, 0x00, 0x00, 0x01, // ................
	0x00, 0x00, 0x00, 0x51, 0x00, 0x05, 0x00, 0x07, 0x00, 0x00, 0x00, 0x00, 0x0a, 0x00, 0x00, 0xfb, // ...Q............
	0x09, 0x00, 0x00, 0x02, 0x00, 0x00, 0x00, 0x51, 0x00, 0x05, 0x00, 0x07, 0x00, 0x00, 0x00, 0x02, // .......Q........
	0x0a, 0x00, 0x00, 0xfb, 0x09, 0x00, 0x00, 0x00, 0x00, 0x00, 0x00, 0x50, 0x00, 0x06, 0x00, 0x20, // ...........P... 
	0x00, 0x00, 0x00, 0x03, 0x0a, 0x00, 0x00, 0xfe, 0x09, 0x00, 0x00, 0x00, 0x0a, 0x00, 0x00, 0x02, // ................
	0x0a, 0x00, 0x00, 0x81, 0x00, 0x05, 0x00, 0x20, 0x00, 0x00, 0x00, 0x05, 0x0a, 0x00, 0x00, 0x03, // ....... ........
	0x0a, 0x00, 0x00, 0x5b, 0x0b, 0x00, 0x00, 0x94, 0x00, 0x05, 0x00, 0x07, 0x00, 0x00, 0x00, 0x06, // ...[............
	0x0a, 0x00, 0x00, 0xfb, 0x09, 0x00, 0x00, 0x05, 0x0a, 0x00, 0x00, 0x50, 0x00, 0x06, 0x00, 0x20, // ...........P... 
	0x00, 0x00, 0x00, 0x1a, 0x0a, 0x00, 0x00, 0x06, 0x0a, 0x00, 0x00, 0x06, 0x0a, 0x00, 0x00, 0x06, // ................
	0x0a, 0x00, 0x00, 0x81, 0x00, 0x05, 0x00, 0x20, 0x00, 0x00, 0x00, 0x09, 0x0a, 0x00, 0x00, 0xfb, // ....... ........
	0x09, 0x00, 0x00, 0x1a, 0x0a, 0x00, 0x00, 0x51, 0x00, 0x05, 0x00, 0x07, 0x00, 0x00, 0x00, 0x0b, // .......Q........
	0x0a, 0x00, 0x00, 0x09, 0x0a, 0x00, 0x00, 0x00, 0x00, 0x00, 0x00, 0x51, 0x00, 0x05, 0x00, 0x07, // ...........Q....
	0x00, 0x00, 0x00, 0x0d, 0x0a, 0x00, 0x00, 0x09, 0x0a, 0x00, 0x00, 0x01, 0x00, 0x00, 0x00, 0x81, // ................
	0x00, 0x05, 0x00, 0x07, 0x00, 0x00, 0x00, 0x0e, 0x0a, 0x00, 0x00, 0x0b, 0x0a, 0x00, 0x00, 0x0d, // ................
	0x0a, 0x00, 0x00, 0x51, 0x00, 0x05, 0x00, 0x07, 0x00, 0x00, 0x00, 0x10, 0x0a, 0x00, 0x00, 0x09, // ...Q............
	0x0a, 0x00, 0x00, 0x02, 0x00, 0x00, 0x00, 0x85, 0x00, 0x05, 0x00, 0x07, 0x00, 0x00, 0x00, 0x11, // ................
	0x0a, 0x00, 0x00, 0x0e, 0x0a, 0x00, 0x00, 0x10, 0x0a, 0x00, 0x00, 0x0c, 0x00, 0x06, 0x00, 0x07, // ................
	0x00, 0x00, 0x00, 0x12, 0x0a, 0x00, 0x00, 0x01, 0x00, 0x00, 0x00, 0x0a, 0x00, 0x00, 0x00, 0x11, // ................
	0x0a, 0x00, 0x00, 0x50, 0x00, 0x06, 0x00, 0x20, 0x00, 0x00, 0x00, 0x83, 0x09, 0x00, 0x00, 0xb8, // ...P... ........
	0x09, 0x00, 0x00, 0xe5, 0x09, 0x00, 0x00, 0x12, 0x0a, 0x00, 0x00, 0x81, 0x00, 0x05, 0x00, 0x0b, // ................
	0x00, 0x00, 0x00, 0x85, 0x09, 0x00, 0x00, 0x16, 0x04, 0x00, 0x00, 0x32, 0x02, 0x00, 0x00, 0x51, // ...........2...Q
	0x00, 0x05, 0x00, 0x07, 0x00, 0x00, 0x00, 0x21, 0x0a, 0x00, 0x00, 0x85, 0x09, 0x00, 0x00, 0x00, // .......!........
	0x00, 0x00, 0x00, 0x51, 0x00, 0x05, 0x00, 0x07, 0x00, 0x00, 0x00, 0x23, 0x0a, 0x00, 0x00, 0x85, // ...Q.......#....
	0x09, 0x00, 0x00, 0x01, 0x00, 0x00, 0x00, 0x50, 0x00, 0x06, 0x00, 0x20, 0x00, 0x00, 0x00, 0x26, // .......P... ...&
	0x0a, 0x00, 0x00, 0x21, 0x0a, 0x00, 0x00, 0x23, 0x0a, 0x00, 0x00, 0x21, 0x0a, 0x00, 0x00, 0x8e, // ...!...#...!....
	0x00, 0x05, 0x00, 0x20, 0x00, 0x00, 0x00, 0x27, 0x0a, 0x00, 0x00, 0x26, 0x0a, 0x00, 0x00, 0xfb, // ... ...'...&....
	0x01, 0x00, 0x00, 0x0c, 0x00, 0x06, 0x00, 0x20, 0x00, 0x00, 0x00, 0x28, 0x0a, 0x00, 0x00, 0x01, // ....... ...(....
	0x00, 0x00, 0x00, 0x0a, 0x00, 0x00, 0x00, 0x27, 0x0a, 0x00, 0x00, 0x51, 0x00, 0x05, 0x00, 0x07, // .......'...Q....
	0x00, 0x00, 0x00, 0x2b, 0x0a, 0x00, 0x00, 0x28, 0x0a, 0x00, 0x00, 0x01, 0x00, 0x00, 0x00, 0x51, // ...+...(.......Q
	0x00, 0x05, 0x00, 0x07, 0x00, 0x00, 0x00, 0x2d, 0x0a, 0x00, 0x00, 0x28, 0x0a, 0x00, 0x00, 0x02, // .......-...(....
	0x00, 0x00, 0x00, 0x51, 0x00, 0x05, 0x00, 0x07, 0x00, 0x00, 0x00, 0x2f, 0x0a, 0x00, 0x00, 0x28, // ...Q......./...(
	0x0a, 0x00, 0x00, 0x00, 0x00, 0x00, 0x00, 0x50, 0x00, 0x06, 0x00, 0x20, 0x00, 0x00, 0x00, 0x30, // .......P... ...0
	0x0a, 0x00, 0x00, 0x2b, 0x0a, 0x00, 0x00, 0x2d, 0x0a, 0x00, 0x00, 0x2f, 0x0a, 0x00, 0x00, 0x81, // ...+...-.../....
	0x00, 0x05, 0x00, 0x20, 0x00, 0x00, 0x00, 0x32, 0x0a, 0x00, 0x00, 0x30, 0x0a, 0x00, 0x00, 0x5b, // ... ...2...0...[
	0x0b, 0x00, 0x00, 0x94, 0x00, 0x05, 0x00, 0x07, 0x00, 0x00, 0x00, 0x33, 0x0a, 0x00, 0x00, 0x28, // ...........3...(
	0x0a, 0x00, 0x00, 0x32, 0x0a, 0x00, 0x00, 0x50, 0x00, 0x06, 0x00, 0x20, 0x00, 0x00, 0x00, 0x47, // ...2...P... ...G
	0x0a, 0x00, 0x00, 0x33, 0x0a, 0x00, 0x00, 0x33, 0x0a, 0x00, 0x00, 0x33, 0x0a, 0x00, 0x00, 0x81, // ...3...3...3....
	0x00, 0x05, 0x00, 0x20, 0x00, 0x00, 0x00, 0x36, 0x0a, 0x00, 0x00, 0x28, 0x0a, 0x00, 0x00, 0x47, // ... ...6...(...G
	0x0a, 0x00, 0x00, 0x51, 0x00, 0x05, 0x00, 0x07, 0x00, 0x00, 0x00, 0x38, 0x0a, 0x00, 0x00, 0x36, // ...Q.......8...6
	0x0a, 0x00, 0x00, 0x00, 0x00, 0x00, 0x00, 0x51, 0x00, 0x05, 0x00, 0x07, 0x00, 0x00, 0x00, 0x3a, // .......Q.......:
	0x0a, 0x00, 0x00, 0x36, 0x0a, 0x00, 0x00, 0x01, 0x00, 0x00, 0x00, 0x81, 0x00, 0x05, 0x00, 0x07, // ...6............
	0x00, 0x00, 0x00, 0x3b, 0x0a, 0x00, 0x00, 0x38, 0x0a, 0x00, 0x00, 0x3a, 0x0a, 0x00, 0x00, 0x51, // ...;...8...:...Q
	0x00, 0x05, 0x00, 0x07, 0x00, 0x00, 0x00, 0x3d, 0x0a, 0x00, 0x00, 0x36, 0x0a, 0x00, 0x00, 0x02, // .......=...6....
	0x00, 0x00, 0x00, 0x85, 0x00, 0x05, 0x00, 0x07, 0x00, 0x00, 0x00, 0x3e, 0x0a, 0x00, 0x00, 0x3b, // ...........>...;
	0x0a, 0x00, 0x00, 0x3d, 0x0a, 0x00, 0x00, 0x0c, 0x00, 0x06, 0x00, 0x07, 0x00, 0x00, 0x00, 0x3f, // ...=...........?
	0x0a, 0x00, 0x00, 0x01, 0x00, 0x00, 0x00, 0x0a, 0x00, 0x00, 0x00, 0x3e, 0x0a, 0x00, 0x00, 0x81, // ...........>....
	0x00, 0x05, 0x00, 0x0b, 0x00, 0x00, 0x00, 0x88, 0x09, 0x00, 0x00, 0x16, 0x04, 0x00, 0x00, 0x37, // ...............7
	0x02, 0x00, 0x00, 0x51, 0x00, 0x05, 0x00, 0x07, 0x00, 0x00, 0x00, 0x4e, 0x0a, 0x00, 0x00, 0x88, // ...Q.......N....
	0x09, 0x00, 0x00, 0x00, 0x00, 0x00, 0x00, 0x51, 0x00, 0x05, 0x00, 0x07, 0x00, 0x00, 0x00, 0x50, // .......Q.......P
	0x0a, 0x00, 0x00, 0x88, 0x09, 0x00, 0x00, 0x01, 0x00, 0x00, 0x00, 0x50, 0x00, 0x06, 0x00, 0x20, // ...........P... 
	0x00, 0x00, 0x00, 0x53, 0x0a, 0x00, 0x00, 0x4e, 0x0a, 0x00, 0x00, 0x50, 0x0a, 0x00, 0x00, 0x4e, // ...S...N...P...N
	0x0a, 0x00, 0x00, 0x8e, 0x00, 0x05, 0x00, 0x20, 0x00, 0x00, 0x00, 0x54, 0x0a, 0x00, 0x00, 0x53, // ....... ...T...S
	0x0a, 0x00, 0x00, 0xfb, 0x01, 0x00, 0x00, 0x0c, 0x00, 0x06, 0x00, 0x20, 0x00, 0x00, 0x00, 0x55, // ........... ...U
	0x0a, 0x00, 0x00, 0x01, 0x00, 0x00, 0x00, 0x0a, 0x00, 0x00, 0x00, 0x54, 0x0a, 0x00, 0x00, 0x51, // ...........T...Q
	0x00, 0x05, 0x00, 0x07, 0x00, 0x00, 0x00, 0x58, 0x0a, 0x00, 0x00, 0x55, 0x0a, 0x00, 0x00, 0x01, // .......X...U....
	0x00, 0x00, 0x00, 0x51, 0x00, 0x05, 0x00, 0x07, 0x00, 0x00, 0x00, 0x5a, 0x0a, 0x00, 0x00, 0x55, // ...Q.......Z...U
	0x0a, 0x00, 0x00, 0x02, 0x00, 0x00, 0x00, 0x51, 0x00, 0x05, 0x00, 0x07, 0x00, 0x00, 0x00, 0x5c, // .......Q........
	0x0a, 0x00, 0x00, 0x55, 0x0a, 0x00, 0x00, 0x00, 0x00, 0x00, 0x00, 0x50, 0x00, 0x06, 0x00, 0x20, // ...U.......P... 
	0x00, 0x00, 0x00, 0x5d, 0x0a, 0x00, 0x00, 0x58, 0x0a, 0x00, 0x00, 0x5a, 0x0a, 0x00, 0x00, 0x5c, // ...]...X...Z....
	0x0a, 0x00, 0x00, 0x81, 0x00, 0x05, 0x00, 0x20, 0x00, 0x00, 0x00, 0x5f, 0x0a, 0x00, 0x00, 0x5d, // ....... ..._...]
	0x0a, 0x00, 0x00, 0x5b, 0x0b, 0x00, 0x00, 0x94, 0x00, 0x05, 0x00, 0x07, 0x00, 0x00, 0x00, 0x60, // ...[...........`
	0x0a, 0x00, 0x00, 0x55, 0x0a, 0x00, 0x00, 0x5f, 0x0a, 0x00, 0x00, 0x50, 0x00, 0x06, 0x00, 0x20, // ...U..._...P... 
	0x00, 0x00, 0x00, 0x74, 0x0a, 0x00, 0x00, 0x60, 0x0a, 0x00, 0x00, 0x60, 0x0a, 0x00, 0x00, 0x60, // ...t...`...`...`
	0x0a, 0x00, 0x00, 0x81, 0x00, 0x05, 0x00, 0x20, 0x00, 0x00, 0x00, 0x63, 0x0a, 0x00, 0x00, 0x55, // ....... ...c...U
	0x0a, 0x00, 0x00, 0x74, 0x0a, 0x00, 0x00, 0x51, 0x00, 0x05, 0x00, 0x07, 0x00, 0x00, 0x00, 0x65, // ...t...Q.......e
	0x0a, 0x00, 0x00, 0x63, 0x0a, 0x00, 0x00, 0x00, 0x00, 0x00, 0x00, 0x51, 0x00, 0x05, 0x00, 0x07, // ...c.......Q....
	0x00, 0x00, 0x00, 0x67, 0x0a, 0x00, 0x00, 0x63, 0x0a, 0x00, 0x00, 0x01, 0x00, 0x00, 0x00, 0x81, // ...g...c........
	0x00, 0x05, 0x00, 0x07, 0x00, 0x00, 0x00, 0x68, 0x0a, 0x00, 0x00, 0x65, 0x0a, 0x00, 0x00, 0x67, // .......h...e...g
	0x0a, 0x00, 0x00, 0x51, 0x00, 0x05, 0x00, 0x07, 0x00, 0x00, 0x00, 0x6a, 0x0a, 0x00, 0x00, 0x63, // ...Q.......j...c
	0x0a, 0x00, 0x00, 0x02, 0x00, 0x00, 0x00, 0x85, 0x00, 0x05, 0x00, 0x07, 0x00, 0x00, 0x00, 0x6b, // ...............k
	0x0a, 0x00, 0x00, 0x68, 0x0a, 0x00, 0x00, 0x6a, 0x0a, 0x00, 0x00, 0x0c, 0x00, 0x06, 0x00, 0x07, // ...h...j........
	0x00, 0x00, 0x00, 0x6c, 0x0a, 0x00, 0x00, 0x01, 0x00, 0x00, 0x00, 0x0a, 0x00, 0x00, 0x00, 0x6b, // ...l...........k
	0x0a, 0x00, 0x00, 0x81, 0x00, 0x05, 0x00, 0x0b, 0x00, 0x00, 0x00, 0x8b, 0x09, 0x00, 0x00, 0x16, // ................
	0x04, 0x00, 0x00, 0x3d, 0x02, 0x00, 0x00, 0x51, 0x00, 0x05, 0x00, 0x07, 0x00, 0x00, 0x00, 0x7b, // ...=...Q.......{
	0x0a, 0x00, 0x00, 0x8b, 0x09, 0x00, 0x00, 0x00, 0x00, 0x00, 0x00, 0x51, 0x00, 0x05, 0x00, 0x07, // ...........Q....
	0x00, 0x00, 0x00, 0x7d, 0x0a, 0x00, 0x00, 0x8b, 0x09, 0x00, 0x00, 0x01, 0x00, 0x00, 0x00, 0x50, // ...}...........P
	0x00, 0x06, 0x00, 0x20, 0x00, 0x00, 0x00, 0x80, 0x0a, 0x00, 0x00, 0x7b, 0x0a, 0x00, 0x00, 0x7d, // ... .......{...}
	0x0a, 0x00, 0x00, 0x7b, 0x0a, 0x00, 0x00, 0x8e, 0x00, 0x05, 0x00, 0x20, 0x00, 0x00, 0x00, 0x81, // ...{....... ....
	0x0a, 0x00, 0x00, 0x80, 0x0a, 0x00, 0x00, 0xfb, 0x01, 0x00, 0x00, 0x0c, 0x00, 0x06, 0x00, 0x20, // ............... 
	0x00, 0x00, 0x00, 0x82, 0x0a, 0x00, 0x00, 0x01, 0x00, 0x00, 0x00, 0x0a, 0x00, 0x00, 0x00, 0x81, // ................
	0x0a, 0x00, 0x00, 0x51, 0x00, 0x05, 0x00, 0x07, 0x00, 0x00, 0x00, 0x85, 0x0a, 0x00, 0x00, 0x82, // ...Q............
	0x0a, 0x00, 0x00, 0x01, 0x00, 0x00, 0x00, 0x51, 0x00, 0x05, 0x00, 0x07, 0x00, 0x00, 0x00, 0x87, // .......Q........
	0x0a, 0x00, 0x00, 0x82, 0x0a, 0x00, 0x00, 0x02, 0x00, 0x00, 0x00, 0x51, 0x00, 0x05, 0x00, 0x07, // ...........Q....
	0x00, 0x00, 0x00, 0x89, 0x0a, 0x00, 0x00, 0x82, 0x0a, 0x00, 0x00, 0x00, 0x00, 0x00, 0x00, 0x50, // ...............P
	0x00, 0x06, 0x00, 0x20, 0x00, 0x00, 0x00, 0x8a, 0x0a, 0x00, 0x00, 0x85, 0x0a, 0x00, 0x00, 0x87, // ... ............
	0x0a, 0x00, 0x00, 0x89, 0x0a, 0x00, 0x00, 0x81, 0x00, 0x05, 0x00, 0x20, 0x00, 0x00, 0x00, 0x8c, // ........... ....
	0x0a, 0x00, 0x00, 0x8a, 0x0a, 0x00, 0x00, 0x5b, 0x0b, 0x00, 0x00, 0x94, 0x00, 0x05, 0x00, 0x07, // .......[........
	0x00, 0x00, 0x00, 0x8d, 0x0a, 0x00, 0x00, 0x82, 0x0a, 0x00, 0x00, 0x8c, 0x0a, 0x00, 0x00, 0x50, // ...............P
	0x00, 0x06, 0x00, 0x20, 0x00, 0x00, 0x00, 0xa1, 0x0a, 0x00, 0x00, 0x8d, 0x0a, 0x00, 0x00, 0x8d, // ... ............
	0x0a, 0x00, 0x00, 0x8d, 0x0a, 0x00, 0x00, 0x81, 0x00, 0x05, 0x00, 0x20, 0x00, 0x00, 0x00, 0x90, // ........... ....
	0x0a, 0x00, 0x00, 0x82, 0x0a, 0x00, 0x00, 0xa1, 0x0a, 0x00, 0x00, 0x51, 0x00, 0x05, 0x00, 0x07, // ...........Q....
	0x00, 0x00, 0x00, 0x92, 0x0a, 0x00, 0x00, 0x90, 0x0a, 0x00, 0x00, 0x00, 0x00, 0x00, 0x00, 0x51, // ...............Q
	0x00, 0x05, 0x00, 0x07, 0x00, 0x00, 0x00, 0x94, 0x0a, 0x00, 0x00, 0x90, 0x0a, 0x00, 0x00, 0x01, // ................
	0x00, 0x00, 0x00, 0x81, 0x00, 0x05, 0x00, 0x07, 0x00, 0x00, 0x00, 0x95, 0x0a, 0x00, 0x00, 0x92, // ................
	0x0a, 0x00, 0x00, 0x94, 0x0a, 0x00, 0x00, 0x51, 0x00, 0x05, 0x00, 0x07, 0x00, 0x00, 0x00, 0x97, // .......Q........
	0x0a, 0x00, 0x00, 0x90, 0x0a, 0x00, 0x00, 0x02, 0x00, 0x00, 0x00, 0x85, 0x00, 0x05, 0x00, 0x07, // ................
	0x00, 0x00, 0x00, 0x98, 0x0a, 0x00, 0x00, 0x95, 0x0a, 0x00, 0x00, 0x97, 0x0a, 0x00, 0x00, 0x0c, // ................
	0x00, 0x06, 0x00, 0x07, 0x00, 0x00, 0x00, 0x99, 0x0a, 0x00, 0x00, 0x01, 0x00, 0x00, 0x00, 0x0a, // ................
	0x00, 0x00, 0x00, 0x98, 0x0a, 0x00, 0x00, 0x50, 0x00, 0x06, 0x00, 0x20, 0x00, 0x00, 0x00, 0x8d, // .......P... ....
	0x09, 0x00, 0x00, 0x3f, 0x0a, 0x00, 0x00, 0x6c, 0x0a, 0x00, 0x00, 0x99, 0x0a, 0x00, 0x00, 0x83, // ...?...l........
	0x00, 0x05, 0x00, 0x20, 0x00, 0x00, 0x00, 0x91, 0x09, 0x00, 0x00, 0x83, 0x09, 0x00, 0x00, 0x8d, // ... ............
	0x09, 0x00, 0x00, 0x8e, 0x00, 0x05, 0x00, 0x20, 0x00, 0x00, 0x00, 0x92, 0x09, 0x00, 0x00, 0x91, // ....... ........
	0x09, 0x00, 0x00, 0x46, 0x02, 0x00, 0x00, 0x81, 0x00, 0x05, 0x00, 0x20, 0x00, 0x00, 0x00, 0x93, // ...F....... ....
	0x09, 0x00, 0x00, 0x5f, 0x0b, 0x00, 0x00, 0x92, 0x09, 0x00, 0x00, 0x51, 0x00, 0x05, 0x00, 0x07, // ..._.......Q....
	0x00, 0x00, 0x00, 0xda, 0x04, 0x00, 0x00, 0x93, 0x09, 0x00, 0x00, 0x00, 0x00, 0x00, 0x00, 0x51, // ...............Q
	0x00, 0x05, 0x00, 0x07, 0x00, 0x00, 0x00, 0xdb, 0x04, 0x00, 0x00, 0x93, 0x09, 0x00, 0x00, 0x01, // ................
	0x00, 0x00, 0x00, 0x51, 0x00, 0x05, 0x00, 0x07, 0x00, 0x00, 0x00, 0xdc, 0x04, 0x00, 0x00, 0x93, // ...Q............
	0x09, 0x00, 0x00, 0x02, 0x00, 0x00, 0x00, 0x50, 0x00, 0x07, 0x00, 0x0d, 0x00, 0x00, 0x00, 0xdd, // .......P........
	0x04, 0x00, 0x00, 0xda, 0x04, 0x00, 0x00, 0xdb, 0x04, 0x00, 0x00, 0xdc, 0x04, 0x00, 0x00, 0xb8, // ................
	0x00, 0x00, 0x00, 0xf9, 0x00, 0x02, 0x00, 0xde, 0x04, 0x00, 0x00, 0xf8, 0x00, 0x02, 0x00, 0xde, // ................
	0x04, 0x00, 0x00, 0xf5, 0x00, 0x07, 0x00, 0x0d, 0x00, 0x00, 0x00, 0x63, 0x0b, 0x00, 0x00, 0x2b, // ...........c...+
	0x04, 0x00, 0x00, 0x4c, 0x06, 0x00, 0x00, 0xdd, 0x04, 0x00, 0x00, 0x64, 0x09, 0x00, 0x00, 0x3e, // ...L.......d...>
	0x00, 0x03, 0x00, 0x94, 0x03, 0x00, 0x00, 0x63, 0x0b, 0x00, 0x00, 0xfd, 0x00, 0x01, 0x00, 0x38, // .......c.......8
	0x00, 0x01, 0x00, 0x00, 0x00, 0x60, 0x00,                                                       // .....`.
};
