static const uint8_t fs_mesh_spv[123546] =
{
	0x46, 0x53, 0x48, 0x0b, 0x38, 0xbf, 0x28, 0x6d, 0x00, 0x00, 0x00, 0x00, 0x2b, 0x00, 0x12, 0x75, // FSH.8.(m....+..u
	0x5f, 0x72, 0x65, 0x66, 0x6c, 0x65, 0x63, 0x74, 0x69, 0x6f, 0x6e, 0x42, 0x6f, 0x78, 0x4d, 0x69, // _reflectionBoxMi
	0x6e, 0x12, 0x01, 0x00, 0x01, 0x01, 0x00, 0x00, 0x00, 0x00, 0x00, 0x12, 0x75, 0x5f, 0x72, 0x65, // n...........u_re
	0x66, 0x6c, 0x65, 0x63, 0x74, 0x69, 0x6f, 0x6e, 0x42, 0x6f, 0x78, 0x4d, 0x61, 0x78, 0x12, 0x01, // flectionBoxMax..
	0x10, 0x01, 0x01, 0x00, 0x00, 0x00, 0x00, 0x00, 0x11, 0x75, 0x5f, 0x72, 0x65, 0x66, 0x6c, 0x65, // .........u_refle
	0x63, 0x74, 0x69, 0x6f, 0x6e, 0x50, 0x72, 0x6f, 0x62, 0x65, 0x12, 0x01, 0xf0, 0x00, 0x01, 0x00, // ctionProbe......
	0x00, 0x00, 0x00, 0x00, 0x10, 0x75, 0x5f, 0x73, 0x68, 0x61, 0x64, 0x6f, 0x77, 0x4c, 0x69, 0x67, // .....u_shadowLig
	0x68, 0x74, 0x44, 0x69, 0x72, 0x12, 0x01, 0x80, 0x02, 0x01, 0x00, 0x00, 0x00, 0x00, 0x00, 0x12, // htDir...........
	0x75, 0x5f, 0x73, 0x68, 0x61, 0x64, 0x6f, 0x77, 0x4e, 0x6f, 0x72, 0x6d, 0x61, 0x6c, 0x42, 0x69, // u_shadowNormalBi
	0x61, 0x73, 0x12, 0x01, 0x60, 0x02, 0x01, 0x00, 0x00, 0x00, 0x00, 0x00, 0x0f, 0x75, 0x5f, 0x6c, // as..`........u_l
	0x69, 0x67, 0x68, 0x74, 0x56, 0x69, 0x65, 0x77, 0x50, 0x72, 0x6f, 0x6a, 0x14, 0x03, 0x30, 0x01, // ightViewProj..0.
	0x0c, 0x00, 0x00, 0x00, 0x00, 0x00, 0x12, 0x75, 0x5f, 0x73, 0x68, 0x61, 0x64, 0x6f, 0x77, 0x50, // .......u_shadowP
	0x72, 0x6f, 0x6a, 0x65, 0x63, 0x74, 0x69, 0x6f, 0x6e, 0x12, 0x01, 0xa0, 0x02, 0x01, 0x00, 0x00, // rojection.......
	0x00, 0x00, 0x00, 0x0a, 0x75, 0x5f, 0x74, 0x65, 0x78, 0x46, 0x6c, 0x61, 0x67, 0x73, 0x12, 0x01, // ....u_texFlags..
	0xc0, 0x00, 0x01, 0x00, 0x00, 0x00, 0x00, 0x00, 0x0e, 0x75, 0x5f, 0x73, 0x68, 0x61, 0x64, 0x6f, // .........u_shado
	0x77, 0x50, 0x61, 0x72, 0x61, 0x6d, 0x73, 0x12, 0x01, 0x70, 0x02, 0x01, 0x00, 0x00, 0x00, 0x00, // wParams..p......
	0x00, 0x0e, 0x75, 0x5f, 0x73, 0x68, 0x61, 0x64, 0x6f, 0x77, 0x46, 0x69, 0x6c, 0x74, 0x65, 0x72, // ..u_shadowFilter
	0x12, 0x01, 0x90, 0x02, 0x01, 0x00, 0x00, 0x00, 0x00, 0x00, 0x10, 0x75, 0x5f, 0x73, 0x68, 0x61, // ...........u_sha
	0x64, 0x6f, 0x77, 0x50, 0x65, 0x6e, 0x75, 0x6d, 0x62, 0x72, 0x61, 0x12, 0x01, 0x50, 0x02, 0x01, // dowPenumbra..P..
	0x00, 0x00, 0x00, 0x00, 0x00, 0x12, 0x75, 0x5f, 0x73, 0x68, 0x61, 0x64, 0x6f, 0x77, 0x43, 0x61, // ......u_shadowCa
	0x6d, 0x65, 0x72, 0x61, 0x56, 0x69, 0x65, 0x77, 0x14, 0x01, 0xf0, 0x01, 0x04, 0x00, 0x00, 0x00, // meraView........
	0x00, 0x00, 0x15, 0x75, 0x5f, 0x73, 0x68, 0x61, 0x64, 0x6f, 0x77, 0x43, 0x61, 0x73, 0x63, 0x61, // ...u_shadowCasca
	0x64, 0x65, 0x53, 0x70, 0x6c, 0x69, 0x74, 0x73, 0x12, 0x01, 0x30, 0x02, 0x01, 0x00, 0x00, 0x00, // deSplits..0.....
	0x00, 0x00, 0x14, 0x75, 0x5f, 0x73, 0x68, 0x61, 0x64, 0x6f, 0x77, 0x43, 0x61, 0x73, 0x63, 0x61, // ...u_shadowCasca
	0x64, 0x65, 0x42, 0x6c, 0x65, 0x6e, 0x64, 0x12, 0x01, 0x40, 0x02, 0x01, 0x00, 0x00, 0x00, 0x00, // deBlend..@......
	0x00, 0x0b, 0x75, 0x5f, 0x63, 0x6c, 0x69, 0x70, 0x50, 0x6c, 0x61, 0x6e, 0x65, 0x12, 0x01, 0x20, // ..u_clipPlane.. 
	0x01, 0x01, 0x00, 0x00, 0x00, 0x00, 0x00, 0x0b, 0x75, 0x5f, 0x6d, 0x61, 0x74, 0x50, 0x61, 0x72, // ........u_matPar
	0x61, 0x6d, 0x73, 0x12, 0x01, 0xe0, 0x02, 0x01, 0x00, 0x00, 0x00, 0x00, 0x00, 0x11, 0x75, 0x5f, // ams...........u_
	0x72, 0x65, 0x66, 0x6c, 0x65, 0x63, 0x74, 0x69, 0x6f, 0x6e, 0x46, 0x6c, 0x61, 0x67, 0x73, 0x12, // reflectionFlags.
	0x01, 0xe0, 0x00, 0x01, 0x00, 0x00, 0x00, 0x00, 0x00, 0x08, 0x75, 0x5f, 0x61, 0x6c, 0x62, 0x65, // ..........u_albe
	0x64, 0x6f, 0x12, 0x01, 0xb0, 0x02, 0x01, 0x00, 0x00, 0x00, 0x00, 0x00, 0x0c, 0x75, 0x5f, 0x67, // do...........u_g
	0x72, 0x61, 0x64, 0x69, 0x65, 0x6e, 0x74, 0x54, 0x6f, 0x12, 0x01, 0xc0, 0x02, 0x01, 0x00, 0x00, // radientTo.......
	0x00, 0x00, 0x00, 0x08, 0x75, 0x5f, 0x63, 0x61, 0x6d, 0x50, 0x6f, 0x73, 0x12, 0x01, 0x00, 0x05, // ....u_camPos....
	0x01, 0x00, 0x00, 0x00, 0x00, 0x00, 0x0f, 0x75, 0x5f, 0x63, 0x6c, 0x75, 0x73, 0x74, 0x65, 0x72, // .......u_cluster
	0x50, 0x61, 0x72, 0x61, 0x6d, 0x73, 0x12, 0x01, 0x10, 0x05, 0x01, 0x00, 0x00, 0x00, 0x00, 0x00, // Params..........
	0x0a, 0x75, 0x5f, 0x76, 0x69, 0x65, 0x77, 0x50, 0x72, 0x6f, 0x6a, 0x14, 0x01, 0x40, 0x00, 0x04, // .u_viewProj..@..
	0x00, 0x00, 0x00, 0x00, 0x00, 0x06, 0x75, 0x5f, 0x76, 0x69, 0x65, 0x77, 0x14, 0x01, 0x00, 0x00, // ......u_view....
	0x04, 0x00, 0x00, 0x00, 0x00, 0x00, 0x09, 0x75, 0x5f, 0x61, 0x6d, 0x62, 0x69, 0x65, 0x6e, 0x74, // .......u_ambient
	0x12, 0x01, 0xf0, 0x04, 0x01, 0x00, 0x00, 0x00, 0x00, 0x00, 0x0e, 0x75, 0x5f, 0x6c, 0x69, 0x67, // ...........u_lig
	0x68, 0x74, 0x50, 0x6f, 0x73, 0x54, 0x79, 0x70, 0x65, 0x12, 0x08, 0xf0, 0x02, 0x08, 0x00, 0x00, // htPosType.......
	0x00, 0x00, 0x00, 0x0c, 0x75, 0x5f, 0x6c, 0x69, 0x67, 0x68, 0x74, 0x43, 0x6f, 0x6c, 0x6f, 0x72, // ....u_lightColor
	0x12, 0x08, 0xf0, 0x03, 0x08, 0x00, 0x00, 0x00, 0x00, 0x00, 0x0f, 0x75, 0x5f, 0x6c, 0x69, 0x67, // ...........u_lig
	0x68, 0x74, 0x44, 0x69, 0x72, 0x52, 0x61, 0x6e, 0x67, 0x65, 0x12, 0x08, 0x70, 0x03, 0x08, 0x00, // htDirRange..p...
	0x00, 0x00, 0x00, 0x00, 0x0b, 0x75, 0x5f, 0x6c, 0x69, 0x67, 0x68, 0x74, 0x53, 0x70, 0x6f, 0x74, // .....u_lightSpot
	0x12, 0x08, 0x70, 0x04, 0x08, 0x00, 0x00, 0x00, 0x00, 0x00, 0x0a, 0x75, 0x5f, 0x65, 0x6d, 0x69, // ..p........u_emi
	0x73, 0x73, 0x69, 0x76, 0x65, 0x12, 0x01, 0xd0, 0x02, 0x01, 0x00, 0x00, 0x00, 0x00, 0x00, 0x10, // ssive...........
	0x75, 0x5f, 0x70, 0x6c, 0x61, 0x6e, 0x61, 0x72, 0x56, 0x69, 0x65, 0x77, 0x50, 0x72, 0x6f, 0x6a, // u_planarViewProj
	0x14, 0x01, 0x80, 0x00, 0x04, 0x00, 0x00, 0x00, 0x00, 0x00, 0x0d, 0x75, 0x5f, 0x6f, 0x75, 0x74, // ...........u_out
	0x70, 0x75, 0x74, 0x46, 0x6c, 0x61, 0x67, 0x73, 0x12, 0x01, 0xd0, 0x00, 0x01, 0x00, 0x00, 0x00, // putFlags........
	0x00, 0x00, 0x08, 0x73, 0x5f, 0x61, 0x6c, 0x62, 0x65, 0x64, 0x6f, 0x30, 0x00, 0x02, 0x00, 0x00, // ...s_albedo0....
	0x00, 0x00, 0x02, 0x26, 0x00, 0x08, 0x73, 0x5f, 0x6e, 0x6f, 0x72, 0x6d, 0x61, 0x6c, 0x30, 0x00, // ...&..s_normal0.
	0x03, 0x00, 0x00, 0x00, 0x00, 0x02, 0x26, 0x00, 0x13, 0x73, 0x5f, 0x6d, 0x65, 0x74, 0x61, 0x6c, // ......&..s_metal
	0x6c, 0x69, 0x63, 0x52, 0x6f, 0x75, 0x67, 0x68, 0x6e, 0x65, 0x73, 0x73, 0x30, 0x00, 0x04, 0x00, // licRoughness0...
	0x00, 0x00, 0x00, 0x02, 0x26, 0x00, 0x0a, 0x73, 0x5f, 0x65, 0x6d, 0x69, 0x73, 0x73, 0x69, 0x76, // ....&..s_emissiv
	0x65, 0x30, 0x00, 0x05, 0x00, 0x00, 0x00, 0x00, 0x02, 0x26, 0x00, 0x0c, 0x73, 0x5f, 0x73, 0x68, // e0.......&..s_sh
	0x61, 0x64, 0x6f, 0x77, 0x4d, 0x61, 0x70, 0x30, 0x30, 0x00, 0x06, 0x00, 0x00, 0x00, 0x00, 0x02, // adowMap00.......
	0x26, 0x00, 0x0c, 0x73, 0x5f, 0x73, 0x68, 0x61, 0x64, 0x6f, 0x77, 0x4d, 0x61, 0x70, 0x31, 0x30, // &..s_shadowMap10
	0x00, 0x07, 0x00, 0x00, 0x00, 0x00, 0x02, 0x26, 0x00, 0x0c, 0x73, 0x5f, 0x73, 0x68, 0x61, 0x64, // .......&..s_shad
	0x6f, 0x77, 0x4d, 0x61, 0x70, 0x32, 0x30, 0x00, 0x08, 0x00, 0x00, 0x00, 0x00, 0x02, 0x26, 0x00, // owMap20.......&.
	0x12, 0x73, 0x5f, 0x70, 0x6c, 0x61, 0x6e, 0x61, 0x72, 0x52, 0x65, 0x66, 0x6c, 0x65, 0x63, 0x74, // .s_planarReflect
	0x69, 0x6f, 0x6e, 0x30, 0x00, 0x09, 0x00, 0x00, 0x00, 0x00, 0x02, 0x26, 0x00, 0x11, 0x73, 0x5f, // ion0.......&..s_
	0x73, 0x63, 0x65, 0x6e, 0x65, 0x52, 0x65, 0x66, 0x6c, 0x65, 0x63, 0x74, 0x69, 0x6f, 0x6e, 0x30, // sceneReflection0
	0x00, 0x0a, 0x00, 0x00, 0x00, 0x00, 0x04, 0x26, 0x00, 0x0b, 0x73, 0x5f, 0x6c, 0x69, 0x67, 0x68, // .......&..s_ligh
	0x74, 0x44, 0x61, 0x74, 0x61, 0x30, 0x00, 0x0b, 0x00, 0x00, 0x00, 0x00, 0x02, 0x26, 0x00, 0x0f, // tData0.......&..
	0x73, 0x5f, 0x63, 0x6c, 0x75, 0x73, 0x74, 0x65, 0x72, 0x52, 0x61, 0x6e, 0x67, 0x65, 0x73, 0x30, // s_clusterRanges0
	0x00, 0x0c, 0x00, 0x00, 0x00, 0x00, 0x02, 0x26, 0x00, 0x0e, 0x73, 0x5f, 0x6c, 0x69, 0x67, 0x68, // .......&..s_ligh
	0x74, 0x49, 0x6e, 0x64, 0x69, 0x63, 0x65, 0x73, 0x30, 0x00, 0x0d, 0x00, 0x00, 0x00, 0x00, 0x02, // tIndices0.......
	0x26, 0x00, 0x60, 0xde, 0x01, 0x00, 0x03, 0x02, 0x23, 0x07, 0x00, 0x00, 0x01, 0x00, 0x0b, 0x00, // &.`.....#.......
	0x08, 0x00, 0x62, 0x65, 0x00, 0x00, 0x00, 0x00, 0x00, 0x00, 0x11, 0x00, 0x02, 0x00, 0x01, 0x00, // ..be............
	0x00, 0x00, 0x0b, 0x00, 0x06, 0x00, 0x01, 0x00, 0x00, 0x00, 0x47, 0x4c, 0x53, 0x4c, 0x2e, 0x73, // ..........GLSL.s
	0x74, 0x64, 0x2e, 0x34, 0x35, 0x30, 0x00, 0x00, 0x00, 0x00, 0x0e, 0x00, 0x03, 0x00, 0x00, 0x00, // td.450..........
	0x00, 0x00, 0x01, 0x00, 0x00, 0x00, 0x0f, 0x00, 0x0a, 0x00, 0x04, 0x00, 0x00, 0x00, 0x04, 0x00, // ................
	0x00, 0x00, 0x6d, 0x61, 0x69, 0x6e, 0x00, 0x00, 0x00, 0x00, 0xe1, 0x0d, 0x00, 0x00, 0xe5, 0x0d, // ..main..........
	0x00, 0x00, 0xe8, 0x0d, 0x00, 0x00, 0xeb, 0x0d, 0x00, 0x00, 0xfc, 0x0d, 0x00, 0x00, 0x10, 0x00, // ................
	0x03, 0x00, 0x04, 0x00, 0x00, 0x00, 0x07, 0x00, 0x00, 0x00, 0x03, 0x00, 0x03, 0x00, 0x05, 0x00, // ................
	0x00, 0x00, 0xf4, 0x01, 0x00, 0x00, 0x05, 0x00, 0x04, 0x00, 0x04, 0x00, 0x00, 0x00, 0x6d, 0x61, // ..............ma
	0x69, 0x6e, 0x00, 0x00, 0x00, 0x00, 0x05, 0x00, 0x06, 0x00, 0xdc, 0x00, 0x00, 0x00, 0x73, 0x5f, // in............s_
	0x61, 0x6c, 0x62, 0x65, 0x64, 0x6f, 0x53, 0x61, 0x6d, 0x70, 0x6c, 0x65, 0x72, 0x00, 0x05, 0x00, // albedoSampler...
	0x06, 0x00, 0xdf, 0x00, 0x00, 0x00, 0x73, 0x5f, 0x61, 0x6c, 0x62, 0x65, 0x64, 0x6f, 0x54, 0x65, // ......s_albedoTe
	0x78, 0x74, 0x75, 0x72, 0x65, 0x00, 0x05, 0x00, 0x06, 0x00, 0xe3, 0x00, 0x00, 0x00, 0x73, 0x5f, // xture.........s_
	0x6e, 0x6f, 0x72, 0x6d, 0x61, 0x6c, 0x53, 0x61, 0x6d, 0x70, 0x6c, 0x65, 0x72, 0x00, 0x05, 0x00, // normalSampler...
	0x06, 0x00, 0xe5, 0x00, 0x00, 0x00, 0x73, 0x5f, 0x6e, 0x6f, 0x72, 0x6d, 0x61, 0x6c, 0x54, 0x65, // ......s_normalTe
	0x78, 0x74, 0x75, 0x72, 0x65, 0x00, 0x05, 0x00, 0x09, 0x00, 0xe9, 0x00, 0x00, 0x00, 0x73, 0x5f, // xture.........s_
	0x6d, 0x65, 0x74, 0x61, 0x6c, 0x6c, 0x69, 0x63, 0x52, 0x6f, 0x75, 0x67, 0x68, 0x6e, 0x65, 0x73, // metallicRoughnes
	0x73, 0x53, 0x61, 0x6d, 0x70, 0x6c, 0x65, 0x72, 0x00, 0x00, 0x05, 0x00, 0x09, 0x00, 0xeb, 0x00, // sSampler........
	0x00, 0x00, 0x73, 0x5f, 0x6d, 0x65, 0x74, 0x61, 0x6c, 0x6c, 0x69, 0x63, 0x52, 0x6f, 0x75, 0x67, // ..s_metallicRoug
	0x68, 0x6e, 0x65, 0x73, 0x73, 0x54, 0x65, 0x78, 0x74, 0x75, 0x72, 0x65, 0x00, 0x00, 0x05, 0x00, // hnessTexture....
	0x07, 0x00, 0xef, 0x00, 0x00, 0x00, 0x73, 0x5f, 0x65, 0x6d, 0x69, 0x73, 0x73, 0x69, 0x76, 0x65, // ......s_emissive
	0x53, 0x61, 0x6d, 0x70, 0x6c, 0x65, 0x72, 0x00, 0x00, 0x00, 0x05, 0x00, 0x07, 0x00, 0xf1, 0x00, // Sampler.........
	0x00, 0x00, 0x73, 0x5f, 0x65, 0x6d, 0x69, 0x73, 0x73, 0x69, 0x76, 0x65, 0x54, 0x65, 0x78, 0x74, // ..s_emissiveText
	0x75, 0x72, 0x65, 0x00, 0x00, 0x00, 0x05, 0x00, 0x07, 0x00, 0xf5, 0x00, 0x00, 0x00, 0x73, 0x5f, // ure...........s_
	0x73, 0x68, 0x61, 0x64, 0x6f, 0x77, 0x4d, 0x61, 0x70, 0x30, 0x53, 0x61, 0x6d, 0x70, 0x6c, 0x65, // shadowMap0Sample
	0x72, 0x00, 0x05, 0x00, 0x07, 0x00, 0xf7, 0x00, 0x00, 0x00, 0x73, 0x5f, 0x73, 0x68, 0x61, 0x64, // r.........s_shad
	0x6f, 0x77, 0x4d, 0x61, 0x70, 0x30, 0x54, 0x65, 0x78, 0x74, 0x75, 0x72, 0x65, 0x00, 0x05, 0x00, // owMap0Texture...
	0x07, 0x00, 0xfb, 0x00, 0x00, 0x00, 0x73, 0x5f, 0x73, 0x68, 0x61, 0x64, 0x6f, 0x77, 0x4d, 0x61, // ......s_shadowMa
	0x70, 0x31, 0x53, 0x61, 0x6d, 0x70, 0x6c, 0x65, 0x72, 0x00, 0x05, 0x00, 0x07, 0x00, 0xfd, 0x00, // p1Sampler.......
	0x00, 0x00, 0x73, 0x5f, 0x73, 0x68, 0x61, 0x64, 0x6f, 0x77, 0x4d, 0x61, 0x70, 0x31, 0x54, 0x65, // ..s_shadowMap1Te
	0x78, 0x74, 0x75, 0x72, 0x65, 0x00, 0x05, 0x00, 0x07, 0x00, 0x01, 0x01, 0x00, 0x00, 0x73, 0x5f, // xture.........s_
	0x73, 0x68, 0x61, 0x64, 0x6f, 0x77, 0x4d, 0x61, 0x70, 0x32, 0x53, 0x61, 0x6d, 0x70, 0x6c, 0x65, // shadowMap2Sample
	0x72, 0x00, 0x05, 0x00, 0x07, 0x00, 0x03, 0x01, 0x00, 0x00, 0x73, 0x5f, 0x73, 0x68, 0x61, 0x64, // r.........s_shad
	0x6f, 0x77, 0x4d, 0x61, 0x70, 0x32, 0x54, 0x65, 0x78, 0x74, 0x75, 0x72, 0x65, 0x00, 0x05, 0x00, // owMap2Texture...
	0x09, 0x00, 0x07, 0x01, 0x00, 0x00, 0x73, 0x5f, 0x70, 0x6c, 0x61, 0x6e, 0x61, 0x72, 0x52, 0x65, // ......s_planarRe
	0x66, 0x6c, 0x65, 0x63, 0x74, 0x69, 0x6f, 0x6e, 0x53, 0x61, 0x6d, 0x70, 0x6c, 0x65, 0x72, 0x00, // flectionSampler.
	0x00, 0x00, 0x05, 0x00, 0x09, 0x00, 0x09, 0x01, 0x00, 0x00, 0x73, 0x5f, 0x70, 0x6c, 0x61, 0x6e, // ..........s_plan
	0x61, 0x72, 0x52, 0x65, 0x66, 0x6c, 0x65, 0x63, 0x74, 0x69, 0x6f, 0x6e, 0x54, 0x65, 0x78, 0x74, // arReflectionText
	0x75, 0x72, 0x65, 0x00, 0x00, 0x00, 0x05, 0x00, 0x09, 0x00, 0x0e, 0x01, 0x00, 0x00, 0x73, 0x5f, // ure...........s_
	0x73, 0x63, 0x65, 0x6e, 0x65, 0x52, 0x65, 0x66, 0x6c, 0x65, 0x63, 0x74, 0x69, 0x6f, 0x6e, 0x53, // sceneReflectionS
	0x61, 0x6d, 0x70, 0x6c, 0x65, 0x72, 0x00, 0x00, 0x00, 0x00, 0x05, 0x00, 0x09, 0x00, 0x11, 0x01, // ampler..........
	0x00, 0x00, 0x73, 0x5f, 0x73, 0x63, 0x65, 0x6e, 0x65, 0x52, 0x65, 0x66, 0x6c, 0x65, 0x63, 0x74, // ..s_sceneReflect
	0x69, 0x6f, 0x6e, 0x54, 0x65, 0x78, 0x74, 0x75, 0x72, 0x65, 0x00, 0x00, 0x00, 0x00, 0x05, 0x00, // ionTexture......
	0x07, 0x00, 0x17, 0x01, 0x00, 0x00, 0x73, 0x5f, 0x6c, 0x69, 0x67, 0x68, 0x74, 0x44, 0x61, 0x74, // ......s_lightDat
	0x61, 0x54, 0x65, 0x78, 0x74, 0x75, 0x72, 0x65, 0x00, 0x00, 0x05, 0x00, 0x08, 0x00, 0x1d, 0x01, // aTexture........
	0x00, 0x00, 0x73, 0x5f, 0x63, 0x6c, 0x75, 0x73, 0x74, 0x65, 0x72, 0x52, 0x61, 0x6e, 0x67, 0x65, // ..s_clusterRange
	0x73, 0x54, 0x65, 0x78, 0x74, 0x75, 0x72, 0x65, 0x00, 0x00, 0x05, 0x00, 0x08, 0x00, 0x23, 0x01, // sTexture......#.
	0x00, 0x00, 0x73, 0x5f, 0x6c, 0x69, 0x67, 0x68, 0x74, 0x49, 0x6e, 0x64, 0x69, 0x63, 0x65, 0x73, // ..s_lightIndices
	0x54, 0x65, 0x78, 0x74, 0x75, 0x72, 0x65, 0x00, 0x00, 0x00, 0x05, 0x00, 0x06, 0x00, 0x8f, 0x01, // Texture.........
	0x00, 0x00, 0x55, 0x6e, 0x69, 0x66, 0x6f, 0x72, 0x6d, 0x42, 0x6c, 0x6f, 0x63, 0x6b, 0x00, 0x00, // ..UniformBlock..
	0x00, 0x00, 0x06, 0x00, 0x05, 0x00, 0x8f, 0x01, 0x00, 0x00, 0x00, 0x00, 0x00, 0x00, 0x75, 0x5f, // ..............u_
	0x76, 0x69, 0x65, 0x77, 0x00, 0x00, 0x06, 0x00, 0x06, 0x00, 0x8f, 0x01, 0x00, 0x00, 0x01, 0x00, // view............
	0x00, 0x00, 0x75, 0x5f, 0x76, 0x69, 0x65, 0x77, 0x50, 0x72, 0x6f, 0x6a, 0x00, 0x00, 0x06, 0x00, // ..u_viewProj....
	0x08, 0x00, 0x8f, 0x01, 0x00, 0x00, 0x02, 0x00, 0x00, 0x00, 0x75, 0x5f, 0x70, 0x6c, 0x61, 0x6e, // ..........u_plan
	0x61, 0x72, 0x56, 0x69, 0x65, 0x77, 0x50, 0x72, 0x6f, 0x6a, 0x00, 0x00, 0x00, 0x00, 0x06, 0x00, // arViewProj......
	0x06, 0x00, 0x8f, 0x01, 0x00, 0x00, 0x03, 0x00, 0x00, 0x00, 0x75, 0x5f, 0x74, 0x65, 0x78, 0x46, // ..........u_texF
	0x6c, 0x61, 0x67, 0x73, 0x00, 0x00, 0x06, 0x00, 0x07, 0x00, 0x8f, 0x01, 0x00, 0x00, 0x04, 0x00, // lags............
	0x00, 0x00, 0x75, 0x5f, 0x6f, 0x75, 0x74, 0x70, 0x75, 0x74, 0x46, 0x6c, 0x61, 0x67, 0x73, 0x00, // ..u_outputFlags.
	0x00, 0x00, 0x06, 0x00, 0x08, 0x00, 0x8f, 0x01, 0x00, 0x00, 0x05, 0x00, 0x00, 0x00, 0x75, 0x5f, // ..............u_
	0x72, 0x65, 0x66, 0x6c, 0x65, 0x63, 0x74, 0x69, 0x6f, 0x6e, 0x46, 0x6c, 0x61, 0x67, 0x73, 0x00, // reflectionFlags.
	0x00, 0x00, 0x06, 0x00, 0x08, 0x00, 0x8f, 0x01, 0x00, 0x00, 0x06, 0x00, 0x00, 0x00, 0x75, 0x5f, // ..............u_
	0x72, 0x65, 0x66, 0x6c, 0x65, 0x63, 0x74, 0x69, 0x6f, 0x6e, 0x50, 0x72, 0x6f, 0x62, 0x65, 0x00, // reflectionProbe.
	0x00, 0x00, 0x06, 0x00, 0x08, 0x00, 0x8f, 0x01, 0x00, 0x00, 0x07, 0x00, 0x00, 0x00, 0x75, 0x5f, // ..............u_
	0x72, 0x65, 0x66, 0x6c, 0x65, 0x63, 0x74, 0x69, 0x6f, 0x6e, 0x42, 0x6f, 0x78, 0x4d, 0x69, 0x6e, // reflectionBoxMin
	0x00, 0x00, 0x06, 0x00, 0x08, 0x00, 0x8f, 0x01, 0x00, 0x00, 0x08, 0x00, 0x00, 0x00, 0x75, 0x5f, // ..............u_
	0x72, 0x65, 0x66, 0x6c, 0x65, 0x63, 0x74, 0x69, 0x6f, 0x6e, 0x42, 0x6f, 0x78, 0x4d, 0x61, 0x78, // reflectionBoxMax
	0x00, 0x00, 0x06, 0x00, 0x06, 0x00, 0x8f, 0x01, 0x00, 0x00, 0x09, 0x00, 0x00, 0x00, 0x75, 0x5f, // ..............u_
	0x63, 0x6c, 0x69, 0x70, 0x50, 0x6c, 0x61, 0x6e, 0x65, 0x00, 0x06, 0x00, 0x07, 0x00, 0x8f, 0x01, // clipPlane.......
	0x00, 0x00, 0x0a, 0x00, 0x00, 0x00, 0x75, 0x5f, 0x6c, 0x69, 0x67, 0x68, 0x74, 0x56, 0x69, 0x65, // ......u_lightVie
	0x77, 0x50, 0x72, 0x6f, 0x6a, 0x00, 0x06, 0x00, 0x08, 0x00, 0x8f, 0x01, 0x00, 0x00, 0x0b, 0x00, // wProj...........
	0x00, 0x00, 0x75, 0x5f, 0x73, 0x68, 0x61, 0x64, 0x6f, 0x77, 0x43, 0x61, 0x6d, 0x65, 0x72, 0x61, // ..u_shadowCamera
	0x56, 0x69, 0x65, 0x77, 0x00, 0x00, 0x06, 0x00, 0x09, 0x00, 0x8f, 0x01, 0x00, 0x00, 0x0c, 0x00, // View............
	0x00, 0x00, 0x75, 0x5f, 0x73, 0x68, 0x61, 0x64, 0x6f, 0x77, 0x43, 0x61, 0x73, 0x63, 0x61, 0x64, // ..u_shadowCascad
	0x65, 0x53, 0x70, 0x6c, 0x69, 0x74, 0x73, 0x00, 0x00, 0x00, 0x06, 0x00, 0x09, 0x00, 0x8f, 0x01, // eSplits.........
	0x00, 0x00, 0x0d, 0x00, 0x00, 0x00, 0x75, 0x5f, 0x73, 0x68, 0x61, 0x64, 0x6f, 0x77, 0x43, 0x61, // ......u_shadowCa
	0x73, 0x63, 0x61, 0x64, 0x65, 0x42, 0x6c, 0x65, 0x6e, 0x64, 0x00, 0x00, 0x00, 0x00, 0x06, 0x00, // scadeBlend......
	0x08, 0x00, 0x8f, 0x01, 0x00, 0x00, 0x0e, 0x00, 0x00, 0x00, 0x75, 0x5f, 0x73, 0x68, 0x61, 0x64, // ..........u_shad
	0x6f, 0x77, 0x50, 0x65, 0x6e, 0x75, 0x6d, 0x62, 0x72, 0x61, 0x00, 0x00, 0x00, 0x00, 0x06, 0x00, // owPenumbra......
	0x08, 0x00, 0x8f, 0x01, 0x00, 0x00, 0x0f, 0x00, 0x00, 0x00, 0x75, 0x5f, 0x73, 0x68, 0x61, 0x64, // ..........u_shad
	0x6f, 0x77, 0x4e, 0x6f, 0x72, 0x6d, 0x61, 0x6c, 0x42, 0x69, 0x61, 0x73, 0x00, 0x00, 0x06, 0x00, // owNormalBias....
	0x07, 0x00, 0x8f, 0x01, 0x00, 0x00, 0x10, 0x00, 0x00, 0x00, 0x75, 0x5f, 0x73, 0x68, 0x61, 0x64, // ..........u_shad
	0x6f, 0x77, 0x50, 0x61, 0x72, 0x61, 0x6d, 0x73, 0x00, 0x00, 0x06, 0x00, 0x08, 0x00, 0x8f, 0x01, // owParams........
	0x00, 0x00, 0x11, 0x00, 0x00, 0x00, 0x75, 0x5f, 0x73, 0x68, 0x61, 0x64, 0x6f, 0x77, 0x4c, 0x69, // ......u_shadowLi
	0x67, 0x68, 0x74, 0x44, 0x69, 0x72, 0x00, 0x00, 0x00, 0x00, 0x06, 0x00, 0x07, 0x00, 0x8f, 0x01, // ghtDir..........
	0x00, 0x00, 0x12, 0x00, 0x00, 0x00, 0x75, 0x5f, 0x73, 0x68, 0x61, 0x64, 0x6f, 0x77, 0x46, 0x69, // ......u_shadowFi
	0x6c, 0x74, 0x65, 0x72, 0x00, 0x00, 0x06, 0x00, 0x08, 0x00, 0x8f, 0x01, 0x00, 0x00, 0x13, 0x00, // lter............
	0x00, 0x00, 0x75, 0x5f, 0x73, 0x68, 0x61, 0x64, 0x6f, 0x77, 0x50, 0x72, 0x6f, 0x6a, 0x65, 0x63, // ..u_shadowProjec
	0x74, 0x69, 0x6f, 0x6e, 0x00, 0x00, 0x06, 0x00, 0x06, 0x00, 0x8f, 0x01, 0x00, 0x00, 0x14, 0x00, // tion............
	0x00, 0x00, 0x75, 0x5f, 0x61, 0x6c, 0x62, 0x65, 0x64, 0x6f, 0x00, 0x00, 0x00, 0x00, 0x06, 0x00, // ..u_albedo......
	0x07, 0x00, 0x8f, 0x01, 0x00, 0x00, 0x15, 0x00, 0x00, 0x00, 0x75, 0x5f, 0x67, 0x72, 0x61, 0x64, // ..........u_grad
	0x69, 0x65, 0x6e, 0x74, 0x54, 0x6f, 0x00, 0x00, 0x00, 0x00, 0x06, 0x00, 0x06, 0x00, 0x8f, 0x01, // ientTo..........
	0x00, 0x00, 0x16, 0x00, 0x00, 0x00, 0x75, 0x5f, 0x65, 0x6d, 0x69, 0x73, 0x73, 0x69, 0x76, 0x65, // ......u_emissive
	0x00, 0x00, 0x06, 0x00, 0x06, 0x00, 0x8f, 0x01, 0x00, 0x00, 0x17, 0x00, 0x00, 0x00, 0x75, 0x5f, // ..............u_
	0x6d, 0x61, 0x74, 0x50, 0x61, 0x72, 0x61, 0x6d, 0x73, 0x00, 0x06, 0x00, 0x07, 0x00, 0x8f, 0x01, // matParams.......
	0x00, 0x00, 0x18, 0x00, 0x00, 0x00, 0x75, 0x5f, 0x6c, 0x69, 0x67, 0x68, 0x74, 0x50, 0x6f, 0x73, // ......u_lightPos
	0x54, 0x79, 0x70, 0x65, 0x00, 0x00, 0x06, 0x00, 0x07, 0x00, 0x8f, 0x01, 0x00, 0x00, 0x19, 0x00, // Type............
	0x00, 0x00, 0x75, 0x5f, 0x6c, 0x69, 0x67, 0x68, 0x74, 0x44, 0x69, 0x72, 0x52, 0x61, 0x6e, 0x67, // ..u_lightDirRang
	0x65, 0x00, 0x06, 0x00, 0x07, 0x00, 0x8f, 0x01, 0x00, 0x00, 0x1a, 0x00, 0x00, 0x00, 0x75, 0x5f, // e.............u_
	0x6c, 0x69, 0x67, 0x68, 0x74, 0x43, 0x6f, 0x6c, 0x6f, 0x72, 0x00, 0x00, 0x00, 0x00, 0x06, 0x00, // lightColor......
	0x06, 0x00, 0x8f, 0x01, 0x00, 0x00, 0x1b, 0x00, 0x00, 0x00, 0x75, 0x5f, 0x6c, 0x69, 0x67, 0x68, // ..........u_ligh
	0x74, 0x53, 0x70, 0x6f, 0x74, 0x00, 0x06, 0x00, 0x06, 0x00, 0x8f, 0x01, 0x00, 0x00, 0x1c, 0x00, // tSpot...........
	0x00, 0x00, 0x75, 0x5f, 0x61, 0x6d, 0x62, 0x69, 0x65, 0x6e, 0x74, 0x00, 0x00, 0x00, 0x06, 0x00, // ..u_ambient.....
	0x06, 0x00, 0x8f, 0x01, 0x00, 0x00, 0x1d, 0x00, 0x00, 0x00, 0x75, 0x5f, 0x63, 0x61, 0x6d, 0x50, // ..........u_camP
	0x6f, 0x73, 0x00, 0x00, 0x00, 0x00, 0x06, 0x00, 0x07, 0x00, 0x8f, 0x01, 0x00, 0x00, 0x1e, 0x00, // os..............
	0x00, 0x00, 0x75, 0x5f, 0x63, 0x6c, 0x75, 0x73, 0x74, 0x65, 0x72, 0x50, 0x61, 0x72, 0x61, 0x6d, // ..u_clusterParam
	0x73, 0x00, 0x05, 0x00, 0x03, 0x00, 0x91, 0x01, 0x00, 0x00, 0x00, 0x00, 0x00, 0x00, 0x05, 0x00, // s...............
	0x04, 0x00, 0xe1, 0x0d, 0x00, 0x00, 0x76, 0x5f, 0x6c, 0x70, 0x6f, 0x73, 0x00, 0x00, 0x05, 0x00, // ......v_lpos....
	0x05, 0x00, 0xe5, 0x0d, 0x00, 0x00, 0x76, 0x5f, 0x74, 0x65, 0x78, 0x63, 0x6f, 0x6f, 0x72, 0x64, // ......v_texcoord
	0x30, 0x00, 0x05, 0x00, 0x05, 0x00, 0xe8, 0x0d, 0x00, 0x00, 0x76, 0x5f, 0x77, 0x6e, 0x6f, 0x72, // 0.........v_wnor
	0x6d, 0x61, 0x6c, 0x00, 0x00, 0x00, 0x05, 0x00, 0x04, 0x00, 0xeb, 0x0d, 0x00, 0x00, 0x76, 0x5f, // mal...........v_
	0x77, 0x70, 0x6f, 0x73, 0x00, 0x00, 0x05, 0x00, 0x06, 0x00, 0xfc, 0x0d, 0x00, 0x00, 0x62, 0x67, // wpos..........bg
	0x66, 0x78, 0x5f, 0x46, 0x72, 0x61, 0x67, 0x44, 0x61, 0x74, 0x61, 0x30, 0x00, 0x00, 0x47, 0x00, // fx_FragData0..G.
	0x04, 0x00, 0xdc, 0x00, 0x00, 0x00, 0x21, 0x00, 0x00, 0x00, 0x12, 0x00, 0x00, 0x00, 0x47, 0x00, // ......!.......G.
	0x04, 0x00, 0xdc, 0x00, 0x00, 0x00, 0x22, 0x00, 0x00, 0x00, 0x00, 0x00, 0x00, 0x00, 0x47, 0x00, // ......".......G.
	0x04, 0x00, 0xdf, 0x00, 0x00, 0x00, 0x21, 0x00, 0x00, 0x00, 0x02, 0x00, 0x00, 0x00, 0x47, 0x00, // ......!.......G.
	0x04, 0x00, 0xdf, 0x00, 0x00, 0x00, 0x22, 0x00, 0x00, 0x00, 0x00, 0x00, 0x00, 0x00, 0x47, 0x00, // ......".......G.
	0x04, 0x00, 0xe3, 0x00, 0x00, 0x00, 0x21, 0x00, 0x00, 0x00, 0x13, 0x00, 0x00, 0x00, 0x47, 0x00, // ......!.......G.
	0x04, 0x00, 0xe3, 0x00, 0x00, 0x00, 0x22, 0x00, 0x00, 0x00, 0x00, 0x00, 0x00, 0x00, 0x47, 0x00, // ......".......G.
	0x04, 0x00, 0xe5, 0x00, 0x00, 0x00, 0x21, 0x00, 0x00, 0x00, 0x03, 0x00, 0x00, 0x00, 0x47, 0x00, // ......!.......G.
	0x04, 0x00, 0xe5, 0x00, 0x00, 0x00, 0x22, 0x00, 0x00, 0x00, 0x00, 0x00, 0x00, 0x00, 0x47, 0x00, // ......".......G.
	0x04, 0x00, 0xe9, 0x00, 0x00, 0x00, 0x21, 0x00, 0x00, 0x00, 0x14, 0x00, 0x00, 0x00, 0x47, 0x00, // ......!.......G.
	0x04, 0x00, 0xe9, 0x00, 0x00, 0x00, 0x22, 0x00, 0x00, 0x00, 0x00, 0x00, 0x00, 0x00, 0x47, 0x00, // ......".......G.
	0x04, 0x00, 0xeb, 0x00, 0x00, 0x00, 0x21, 0x00, 0x00, 0x00, 0x04, 0x00, 0x00, 0x00, 0x47, 0x00, // ......!.......G.
	0x04, 0x00, 0xeb, 0x00, 0x00, 0x00, 0x22, 0x00, 0x00, 0x00, 0x00, 0x00, 0x00, 0x00, 0x47, 0x00, // ......".......G.
	0x04, 0x00, 0xef, 0x00, 0x00, 0x00, 0x21, 0x00, 0x00, 0x00, 0x15, 0x00, 0x00, 0x00, 0x47, 0x00, // ......!.......G.
	0x04, 0x00, 0xef, 0x00, 0x00, 0x00, 0x22, 0x00, 0x00, 0x00, 0x00, 0x00, 0x00, 0x00, 0x47, 0x00, // ......".......G.
	0x04, 0x00, 0xf1, 0x00, 0x00, 0x00, 0x21, 0x00, 0x00, 0x00, 0x05, 0x00, 0x00, 0x00, 0x47, 0x00, // ......!.......G.
	0x04, 0x00, 0xf1, 0x00, 0x00, 0x00, 0x22, 0x00, 0x00, 0x00, 0x00, 0x00, 0x00, 0x00, 0x47, 0x00, // ......".......G.
	0x04, 0x00, 0xf5, 0x00, 0x00, 0x00, 0x21, 0x00, 0x00, 0x00, 0x16, 0x00, 0x00, 0x00, 0x47, 0x00, // ......!.......G.
	0x04, 0x00, 0xf5, 0x00, 0x00, 0x00, 0x22, 0x00, 0x00, 0x00, 0x00, 0x00, 0x00, 0x00, 0x47, 0x00, // ......".......G.
	0x04, 0x00, 0xf7, 0x00, 0x00, 0x00, 0x21, 0x00, 0x00, 0x00, 0x06, 0x00, 0x00, 0x00, 0x47, 0x00, // ......!.......G.
	0x04, 0x00, 0xf7, 0x00, 0x00, 0x00, 0x22, 0x00, 0x00, 0x00, 0x00, 0x00, 0x00, 0x00, 0x47, 0x00, // ......".......G.
	0x04, 0x00, 0xfb, 0x00, 0x00, 0x00, 0x21, 0x00, 0x00, 0x00, 0x17, 0x00, 0x00, 0x00, 0x47, 0x00, // ......!.......G.
	0x04, 0x00, 0xfb, 0x00, 0x00, 0x00, 0x22, 0x00, 0x00, 0x00, 0x00, 0x00, 0x00, 0x00, 0x47, 0x00, // ......".......G.
	0x04, 0x00, 0xfd, 0x00, 0x00, 0x00, 0x21, 0x00, 0x00, 0x00, 0x07, 0x00, 0x00, 0x00, 0x47, 0x00, // ......!.......G.
	0x04, 0x00, 0xfd, 0x00, 0x00, 0x00, 0x22, 0x00, 0x00, 0x00, 0x00, 0x00, 0x00, 0x00, 0x47, 0x00, // ......".......G.
	0x04, 0x00, 0x01, 0x01, 0x00, 0x00, 0x21, 0x00, 0x00, 0x00, 0x18, 0x00, 0x00, 0x00, 0x47, 0x00, // ......!.......G.
	0x04, 0x00, 0x01, 0x01, 0x00, 0x00, 0x22, 0x00, 0x00, 0x00, 0x00, 0x00, 0x00, 0x00, 0x47, 0x00, // ......".......G.
	0x04, 0x00, 0x03, 0x01, 0x00, 0x00, 0x21, 0x00, 0x00, 0x00, 0x08, 0x00, 0x00, 0x00, 0x47, 0x00, // ......!.......G.
	0x04, 0x00, 0x03, 0x01, 0x00, 0x00, 0x22, 0x00, 0x00, 0x00, 0x00, 0x00, 0x00, 0x00, 0x47, 0x00, // ......".......G.
	0x04, 0x00, 0x07, 0x01, 0x00, 0x00, 0x21, 0x00, 0x00, 0x00, 0x19, 0x00, 0x00, 0x00, 0x47, 0x00, // ......!.......G.
	0x04, 0x00, 0x07, 0x01, 0x00, 0x00, 0x22, 0x00, 0x00, 0x00, 0x00, 0x00, 0x00, 0x00, 0x47, 0x00, // ......".......G.
	0x04, 0x00, 0x09, 0x01, 0x00, 0x00, 0x21, 0x00, 0x00, 0x00, 0x09, 0x00, 0x00, 0x00, 0x47, 0x00, // ......!.......G.
	0x04, 0x00, 0x09, 0x01, 0x00, 0x00, 0x22, 0x00, 0x00, 0x00, 0x00, 0x00, 0x00, 0x00, 0x47, 0x00, // ......".......G.
	0x04, 0x00, 0x0e, 0x01, 0x00, 0x00, 0x21, 0x00, 0x00, 0x00, 0x1a, 0x00, 0x00, 0x00, 0x47, 0x00, // ......!.......G.
	0x04, 0x00, 0x0e, 0x01, 0x00, 0x00, 0x22, 0x00, 0x00, 0x00, 0x00, 0x00, 0x00, 0x00, 0x47, 0x00, // ......".......G.
	0x04, 0x00, 0x11, 0x01, 0x00, 0x00, 0x21, 0x00, 0x00, 0x00, 0x0a, 0x00, 0x00, 0x00, 0x47, 0x00, // ......!.......G.
	0x04, 0x00, 0x11, 0x01, 0x00, 0x00, 0x22, 0x00, 0x00, 0x00, 0x00, 0x00, 0x00, 0x00, 0x47, 0x00, // ......".......G.
	0x04, 0x00, 0x17, 0x01, 0x00, 0x00, 0x21, 0x00, 0x00, 0x00, 0x0b, 0x00, 0x00, 0x00, 0x47, 0x00, // ......!.......G.
	0x04, 0x00, 0x17, 0x01, 0x00, 0x00, 0x22, 0x00, 0x00, 0x00, 0x00, 0x00, 0x00, 0x00, 0x47, 0x00, // ......".......G.
	0x04, 0x00, 0x1d, 0x01, 0x00, 0x00, 0x21, 0x00, 0x00, 0x00, 0x0c, 0x00, 0x00, 0x00, 0x47, 0x00, // ......!.......G.
	0x04, 0x00, 0x1d, 0x01, 0x00, 0x00, 0x22, 0x00, 0x00, 0x00, 0x00, 0x00, 0x00, 0x00, 0x47, 0x00, // ......".......G.
	0x04, 0x00, 0x23, 0x01, 0x00, 0x00, 0x21, 0x00, 0x00, 0x00, 0x0d, 0x00, 0x00, 0x00, 0x47, 0x00, // ..#...!.......G.
	0x04, 0x00, 0x23, 0x01, 0x00, 0x00, 0x22, 0x00, 0x00, 0x00, 0x00, 0x00, 0x00, 0x00, 0x47, 0x00, // ..#...".......G.
	0x04, 0x00, 0x89, 0x01, 0x00, 0x00, 0x06, 0x00, 0x00, 0x00, 0x40, 0x00, 0x00, 0x00, 0x47, 0x00, // ..........@...G.
	0x04, 0x00, 0x8b, 0x01, 0x00, 0x00, 0x06, 0x00, 0x00, 0x00, 0x10, 0x00, 0x00, 0x00, 0x47, 0x00, // ..............G.
	0x04, 0x00, 0x8c, 0x01, 0x00, 0x00, 0x06, 0x00, 0x00, 0x00, 0x10, 0x00, 0x00, 0x00, 0x47, 0x00, // ..............G.
	0x04, 0x00, 0x8d, 0x01, 0x00, 0x00, 0x06, 0x00, 0x00, 0x00, 0x10, 0x00, 0x00, 0x00, 0x47, 0x00, // ..............G.
	0x04, 0x00, 0x8e, 0x01, 0x00, 0x00, 0x06, 0x00, 0x00, 0x00, 0x10, 0x00, 0x00, 0x00, 0x47, 0x00, // ..............G.
	0x03, 0x00, 0x8f, 0x01, 0x00, 0x00, 0x02, 0x00, 0x00, 0x00, 0x48, 0x00, 0x04, 0x00, 0x8f, 0x01, // ..........H.....
	0x00, 0x00, 0x00, 0x00, 0x00, 0x00, 0x04, 0x00, 0x00, 0x00, 0x48, 0x00, 0x05, 0x00, 0x8f, 0x01, // ..........H.....
	0x00, 0x00, 0x00, 0x00, 0x00, 0x00, 0x07, 0x00, 0x00, 0x00, 0x10, 0x00, 0x00, 0x00, 0x48, 0x00, // ..............H.
	0x05, 0x00, 0x8f, 0x01, 0x00, 0x00, 0x00, 0x00, 0x00, 0x00, 0x23, 0x00, 0x00, 0x00, 0x00, 0x00, // ..........#.....
	0x00, 0x00, 0x48, 0x00, 0x04, 0x00, 0x8f, 0x01, 0x00, 0x00, 0x01, 0x00, 0x00, 0x00, 0x04, 0x00, // ..H.............
	0x00, 0x00, 0x48, 0x00, 0x05, 0x00, 0x8f, 0x01, 0x00, 0x00, 0x01, 0x00, 0x00, 0x00, 0x07, 0x00, // ..H.............
	0x00, 0x00, 0x10, 0x00, 0x00, 0x00, 0x48, 0x00, 0x05, 0x00, 0x8f, 0x01, 0x00, 0x00, 0x01, 0x00, // ......H.........
	0x00, 0x00, 0x23, 0x00, 0x00, 0x00, 0x40, 0x00, 0x00, 0x00, 0x48, 0x00, 0x04, 0x00, 0x8f, 0x01, // ..#...@...H.....
	0x00, 0x00, 0x02, 0x00, 0x00, 0x00, 0x04, 0x00, 0x00, 0x00, 0x48, 0x00, 0x05, 0x00, 0x8f, 0x01, // ..........H.....
	0x00, 0x00, 0x02, 0x00, 0x00, 0x00, 0x07, 0x00, 0x00, 0x00, 0x10, 0x00, 0x00, 0x00, 0x48, 0x00, // ..............H.
	0x05, 0x00, 0x8f, 0x01, 0x00, 0x00, 0x02, 0x00, 0x00, 0x00, 0x23, 0x00, 0x00, 0x00, 0x80, 0x00, // ..........#.....
	0x00, 0x00, 0x48, 0x00, 0x05, 0x00, 0x8f, 0x01, 0x00, 0x00, 0x03, 0x00, 0x00, 0x00, 0x23, 0x00, // ..H...........#.
	0x00, 0x00, 0xc0, 0x00, 0x00, 0x00, 0x48, 0x00, 0x05, 0x00, 0x8f, 0x01, 0x00, 0x00, 0x04, 0x00, // ......H.........
	0x00, 0x00, 0x23, 0x00, 0x00, 0x00, 0xd0, 0x00, 0x00, 0x00, 0x48, 0x00, 0x05, 0x00, 0x8f, 0x01, // ..#.......H.....
	0x00, 0x00, 0x05, 0x00, 0x00, 0x00, 0x23, 0x00, 0x00, 0x00, 0xe0, 0x00, 0x00, 0x00, 0x48, 0x00, // ......#.......H.
	0x05, 0x00, 0x8f, 0x01, 0x00, 0x00, 0x06, 0x00, 0x00, 0x00, 0x23, 0x00, 0x00, 0x00, 0xf0, 0x00, // ..........#.....
	0x00, 0x00, 0x48, 0x00, 0x05, 0x00, 0x8f, 0x01, 0x00, 0x00, 0x07, 0x00, 0x00, 0x00, 0x23, 0x00, // ..H...........#.
	0x00, 0x00, 0x00, 0x01, 0x00, 0x00, 0x48, 0x00, 0x05, 0x00, 0x8f, 0x01, 0x00, 0x00, 0x08, 0x00, // ......H.........
	0x00, 0x00, 0x23, 0x00, 0x00, 0x00, 0x10, 0x01, 0x00, 0x00, 0x48, 0x00, 0x05, 0x00, 0x8f, 0x01, // ..#.......H.....
	0x00, 0x00, 0x09, 0x00, 0x00, 0x00, 0x23, 0x00, 0x00, 0x00, 0x20, 0x01, 0x00, 0x00, 0x48, 0x00, // ......#... ...H.
	0x04, 0x00, 0x8f, 0x01, 0x00, 0x00, 0x0a, 0x00, 0x00, 0x00, 0x04, 0x00, 0x00, 0x00, 0x48, 0x00, // ..............H.
	0x05, 0x00, 0x8f, 0x01, 0x00, 0x00, 0x0a, 0x00, 0x00, 0x00, 0x07, 0x00, 0x00, 0x00, 0x10, 0x00, // ................
	0x00, 0x00, 0x48, 0x00, 0x05, 0x00, 0x8f, 0x01, 0x00, 0x00, 0x0a, 0x00, 0x00, 0x00, 0x23, 0x00, // ..H...........#.
	0x00, 0x00, 0x30, 0x01, 0x00, 0x00, 0x48, 0x00, 0x04, 0x00, 0x8f, 0x01, 0x00, 0x00, 0x0b, 0x00, // ..0...H.........
	0x00, 0x00, 0x04, 0x00, 0x00, 0x00, 0x48, 0x00, 0x05, 0x00, 0x8f, 0x01, 0x00, 0x00, 0x0b, 0x00, // ......H.........
	0x00, 0x00, 0x07, 0x00, 0x00, 0x00, 0x10, 0x00, 0x00, 0x00, 0x48, 0x00, 0x05, 0x00, 0x8f, 0x01, // ..........H.....
	0x00, 0x00, 0x0b, 0x00, 0x00, 0x00, 0x23, 0x00, 0x00, 0x00, 0xf0, 0x01, 0x00, 0x00, 0x48, 0x00, // ......#.......H.
	0x05, 0x00, 0x8f, 0x01, 0x00, 0x00, 0x0c, 0x00, 0x00, 0x00, 0x23, 0x00, 0x00, 0x00, 0x30, 0x02, // ..........#...0.
	0x00, 0x00, 0x48, 0x00, 0x05, 0x00, 0x8f, 0x01, 0x00, 0x00, 0x0d, 0x00, 0x00, 0x00, 0x23, 0x00, // ..H...........#.
	0x00, 0x00, 0x40, 0x02, 0x00, 0x00, 0x48, 0x00, 0x05, 0x00, 0x8f, 0x01, 0x00, 0x00, 0x0e, 0x00, // ..@...H.........
	0x00, 0x00, 0x23, 0x00, 0x00, 0x00, 0x50, 0x02, 0x00, 0x00, 0x48, 0x00, 0x05, 0x00, 0x8f, 0x01, // ..#...P...H.....
	0x00, 0x00, 0x0f, 0x00, 0x00, 0x00, 0x23, 0x00, 0x00, 0x00, 0x60, 0x02, 0x00, 0x00, 0x48, 0x00, // ......#...`...H.
	0x05, 0x00, 0x8f, 0x01, 0x00, 0x00, 0x10, 0x00, 0x00, 0x00, 0x23, 0x00, 0x00, 0x00, 0x70, 0x02, // ..........#...p.
	0x00, 0x00, 0x48, 0x00, 0x05, 0x00, 0x8f, 0x01, 0x00, 0x00, 0x11, 0x00, 0x00, 0x00, 0x23, 0x00, // ..H...........#.
	0x00, 0x00, 0x80, 0x02, 0x00, 0x00, 0x48, 0x00, 0x05, 0x00, 0x8f, 0x01, 0x00, 0x00, 0x12, 0x00, // ......H.........
	0x00, 0x00, 0x23, 0x00, 0x00, 0x00, 0x90, 0x02, 0x00, 0x00, 0x48, 0x00, 0x05, 0x00, 0x8f, 0x01, // ..#.......H.....
	0x00, 0x00, 0x13, 0x00, 0x00, 0x00, 0x23, 0x00, 0x00, 0x00, 0xa0, 0x02, 0x00, 0x00, 0x48, 0x00, // ......#.......H.
	0x05, 0x00, 0x8f, 0x01, 0x00, 0x00, 0x14, 0x00, 0x00, 0x00, 0x23, 0x00, 0x00, 0x00, 0xb0, 0x02, // ..........#.....
	0x00, 0x00, 0x48, 0x00, 0x05, 0x00, 0x8f, 0x01, 0x00, 0x00, 0x15, 0x00, 0x00, 0x00, 0x23, 0x00, // ..H...........#.
	0x00, 0x00, 0xc0, 0x02, 0x00, 0x00, 0x48, 0x00, 0x05, 0x00, 0x8f, 0x01, 0x00, 0x00, 0x16, 0x00, // ......H.........
	0x00, 0x00, 0x23, 0x00, 0x00, 0x00, 0xd0, 0x02, 0x00, 0x00, 0x48, 0x00, 0x05, 0x00, 0x8f, 0x01, // ..#.......H.....
	0x00, 0x00, 0x17, 0x00, 0x00, 0x00, 0x23, 0x00, 0x00, 0x00, 0xe0, 0x02, 0x00, 0x00, 0x48, 0x00, // ......#.......H.
	0x05, 0x00, 0x8f, 0x01, 0x00, 0x00, 0x18, 0x00, 0x00, 0x00, 0x23, 0x00, 0x00, 0x00, 0xf0, 0x02, // ..........#.....
	0x00, 0x00, 0x48, 0x00, 0x05, 0x00, 0x8f, 0x01, 0x00, 0x00, 0x19, 0x00, 0x00, 0x00, 0x23, 0x00, // ..H...........#.
	0x00, 0x00, 0x70, 0x03, 0x00, 0x00, 0x48, 0x00, 0x05, 0x00, 0x8f, 0x01, 0x00, 0x00, 0x1a, 0x00, // ..p...H.........
	0x00, 0x00, 0x23, 0x00, 0x00, 0x00, 0xf0, 0x03, 0x00, 0x00, 0x48, 0x00, 0x05, 0x00, 0x8f, 0x01, // ..#.......H.....
	0x00, 0x00, 0x1b, 0x00, 0x00, 0x00, 0x23, 0x00, 0x00, 0x00, 0x70, 0x04, 0x00, 0x00, 0x48, 0x00, // ......#...p...H.
	0x05, 0x00, 0x8f, 0x01, 0x00, 0x00, 0x1c, 0x00, 0x00, 0x00, 0x23, 0x00, 0x00, 0x00, 0xf0, 0x04, // ..........#.....
	0x00, 0x00, 0x48, 0x00, 0x05, 0x00, 0x8f, 0x01, 0x00, 0x00, 0x1d, 0x00, 0x00, 0x00, 0x23, 0x00, // ..H...........#.
	0x00, 0x00, 0x00, 0x05, 0x00, 0x00, 0x48, 0x00, 0x05, 0x00, 0x8f, 0x01, 0x00, 0x00, 0x1e, 0x00, // ......H.........
	0x00, 0x00, 0x23, 0x00, 0x00, 0x00, 0x10, 0x05, 0x00, 0x00, 0x47, 0x00, 0x04, 0x00, 0x91, 0x01, // ..#.......G.....
	0x00, 0x00, 0x21, 0x00, 0x00, 0x00, 0x01, 0x00, 0x00, 0x00, 0x47, 0x00, 0x04, 0x00, 0x91, 0x01, // ..!.......G.....
	0x00, 0x00, 0x22, 0x00, 0x00, 0x00, 0x00, 0x00, 0x00, 0x00, 0x47, 0x00, 0x04, 0x00, 0xe1, 0x0d, // ..".......G.....
	0x00, 0x00, 0x1e, 0x00, 0x00, 0x00, 0x00, 0x00, 0x00, 0x00, 0x47, 0x00, 0x04, 0x00, 0xe5, 0x0d, // ..........G.....
	0x00, 0x00, 0x1e, 0x00, 0x00, 0x00, 0x01, 0x00, 0x00, 0x00, 0x47, 0x00, 0x04, 0x00, 0xe8, 0x0d, // ..........G.....
	0x00, 0x00, 0x1e, 0x00, 0x00, 0x00, 0x02, 0x00, 0x00, 0x00, 0x47, 0x00, 0x04, 0x00, 0xeb, 0x0d, // ..........G.....
	0x00, 0x00, 0x1e, 0x00, 0x00, 0x00, 0x03, 0x00, 0x00, 0x00, 0x47, 0x00, 0x04, 0x00, 0xfc, 0x0d, // ..........G.....
	0x00, 0x00, 0x1e, 0x00, 0x00, 0x00, 0x00, 0x00, 0x00, 0x00, 0x13, 0x00, 0x02, 0x00, 0x02, 0x00, // ................
	0x00, 0x00, 0x21, 0x00, 0x03, 0x00, 0x03, 0x00, 0x00, 0x00, 0x02, 0x00, 0x00, 0x00, 0x1a, 0x00, // ..!.............
	0x02, 0x00, 0x06, 0x00, 0x00, 0x00, 0x16, 0x00, 0x03, 0x00, 0x07, 0x00, 0x00, 0x00, 0x20, 0x00, // .............. .
	0x00, 0x00, 0x19, 0x00, 0x09, 0x00, 0x08, 0x00, 0x00, 0x00, 0x07, 0x00, 0x00, 0x00, 0x01, 0x00, // ................
	0x00, 0x00, 0x00, 0x00, 0x00, 0x00, 0x00, 0x00, 0x00, 0x00, 0x00, 0x00, 0x00, 0x00, 0x01, 0x00, // ................
	0x00, 0x00, 0x00, 0x00, 0x00, 0x00, 0x17, 0x00, 0x04, 0x00, 0x0b, 0x00, 0x00, 0x00, 0x07, 0x00, // ................
	0x00, 0x00, 0x02, 0x00, 0x00, 0x00, 0x17, 0x00, 0x04, 0x00, 0x0d, 0x00, 0x00, 0x00, 0x07, 0x00, // ................
	0x00, 0x00, 0x04, 0x00, 0x00, 0x00, 0x19, 0x00, 0x09, 0x00, 0x13, 0x00, 0x00, 0x00, 0x07, 0x00, // ................
	0x00, 0x00, 0x03, 0x00, 0x00, 0x00, 0x00, 0x00, 0x00, 0x00, 0x00, 0x00, 0x00, 0x00, 0x00, 0x00, // ................
	0x00, 0x00, 0x01, 0x00, 0x00, 0x00, 0x00, 0x00, 0x00, 0x00, 0x17, 0x00, 0x04, 0x00, 0x16, 0x00, // ................
	0x00, 0x00, 0x07, 0x00, 0x00, 0x00, 0x03, 0x00, 0x00, 0x00, 0x15, 0x00, 0x04, 0x00, 0x1f, 0x00, // ................
	0x00, 0x00, 0x20, 0x00, 0x00, 0x00, 0x01, 0x00, 0x00, 0x00, 0x17, 0x00, 0x04, 0x00, 0x20, 0x00, // .. ........... .
	0x00, 0x00, 0x1f, 0x00, 0x00, 0x00, 0x02, 0x00, 0x00, 0x00, 0x20, 0x00, 0x04, 0x00, 0xdb, 0x00, // .......... .....
	0x00, 0x00, 0x00, 0x00, 0x00, 0x00, 0x06, 0x00, 0x00, 0x00, 0x3b, 0x00, 0x04, 0x00, 0xdb, 0x00, // ..........;.....
	0x00, 0x00, 0xdc, 0x00, 0x00, 0x00, 0x00, 0x00, 0x00, 0x00, 0x20, 0x00, 0x04, 0x00, 0xde, 0x00, // .......... .....
	0x00, 0x00, 0x00, 0x00, 0x00, 0x00, 0x08, 0x00, 0x00, 0x00, 0x3b, 0x00, 0x04, 0x00, 0xde, 0x00, // ..........;.....
	0x00, 0x00, 0xdf, 0x00, 0x00, 0x00, 0x00, 0x00, 0x00, 0x00, 0x3b, 0x00, 0x04, 0x00, 0xdb, 0x00, // ..........;.....
	0x00, 0x00, 0xe3, 0x00, 0x00, 0x00, 0x00, 0x00, 0x00, 0x00, 0x3b, 0x00, 0x04, 0x00, 0xde, 0x00, // ..........;.....
	0x00, 0x00, 0xe5, 0x00, 0x00, 0x00, 0x00, 0x00, 0x00, 0x00, 0x3b, 0x00, 0x04, 0x00, 0xdb, 0x00, // ..........;.....
	0x00, 0x00, 0xe9, 0x00, 0x00, 0x00, 0x00, 0x00, 0x00, 0x00, 0x3b, 0x00, 0x04, 0x00, 0xde, 0x00, // ..........;.....
	0x00, 0x00, 0xeb, 0x00, 0x00, 0x00, 0x00, 0x00, 0x00, 0x00, 0x3b, 0x00, 0x04, 0x00, 0xdb, 0x00, // ..........;.....
	0x00, 0x00, 0xef, 0x00, 0x00, 0x00, 0x00, 0x00, 0x00, 0x00, 0x3b, 0x00, 0x04, 0x00, 0xde, 0x00, // ..........;.....
	0x00, 0x00, 0xf1, 0x00, 0x00, 0x00, 0x00, 0x00, 0x00, 0x00, 0x3b, 0x00, 0x04, 0x00, 0xdb, 0x00, // ..........;.....
	0x00, 0x00, 0xf5, 0x00, 0x00, 0x00, 0x00, 0x00, 0x00, 0x00, 0x3b, 0x00, 0x04, 0x00, 0xde, 0x00, // ..........;.....
	0x00, 0x00, 0xf7, 0x00, 0x00, 0x00, 0x00, 0x00, 0x00, 0x00, 0x3b, 0x00, 0x04, 0x00, 0xdb, 0x00, // ..........;.....
	0x00, 0x00, 0xfb, 0x00, 0x00, 0x00, 0x00, 0x00, 0x00, 0x00, 0x3b, 0x00, 0x04, 0x00, 0xde, 0x00, // ..........;.....
	0x00, 0x00, 0xfd, 0x00, 0x00, 0x00, 0x00, 0x00, 0x00, 0x00, 0x3b, 0x00, 0x04, 0x00, 0xdb, 0x00, // ..........;.....
	0x00, 0x00, 0x01, 0x01, 0x00, 0x00, 0x00, 0x00, 0x00, 0x00, 0x3b, 0x00, 0x04, 0x00, 0xde, 0x00, // ..........;.....
	0x00, 0x00, 0x03, 0x01, 0x00, 0x00, 0x00, 0x00, 0x00, 0x00, 0x3b, 0x00, 0x04, 0x00, 0xdb, 0x00, // ..........;.....
	0x00, 0x00, 0x07, 0x01, 0x00, 0x00, 0x00, 0x00, 0x00, 0x00, 0x3b, 0x00, 0x04, 0x00, 0xde, 0x00, // ..........;.....
	0x00, 0x00, 0x09, 0x01, 0x00, 0x00, 0x00, 0x00, 0x00, 0x00, 0x3b, 0x00, 0x04, 0x00, 0xdb, 0x00, // ..........;.....
	0x00, 0x00, 0x0e, 0x01, 0x00, 0x00, 0x00, 0x00, 0x00, 0x00, 0x20, 0x00, 0x04, 0x00, 0x10, 0x01, // .......... .....
	0x00, 0x00, 0x00, 0x00, 0x00, 0x00, 0x13, 0x00, 0x00, 0x00, 0x3b, 0x00, 0x04, 0x00, 0x10, 0x01, // ..........;.....
	0x00, 0x00, 0x11, 0x01, 0x00, 0x00, 0x00, 0x00, 0x00, 0x00, 0x3b, 0x00, 0x04, 0x00, 0xde, 0x00, // ..........;.....
	0x00, 0x00, 0x17, 0x01, 0x00, 0x00, 0x00, 0x00, 0x00, 0x00, 0x3b, 0x00, 0x04, 0x00, 0xde, 0x00, // ..........;.....
	0x00, 0x00, 0x1d, 0x01, 0x00, 0x00, 0x00, 0x00, 0x00, 0x00, 0x3b, 0x00, 0x04, 0x00, 0xde, 0x00, // ..........;.....
	0x00, 0x00, 0x23, 0x01, 0x00, 0x00, 0x00, 0x00, 0x00, 0x00, 0x2b, 0x00, 0x04, 0x00, 0x1f, 0x00, // ..#.......+.....
	0x00, 0x00, 0x26, 0x01, 0x00, 0x00, 0x01, 0x00, 0x00, 0x00, 0x2b, 0x00, 0x04, 0x00, 0x1f, 0x00, // ..&.......+.....
	0x00, 0x00, 0x2a, 0x01, 0x00, 0x00, 0x00, 0x00, 0x00, 0x00, 0x1b, 0x00, 0x03, 0x00, 0x2e, 0x01, // ..*.............
	0x00, 0x00, 0x08, 0x00, 0x00, 0x00, 0x1b, 0x00, 0x03, 0x00, 0x39, 0x01, 0x00, 0x00, 0x13, 0x00, // ..........9.....
	0x00, 0x00, 0x17, 0x00, 0x04, 0x00, 0x44, 0x01, 0x00, 0x00, 0x1f, 0x00, 0x00, 0x00, 0x03, 0x00, // ......D.........
	0x00, 0x00, 0x15, 0x00, 0x04, 0x00, 0x4e, 0x01, 0x00, 0x00, 0x20, 0x00, 0x00, 0x00, 0x00, 0x00, // ......N... .....
	0x00, 0x00, 0x2b, 0x00, 0x04, 0x00, 0x4e, 0x01, 0x00, 0x00, 0x4f, 0x01, 0x00, 0x00, 0x02, 0x00, // ..+...N...O.....
	0x00, 0x00, 0x2b, 0x00, 0x04, 0x00, 0x07, 0x00, 0x00, 0x00, 0x73, 0x01, 0x00, 0x00, 0x00, 0x00, // ..+.......s.....
	0x00, 0x00, 0x2b, 0x00, 0x04, 0x00, 0x07, 0x00, 0x00, 0x00, 0x77, 0x01, 0x00, 0x00, 0xcd, 0xcc, // ..+.......w.....
	0x0c, 0x40, 0x2b, 0x00, 0x04, 0x00, 0x07, 0x00, 0x00, 0x00, 0x81, 0x01, 0x00, 0x00, 0x2f, 0xba, // .@+.........../.
	0xe8, 0x3e, 0x18, 0x00, 0x04, 0x00, 0x87, 0x01, 0x00, 0x00, 0x0d, 0x00, 0x00, 0x00, 0x04, 0x00, // .>..............
	0x00, 0x00, 0x2b, 0x00, 0x04, 0x00, 0x4e, 0x01, 0x00, 0x00, 0x88, 0x01, 0x00, 0x00, 0x03, 0x00, // ..+...N.........
	0x00, 0x00, 0x1c, 0x00, 0x04, 0x00, 0x89, 0x01, 0x00, 0x00, 0x87, 0x01, 0x00, 0x00, 0x88, 0x01, // ................
	0x00, 0x00, 0x2b, 0x00, 0x04, 0x00, 0x4e, 0x01, 0x00, 0x00, 0x8a, 0x01, 0x00, 0x00, 0x08, 0x00, // ..+...N.........
	0x00, 0x00, 0x1c, 0x00, 0x04, 0x00, 0x8b, 0x01, 0x00, 0x00, 0x0d, 0x00, 0x00, 0x00, 0x8a, 0x01, // ................
	0x00, 0x00, 0x1c, 0x00, 0x04, 0x00, 0x8c, 0x01, 0x00, 0x00, 0x0d, 0x00, 0x00, 0x00, 0x8a, 0x01, // ................
	0x00, 0x00, 0x1c, 0x00, 0x04, 0x00, 0x8d, 0x01, 0x00, 0x00, 0x0d, 0x00, 0x00, 0x00, 0x8a, 0x01, // ................
	0x00, 0x00, 0x1c, 0x00, 0x04, 0x00, 0x8e, 0x01, 0x00, 0x00, 0x0d, 0x00, 0x00, 0x00, 0x8a, 0x01, // ................
	0x00, 0x00, 0x1e, 0x00, 0x21, 0x00, 0x8f, 0x01, 0x00, 0x00, 0x87, 0x01, 0x00, 0x00, 0x87, 0x01, // ....!...........
	0x00, 0x00, 0x87, 0x01, 0x00, 0x00, 0x0d, 0x00, 0x00, 0x00, 0x0d, 0x00, 0x00, 0x00, 0x0d, 0x00, // ................
	0x00, 0x00, 0x0d, 0x00, 0x00, 0x00, 0x0d, 0x00, 0x00, 0x00, 0x0d, 0x00, 0x00, 0x00, 0x0d, 0x00, // ................
	0x00, 0x00, 0x89, 0x01, 0x00, 0x00, 0x87, 0x01, 0x00, 0x00, 0x0d, 0x00, 0x00, 0x00, 0x0d, 0x00, // ................
	0x00, 0x00, 0x0d, 0x00, 0x00, 0x00, 0x0d, 0x00, 0x00, 0x00, 0x0d, 0x00, 0x00, 0x00, 0x0d, 0x00, // ................
	0x00, 0x00, 0x0d, 0x00, 0x00, 0x00, 0x0d, 0x00, 0x00, 0x00, 0x0d, 0x00, 0x00, 0x00, 0x0d, 0x00, // ................
	0x00, 0x00, 0x0d, 0x00, 0x00, 0x00, 0x0d, 0x00, 0x00, 0x00, 0x8b, 0x01, 0x00, 0x00, 0x8c, 0x01, // ................
	0x00, 0x00, 0x8d, 0x01, 0x00, 0x00, 0x8e, 0x01, 0x00, 0x00, 0x0d, 0x00, 0x00, 0x00, 0x0d, 0x00, // ................
	0x00, 0x00, 0x0d, 0x00, 0x00, 0x00, 0x20, 0x00, 0x04, 0x00, 0x90, 0x01, 0x00, 0x00, 0x02, 0x00, // ...... .........
	0x00, 0x00, 0x8f, 0x01, 0x00, 0x00, 0x3b, 0x00, 0x04, 0x00, 0x90, 0x01, 0x00, 0x00, 0x91, 0x01, // ......;.........
	0x00, 0x00, 0x02, 0x00, 0x00, 0x00, 0x2b, 0x00, 0x04, 0x00, 0x1f, 0x00, 0x00, 0x00, 0x92, 0x01, // ......+.........
	0x00, 0x00, 0x07, 0x00, 0x00, 0x00, 0x20, 0x00, 0x04, 0x00, 0x93, 0x01, 0x00, 0x00, 0x02, 0x00, // ...... .........
	0x00, 0x00, 0x07, 0x00, 0x00, 0x00, 0x2b, 0x00, 0x04, 0x00, 0x07, 0x00, 0x00, 0x00, 0x96, 0x01, // ......+.........
	0x00, 0x00, 0x00, 0x00, 0x00, 0x3f, 0x14, 0x00, 0x02, 0x00, 0x97, 0x01, 0x00, 0x00, 0x2b, 0x00, // .....?........+.
	0x04, 0x00, 0x07, 0x00, 0x00, 0x00, 0x9e, 0x01, 0x00, 0x00, 0x00, 0x00, 0x80, 0xbf, 0x2b, 0x00, // ..............+.
	0x04, 0x00, 0x07, 0x00, 0x00, 0x00, 0xa1, 0x01, 0x00, 0x00, 0x00, 0x00, 0x80, 0x3f, 0x2b, 0x00, // .............?+.
	0x04, 0x00, 0x07, 0x00, 0x00, 0x00, 0xb0, 0x01, 0x00, 0x00, 0x17, 0xb7, 0xd1, 0x38, 0x20, 0x00, // .............8 .
	0x04, 0x00, 0xb6, 0x01, 0x00, 0x00, 0x02, 0x00, 0x00, 0x00, 0x0d, 0x00, 0x00, 0x00, 0x2b, 0x00, // ..............+.
	0x04, 0x00, 0x1f, 0x00, 0x00, 0x00, 0xbf, 0x01, 0x00, 0x00, 0x08, 0x00, 0x00, 0x00, 0x2b, 0x00, // ..............+.
	0x04, 0x00, 0x4e, 0x01, 0x00, 0x00, 0xcc, 0x01, 0x00, 0x00, 0x00, 0x00, 0x00, 0x00, 0x2b, 0x00, // ..N...........+.
	0x04, 0x00, 0x4e, 0x01, 0x00, 0x00, 0xcf, 0x01, 0x00, 0x00, 0x01, 0x00, 0x00, 0x00, 0x2b, 0x00, // ..N...........+.
	0x04, 0x00, 0x1f, 0x00, 0x00, 0x00, 0xe3, 0x01, 0x00, 0x00, 0x06, 0x00, 0x00, 0x00, 0x2b, 0x00, // ..............+.
	0x04, 0x00, 0x07, 0x00, 0x00, 0x00, 0xec, 0x01, 0x00, 0x00, 0xd7, 0xa3, 0x20, 0x40, 0x2b, 0x00, // ............ @+.
	0x04, 0x00, 0x07, 0x00, 0x00, 0x00, 0xee, 0x01, 0x00, 0x00, 0x8f, 0xc2, 0xf5, 0x3c, 0x2b, 0x00, // .............<+.
	0x04, 0x00, 0x07, 0x00, 0x00, 0x00, 0xf0, 0x01, 0x00, 0x00, 0x1f, 0x85, 0x1b, 0x40, 0x2b, 0x00, // .............@+.
	0x04, 0x00, 0x07, 0x00, 0x00, 0x00, 0xf2, 0x01, 0x00, 0x00, 0x3d, 0x0a, 0x17, 0x3f, 0x2b, 0x00, // ..........=..?+.
	0x04, 0x00, 0x07, 0x00, 0x00, 0x00, 0xf4, 0x01, 0x00, 0x00, 0x29, 0x5c, 0x0f, 0x3e, 0x2c, 0x00, // ..........)..>,.
	0x06, 0x00, 0x16, 0x00, 0x00, 0x00, 0x09, 0x02, 0x00, 0x00, 0x73, 0x01, 0x00, 0x00, 0x73, 0x01, // ..........s...s.
	0x00, 0x00, 0x73, 0x01, 0x00, 0x00, 0x2c, 0x00, 0x06, 0x00, 0x16, 0x00, 0x00, 0x00, 0x0a, 0x02, // ..s...,.........
	0x00, 0x00, 0xa1, 0x01, 0x00, 0x00, 0xa1, 0x01, 0x00, 0x00, 0xa1, 0x01, 0x00, 0x00, 0x2b, 0x00, // ..............+.
	0x04, 0x00, 0x07, 0x00, 0x00, 0x00, 0x1f, 0x02, 0x00, 0x00, 0xdb, 0x0f, 0x49, 0x40, 0x2b, 0x00, // ............I@+.
	0x04, 0x00, 0x07, 0x00, 0x00, 0x00, 0x24, 0x02, 0x00, 0x00, 0x95, 0xbf, 0xd6, 0x33, 0x2b, 0x00, // ......$......3+.
	0x04, 0x00, 0x07, 0x00, 0x00, 0x00, 0x50, 0x02, 0x00, 0x00, 0x00, 0x00, 0xa0, 0x40, 0x2b, 0x00, // ......P......@+.
	0x04, 0x00, 0x07, 0x00, 0x00, 0x00, 0x54, 0x03, 0x00, 0x00, 0x6f, 0x12, 0x83, 0x3a, 0x2b, 0x00, // ......T...o..:+.
	0x04, 0x00, 0x07, 0x00, 0x00, 0x00, 0x6e, 0x03, 0x00, 0x00, 0x00, 0x00, 0x40, 0x40, 0x2b, 0x00, // ......n.....@@+.
	0x04, 0x00, 0x07, 0x00, 0x00, 0x00, 0x6f, 0x03, 0x00, 0x00, 0x00, 0x00, 0x00, 0x40, 0x2b, 0x00, // ......o......@+.
	0x04, 0x00, 0x07, 0x00, 0x00, 0x00, 0x7d, 0x03, 0x00, 0x00, 0x00, 0x00, 0x80, 0x3e, 0x2c, 0x00, // ......}......>,.
	0x05, 0x00, 0x0b, 0x00, 0x00, 0x00, 0x7e, 0x03, 0x00, 0x00, 0x7d, 0x03, 0x00, 0x00, 0x73, 0x01, // ......~...}...s.
	0x00, 0x00, 0x2c, 0x00, 0x05, 0x00, 0x0b, 0x00, 0x00, 0x00, 0x7f, 0x03, 0x00, 0x00, 0x73, 0x01, // ..,...........s.
	0x00, 0x00, 0x7d, 0x03, 0x00, 0x00, 0x2b, 0x00, 0x04, 0x00, 0x07, 0x00, 0x00, 0x00, 0x80, 0x03, // ..}...+.........
	0x00, 0x00, 0x00, 0x00, 0x80, 0xbe, 0x2c, 0x00, 0x05, 0x00, 0x0b, 0x00, 0x00, 0x00, 0x81, 0x03, // ......,.........
	0x00, 0x00, 0x80, 0x03, 0x00, 0x00, 0x73, 0x01, 0x00, 0x00, 0x2c, 0x00, 0x05, 0x00, 0x0b, 0x00, // ......s...,.....
	0x00, 0x00, 0x82, 0x03, 0x00, 0x00, 0x73, 0x01, 0x00, 0x00, 0x80, 0x03, 0x00, 0x00, 0x2b, 0x00, // ......s.......+.
	0x04, 0x00, 0x07, 0x00, 0x00, 0x00, 0x83, 0x03, 0x00, 0x00, 0xc7, 0xf6, 0xda, 0x3e, 0x2c, 0x00, // .............>,.
	0x05, 0x00, 0x0b, 0x00, 0x00, 0x00, 0x84, 0x03, 0x00, 0x00, 0x83, 0x03, 0x00, 0x00, 0x83, 0x03, // ................
	0x00, 0x00, 0x2b, 0x00, 0x04, 0x00, 0x07, 0x00, 0x00, 0x00, 0x85, 0x03, 0x00, 0x00, 0xc7, 0xf6, // ..+.............
	0xda, 0xbe, 0x2c, 0x00, 0x05, 0x00, 0x0b, 0x00, 0x00, 0x00, 0x86, 0x03, 0x00, 0x00, 0x85, 0x03, // ..,.............
	0x00, 0x00, 0x83, 0x03, 0x00, 0x00, 0x2c, 0x00, 0x05, 0x00, 0x0b, 0x00, 0x00, 0x00, 0x87, 0x03, // ......,.........
	0x00, 0x00, 0x85, 0x03, 0x00, 0x00, 0x85, 0x03, 0x00, 0x00, 0x2c, 0x00, 0x05, 0x00, 0x0b, 0x00, // ..........,.....
	0x00, 0x00, 0x88, 0x03, 0x00, 0x00, 0x83, 0x03, 0x00, 0x00, 0x85, 0x03, 0x00, 0x00, 0x2c, 0x00, // ..............,.
	0x05, 0x00, 0x0b, 0x00, 0x00, 0x00, 0x89, 0x03, 0x00, 0x00, 0x96, 0x01, 0x00, 0x00, 0x73, 0x01, // ..............s.
	0x00, 0x00, 0x2b, 0x00, 0x04, 0x00, 0x07, 0x00, 0x00, 0x00, 0x8a, 0x03, 0x00, 0x00, 0xe6, 0x04, // ..+.............
	0xb5, 0x3e, 0x2c, 0x00, 0x05, 0x00, 0x0b, 0x00, 0x00, 0x00, 0x8b, 0x03, 0x00, 0x00, 0x8a, 0x03, // .>,.............
	0x00, 0x00, 0x8a, 0x03, 0x00, 0x00, 0x2c, 0x00, 0x05, 0x00, 0x0b, 0x00, 0x00, 0x00, 0x8c, 0x03, // ......,.........
	0x00, 0x00, 0x73, 0x01, 0x00, 0x00, 0x96, 0x01, 0x00, 0x00, 0x2b, 0x00, 0x04, 0x00, 0x07, 0x00, // ..s.......+.....
	0x00, 0x00, 0x8d, 0x03, 0x00, 0x00, 0xe6, 0x04, 0xb5, 0xbe, 0x2c, 0x00, 0x05, 0x00, 0x0b, 0x00, // ..........,.....
	0x00, 0x00, 0x8e, 0x03, 0x00, 0x00, 0x8d, 0x03, 0x00, 0x00, 0x8a, 0x03, 0x00, 0x00, 0x2b, 0x00, // ..............+.
	0x04, 0x00, 0x07, 0x00, 0x00, 0x00, 0x8f, 0x03, 0x00, 0x00, 0x00, 0x00, 0x00, 0xbf, 0x2c, 0x00, // ..............,.
	0x05, 0x00, 0x0b, 0x00, 0x00, 0x00, 0x90, 0x03, 0x00, 0x00, 0x8f, 0x03, 0x00, 0x00, 0x73, 0x01, // ..............s.
	0x00, 0x00, 0x2c, 0x00, 0x05, 0x00, 0x0b, 0x00, 0x00, 0x00, 0x91, 0x03, 0x00, 0x00, 0x8d, 0x03, // ..,.............
	0x00, 0x00, 0x8d, 0x03, 0x00, 0x00, 0x2c, 0x00, 0x05, 0x00, 0x0b, 0x00, 0x00, 0x00, 0x92, 0x03, // ......,.........
	0x00, 0x00, 0x73, 0x01, 0x00, 0x00, 0x8f, 0x03, 0x00, 0x00, 0x2c, 0x00, 0x05, 0x00, 0x0b, 0x00, // ..s.......,.....
	0x00, 0x00, 0x93, 0x03, 0x00, 0x00, 0x8a, 0x03, 0x00, 0x00, 0x8d, 0x03, 0x00, 0x00, 0x2b, 0x00, // ..............+.
	0x04, 0x00, 0x07, 0x00, 0x00, 0x00, 0x94, 0x03, 0x00, 0x00, 0x8d, 0xd3, 0x4c, 0x3f, 0x2b, 0x00, // ............L?+.
	0x04, 0x00, 0x07, 0x00, 0x00, 0x00, 0x95, 0x03, 0x00, 0x00, 0x19, 0xaf, 0xa9, 0x3e, 0x2c, 0x00, // .............>,.
	0x05, 0x00, 0x0b, 0x00, 0x00, 0x00, 0x96, 0x03, 0x00, 0x00, 0x94, 0x03, 0x00, 0x00, 0x95, 0x03, // ................
	0x00, 0x00, 0x2c, 0x00, 0x05, 0x00, 0x0b, 0x00, 0x00, 0x00, 0x97, 0x03, 0x00, 0x00, 0x95, 0x03, // ..,.............
	0x00, 0x00, 0x94, 0x03, 0x00, 0x00, 0x2b, 0x00, 0x04, 0x00, 0x07, 0x00, 0x00, 0x00, 0x98, 0x03, // ......+.........
	0x00, 0x00, 0x19, 0xaf, 0xa9, 0xbe, 0x2c, 0x00, 0x05, 0x00, 0x0b, 0x00, 0x00, 0x00, 0x99, 0x03, // ......,.........
	0x00, 0x00, 0x98, 0x03, 0x00, 0x00, 0x94, 0x03, 0x00, 0x00, 0x2b, 0x00, 0x04, 0x00, 0x07, 0x00, // ..........+.....
	0x00, 0x00, 0x9a, 0x03, 0x00, 0x00, 0x8d, 0xd3, 0x4c, 0xbf, 0x2c, 0x00, 0x05, 0x00, 0x0b, 0x00, // ........L.,.....
	0x00, 0x00, 0x9b, 0x03, 0x00, 0x00, 0x9a, 0x03, 0x00, 0x00, 0x95, 0x03, 0x00, 0x00, 0x2c, 0x00, // ..............,.
	0x05, 0x00, 0x0b, 0x00, 0x00, 0x00, 0x9c, 0x03, 0x00, 0x00, 0x9a, 0x03, 0x00, 0x00, 0x98, 0x03, // ................
	0x00, 0x00, 0x2c, 0x00, 0x05, 0x00, 0x0b, 0x00, 0x00, 0x00, 0x9d, 0x03, 0x00, 0x00, 0x98, 0x03, // ..,.............
	0x00, 0x00, 0x9a, 0x03, 0x00, 0x00, 0x2c, 0x00, 0x05, 0x00, 0x0b, 0x00, 0x00, 0x00, 0x9e, 0x03, // ......,.........
	0x00, 0x00, 0x95, 0x03, 0x00, 0x00, 0x9a, 0x03, 0x00, 0x00, 0x2c, 0x00, 0x05, 0x00, 0x0b, 0x00, // ..........,.....
	0x00, 0x00, 0x9f, 0x03, 0x00, 0x00, 0x94, 0x03, 0x00, 0x00, 0x98, 0x03, 0x00, 0x00, 0x2b, 0x00, // ..............+.
	0x04, 0x00, 0x1f, 0x00, 0x00, 0x00, 0xa1, 0x03, 0x00, 0x00, 0x11, 0x00, 0x00, 0x00, 0x2b, 0x00, // ..............+.
	0x04, 0x00, 0x1f, 0x00, 0x00, 0x00, 0xa9, 0x03, 0x00, 0x00, 0x0f, 0x00, 0x00, 0x00, 0x2b, 0x00, // ..............+.
	0x04, 0x00, 0x1f, 0x00, 0x00, 0x00, 0xc8, 0x03, 0x00, 0x00, 0x0a, 0x00, 0x00, 0x00, 0x20, 0x00, // .............. .
	0x04, 0x00, 0xca, 0x03, 0x00, 0x00, 0x02, 0x00, 0x00, 0x00, 0x87, 0x01, 0x00, 0x00, 0x2b, 0x00, // ..............+.
	0x04, 0x00, 0x07, 0x00, 0x00, 0x00, 0xe8, 0x03, 0x00, 0x00, 0x77, 0xcc, 0x2b, 0x32, 0x2b, 0x00, // ..........w.+2+.
	0x04, 0x00, 0x1f, 0x00, 0x00, 0x00, 0x12, 0x04, 0x00, 0x00, 0x13, 0x00, 0x00, 0x00, 0x2b, 0x00, // ..............+.
	0x04, 0x00, 0x1f, 0x00, 0x00, 0x00, 0x48, 0x04, 0x00, 0x00, 0x03, 0x00, 0x00, 0x00, 0x2b, 0x00, // ......H.......+.
	0x04, 0x00, 0x07, 0x00, 0x00, 0x00, 0x83, 0x04, 0x00, 0x00, 0xff, 0xe6, 0xdb, 0x2e, 0x2b, 0x00, // ..............+.
	0x04, 0x00, 0x07, 0x00, 0x00, 0x00, 0xa4, 0x04, 0x00, 0x00, 0x00, 0x00, 0x80, 0xc0, 0x2b, 0x00, // ..............+.
	0x04, 0x00, 0x07, 0x00, 0x00, 0x00, 0xa7, 0x04, 0x00, 0x00, 0x00, 0x00, 0x80, 0x40, 0x2b, 0x00, // .............@+.
	0x04, 0x00, 0x1f, 0x00, 0x00, 0x00, 0xac, 0x04, 0x00, 0x00, 0x10, 0x00, 0x00, 0x00, 0x2b, 0x00, // ..............+.
	0x04, 0x00, 0x1f, 0x00, 0x00, 0x00, 0xd3, 0x04, 0x00, 0x00, 0x12, 0x00, 0x00, 0x00, 0x2b, 0x00, // ..............+.
	0x04, 0x00, 0x1f, 0x00, 0x00, 0x00, 0xcf, 0x05, 0x00, 0x00, 0x0e, 0x00, 0x00, 0x00, 0x2b, 0x00, // ..............+.
	0x04, 0x00, 0x07, 0x00, 0x00, 0x00, 0x7e, 0x07, 0x00, 0x00, 0x00, 0x00, 0x80, 0x3d, 0x2b, 0x00, // ......~......=+.
	0x04, 0x00, 0x1f, 0x00, 0x00, 0x00, 0xa8, 0x07, 0x00, 0x00, 0x0b, 0x00, 0x00, 0x00, 0x2b, 0x00, // ..............+.
	0x04, 0x00, 0x1f, 0x00, 0x00, 0x00, 0xb0, 0x07, 0x00, 0x00, 0x0c, 0x00, 0x00, 0x00, 0x2b, 0x00, // ..............+.
	0x04, 0x00, 0x1f, 0x00, 0x00, 0x00, 0xc1, 0x07, 0x00, 0x00, 0x02, 0x00, 0x00, 0x00, 0x2b, 0x00, // ..............+.
	0x04, 0x00, 0x1f, 0x00, 0x00, 0x00, 0xe1, 0x07, 0x00, 0x00, 0x0d, 0x00, 0x00, 0x00, 0x2b, 0x00, // ..............+.
	0x04, 0x00, 0x07, 0x00, 0x00, 0x00, 0x46, 0x08, 0x00, 0x00, 0x00, 0x00, 0xc0, 0x41, 0x2b, 0x00, // ......F......A+.
	0x04, 0x00, 0x1f, 0x00, 0x00, 0x00, 0x4a, 0x08, 0x00, 0x00, 0x17, 0x00, 0x00, 0x00, 0x2b, 0x00, // ......J.......+.
	0x04, 0x00, 0x07, 0x00, 0x00, 0x00, 0x6c, 0x08, 0x00, 0x00, 0xcd, 0xcc, 0xcc, 0x3e, 0x2b, 0x00, // ......l......>+.
	0x04, 0x00, 0x07, 0x00, 0x00, 0x00, 0x78, 0x08, 0x00, 0x00, 0x00, 0x00, 0xc0, 0x3f, 0x2b, 0x00, // ......x......?+.
	0x04, 0x00, 0x07, 0x00, 0x00, 0x00, 0x9c, 0x08, 0x00, 0x00, 0xac, 0xc5, 0x27, 0x37, 0x2b, 0x00, // ............'7+.
	0x04, 0x00, 0x07, 0x00, 0x00, 0x00, 0xdf, 0x08, 0x00, 0x00, 0x00, 0x00, 0x20, 0x40, 0x2b, 0x00, // ............ @+.
	0x04, 0x00, 0x07, 0x00, 0x00, 0x00, 0xee, 0x08, 0x00, 0x00, 0x33, 0x33, 0xb3, 0x3e, 0x2b, 0x00, // ..........33.>+.
	0x04, 0x00, 0x07, 0x00, 0x00, 0x00, 0xf3, 0x08, 0x00, 0x00, 0xcd, 0xcc, 0x4c, 0x3d, 0x2b, 0x00, // ............L=+.
	0x04, 0x00, 0x07, 0x00, 0x00, 0x00, 0xf4, 0x08, 0x00, 0x00, 0x33, 0x33, 0x73, 0x3f, 0x2b, 0x00, // ..........33s?+.
	0x04, 0x00, 0x1f, 0x00, 0x00, 0x00, 0x0f, 0x09, 0x00, 0x00, 0x09, 0x00, 0x00, 0x00, 0x2b, 0x00, // ..............+.
	0x04, 0x00, 0x07, 0x00, 0x00, 0x00, 0x2c, 0x09, 0x00, 0x00, 0x0a, 0xd7, 0x23, 0x3d, 0x2b, 0x00, // ......,.....#=+.
	0x04, 0x00, 0x1f, 0x00, 0x00, 0x00, 0x35, 0x09, 0x00, 0x00, 0x05, 0x00, 0x00, 0x00, 0x2b, 0x00, // ......5.......+.
	0x04, 0x00, 0x1f, 0x00, 0x00, 0x00, 0x3a, 0x09, 0x00, 0x00, 0x14, 0x00, 0x00, 0x00, 0x2b, 0x00, // ......:.......+.
	0x04, 0x00, 0x1f, 0x00, 0x00, 0x00, 0x53, 0x09, 0x00, 0x00, 0x15, 0x00, 0x00, 0x00, 0x2b, 0x00, // ......S.......+.
	0x04, 0x00, 0x1f, 0x00, 0x00, 0x00, 0x97, 0x09, 0x00, 0x00, 0x1d, 0x00, 0x00, 0x00, 0x2b, 0x00, // ..............+.
	0x04, 0x00, 0x07, 0x00, 0x00, 0x00, 0xd4, 0x09, 0x00, 0x00, 0xec, 0x51, 0x38, 0x3e, 0x17, 0x00, // ...........Q8>..
	0x04, 0x00, 0xf6, 0x09, 0x00, 0x00, 0x97, 0x01, 0x00, 0x00, 0x03, 0x00, 0x00, 0x00, 0x2b, 0x00, // ..............+.
	0x04, 0x00, 0x1f, 0x00, 0x00, 0x00, 0x06, 0x0a, 0x00, 0x00, 0x1e, 0x00, 0x00, 0x00, 0x2b, 0x00, // ..............+.
	0x04, 0x00, 0x1f, 0x00, 0x00, 0x00, 0x10, 0x0a, 0x00, 0x00, 0x00, 0x01, 0x00, 0x00, 0x2b, 0x00, // ..............+.
	0x04, 0x00, 0x07, 0x00, 0x00, 0x00, 0x99, 0x0a, 0x00, 0x00, 0x00, 0x00, 0x80, 0x41, 0x2b, 0x00, // .............A+.
	0x04, 0x00, 0x07, 0x00, 0x00, 0x00, 0xa0, 0x0a, 0x00, 0x00, 0x00, 0x00, 0x10, 0x41, 0x2b, 0x00, // .............A+.
	0x04, 0x00, 0x1f, 0x00, 0x00, 0x00, 0xcc, 0x0a, 0x00, 0x00, 0x40, 0x00, 0x00, 0x00, 0x2b, 0x00, // ..........@...+.
	0x04, 0x00, 0x1f, 0x00, 0x00, 0x00, 0xda, 0x0a, 0x00, 0x00, 0x00, 0x04, 0x00, 0x00, 0x2b, 0x00, // ..............+.
	0x04, 0x00, 0x1f, 0x00, 0x00, 0x00, 0xe7, 0x0a, 0x00, 0x00, 0xff, 0x00, 0x00, 0x00, 0x2b, 0x00, // ..............+.
	0x04, 0x00, 0x1f, 0x00, 0x00, 0x00, 0x3c, 0x0b, 0x00, 0x00, 0x1c, 0x00, 0x00, 0x00, 0x2b, 0x00, // ......<.......+.
	0x04, 0x00, 0x1f, 0x00, 0x00, 0x00, 0x4f, 0x0b, 0x00, 0x00, 0x18, 0x00, 0x00, 0x00, 0x2b, 0x00, // ......O.......+.
	0x04, 0x00, 0x1f, 0x00, 0x00, 0x00, 0x54, 0x0b, 0x00, 0x00, 0x1a, 0x00, 0x00, 0x00, 0x2b, 0x00, // ......T.......+.
	0x04, 0x00, 0x1f, 0x00, 0x00, 0x00, 0x65, 0x0b, 0x00, 0x00, 0x19, 0x00, 0x00, 0x00, 0x2b, 0x00, // ......e.......+.
	0x04, 0x00, 0x1f, 0x00, 0x00, 0x00, 0x7d, 0x0b, 0x00, 0x00, 0x1b, 0x00, 0x00, 0x00, 0x2b, 0x00, // ......}.......+.
	0x04, 0x00, 0x07, 0x00, 0x00, 0x00, 0x50, 0x0c, 0x00, 0x00, 0x3d, 0x0a, 0x97, 0x3f, 0x2b, 0x00, // ......P...=..?+.
	0x04, 0x00, 0x07, 0x00, 0x00, 0x00, 0x51, 0x0c, 0x00, 0x00, 0x66, 0x66, 0x66, 0x3f, 0x2b, 0x00, // ......Q...fff?+.
	0x04, 0x00, 0x07, 0x00, 0x00, 0x00, 0x52, 0x0c, 0x00, 0x00, 0x7b, 0x14, 0x2e, 0x3f, 0x2c, 0x00, // ......R...{..?,.
	0x06, 0x00, 0x16, 0x00, 0x00, 0x00, 0x53, 0x0c, 0x00, 0x00, 0x50, 0x0c, 0x00, 0x00, 0x51, 0x0c, // ......S...P...Q.
	0x00, 0x00, 0x52, 0x0c, 0x00, 0x00, 0x2b, 0x00, 0x04, 0x00, 0x07, 0x00, 0x00, 0x00, 0x55, 0x0c, // ..R...+.......U.
	0x00, 0x00, 0x42, 0x60, 0xe5, 0x3c, 0x2b, 0x00, 0x04, 0x00, 0x07, 0x00, 0x00, 0x00, 0x56, 0x0c, // ..B`.<+.......V.
	0x00, 0x00, 0x0a, 0xd7, 0xa3, 0x3c, 0x2b, 0x00, 0x04, 0x00, 0x07, 0x00, 0x00, 0x00, 0x57, 0x0c, // .....<+.......W.
	0x00, 0x00, 0xa6, 0x9b, 0x44, 0x3c, 0x2c, 0x00, 0x06, 0x00, 0x16, 0x00, 0x00, 0x00, 0x58, 0x0c, // ....D<,.......X.
	0x00, 0x00, 0x55, 0x0c, 0x00, 0x00, 0x56, 0x0c, 0x00, 0x00, 0x57, 0x0c, 0x00, 0x00, 0x2b, 0x00, // ..U...V...W...+.
	0x04, 0x00, 0x07, 0x00, 0x00, 0x00, 0x71, 0x0c, 0x00, 0x00, 0xcd, 0xcc, 0x0c, 0x3f, 0x2b, 0x00, // ......q......?+.
	0x04, 0x00, 0x07, 0x00, 0x00, 0x00, 0x72, 0x0c, 0x00, 0x00, 0x66, 0x66, 0xe6, 0x3e, 0x2b, 0x00, // ......r...ff.>+.
	0x04, 0x00, 0x07, 0x00, 0x00, 0x00, 0x77, 0x0c, 0x00, 0x00, 0x9a, 0x99, 0x19, 0x3e, 0x2b, 0x00, // ......w......>+.
	0x04, 0x00, 0x1f, 0x00, 0x00, 0x00, 0x89, 0x0c, 0x00, 0x00, 0x16, 0x00, 0x00, 0x00, 0x2b, 0x00, // ..............+.
	0x04, 0x00, 0x07, 0x00, 0x00, 0x00, 0x9a, 0x0c, 0x00, 0x00, 0x66, 0x66, 0x86, 0x3f, 0x2b, 0x00, // ..........ff.?+.
	0x04, 0x00, 0x07, 0x00, 0x00, 0x00, 0xc0, 0x0c, 0x00, 0x00, 0x66, 0x66, 0x26, 0x3f, 0x2b, 0x00, // ..........ff&?+.
	0x04, 0x00, 0x07, 0x00, 0x00, 0x00, 0x1e, 0x0d, 0x00, 0x00, 0x0a, 0xd7, 0x23, 0x3c, 0x2b, 0x00, // ............#<+.
	0x04, 0x00, 0x1f, 0x00, 0x00, 0x00, 0x53, 0x0d, 0x00, 0x00, 0x04, 0x00, 0x00, 0x00, 0x2b, 0x00, // ......S.......+.
	0x04, 0x00, 0x07, 0x00, 0x00, 0x00, 0xca, 0x0d, 0x00, 0x00, 0x9a, 0x99, 0x59, 0x3f, 0x20, 0x00, // ............Y? .
	0x04, 0x00, 0xe0, 0x0d, 0x00, 0x00, 0x01, 0x00, 0x00, 0x00, 0x16, 0x00, 0x00, 0x00, 0x3b, 0x00, // ..............;.
	0x04, 0x00, 0xe0, 0x0d, 0x00, 0x00, 0xe1, 0x0d, 0x00, 0x00, 0x01, 0x00, 0x00, 0x00, 0x20, 0x00, // .............. .
	0x04, 0x00, 0xe4, 0x0d, 0x00, 0x00, 0x01, 0x00, 0x00, 0x00, 0x0b, 0x00, 0x00, 0x00, 0x3b, 0x00, // ..............;.
	0x04, 0x00, 0xe4, 0x0d, 0x00, 0x00, 0xe5, 0x0d, 0x00, 0x00, 0x01, 0x00, 0x00, 0x00, 0x3b, 0x00, // ..............;.
	0x04, 0x00, 0xe0, 0x0d, 0x00, 0x00, 0xe8, 0x0d, 0x00, 0x00, 0x01, 0x00, 0x00, 0x00, 0x3b, 0x00, // ..............;.
	0x04, 0x00, 0xe0, 0x0d, 0x00, 0x00, 0xeb, 0x0d, 0x00, 0x00, 0x01, 0x00, 0x00, 0x00, 0x20, 0x00, // .............. .
	0x04, 0x00, 0xfb, 0x0d, 0x00, 0x00, 0x03, 0x00, 0x00, 0x00, 0x0d, 0x00, 0x00, 0x00, 0x3b, 0x00, // ..............;.
	0x04, 0x00, 0xfb, 0x0d, 0x00, 0x00, 0xfc, 0x0d, 0x00, 0x00, 0x03, 0x00, 0x00, 0x00, 0x2c, 0x00, // ..............,.
	0x06, 0x00, 0x16, 0x00, 0x00, 0x00, 0xa3, 0x5d, 0x00, 0x00, 0x77, 0x01, 0x00, 0x00, 0x77, 0x01, // .......]..w...w.
	0x00, 0x00, 0x77, 0x01, 0x00, 0x00, 0x2c, 0x00, 0x05, 0x00, 0x0b, 0x00, 0x00, 0x00, 0xa4, 0x5d, // ..w...,........]
	0x00, 0x00, 0x96, 0x01, 0x00, 0x00, 0x96, 0x01, 0x00, 0x00, 0x2c, 0x00, 0x06, 0x00, 0x16, 0x00, // ..........,.....
	0x00, 0x00, 0xa5, 0x5d, 0x00, 0x00, 0x2c, 0x09, 0x00, 0x00, 0x2c, 0x09, 0x00, 0x00, 0x2c, 0x09, // ...]..,...,...,.
	0x00, 0x00, 0x2c, 0x00, 0x05, 0x00, 0x0b, 0x00, 0x00, 0x00, 0xa6, 0x5d, 0x00, 0x00, 0x73, 0x01, // ..,........]..s.
	0x00, 0x00, 0x73, 0x01, 0x00, 0x00, 0x2c, 0x00, 0x05, 0x00, 0x0b, 0x00, 0x00, 0x00, 0xa8, 0x5d, // ..s...,........]
	0x00, 0x00, 0xa4, 0x04, 0x00, 0x00, 0xa4, 0x04, 0x00, 0x00, 0x2c, 0x00, 0x05, 0x00, 0x0b, 0x00, // ..........,.....
	0x00, 0x00, 0xa9, 0x5d, 0x00, 0x00, 0xa7, 0x04, 0x00, 0x00, 0xa7, 0x04, 0x00, 0x00, 0x2b, 0x00, // ...]..........+.
	0x04, 0x00, 0x07, 0x00, 0x00, 0x00, 0xab, 0x5d, 0x00, 0x00, 0x00, 0x00, 0x00, 0x3e, 0x2c, 0x00, // .......].....>,.
	0x06, 0x00, 0x16, 0x00, 0x00, 0x00, 0xac, 0x5d, 0x00, 0x00, 0xdf, 0x08, 0x00, 0x00, 0xdf, 0x08, // .......]........
	0x00, 0x00, 0xdf, 0x08, 0x00, 0x00, 0x2b, 0x00, 0x04, 0x00, 0x07, 0x00, 0x00, 0x00, 0xae, 0x5d, // ......+........]
	0x00, 0x00, 0x83, 0xf9, 0xa2, 0x3e, 0x2c, 0x00, 0x06, 0x00, 0x16, 0x00, 0x00, 0x00, 0xaf, 0x5d, // .....>,........]
	0x00, 0x00, 0xae, 0x5d, 0x00, 0x00, 0xae, 0x5d, 0x00, 0x00, 0xae, 0x5d, 0x00, 0x00, 0x2c, 0x00, // ...]...]...]..,.
	0x06, 0x00, 0x16, 0x00, 0x00, 0x00, 0xb0, 0x5d, 0x00, 0x00, 0x9e, 0x01, 0x00, 0x00, 0x9e, 0x01, // .......]........
	0x00, 0x00, 0x9e, 0x01, 0x00, 0x00, 0x2c, 0x00, 0x06, 0x00, 0x16, 0x00, 0x00, 0x00, 0xb1, 0x5d, // ......,........]
	0x00, 0x00, 0xb0, 0x01, 0x00, 0x00, 0xb0, 0x01, 0x00, 0x00, 0xb0, 0x01, 0x00, 0x00, 0x2c, 0x00, // ..............,.
	0x06, 0x00, 0x16, 0x00, 0x00, 0x00, 0xb2, 0x5d, 0x00, 0x00, 0xee, 0x01, 0x00, 0x00, 0xee, 0x01, // .......]........
	0x00, 0x00, 0xee, 0x01, 0x00, 0x00, 0x2c, 0x00, 0x06, 0x00, 0x16, 0x00, 0x00, 0x00, 0xb3, 0x5d, // ......,........]
	0x00, 0x00, 0xf2, 0x01, 0x00, 0x00, 0xf2, 0x01, 0x00, 0x00, 0xf2, 0x01, 0x00, 0x00, 0x2c, 0x00, // ..............,.
	0x06, 0x00, 0x16, 0x00, 0x00, 0x00, 0xb4, 0x5d, 0x00, 0x00, 0xf4, 0x01, 0x00, 0x00, 0xf4, 0x01, // .......]........
	0x00, 0x00, 0xf4, 0x01, 0x00, 0x00, 0x2c, 0x00, 0x06, 0x00, 0x16, 0x00, 0x00, 0x00, 0xb5, 0x5d, // ......,........]
	0x00, 0x00, 0x81, 0x01, 0x00, 0x00, 0x81, 0x01, 0x00, 0x00, 0x81, 0x01, 0x00, 0x00, 0x36, 0x00, // ..............6.
	0x05, 0x00, 0x02, 0x00, 0x00, 0x00, 0x04, 0x00, 0x00, 0x00, 0x00, 0x00, 0x00, 0x00, 0x03, 0x00, // ................
	0x00, 0x00, 0xf8, 0x00, 0x02, 0x00, 0x05, 0x00, 0x00, 0x00, 0x3d, 0x00, 0x04, 0x00, 0x06, 0x00, // ..........=.....
	0x00, 0x00, 0xdd, 0x00, 0x00, 0x00, 0xdc, 0x00, 0x00, 0x00, 0x3d, 0x00, 0x04, 0x00, 0x08, 0x00, // ..........=.....
	0x00, 0x00, 0xe0, 0x00, 0x00, 0x00, 0xdf, 0x00, 0x00, 0x00, 0x3d, 0x00, 0x04, 0x00, 0x06, 0x00, // ..........=.....
	0x00, 0x00, 0xe4, 0x00, 0x00, 0x00, 0xe3, 0x00, 0x00, 0x00, 0x3d, 0x00, 0x04, 0x00, 0x08, 0x00, // ..........=.....
	0x00, 0x00, 0xe6, 0x00, 0x00, 0x00, 0xe5, 0x00, 0x00, 0x00, 0x3d, 0x00, 0x04, 0x00, 0x06, 0x00, // ..........=.....
	0x00, 0x00, 0xea, 0x00, 0x00, 0x00, 0xe9, 0x00, 0x00, 0x00, 0x3d, 0x00, 0x04, 0x00, 0x08, 0x00, // ..........=.....
	0x00, 0x00, 0xec, 0x00, 0x00, 0x00, 0xeb, 0x00, 0x00, 0x00, 0x3d, 0x00, 0x04, 0x00, 0x06, 0x00, // ..........=.....
	0x00, 0x00, 0xf0, 0x00, 0x00, 0x00, 0xef, 0x00, 0x00, 0x00, 0x3d, 0x00, 0x04, 0x00, 0x08, 0x00, // ..........=.....
	0x00, 0x00, 0xf2, 0x00, 0x00, 0x00, 0xf1, 0x00, 0x00, 0x00, 0x3d, 0x00, 0x04, 0x00, 0x06, 0x00, // ..........=.....
	0x00, 0x00, 0xf6, 0x00, 0x00, 0x00, 0xf5, 0x00, 0x00, 0x00, 0x3d, 0x00, 0x04, 0x00, 0x08, 0x00, // ..........=.....
	0x00, 0x00, 0xf8, 0x00, 0x00, 0x00, 0xf7, 0x00, 0x00, 0x00, 0x3d, 0x00, 0x04, 0x00, 0x06, 0x00, // ..........=.....
	0x00, 0x00, 0xfc, 0x00, 0x00, 0x00, 0xfb, 0x00, 0x00, 0x00, 0x3d, 0x00, 0x04, 0x00, 0x08, 0x00, // ..........=.....
	0x00, 0x00, 0xfe, 0x00, 0x00, 0x00, 0xfd, 0x00, 0x00, 0x00, 0x3d, 0x00, 0x04, 0x00, 0x06, 0x00, // ..........=.....
	0x00, 0x00, 0x02, 0x01, 0x00, 0x00, 0x01, 0x01, 0x00, 0x00, 0x3d, 0x00, 0x04, 0x00, 0x08, 0x00, // ..........=.....
	0x00, 0x00, 0x04, 0x01, 0x00, 0x00, 0x03, 0x01, 0x00, 0x00, 0x3d, 0x00, 0x04, 0x00, 0x06, 0x00, // ..........=.....
	0x00, 0x00, 0x08, 0x01, 0x00, 0x00, 0x07, 0x01, 0x00, 0x00, 0x3d, 0x00, 0x04, 0x00, 0x08, 0x00, // ..........=.....
	0x00, 0x00, 0x0a, 0x01, 0x00, 0x00, 0x09, 0x01, 0x00, 0x00, 0x3d, 0x00, 0x04, 0x00, 0x06, 0x00, // ..........=.....
	0x00, 0x00, 0x0f, 0x01, 0x00, 0x00, 0x0e, 0x01, 0x00, 0x00, 0x3d, 0x00, 0x04, 0x00, 0x13, 0x00, // ..........=.....
	0x00, 0x00, 0x12, 0x01, 0x00, 0x00, 0x11, 0x01, 0x00, 0x00, 0x3d, 0x00, 0x04, 0x00, 0x08, 0x00, // ..........=.....
	0x00, 0x00, 0x18, 0x01, 0x00, 0x00, 0x17, 0x01, 0x00, 0x00, 0x3d, 0x00, 0x04, 0x00, 0x08, 0x00, // ..........=.....
	0x00, 0x00, 0x1e, 0x01, 0x00, 0x00, 0x1d, 0x01, 0x00, 0x00, 0x3d, 0x00, 0x04, 0x00, 0x08, 0x00, // ..........=.....
	0x00, 0x00, 0x24, 0x01, 0x00, 0x00, 0x23, 0x01, 0x00, 0x00, 0x3d, 0x00, 0x04, 0x00, 0x16, 0x00, // ..$...#...=.....
	0x00, 0x00, 0xe2, 0x0d, 0x00, 0x00, 0xe1, 0x0d, 0x00, 0x00, 0x3d, 0x00, 0x04, 0x00, 0x0b, 0x00, // ..........=.....
	0x00, 0x00, 0xe6, 0x0d, 0x00, 0x00, 0xe5, 0x0d, 0x00, 0x00, 0x3d, 0x00, 0x04, 0x00, 0x16, 0x00, // ..........=.....
	0x00, 0x00, 0xe9, 0x0d, 0x00, 0x00, 0xe8, 0x0d, 0x00, 0x00, 0x3d, 0x00, 0x04, 0x00, 0x16, 0x00, // ..........=.....
	0x00, 0x00, 0xec, 0x0d, 0x00, 0x00, 0xeb, 0x0d, 0x00, 0x00, 0x41, 0x00, 0x05, 0x00, 0xb6, 0x01, // ..........A.....
	0x00, 0x00, 0x34, 0x0f, 0x00, 0x00, 0x91, 0x01, 0x00, 0x00, 0x0f, 0x09, 0x00, 0x00, 0x3d, 0x00, // ..4...........=.
	0x04, 0x00, 0x0d, 0x00, 0x00, 0x00, 0x35, 0x0f, 0x00, 0x00, 0x34, 0x0f, 0x00, 0x00, 0x4f, 0x00, // ......5...4...O.
	0x08, 0x00, 0x16, 0x00, 0x00, 0x00, 0x36, 0x0f, 0x00, 0x00, 0x35, 0x0f, 0x00, 0x00, 0x35, 0x0f, // ......6...5...5.
	0x00, 0x00, 0x00, 0x00, 0x00, 0x00, 0x01, 0x00, 0x00, 0x00, 0x02, 0x00, 0x00, 0x00, 0x94, 0x00, // ................
	0x05, 0x00, 0x07, 0x00, 0x00, 0x00, 0x3a, 0x0f, 0x00, 0x00, 0x36, 0x0f, 0x00, 0x00, 0x36, 0x0f, // ......:...6...6.
	0x00, 0x00, 0xba, 0x00, 0x05, 0x00, 0x97, 0x01, 0x00, 0x00, 0x3b, 0x0f, 0x00, 0x00, 0x3a, 0x0f, // ..........;...:.
	0x00, 0x00, 0x96, 0x01, 0x00, 0x00, 0x94, 0x00, 0x05, 0x00, 0x07, 0x00, 0x00, 0x00, 0x40, 0x0f, // ..............@.
	0x00, 0x00, 0x36, 0x0f, 0x00, 0x00, 0xec, 0x0d, 0x00, 0x00, 0x41, 0x00, 0x06, 0x00, 0x93, 0x01, // ..6.......A.....
	0x00, 0x00, 0x41, 0x0f, 0x00, 0x00, 0x91, 0x01, 0x00, 0x00, 0x0f, 0x09, 0x00, 0x00, 0x88, 0x01, // ..A.............
	0x00, 0x00, 0x3d, 0x00, 0x04, 0x00, 0x07, 0x00, 0x00, 0x00, 0x42, 0x0f, 0x00, 0x00, 0x41, 0x0f, // ..=.......B...A.
	0x00, 0x00, 0x81, 0x00, 0x05, 0x00, 0x07, 0x00, 0x00, 0x00, 0x43, 0x0f, 0x00, 0x00, 0x40, 0x0f, // ..........C...@.
	0x00, 0x00, 0x42, 0x0f, 0x00, 0x00, 0xb8, 0x00, 0x05, 0x00, 0x97, 0x01, 0x00, 0x00, 0x44, 0x0f, // ..B...........D.
	0x00, 0x00, 0x43, 0x0f, 0x00, 0x00, 0x73, 0x01, 0x00, 0x00, 0xa7, 0x00, 0x05, 0x00, 0x97, 0x01, // ..C...s.........
	0x00, 0x00, 0x45, 0x0f, 0x00, 0x00, 0x3b, 0x0f, 0x00, 0x00, 0x44, 0x0f, 0x00, 0x00, 0xf7, 0x00, // ..E...;...D.....
	0x03, 0x00, 0x47, 0x0f, 0x00, 0x00, 0x00, 0x00, 0x00, 0x00, 0xfa, 0x00, 0x04, 0x00, 0x45, 0x0f, // ..G...........E.
	0x00, 0x00, 0x46, 0x0f, 0x00, 0x00, 0x47, 0x0f, 0x00, 0x00, 0xf8, 0x00, 0x02, 0x00, 0x46, 0x0f, // ..F...G.......F.
	0x00, 0x00, 0xfc, 0x00, 0x01, 0x00, 0xf8, 0x00, 0x02, 0x00, 0x47, 0x0f, 0x00, 0x00, 0x41, 0x00, // ..........G...A.
	0x06, 0x00, 0x93, 0x01, 0x00, 0x00, 0x48, 0x0f, 0x00, 0x00, 0x91, 0x01, 0x00, 0x00, 0x4a, 0x08, // ......H.......J.
	0x00, 0x00, 0xcc, 0x01, 0x00, 0x00, 0x3d, 0x00, 0x04, 0x00, 0x07, 0x00, 0x00, 0x00, 0x49, 0x0f, // ......=.......I.
	0x00, 0x00, 0x48, 0x0f, 0x00, 0x00, 0x0c, 0x00, 0x08, 0x00, 0x07, 0x00, 0x00, 0x00, 0x4a, 0x0f, // ..H...........J.
	0x00, 0x00, 0x01, 0x00, 0x00, 0x00, 0x2b, 0x00, 0x00, 0x00, 0x49, 0x0f, 0x00, 0x00, 0x73, 0x01, // ......+...I...s.
	0x00, 0x00, 0xa1, 0x01, 0x00, 0x00, 0x41, 0x00, 0x06, 0x00, 0x93, 0x01, 0x00, 0x00, 0x4b, 0x0f, // ......A.......K.
	0x00, 0x00, 0x91, 0x01, 0x00, 0x00, 0x4a, 0x08, 0x00, 0x00, 0xcf, 0x01, 0x00, 0x00, 0x3d, 0x00, // ......J.......=.
	0x04, 0x00, 0x07, 0x00, 0x00, 0x00, 0x4c, 0x0f, 0x00, 0x00, 0x4b, 0x0f, 0x00, 0x00, 0x0c, 0x00, // ......L...K.....
	0x08, 0x00, 0x07, 0x00, 0x00, 0x00, 0x4d, 0x0f, 0x00, 0x00, 0x01, 0x00, 0x00, 0x00, 0x2b, 0x00, // ......M.......+.
	0x00, 0x00, 0x4c, 0x0f, 0x00, 0x00, 0x2c, 0x09, 0x00, 0x00, 0xa1, 0x01, 0x00, 0x00, 0x41, 0x00, // ..L...,.......A.
	0x06, 0x00, 0x93, 0x01, 0x00, 0x00, 0x4e, 0x0f, 0x00, 0x00, 0x91, 0x01, 0x00, 0x00, 0x4a, 0x08, // ......N.......J.
	0x00, 0x00, 0x4f, 0x01, 0x00, 0x00, 0x3d, 0x00, 0x04, 0x00, 0x07, 0x00, 0x00, 0x00, 0x4f, 0x0f, // ..O...=.......O.
	0x00, 0x00, 0x4e, 0x0f, 0x00, 0x00, 0x41, 0x00, 0x06, 0x00, 0x93, 0x01, 0x00, 0x00, 0x50, 0x0f, // ..N...A.......P.
	0x00, 0x00, 0x91, 0x01, 0x00, 0x00, 0x4a, 0x08, 0x00, 0x00, 0x88, 0x01, 0x00, 0x00, 0x3d, 0x00, // ......J.......=.
	0x04, 0x00, 0x07, 0x00, 0x00, 0x00, 0x51, 0x0f, 0x00, 0x00, 0x50, 0x0f, 0x00, 0x00, 0x41, 0x00, // ......Q...P...A.
	0x06, 0x00, 0x93, 0x01, 0x00, 0x00, 0x52, 0x0f, 0x00, 0x00, 0x91, 0x01, 0x00, 0x00, 0x35, 0x09, // ......R.......5.
	0x00, 0x00, 0xcf, 0x01, 0x00, 0x00, 0x3d, 0x00, 0x04, 0x00, 0x07, 0x00, 0x00, 0x00, 0x53, 0x0f, // ......=.......S.
	0x00, 0x00, 0x52, 0x0f, 0x00, 0x00, 0x0c, 0x00, 0x08, 0x00, 0x07, 0x00, 0x00, 0x00, 0x54, 0x0f, // ..R...........T.
	0x00, 0x00, 0x01, 0x00, 0x00, 0x00, 0x2b, 0x00, 0x00, 0x00, 0x53, 0x0f, 0x00, 0x00, 0x73, 0x01, // ......+...S...s.
	0x00, 0x00, 0xa1, 0x01, 0x00, 0x00, 0x41, 0x00, 0x05, 0x00, 0xb6, 0x01, 0x00, 0x00, 0x55, 0x0f, // ......A.......U.
	0x00, 0x00, 0x91, 0x01, 0x00, 0x00, 0x3a, 0x09, 0x00, 0x00, 0x3d, 0x00, 0x04, 0x00, 0x0d, 0x00, // ......:...=.....
	0x00, 0x00, 0x56, 0x0f, 0x00, 0x00, 0x55, 0x0f, 0x00, 0x00, 0xba, 0x00, 0x05, 0x00, 0x97, 0x01, // ..V...U.........
	0x00, 0x00, 0x58, 0x0f, 0x00, 0x00, 0x51, 0x0f, 0x00, 0x00, 0x96, 0x01, 0x00, 0x00, 0xf7, 0x00, // ..X...Q.........
	0x03, 0x00, 0x71, 0x0f, 0x00, 0x00, 0x00, 0x00, 0x00, 0x00, 0xfa, 0x00, 0x04, 0x00, 0x58, 0x0f, // ..q...........X.
	0x00, 0x00, 0x59, 0x0f, 0x00, 0x00, 0x71, 0x0f, 0x00, 0x00, 0xf8, 0x00, 0x02, 0x00, 0x59, 0x0f, // ..Y...q.......Y.
	0x00, 0x00, 0xb8, 0x00, 0x05, 0x00, 0x97, 0x01, 0x00, 0x00, 0x5b, 0x0f, 0x00, 0x00, 0x51, 0x0f, // ..........[...Q.
	0x00, 0x00, 0x78, 0x08, 0x00, 0x00, 0x51, 0x00, 0x05, 0x00, 0x07, 0x00, 0x00, 0x00, 0x5d, 0x0f, // ..x...Q.......].
	0x00, 0x00, 0xe2, 0x0d, 0x00, 0x00, 0x00, 0x00, 0x00, 0x00, 0xb8, 0x00, 0x05, 0x00, 0x97, 0x01, // ................
	0x00, 0x00, 0x5f, 0x0f, 0x00, 0x00, 0x51, 0x0f, 0x00, 0x00, 0xdf, 0x08, 0x00, 0x00, 0x51, 0x00, // .._...Q.......Q.
	0x05, 0x00, 0x07, 0x00, 0x00, 0x00, 0x61, 0x0f, 0x00, 0x00, 0xe2, 0x0d, 0x00, 0x00, 0x01, 0x00, // ......a.........
	0x00, 0x00, 0x51, 0x00, 0x05, 0x00, 0x07, 0x00, 0x00, 0x00, 0x63, 0x0f, 0x00, 0x00, 0xe2, 0x0d, // ..Q.......c.....
	0x00, 0x00, 0x02, 0x00, 0x00, 0x00, 0xa9, 0x00, 0x06, 0x00, 0x07, 0x00, 0x00, 0x00, 0x64, 0x0f, // ..............d.
	0x00, 0x00, 0x5f, 0x0f, 0x00, 0x00, 0x61, 0x0f, 0x00, 0x00, 0x63, 0x0f, 0x00, 0x00, 0xa9, 0x00, // .._...a...c.....
	0x06, 0x00, 0x07, 0x00, 0x00, 0x00, 0x65, 0x0f, 0x00, 0x00, 0x5b, 0x0f, 0x00, 0x00, 0x5d, 0x0f, // ......e...[...].
	0x00, 0x00, 0x64, 0x0f, 0x00, 0x00, 0x85, 0x00, 0x05, 0x00, 0x07, 0x00, 0x00, 0x00, 0x67, 0x0f, // ..d...........g.
	0x00, 0x00, 0x65, 0x0f, 0x00, 0x00, 0x96, 0x01, 0x00, 0x00, 0x81, 0x00, 0x05, 0x00, 0x07, 0x00, // ..e.............
	0x00, 0x00, 0x68, 0x0f, 0x00, 0x00, 0x67, 0x0f, 0x00, 0x00, 0x96, 0x01, 0x00, 0x00, 0x0c, 0x00, // ..h...g.........
	0x08, 0x00, 0x07, 0x00, 0x00, 0x00, 0x69, 0x0f, 0x00, 0x00, 0x01, 0x00, 0x00, 0x00, 0x2b, 0x00, // ......i.......+.
	0x00, 0x00, 0x68, 0x0f, 0x00, 0x00, 0x73, 0x01, 0x00, 0x00, 0xa1, 0x01, 0x00, 0x00, 0x50, 0x00, // ..h...s.......P.
	0x07, 0x00, 0x0d, 0x00, 0x00, 0x00, 0x6b, 0x0f, 0x00, 0x00, 0x69, 0x0f, 0x00, 0x00, 0x69, 0x0f, // ......k...i...i.
	0x00, 0x00, 0x69, 0x0f, 0x00, 0x00, 0x69, 0x0f, 0x00, 0x00, 0x41, 0x00, 0x05, 0x00, 0xb6, 0x01, // ..i...i...A.....
	0x00, 0x00, 0x6e, 0x0f, 0x00, 0x00, 0x91, 0x01, 0x00, 0x00, 0x53, 0x09, 0x00, 0x00, 0x3d, 0x00, // ..n.......S...=.
	0x04, 0x00, 0x0d, 0x00, 0x00, 0x00, 0x6f, 0x0f, 0x00, 0x00, 0x6e, 0x0f, 0x00, 0x00, 0x0c, 0x00, // ......o...n.....
	0x08, 0x00, 0x0d, 0x00, 0x00, 0x00, 0xdf, 0x12, 0x00, 0x00, 0x01, 0x00, 0x00, 0x00, 0x2e, 0x00, // ................
	0x00, 0x00, 0x56, 0x0f, 0x00, 0x00, 0x6f, 0x0f, 0x00, 0x00, 0x6b, 0x0f, 0x00, 0x00, 0xf9, 0x00, // ..V...o...k.....
	0x02, 0x00, 0x71, 0x0f, 0x00, 0x00, 0xf8, 0x00, 0x02, 0x00, 0x71, 0x0f, 0x00, 0x00, 0xf5, 0x00, // ..q.......q.....
	0x07, 0x00, 0x0d, 0x00, 0x00, 0x00, 0xb8, 0x5d, 0x00, 0x00, 0x56, 0x0f, 0x00, 0x00, 0x47, 0x0f, // .......]..V...G.
	0x00, 0x00, 0xdf, 0x12, 0x00, 0x00, 0x59, 0x0f, 0x00, 0x00, 0x56, 0x00, 0x05, 0x00, 0x2e, 0x01, // ......Y...V.....
	0x00, 0x00, 0xe6, 0x12, 0x00, 0x00, 0xe0, 0x00, 0x00, 0x00, 0xdd, 0x00, 0x00, 0x00, 0x57, 0x00, // ..............W.
	0x05, 0x00, 0x0d, 0x00, 0x00, 0x00, 0xe8, 0x12, 0x00, 0x00, 0xe6, 0x12, 0x00, 0x00, 0xe6, 0x0d, // ................
	0x00, 0x00, 0x4f, 0x00, 0x08, 0x00, 0x16, 0x00, 0x00, 0x00, 0x76, 0x0f, 0x00, 0x00, 0xe8, 0x12, // ..O.......v.....
	0x00, 0x00, 0xe8, 0x12, 0x00, 0x00, 0x00, 0x00, 0x00, 0x00, 0x01, 0x00, 0x00, 0x00, 0x02, 0x00, // ................
	0x00, 0x00, 0x0c, 0x00, 0x07, 0x00, 0x16, 0x00, 0x00, 0x00, 0xef, 0x12, 0x00, 0x00, 0x01, 0x00, // ................
	0x00, 0x00, 0x28, 0x00, 0x00, 0x00, 0x76, 0x0f, 0x00, 0x00, 0x09, 0x02, 0x00, 0x00, 0x0c, 0x00, // ..(...v.........
	0x07, 0x00, 0x16, 0x00, 0x00, 0x00, 0xf1, 0x12, 0x00, 0x00, 0x01, 0x00, 0x00, 0x00, 0x1a, 0x00, // ................
	0x00, 0x00, 0xef, 0x12, 0x00, 0x00, 0xa3, 0x5d, 0x00, 0x00, 0x56, 0x00, 0x05, 0x00, 0x2e, 0x01, // .......]..V.....
	0x00, 0x00, 0x00, 0x13, 0x00, 0x00, 0xec, 0x00, 0x00, 0x00, 0xea, 0x00, 0x00, 0x00, 0x57, 0x00, // ..............W.
	0x05, 0x00, 0x0d, 0x00, 0x00, 0x00, 0x02, 0x13, 0x00, 0x00, 0x00, 0x13, 0x00, 0x00, 0xe6, 0x0d, // ................
	0x00, 0x00, 0x56, 0x00, 0x05, 0x00, 0x2e, 0x01, 0x00, 0x00, 0x09, 0x13, 0x00, 0x00, 0xf2, 0x00, // ..V.............
	0x00, 0x00, 0xf0, 0x00, 0x00, 0x00, 0x57, 0x00, 0x05, 0x00, 0x0d, 0x00, 0x00, 0x00, 0x0b, 0x13, // ......W.........
	0x00, 0x00, 0x09, 0x13, 0x00, 0x00, 0xe6, 0x0d, 0x00, 0x00, 0x4f, 0x00, 0x08, 0x00, 0x16, 0x00, // ..........O.....
	0x00, 0x00, 0x7e, 0x0f, 0x00, 0x00, 0x0b, 0x13, 0x00, 0x00, 0x0b, 0x13, 0x00, 0x00, 0x00, 0x00, // ..~.............
	0x00, 0x00, 0x01, 0x00, 0x00, 0x00, 0x02, 0x00, 0x00, 0x00, 0x0c, 0x00, 0x07, 0x00, 0x16, 0x00, // ................
	0x00, 0x00, 0x12, 0x13, 0x00, 0x00, 0x01, 0x00, 0x00, 0x00, 0x28, 0x00, 0x00, 0x00, 0x7e, 0x0f, // ..........(...~.
	0x00, 0x00, 0x09, 0x02, 0x00, 0x00, 0x0c, 0x00, 0x07, 0x00, 0x16, 0x00, 0x00, 0x00, 0x14, 0x13, // ................
	0x00, 0x00, 0x01, 0x00, 0x00, 0x00, 0x1a, 0x00, 0x00, 0x00, 0x12, 0x13, 0x00, 0x00, 0xa3, 0x5d, // ...............]
	0x00, 0x00, 0x51, 0x00, 0x05, 0x00, 0x07, 0x00, 0x00, 0x00, 0x82, 0x0f, 0x00, 0x00, 0x02, 0x13, // ..Q.............
	0x00, 0x00, 0x02, 0x00, 0x00, 0x00, 0x85, 0x00, 0x05, 0x00, 0x07, 0x00, 0x00, 0x00, 0x83, 0x0f, // ................
	0x00, 0x00, 0x4a, 0x0f, 0x00, 0x00, 0x82, 0x0f, 0x00, 0x00, 0x0c, 0x00, 0x08, 0x00, 0x07, 0x00, // ..J.............
	0x00, 0x00, 0x84, 0x0f, 0x00, 0x00, 0x01, 0x00, 0x00, 0x00, 0x2b, 0x00, 0x00, 0x00, 0x83, 0x0f, // ..........+.....
	0x00, 0x00, 0x73, 0x01, 0x00, 0x00, 0xa1, 0x01, 0x00, 0x00, 0x51, 0x00, 0x05, 0x00, 0x07, 0x00, // ..s.......Q.....
	0x00, 0x00, 0x87, 0x0f, 0x00, 0x00, 0x02, 0x13, 0x00, 0x00, 0x01, 0x00, 0x00, 0x00, 0x85, 0x00, // ................
	0x05, 0x00, 0x07, 0x00, 0x00, 0x00, 0x88, 0x0f, 0x00, 0x00, 0x4d, 0x0f, 0x00, 0x00, 0x87, 0x0f, // ..........M.....
	0x00, 0x00, 0x0c, 0x00, 0x08, 0x00, 0x07, 0x00, 0x00, 0x00, 0x89, 0x0f, 0x00, 0x00, 0x01, 0x00, // ................
	0x00, 0x00, 0x2b, 0x00, 0x00, 0x00, 0x88, 0x0f, 0x00, 0x00, 0x2c, 0x09, 0x00, 0x00, 0xa1, 0x01, // ..+.......,.....
	0x00, 0x00, 0xba, 0x00, 0x05, 0x00, 0x97, 0x01, 0x00, 0x00, 0x8b, 0x0f, 0x00, 0x00, 0x4f, 0x0f, // ..............O.
	0x00, 0x00, 0x96, 0x01, 0x00, 0x00, 0xf7, 0x00, 0x03, 0x00, 0xcd, 0x12, 0x00, 0x00, 0x00, 0x00, // ................
	0x00, 0x00, 0xfa, 0x00, 0x04, 0x00, 0x8b, 0x0f, 0x00, 0x00, 0x8c, 0x0f, 0x00, 0x00, 0x70, 0x12, // ..............p.
	0x00, 0x00, 0xf8, 0x00, 0x02, 0x00, 0x8c, 0x0f, 0x00, 0x00, 0x4f, 0x00, 0x08, 0x00, 0x16, 0x00, // ..........O.....
	0x00, 0x00, 0x8f, 0x0f, 0x00, 0x00, 0xb8, 0x5d, 0x00, 0x00, 0xb8, 0x5d, 0x00, 0x00, 0x00, 0x00, // .......]...]....
	0x00, 0x00, 0x01, 0x00, 0x00, 0x00, 0x02, 0x00, 0x00, 0x00, 0x0c, 0x00, 0x07, 0x00, 0x16, 0x00, // ................
	0x00, 0x00, 0x27, 0x13, 0x00, 0x00, 0x01, 0x00, 0x00, 0x00, 0x28, 0x00, 0x00, 0x00, 0x8f, 0x0f, // ..'.......(.....
	0x00, 0x00, 0x09, 0x02, 0x00, 0x00, 0x0c, 0x00, 0x07, 0x00, 0x16, 0x00, 0x00, 0x00, 0x29, 0x13, // ..............).
	0x00, 0x00, 0x01, 0x00, 0x00, 0x00, 0x1a, 0x00, 0x00, 0x00, 0x27, 0x13, 0x00, 0x00, 0xa3, 0x5d, // ..........'....]
	0x00, 0x00, 0x85, 0x00, 0x05, 0x00, 0x16, 0x00, 0x00, 0x00, 0x92, 0x0f, 0x00, 0x00, 0x29, 0x13, // ..............).
	0x00, 0x00, 0xf1, 0x12, 0x00, 0x00, 0x0c, 0x00, 0x06, 0x00, 0x16, 0x00, 0x00, 0x00, 0x94, 0x0f, // ................
	0x00, 0x00, 0x01, 0x00, 0x00, 0x00, 0x45, 0x00, 0x00, 0x00, 0xe9, 0x0d, 0x00, 0x00, 0x41, 0x00, // ......E.......A.
	0x05, 0x00, 0xb6, 0x01, 0x00, 0x00, 0x96, 0x0f, 0x00, 0x00, 0x91, 0x01, 0x00, 0x00, 0x97, 0x09, // ................
	0x00, 0x00, 0x3d, 0x00, 0x04, 0x00, 0x0d, 0x00, 0x00, 0x00, 0x97, 0x0f, 0x00, 0x00, 0x96, 0x0f, // ..=.............
	0x00, 0x00, 0x4f, 0x00, 0x08, 0x00, 0x16, 0x00, 0x00, 0x00, 0x98, 0x0f, 0x00, 0x00, 0x97, 0x0f, // ..O.............
	0x00, 0x00, 0x97, 0x0f, 0x00, 0x00, 0x00, 0x00, 0x00, 0x00, 0x01, 0x00, 0x00, 0x00, 0x02, 0x00, // ................
	0x00, 0x00, 0x83, 0x00, 0x05, 0x00, 0x16, 0x00, 0x00, 0x00, 0x9a, 0x0f, 0x00, 0x00, 0x98, 0x0f, // ................
	0x00, 0x00, 0xec, 0x0d, 0x00, 0x00, 0x0c, 0x00, 0x06, 0x00, 0x16, 0x00, 0x00, 0x00, 0x9b, 0x0f, // ................
	0x00, 0x00, 0x01, 0x00, 0x00, 0x00, 0x45, 0x00, 0x00, 0x00, 0x9a, 0x0f, 0x00, 0x00, 0x94, 0x00, // ......E.........
	0x05, 0x00, 0x07, 0x00, 0x00, 0x00, 0x9e, 0x0f, 0x00, 0x00, 0x94, 0x0f, 0x00, 0x00, 0x9b, 0x0f, // ................
	0x00, 0x00, 0xb8, 0x00, 0x05, 0x00, 0x97, 0x01, 0x00, 0x00, 0x9f, 0x0f, 0x00, 0x00, 0x9e, 0x0f, // ................
	0x00, 0x00, 0x73, 0x01, 0x00, 0x00, 0xf7, 0x00, 0x03, 0x00, 0xa3, 0x0f, 0x00, 0x00, 0x00, 0x00, // ..s.............
	0x00, 0x00, 0xfa, 0x00, 0x04, 0x00, 0x9f, 0x0f, 0x00, 0x00, 0xa0, 0x0f, 0x00, 0x00, 0xa3, 0x0f, // ................
	0x00, 0x00, 0xf8, 0x00, 0x02, 0x00, 0xa0, 0x0f, 0x00, 0x00, 0x7f, 0x00, 0x04, 0x00, 0x16, 0x00, // ................
	0x00, 0x00, 0xa2, 0x0f, 0x00, 0x00, 0x94, 0x0f, 0x00, 0x00, 0xf9, 0x00, 0x02, 0x00, 0xa3, 0x0f, // ................
	0x00, 0x00, 0xf8, 0x00, 0x02, 0x00, 0xa3, 0x0f, 0x00, 0x00, 0xf5, 0x00, 0x07, 0x00, 0x16, 0x00, // ................
	0x00, 0x00, 0xbb, 0x5d, 0x00, 0x00, 0x94, 0x0f, 0x00, 0x00, 0x8c, 0x0f, 0x00, 0x00, 0xa2, 0x0f, // ...]............
	0x00, 0x00, 0xa0, 0x0f, 0x00, 0x00, 0x41, 0x00, 0x06, 0x00, 0x93, 0x01, 0x00, 0x00, 0xa5, 0x0f, // ......A.........
	0x00, 0x00, 0x91, 0x01, 0x00, 0x00, 0x48, 0x04, 0x00, 0x00, 0xcc, 0x01, 0x00, 0x00, 0x3d, 0x00, // ......H.......=.
	0x04, 0x00, 0x07, 0x00, 0x00, 0x00, 0xa6, 0x0f, 0x00, 0x00, 0xa5, 0x0f, 0x00, 0x00, 0xba, 0x00, // ................
	0x05, 0x00, 0x97, 0x01, 0x00, 0x00, 0xa7, 0x0f, 0x00, 0x00, 0xa6, 0x0f, 0x00, 0x00, 0x96, 0x01, // ................
	0x00, 0x00, 0xf7, 0x00, 0x03, 0x00, 0xb5, 0x0f, 0x00, 0x00, 0x00, 0x00, 0x00, 0x00, 0xfa, 0x00, // ................
	0x04, 0x00, 0xa7, 0x0f, 0x00, 0x00, 0xa8, 0x0f, 0x00, 0x00, 0xb5, 0x0f, 0x00, 0x00, 0xf8, 0x00, // ................
	0x02, 0x00, 0xa8, 0x0f, 0x00, 0x00, 0x56, 0x00, 0x05, 0x00, 0x2e, 0x01, 0x00, 0x00, 0x38, 0x13, // ......V.......8.
	0x00, 0x00, 0xe6, 0x00, 0x00, 0x00, 0xe4, 0x00, 0x00, 0x00, 0x57, 0x00, 0x05, 0x00, 0x0d, 0x00, // ..........W.....
	0x00, 0x00, 0x3a, 0x13, 0x00, 0x00, 0x38, 0x13, 0x00, 0x00, 0xe6, 0x0d, 0x00, 0x00, 0x4f, 0x00, // ..:...8.......O.
	0x08, 0x00, 0x16, 0x00, 0x00, 0x00, 0xac, 0x0f, 0x00, 0x00, 0x3a, 0x13, 0x00, 0x00, 0x3a, 0x13, // ..........:...:.
	0x00, 0x00, 0x00, 0x00, 0x00, 0x00, 0x01, 0x00, 0x00, 0x00, 0x02, 0x00, 0x00, 0x00, 0x8e, 0x00, // ................
	0x05, 0x00, 0x16, 0x00, 0x00, 0x00, 0xad, 0x0f, 0x00, 0x00, 0xac, 0x0f, 0x00, 0x00, 0x6f, 0x03, // ..............o.
	0x00, 0x00, 0x83, 0x00, 0x05, 0x00, 0x16, 0x00, 0x00, 0x00, 0xaf, 0x0f, 0x00, 0x00, 0xad, 0x0f, // ................
	0x00, 0x00, 0x0a, 0x02, 0x00, 0x00, 0xcf, 0x00, 0x04, 0x00, 0x16, 0x00, 0x00, 0x00, 0x47, 0x13, // ..............G.
	0x00, 0x00, 0xec, 0x0d, 0x00, 0x00, 0x7f, 0x00, 0x04, 0x00, 0x16, 0x00, 0x00, 0x00, 0x49, 0x13, // ..............I.
	0x00, 0x00, 0xec, 0x0d, 0x00, 0x00, 0xd0, 0x00, 0x04, 0x00, 0x16, 0x00, 0x00, 0x00, 0x4a, 0x13, // ..............J.
	0x00, 0x00, 0x49, 0x13, 0x00, 0x00, 0xcf, 0x00, 0x04, 0x00, 0x0b, 0x00, 0x00, 0x00, 0x4c, 0x13, // ..I...........L.
	0x00, 0x00, 0xe6, 0x0d, 0x00, 0x00, 0x7f, 0x00, 0x04, 0x00, 0x0b, 0x00, 0x00, 0x00, 0x4e, 0x13, // ..............N.
	0x00, 0x00, 0xe6, 0x0d, 0x00, 0x00, 0xd0, 0x00, 0x04, 0x00, 0x0b, 0x00, 0x00, 0x00, 0x4f, 0x13, // ..............O.
	0x00, 0x00, 0x4e, 0x13, 0x00, 0x00, 0x0c, 0x00, 0x07, 0x00, 0x16, 0x00, 0x00, 0x00, 0x52, 0x13, // ..N...........R.
	0x00, 0x00, 0x01, 0x00, 0x00, 0x00, 0x44, 0x00, 0x00, 0x00, 0x4a, 0x13, 0x00, 0x00, 0xbb, 0x5d, // ......D...J....]
	0x00, 0x00, 0x0c, 0x00, 0x07, 0x00, 0x16, 0x00, 0x00, 0x00, 0x55, 0x13, 0x00, 0x00, 0x01, 0x00, // ..........U.....
	0x00, 0x00, 0x44, 0x00, 0x00, 0x00, 0xbb, 0x5d, 0x00, 0x00, 0x47, 0x13, 0x00, 0x00, 0x51, 0x00, // ..D....]..G...Q.
	0x05, 0x00, 0x07, 0x00, 0x00, 0x00, 0x58, 0x13, 0x00, 0x00, 0x4c, 0x13, 0x00, 0x00, 0x00, 0x00, // ......X...L.....
	0x00, 0x00, 0x8e, 0x00, 0x05, 0x00, 0x16, 0x00, 0x00, 0x00, 0x59, 0x13, 0x00, 0x00, 0x52, 0x13, // ..........Y...R.
	0x00, 0x00, 0x58, 0x13, 0x00, 0x00, 0x51, 0x00, 0x05, 0x00, 0x07, 0x00, 0x00, 0x00, 0x5c, 0x13, // ..X...Q.........
	0x00, 0x00, 0x4f, 0x13, 0x00, 0x00, 0x00, 0x00, 0x00, 0x00, 0x8e, 0x00, 0x05, 0x00, 0x16, 0x00, // ..O.............
	0x00, 0x00, 0x5d, 0x13, 0x00, 0x00, 0x55, 0x13, 0x00, 0x00, 0x5c, 0x13, 0x00, 0x00, 0x81, 0x00, // ..]...U.........
	0x05, 0x00, 0x16, 0x00, 0x00, 0x00, 0x5e, 0x13, 0x00, 0x00, 0x59, 0x13, 0x00, 0x00, 0x5d, 0x13, // ......^...Y...].
	0x00, 0x00, 0x51, 0x00, 0x05, 0x00, 0x07, 0x00, 0x00, 0x00, 0x61, 0x13, 0x00, 0x00, 0x4c, 0x13, // ..Q.......a...L.
	0x00, 0x00, 0x01, 0x00, 0x00, 0x00, 0x8e, 0x00, 0x05, 0x00, 0x16, 0x00, 0x00, 0x00, 0x62, 0x13, // ..............b.
	0x00, 0x00, 0x52, 0x13, 0x00, 0x00, 0x61, 0x13, 0x00, 0x00, 0x51, 0x00, 0x05, 0x00, 0x07, 0x00, // ..R...a...Q.....
	0x00, 0x00, 0x65, 0x13, 0x00, 0x00, 0x4f, 0x13, 0x00, 0x00, 0x01, 0x00, 0x00, 0x00, 0x8e, 0x00, // ..e...O.........
	0x05, 0x00, 0x16, 0x00, 0x00, 0x00, 0x66, 0x13, 0x00, 0x00, 0x55, 0x13, 0x00, 0x00, 0x65, 0x13, // ......f...U...e.
	0x00, 0x00, 0x81, 0x00, 0x05, 0x00, 0x16, 0x00, 0x00, 0x00, 0x67, 0x13, 0x00, 0x00, 0x62, 0x13, // ..........g...b.
	0x00, 0x00, 0x66, 0x13, 0x00, 0x00, 0x94, 0x00, 0x05, 0x00, 0x07, 0x00, 0x00, 0x00, 0x6a, 0x13, // ..f...........j.
	0x00, 0x00, 0x5e, 0x13, 0x00, 0x00, 0x5e, 0x13, 0x00, 0x00, 0x94, 0x00, 0x05, 0x00, 0x07, 0x00, // ..^...^.........
	0x00, 0x00, 0x6d, 0x13, 0x00, 0x00, 0x67, 0x13, 0x00, 0x00, 0x67, 0x13, 0x00, 0x00, 0x0c, 0x00, // ..m...g...g.....
	0x07, 0x00, 0x07, 0x00, 0x00, 0x00, 0x6e, 0x13, 0x00, 0x00, 0x01, 0x00, 0x00, 0x00, 0x28, 0x00, // ......n.......(.
	0x00, 0x00, 0x6a, 0x13, 0x00, 0x00, 0x6d, 0x13, 0x00, 0x00, 0x0c, 0x00, 0x06, 0x00, 0x07, 0x00, // ..j...m.........
	0x00, 0x00, 0x6f, 0x13, 0x00, 0x00, 0x01, 0x00, 0x00, 0x00, 0x20, 0x00, 0x00, 0x00, 0x6e, 0x13, // ..o....... ...n.
	0x00, 0x00, 0x8e, 0x00, 0x05, 0x00, 0x16, 0x00, 0x00, 0x00, 0x72, 0x13, 0x00, 0x00, 0x5e, 0x13, // ..........r...^.
	0x00, 0x00, 0x6f, 0x13, 0x00, 0x00, 0x8e, 0x00, 0x05, 0x00, 0x16, 0x00, 0x00, 0x00, 0x75, 0x13, // ..o...........u.
	0x00, 0x00, 0x67, 0x13, 0x00, 0x00, 0x6f, 0x13, 0x00, 0x00, 0x51, 0x00, 0x05, 0x00, 0x07, 0x00, // ..g...o...Q.....
	0x00, 0x00, 0x78, 0x13, 0x00, 0x00, 0xaf, 0x0f, 0x00, 0x00, 0x00, 0x00, 0x00, 0x00, 0x8e, 0x00, // ..x.............
	0x05, 0x00, 0x16, 0x00, 0x00, 0x00, 0x79, 0x13, 0x00, 0x00, 0x72, 0x13, 0x00, 0x00, 0x78, 0x13, // ......y...r...x.
	0x00, 0x00, 0x51, 0x00, 0x05, 0x00, 0x07, 0x00, 0x00, 0x00, 0x7c, 0x13, 0x00, 0x00, 0xaf, 0x0f, // ..Q.......|.....
	0x00, 0x00, 0x01, 0x00, 0x00, 0x00, 0x8e, 0x00, 0x05, 0x00, 0x16, 0x00, 0x00, 0x00, 0x7d, 0x13, // ..............}.
	0x00, 0x00, 0x75, 0x13, 0x00, 0x00, 0x7c, 0x13, 0x00, 0x00, 0x81, 0x00, 0x05, 0x00, 0x16, 0x00, // ..u...|.........
	0x00, 0x00, 0x7e, 0x13, 0x00, 0x00, 0x79, 0x13, 0x00, 0x00, 0x7d, 0x13, 0x00, 0x00, 0x51, 0x00, // ..~...y...}...Q.
	0x05, 0x00, 0x07, 0x00, 0x00, 0x00, 0x81, 0x13, 0x00, 0x00, 0xaf, 0x0f, 0x00, 0x00, 0x02, 0x00, // ................
	0x00, 0x00, 0x8e, 0x00, 0x05, 0x00, 0x16, 0x00, 0x00, 0x00, 0x82, 0x13, 0x00, 0x00, 0xbb, 0x5d, // ...............]
	0x00, 0x00, 0x81, 0x13, 0x00, 0x00, 0x81, 0x00, 0x05, 0x00, 0x16, 0x00, 0x00, 0x00, 0x83, 0x13, // ................
	0x00, 0x00, 0x7e, 0x13, 0x00, 0x00, 0x82, 0x13, 0x00, 0x00, 0x0c, 0x00, 0x06, 0x00, 0x16, 0x00, // ..~.............
	0x00, 0x00, 0x84, 0x13, 0x00, 0x00, 0x01, 0x00, 0x00, 0x00, 0x45, 0x00, 0x00, 0x00, 0x83, 0x13, // ..........E.....
	0x00, 0x00, 0xf9, 0x00, 0x02, 0x00, 0xb5, 0x0f, 0x00, 0x00, 0xf8, 0x00, 0x02, 0x00, 0xb5, 0x0f, // ................
	0x00, 0x00, 0xf5, 0x00, 0x07, 0x00, 0x16, 0x00, 0x00, 0x00, 0xbc, 0x5d, 0x00, 0x00, 0xbb, 0x5d, // ...........]...]
	0x00, 0x00, 0xa3, 0x0f, 0x00, 0x00, 0x84, 0x13, 0x00, 0x00, 0xa8, 0x0f, 0x00, 0x00, 0xcf, 0x00, // ................
	0x04, 0x00, 0x16, 0x00, 0x00, 0x00, 0xb7, 0x0f, 0x00, 0x00, 0xbc, 0x5d, 0x00, 0x00, 0x7f, 0x00, // ...........]....
	0x04, 0x00, 0x16, 0x00, 0x00, 0x00, 0xb9, 0x0f, 0x00, 0x00, 0xbc, 0x5d, 0x00, 0x00, 0xd0, 0x00, // ...........]....
	0x04, 0x00, 0x16, 0x00, 0x00, 0x00, 0xba, 0x0f, 0x00, 0x00, 0xb9, 0x0f, 0x00, 0x00, 0x94, 0x00, // ................
	0x05, 0x00, 0x07, 0x00, 0x00, 0x00, 0xbd, 0x0f, 0x00, 0x00, 0xb7, 0x0f, 0x00, 0x00, 0xb7, 0x0f, // ................
	0x00, 0x00, 0x94, 0x00, 0x05, 0x00, 0x07, 0x00, 0x00, 0x00, 0xc0, 0x0f, 0x00, 0x00, 0xba, 0x0f, // ................
	0x00, 0x00, 0xba, 0x0f, 0x00, 0x00, 0x81, 0x00, 0x05, 0x00, 0x07, 0x00, 0x00, 0x00, 0xc1, 0x0f, // ................
	0x00, 0x00, 0xbd, 0x0f, 0x00, 0x00, 0xc0, 0x0f, 0x00, 0x00, 0x85, 0x00, 0x05, 0x00, 0x07, 0x00, // ................
	0x00, 0x00, 0xc4, 0x0f, 0x00, 0x00, 0x89, 0x0f, 0x00, 0x00, 0x89, 0x0f, 0x00, 0x00, 0x85, 0x00, // ................
	0x05, 0x00, 0x07, 0x00, 0x00, 0x00, 0xc6, 0x0f, 0x00, 0x00, 0xee, 0x08, 0x00, 0x00, 0xc1, 0x0f, // ................
	0x00, 0x00, 0x0c, 0x00, 0x07, 0x00, 0x07, 0x00, 0x00, 0x00, 0xc7, 0x0f, 0x00, 0x00, 0x01, 0x00, // ................
	0x00, 0x00, 0x25, 0x00, 0x00, 0x00, 0xc6, 0x0f, 0x00, 0x00, 0xd4, 0x09, 0x00, 0x00, 0x81, 0x00, // ..%.............
	0x05, 0x00, 0x07, 0x00, 0x00, 0x00, 0xc8, 0x0f, 0x00, 0x00, 0xc4, 0x0f, 0x00, 0x00, 0xc7, 0x0f, // ................
	0x00, 0x00, 0x0c, 0x00, 0x08, 0x00, 0x07, 0x00, 0x00, 0x00, 0xc9, 0x0f, 0x00, 0x00, 0x01, 0x00, // ................
	0x00, 0x00, 0x2b, 0x00, 0x00, 0x00, 0xc8, 0x0f, 0x00, 0x00, 0x73, 0x01, 0x00, 0x00, 0xa1, 0x01, // ..+.......s.....
	0x00, 0x00, 0x0c, 0x00, 0x06, 0x00, 0x07, 0x00, 0x00, 0x00, 0xca, 0x0f, 0x00, 0x00, 0x01, 0x00, // ................
	0x00, 0x00, 0x1f, 0x00, 0x00, 0x00, 0xc9, 0x0f, 0x00, 0x00, 0x94, 0x00, 0x05, 0x00, 0x07, 0x00, // ................
	0x00, 0x00, 0xcd, 0x0f, 0x00, 0x00, 0xbc, 0x5d, 0x00, 0x00, 0x9b, 0x0f, 0x00, 0x00, 0x0c, 0x00, // .......]........
	0x07, 0x00, 0x07, 0x00, 0x00, 0x00, 0xce, 0x0f, 0x00, 0x00, 0x01, 0x00, 0x00, 0x00, 0x28, 0x00, // ..............(.
	0x00, 0x00, 0xcd, 0x0f, 0x00, 0x00, 0xb0, 0x01, 0x00, 0x00, 0x50, 0x00, 0x06, 0x00, 0x16, 0x00, // ..........P.....
	0x00, 0x00, 0xd1, 0x0f, 0x00, 0x00, 0x84, 0x0f, 0x00, 0x00, 0x84, 0x0f, 0x00, 0x00, 0x84, 0x0f, // ................
	0x00, 0x00, 0x0c, 0x00, 0x08, 0x00, 0x16, 0x00, 0x00, 0x00, 0x8e, 0x13, 0x00, 0x00, 0x01, 0x00, // ................
	0x00, 0x00, 0x2e, 0x00, 0x00, 0x00, 0xa5, 0x5d, 0x00, 0x00, 0x92, 0x0f, 0x00, 0x00, 0xd1, 0x0f, // .......]........
	0x00, 0x00, 0x41, 0x00, 0x05, 0x00, 0xb6, 0x01, 0x00, 0x00, 0xd4, 0x0f, 0x00, 0x00, 0x91, 0x01, // ..A.............
	0x00, 0x00, 0xa1, 0x03, 0x00, 0x00, 0x3d, 0x00, 0x04, 0x00, 0x0d, 0x00, 0x00, 0x00, 0xd5, 0x0f, // ......=.........
	0x00, 0x00, 0xd4, 0x0f, 0x00, 0x00, 0x4f, 0x00, 0x08, 0x00, 0x16, 0x00, 0x00, 0x00, 0xd6, 0x0f, // ......O.........
	0x00, 0x00, 0xd5, 0x0f, 0x00, 0x00, 0xd5, 0x0f, 0x00, 0x00, 0x00, 0x00, 0x00, 0x00, 0x01, 0x00, // ................
	0x00, 0x00, 0x02, 0x00, 0x00, 0x00, 0x7f, 0x00, 0x04, 0x00, 0x16, 0x00, 0x00, 0x00, 0xd7, 0x0f, // ................
	0x00, 0x00, 0xd6, 0x0f, 0x00, 0x00, 0x0c, 0x00, 0x06, 0x00, 0x16, 0x00, 0x00, 0x00, 0xd8, 0x0f, // ................
	0x00, 0x00, 0x01, 0x00, 0x00, 0x00, 0x45, 0x00, 0x00, 0x00, 0xd7, 0x0f, 0x00, 0x00, 0x94, 0x00, // ......E.........
	0x05, 0x00, 0x07, 0x00, 0x00, 0x00, 0xdb, 0x0f, 0x00, 0x00, 0x94, 0x0f, 0x00, 0x00, 0xd8, 0x0f, // ................
	0x00, 0x00, 0xb8, 0x00, 0x05, 0x00, 0x97, 0x01, 0x00, 0x00, 0xdc, 0x0f, 0x00, 0x00, 0xdb, 0x0f, // ................
	0x00, 0x00, 0x73, 0x01, 0x00, 0x00, 0x7f, 0x00, 0x04, 0x00, 0x16, 0x00, 0x00, 0x00, 0xde, 0x0f, // ..s.............
	0x00, 0x00, 0x94, 0x0f, 0x00, 0x00, 0x50, 0x00, 0x06, 0x00, 0xf6, 0x09, 0x00, 0x00, 0xe0, 0x0f, // ......P.........
	0x00, 0x00, 0xdc, 0x0f, 0x00, 0x00, 0xdc, 0x0f, 0x00, 0x00, 0xdc, 0x0f, 0x00, 0x00, 0xa9, 0x00, // ................
	0x06, 0x00, 0x16, 0x00, 0x00, 0x00, 0xe1, 0x0f, 0x00, 0x00, 0xe0, 0x0f, 0x00, 0x00, 0xde, 0x0f, // ................
	0x00, 0x00, 0x94, 0x0f, 0x00, 0x00, 0xf7, 0x00, 0x03, 0x00, 0x3a, 0x14, 0x00, 0x00, 0x00, 0x00, // ..........:.....
	0x00, 0x00, 0xfb, 0x00, 0x03, 0x00, 0xcc, 0x01, 0x00, 0x00, 0xb3, 0x13, 0x00, 0x00, 0xf8, 0x00, // ................
	0x02, 0x00, 0xb3, 0x13, 0x00, 0x00, 0xcf, 0x00, 0x04, 0x00, 0x16, 0x00, 0x00, 0x00, 0xb5, 0x13, // ................
	0x00, 0x00, 0xec, 0x0d, 0x00, 0x00, 0x7f, 0x00, 0x04, 0x00, 0x16, 0x00, 0x00, 0x00, 0xb7, 0x13, // ................
	0x00, 0x00, 0xec, 0x0d, 0x00, 0x00, 0xd0, 0x00, 0x04, 0x00, 0x16, 0x00, 0x00, 0x00, 0xb8, 0x13, // ................
	0x00, 0x00, 0xb7, 0x13, 0x00, 0x00, 0x41, 0x00, 0x06, 0x00, 0x93, 0x01, 0x00, 0x00, 0xb9, 0x13, // ......A.........
	0x00, 0x00, 0x91, 0x01, 0x00, 0x00, 0xac, 0x04, 0x00, 0x00, 0x88, 0x01, 0x00, 0x00, 0x3d, 0x00, // ..............=.
	0x04, 0x00, 0x07, 0x00, 0x00, 0x00, 0xba, 0x13, 0x00, 0x00, 0xb9, 0x13, 0x00, 0x00, 0xb8, 0x00, // ................
	0x05, 0x00, 0x97, 0x01, 0x00, 0x00, 0xbb, 0x13, 0x00, 0x00, 0xba, 0x13, 0x00, 0x00, 0x96, 0x01, // ................
	0x00, 0x00, 0xf7, 0x00, 0x03, 0x00, 0xbd, 0x13, 0x00, 0x00, 0x00, 0x00, 0x00, 0x00, 0xfa, 0x00, // ................
	0x04, 0x00, 0xbb, 0x13, 0x00, 0x00, 0xbc, 0x13, 0x00, 0x00, 0xbd, 0x13, 0x00, 0x00, 0xf8, 0x00, // ................
	0x02, 0x00, 0xbc, 0x13, 0x00, 0x00, 0xf9, 0x00, 0x02, 0x00, 0x3a, 0x14, 0x00, 0x00, 0xf8, 0x00, // ..........:.....
	0x02, 0x00, 0xbd, 0x13, 0x00, 0x00, 0x94, 0x00, 0x05, 0x00, 0x07, 0x00, 0x00, 0x00, 0xc5, 0x13, // ................
	0x00, 0x00, 0xe1, 0x0f, 0x00, 0x00, 0xd8, 0x0f, 0x00, 0x00, 0xbc, 0x00, 0x05, 0x00, 0x97, 0x01, // ................
	0x00, 0x00, 0xc7, 0x13, 0x00, 0x00, 0xc5, 0x13, 0x00, 0x00, 0x73, 0x01, 0x00, 0x00, 0xf7, 0x00, // ..........s.....
	0x03, 0x00, 0xc9, 0x13, 0x00, 0x00, 0x00, 0x00, 0x00, 0x00, 0xfa, 0x00, 0x04, 0x00, 0xc7, 0x13, // ................
	0x00, 0x00, 0xc8, 0x13, 0x00, 0x00, 0xc9, 0x13, 0x00, 0x00, 0xf8, 0x00, 0x02, 0x00, 0xc8, 0x13, // ................
	0x00, 0x00, 0xf9, 0x00, 0x02, 0x00, 0x3a, 0x14, 0x00, 0x00, 0xf8, 0x00, 0x02, 0x00, 0xc9, 0x13, // ......:.........
	0x00, 0x00, 0x83, 0x00, 0x05, 0x00, 0x07, 0x00, 0x00, 0x00, 0xcb, 0x13, 0x00, 0x00, 0xa1, 0x01, // ................
	0x00, 0x00, 0xc5, 0x13, 0x00, 0x00, 0x0c, 0x00, 0x08, 0x00, 0x07, 0x00, 0x00, 0x00, 0xcc, 0x13, // ................
	0x00, 0x00, 0x01, 0x00, 0x00, 0x00, 0x2b, 0x00, 0x00, 0x00, 0xcb, 0x13, 0x00, 0x00, 0x73, 0x01, // ......+.......s.
	0x00, 0x00, 0xa1, 0x01, 0x00, 0x00, 0x51, 0x00, 0x05, 0x00, 0x07, 0x00, 0x00, 0x00, 0xce, 0x13, // ......Q.........
	0x00, 0x00, 0xec, 0x0d, 0x00, 0x00, 0x00, 0x00, 0x00, 0x00, 0x51, 0x00, 0x05, 0x00, 0x07, 0x00, // ..........Q.....
	0x00, 0x00, 0xcf, 0x13, 0x00, 0x00, 0xec, 0x0d, 0x00, 0x00, 0x01, 0x00, 0x00, 0x00, 0x51, 0x00, // ..............Q.
	0x05, 0x00, 0x07, 0x00, 0x00, 0x00, 0xd0, 0x13, 0x00, 0x00, 0xec, 0x0d, 0x00, 0x00, 0x02, 0x00, // ................
	0x00, 0x00, 0x50, 0x00, 0x07, 0x00, 0x0d, 0x00, 0x00, 0x00, 0xd1, 0x13, 0x00, 0x00, 0xce, 0x13, // ..P.............
	0x00, 0x00, 0xcf, 0x13, 0x00, 0x00, 0xd0, 0x13, 0x00, 0x00, 0xa1, 0x01, 0x00, 0x00, 0x41, 0x00, // ..............A.
	0x05, 0x00, 0xca, 0x03, 0x00, 0x00, 0xd2, 0x13, 0x00, 0x00, 0x91, 0x01, 0x00, 0x00, 0xa8, 0x07, // ................
	0x00, 0x00, 0x3d, 0x00, 0x04, 0x00, 0x87, 0x01, 0x00, 0x00, 0xd3, 0x13, 0x00, 0x00, 0xd2, 0x13, // ..=.............
	0x00, 0x00, 0x90, 0x00, 0x05, 0x00, 0x0d, 0x00, 0x00, 0x00, 0xd4, 0x13, 0x00, 0x00, 0xd1, 0x13, // ................
	0x00, 0x00, 0xd3, 0x13, 0x00, 0x00, 0x51, 0x00, 0x05, 0x00, 0x07, 0x00, 0x00, 0x00, 0xd5, 0x13, // ......Q.........
	0x00, 0x00, 0xd4, 0x13, 0x00, 0x00, 0x02, 0x00, 0x00, 0x00, 0xbc, 0x00, 0x05, 0x00, 0x97, 0x01, // ................
	0x00, 0x00, 0xd7, 0x13, 0x00, 0x00, 0xd5, 0x13, 0x00, 0x00, 0x73, 0x01, 0x00, 0x00, 0x41, 0x00, // ..........s...A.
	0x06, 0x00, 0x93, 0x01, 0x00, 0x00, 0xd9, 0x13, 0x00, 0x00, 0x91, 0x01, 0x00, 0x00, 0xb0, 0x07, // ................
	0x00, 0x00, 0x4f, 0x01, 0x00, 0x00, 0x3d, 0x00, 0x04, 0x00, 0x07, 0x00, 0x00, 0x00, 0xda, 0x13, // ..O...=.........
	0x00, 0x00, 0xd9, 0x13, 0x00, 0x00, 0xbe, 0x00, 0x05, 0x00, 0x97, 0x01, 0x00, 0x00, 0xdb, 0x13, // ................
	0x00, 0x00, 0xd5, 0x13, 0x00, 0x00, 0xda, 0x13, 0x00, 0x00, 0xa6, 0x00, 0x05, 0x00, 0x97, 0x01, // ................
	0x00, 0x00, 0xdc, 0x13, 0x00, 0x00, 0xd7, 0x13, 0x00, 0x00, 0xdb, 0x13, 0x00, 0x00, 0xf7, 0x00, // ................
	0x03, 0x00, 0xde, 0x13, 0x00, 0x00, 0x00, 0x00, 0x00, 0x00, 0xfa, 0x00, 0x04, 0x00, 0xdc, 0x13, // ................
	0x00, 0x00, 0xdd, 0x13, 0x00, 0x00, 0xde, 0x13, 0x00, 0x00, 0xf8, 0x00, 0x02, 0x00, 0xdd, 0x13, // ................
	0x00, 0x00, 0xf9, 0x00, 0x02, 0x00, 0x3a, 0x14, 0x00, 0x00, 0xf8, 0x00, 0x02, 0x00, 0xde, 0x13, // ......:.........
	0x00, 0x00, 0x41, 0x00, 0x06, 0x00, 0x93, 0x01, 0x00, 0x00, 0xe0, 0x13, 0x00, 0x00, 0x91, 0x01, // ..A.............
	0x00, 0x00, 0xb0, 0x07, 0x00, 0x00, 0xcc, 0x01, 0x00, 0x00, 0x3d, 0x00, 0x04, 0x00, 0x07, 0x00, // ..........=.....
	0x00, 0x00, 0xe1, 0x13, 0x00, 0x00, 0xe0, 0x13, 0x00, 0x00, 0xbc, 0x00, 0x05, 0x00, 0x97, 0x01, // ................
	0x00, 0x00, 0xe2, 0x13, 0x00, 0x00, 0xd5, 0x13, 0x00, 0x00, 0xe1, 0x13, 0x00, 0x00, 0x41, 0x00, // ..............A.
	0x06, 0x00, 0x93, 0x01, 0x00, 0x00, 0xe4, 0x13, 0x00, 0x00, 0x91, 0x01, 0x00, 0x00, 0xb0, 0x07, // ................
	0x00, 0x00, 0xcf, 0x01, 0x00, 0x00, 0x3d, 0x00, 0x04, 0x00, 0x07, 0x00, 0x00, 0x00, 0xe5, 0x13, // ......=.........
	0x00, 0x00, 0xe4, 0x13, 0x00, 0x00, 0xbc, 0x00, 0x05, 0x00, 0x97, 0x01, 0x00, 0x00, 0xe6, 0x13, // ................
	0x00, 0x00, 0xd5, 0x13, 0x00, 0x00, 0xe5, 0x13, 0x00, 0x00, 0xa9, 0x00, 0x06, 0x00, 0x1f, 0x00, // ................
	0x00, 0x00, 0xe7, 0x13, 0x00, 0x00, 0xe6, 0x13, 0x00, 0x00, 0x26, 0x01, 0x00, 0x00, 0xc1, 0x07, // ..........&.....
	0x00, 0x00, 0xa9, 0x00, 0x06, 0x00, 0x1f, 0x00, 0x00, 0x00, 0xe8, 0x13, 0x00, 0x00, 0xe2, 0x13, // ................
	0x00, 0x00, 0x2a, 0x01, 0x00, 0x00, 0xe7, 0x13, 0x00, 0x00, 0xf7, 0x00, 0x03, 0x00, 0x11, 0x18, // ..*.............
	0x00, 0x00, 0x00, 0x00, 0x00, 0x00, 0xfb, 0x00, 0x03, 0x00, 0xcc, 0x01, 0x00, 0x00, 0x08, 0x15, // ................
	0x00, 0x00, 0xf8, 0x00, 0x02, 0x00, 0x08, 0x15, 0x00, 0x00, 0x0c, 0x00, 0x06, 0x00, 0x16, 0x00, // ................
	0x00, 0x00, 0x0c, 0x15, 0x00, 0x00, 0x01, 0x00, 0x00, 0x00, 0x45, 0x00, 0x00, 0x00, 0xd6, 0x0f, // ..........E.....
	0x00, 0x00, 0xaa, 0x00, 0x05, 0x00, 0x97, 0x01, 0x00, 0x00, 0x0e, 0x15, 0x00, 0x00, 0xe8, 0x13, // ................
	0x00, 0x00, 0x2a, 0x01, 0x00, 0x00, 0x41, 0x00, 0x06, 0x00, 0x93, 0x01, 0x00, 0x00, 0x0f, 0x15, // ..*...A.........
	0x00, 0x00, 0x91, 0x01, 0x00, 0x00, 0xa9, 0x03, 0x00, 0x00, 0xcc, 0x01, 0x00, 0x00, 0x3d, 0x00, // ..............=.
	0x04, 0x00, 0x07, 0x00, 0x00, 0x00, 0x10, 0x15, 0x00, 0x00, 0x0f, 0x15, 0x00, 0x00, 0xaa, 0x00, // ................
	0x05, 0x00, 0x97, 0x01, 0x00, 0x00, 0x12, 0x15, 0x00, 0x00, 0xe8, 0x13, 0x00, 0x00, 0x26, 0x01, // ..............&.
	0x00, 0x00, 0x41, 0x00, 0x06, 0x00, 0x93, 0x01, 0x00, 0x00, 0x13, 0x15, 0x00, 0x00, 0x91, 0x01, // ..A.............
	0x00, 0x00, 0xa9, 0x03, 0x00, 0x00, 0xcf, 0x01, 0x00, 0x00, 0x3d, 0x00, 0x04, 0x00, 0x07, 0x00, // ..........=.....
	0x00, 0x00, 0x14, 0x15, 0x00, 0x00, 0x13, 0x15, 0x00, 0x00, 0x41, 0x00, 0x06, 0x00, 0x93, 0x01, // ..........A.....
	0x00, 0x00, 0x15, 0x15, 0x00, 0x00, 0x91, 0x01, 0x00, 0x00, 0xa9, 0x03, 0x00, 0x00, 0x4f, 0x01, // ..............O.
	0x00, 0x00, 0x3d, 0x00, 0x04, 0x00, 0x07, 0x00, 0x00, 0x00, 0x16, 0x15, 0x00, 0x00, 0x15, 0x15, // ..=.............
	0x00, 0x00, 0xa9, 0x00, 0x06, 0x00, 0x07, 0x00, 0x00, 0x00, 0x17, 0x15, 0x00, 0x00, 0x12, 0x15, // ................
	0x00, 0x00, 0x14, 0x15, 0x00, 0x00, 0x16, 0x15, 0x00, 0x00, 0xa9, 0x00, 0x06, 0x00, 0x07, 0x00, // ................
	0x00, 0x00, 0x18, 0x15, 0x00, 0x00, 0x0e, 0x15, 0x00, 0x00, 0x10, 0x15, 0x00, 0x00, 0x17, 0x15, // ................
	0x00, 0x00, 0x8e, 0x00, 0x05, 0x00, 0x16, 0x00, 0x00, 0x00, 0x1b, 0x15, 0x00, 0x00, 0xe1, 0x0f, // ................
	0x00, 0x00, 0x18, 0x15, 0x00, 0x00, 0x94, 0x00, 0x05, 0x00, 0x07, 0x00, 0x00, 0x00, 0x1e, 0x15, // ................
	0x00, 0x00, 0xe1, 0x0f, 0x00, 0x00, 0x0c, 0x15, 0x00, 0x00, 0x0c, 0x00, 0x06, 0x00, 0x07, 0x00, // ................
	0x00, 0x00, 0x1f, 0x15, 0x00, 0x00, 0x01, 0x00, 0x00, 0x00, 0x04, 0x00, 0x00, 0x00, 0x1e, 0x15, // ................
	0x00, 0x00, 0x83, 0x00, 0x05, 0x00, 0x07, 0x00, 0x00, 0x00, 0x20, 0x15, 0x00, 0x00, 0xa1, 0x01, // .......... .....
	0x00, 0x00, 0x1f, 0x15, 0x00, 0x00, 0x8e, 0x00, 0x05, 0x00, 0x16, 0x00, 0x00, 0x00, 0x21, 0x15, // ..............!.
	0x00, 0x00, 0x1b, 0x15, 0x00, 0x00, 0x20, 0x15, 0x00, 0x00, 0x81, 0x00, 0x05, 0x00, 0x16, 0x00, // ...... .........
	0x00, 0x00, 0x24, 0x15, 0x00, 0x00, 0xec, 0x0d, 0x00, 0x00, 0x21, 0x15, 0x00, 0x00, 0x51, 0x00, // ..$.......!...Q.
	0x05, 0x00, 0x07, 0x00, 0x00, 0x00, 0x26, 0x15, 0x00, 0x00, 0x24, 0x15, 0x00, 0x00, 0x00, 0x00, // ......&...$.....
	0x00, 0x00, 0x51, 0x00, 0x05, 0x00, 0x07, 0x00, 0x00, 0x00, 0x27, 0x15, 0x00, 0x00, 0x24, 0x15, // ..Q.......'...$.
	0x00, 0x00, 0x01, 0x00, 0x00, 0x00, 0x51, 0x00, 0x05, 0x00, 0x07, 0x00, 0x00, 0x00, 0x28, 0x15, // ......Q.......(.
	0x00, 0x00, 0x24, 0x15, 0x00, 0x00, 0x02, 0x00, 0x00, 0x00, 0x50, 0x00, 0x07, 0x00, 0x0d, 0x00, // ..$.......P.....
	0x00, 0x00, 0x29, 0x15, 0x00, 0x00, 0x26, 0x15, 0x00, 0x00, 0x27, 0x15, 0x00, 0x00, 0x28, 0x15, // ..)...&...'...(.
	0x00, 0x00, 0xa1, 0x01, 0x00, 0x00, 0x41, 0x00, 0x06, 0x00, 0xca, 0x03, 0x00, 0x00, 0x2b, 0x15, // ......A.......+.
	0x00, 0x00, 0x91, 0x01, 0x00, 0x00, 0xc8, 0x03, 0x00, 0x00, 0xe8, 0x13, 0x00, 0x00, 0x3d, 0x00, // ..............=.
	0x04, 0x00, 0x87, 0x01, 0x00, 0x00, 0x2c, 0x15, 0x00, 0x00, 0x2b, 0x15, 0x00, 0x00, 0x90, 0x00, // ......,...+.....
	0x05, 0x00, 0x0d, 0x00, 0x00, 0x00, 0x2d, 0x15, 0x00, 0x00, 0x29, 0x15, 0x00, 0x00, 0x2c, 0x15, // ......-...)...,.
	0x00, 0x00, 0x51, 0x00, 0x05, 0x00, 0x07, 0x00, 0x00, 0x00, 0x2f, 0x15, 0x00, 0x00, 0xb5, 0x13, // ..Q......./.....
	0x00, 0x00, 0x00, 0x00, 0x00, 0x00, 0x51, 0x00, 0x05, 0x00, 0x07, 0x00, 0x00, 0x00, 0x30, 0x15, // ......Q.......0.
	0x00, 0x00, 0xb5, 0x13, 0x00, 0x00, 0x01, 0x00, 0x00, 0x00, 0x51, 0x00, 0x05, 0x00, 0x07, 0x00, // ..........Q.....
	0x00, 0x00, 0x31, 0x15, 0x00, 0x00, 0xb5, 0x13, 0x00, 0x00, 0x02, 0x00, 0x00, 0x00, 0x50, 0x00, // ..1...........P.
	0x07, 0x00, 0x0d, 0x00, 0x00, 0x00, 0x32, 0x15, 0x00, 0x00, 0x2f, 0x15, 0x00, 0x00, 0x30, 0x15, // ......2.../...0.
	0x00, 0x00, 0x31, 0x15, 0x00, 0x00, 0x73, 0x01, 0x00, 0x00, 0x90, 0x00, 0x05, 0x00, 0x0d, 0x00, // ..1...s.........
	0x00, 0x00, 0x36, 0x15, 0x00, 0x00, 0x32, 0x15, 0x00, 0x00, 0x2c, 0x15, 0x00, 0x00, 0x51, 0x00, // ..6...2...,...Q.
	0x05, 0x00, 0x07, 0x00, 0x00, 0x00, 0x38, 0x15, 0x00, 0x00, 0xb8, 0x13, 0x00, 0x00, 0x00, 0x00, // ......8.........
	0x00, 0x00, 0x51, 0x00, 0x05, 0x00, 0x07, 0x00, 0x00, 0x00, 0x39, 0x15, 0x00, 0x00, 0xb8, 0x13, // ..Q.......9.....
	0x00, 0x00, 0x01, 0x00, 0x00, 0x00, 0x51, 0x00, 0x05, 0x00, 0x07, 0x00, 0x00, 0x00, 0x3a, 0x15, // ......Q.......:.
	0x00, 0x00, 0xb8, 0x13, 0x00, 0x00, 0x02, 0x00, 0x00, 0x00, 0x50, 0x00, 0x07, 0x00, 0x0d, 0x00, // ..........P.....
	0x00, 0x00, 0x3b, 0x15, 0x00, 0x00, 0x38, 0x15, 0x00, 0x00, 0x39, 0x15, 0x00, 0x00, 0x3a, 0x15, // ..;...8...9...:.
	0x00, 0x00, 0x73, 0x01, 0x00, 0x00, 0x90, 0x00, 0x05, 0x00, 0x0d, 0x00, 0x00, 0x00, 0x3f, 0x15, // ..s...........?.
	0x00, 0x00, 0x3b, 0x15, 0x00, 0x00, 0x2c, 0x15, 0x00, 0x00, 0x51, 0x00, 0x05, 0x00, 0x07, 0x00, // ..;...,...Q.....
	0x00, 0x00, 0x41, 0x15, 0x00, 0x00, 0x2d, 0x15, 0x00, 0x00, 0x03, 0x00, 0x00, 0x00, 0x85, 0x00, // ..A...-.........
	0x05, 0x00, 0x07, 0x00, 0x00, 0x00, 0x44, 0x15, 0x00, 0x00, 0x41, 0x15, 0x00, 0x00, 0x41, 0x15, // ......D...A...A.
	0x00, 0x00, 0x0c, 0x00, 0x07, 0x00, 0x07, 0x00, 0x00, 0x00, 0x45, 0x15, 0x00, 0x00, 0x01, 0x00, // ..........E.....
	0x00, 0x00, 0x28, 0x00, 0x00, 0x00, 0x44, 0x15, 0x00, 0x00, 0xe8, 0x03, 0x00, 0x00, 0x88, 0x00, // ..(...D.........
	0x05, 0x00, 0x07, 0x00, 0x00, 0x00, 0x46, 0x15, 0x00, 0x00, 0xa1, 0x01, 0x00, 0x00, 0x45, 0x15, // ......F.......E.
	0x00, 0x00, 0x4f, 0x00, 0x08, 0x00, 0x16, 0x00, 0x00, 0x00, 0x48, 0x15, 0x00, 0x00, 0x36, 0x15, // ..O.......H...6.
	0x00, 0x00, 0x36, 0x15, 0x00, 0x00, 0x00, 0x00, 0x00, 0x00, 0x01, 0x00, 0x00, 0x00, 0x02, 0x00, // ..6.............
	0x00, 0x00, 0x8e, 0x00, 0x05, 0x00, 0x16, 0x00, 0x00, 0x00, 0x4b, 0x15, 0x00, 0x00, 0x48, 0x15, // ..........K...H.
	0x00, 0x00, 0x41, 0x15, 0x00, 0x00, 0x4f, 0x00, 0x08, 0x00, 0x16, 0x00, 0x00, 0x00, 0x4d, 0x15, // ..A...O.......M.
	0x00, 0x00, 0x2d, 0x15, 0x00, 0x00, 0x2d, 0x15, 0x00, 0x00, 0x00, 0x00, 0x00, 0x00, 0x01, 0x00, // ..-...-.........
	0x00, 0x00, 0x02, 0x00, 0x00, 0x00, 0x51, 0x00, 0x05, 0x00, 0x07, 0x00, 0x00, 0x00, 0x4f, 0x15, // ......Q.......O.
	0x00, 0x00, 0x36, 0x15, 0x00, 0x00, 0x03, 0x00, 0x00, 0x00, 0x8e, 0x00, 0x05, 0x00, 0x16, 0x00, // ..6.............
	0x00, 0x00, 0x50, 0x15, 0x00, 0x00, 0x4d, 0x15, 0x00, 0x00, 0x4f, 0x15, 0x00, 0x00, 0x83, 0x00, // ..P...M...O.....
	0x05, 0x00, 0x16, 0x00, 0x00, 0x00, 0x51, 0x15, 0x00, 0x00, 0x4b, 0x15, 0x00, 0x00, 0x50, 0x15, // ......Q...K...P.
	0x00, 0x00, 0x8e, 0x00, 0x05, 0x00, 0x16, 0x00, 0x00, 0x00, 0x53, 0x15, 0x00, 0x00, 0x51, 0x15, // ..........S...Q.
	0x00, 0x00, 0x46, 0x15, 0x00, 0x00, 0x4f, 0x00, 0x08, 0x00, 0x16, 0x00, 0x00, 0x00, 0x55, 0x15, // ..F...O.......U.
	0x00, 0x00, 0x3f, 0x15, 0x00, 0x00, 0x3f, 0x15, 0x00, 0x00, 0x00, 0x00, 0x00, 0x00, 0x01, 0x00, // ..?...?.........
	0x00, 0x00, 0x02, 0x00, 0x00, 0x00, 0x8e, 0x00, 0x05, 0x00, 0x16, 0x00, 0x00, 0x00, 0x58, 0x15, // ..............X.
	0x00, 0x00, 0x55, 0x15, 0x00, 0x00, 0x41, 0x15, 0x00, 0x00, 0x51, 0x00, 0x05, 0x00, 0x07, 0x00, // ..U...A...Q.....
	0x00, 0x00, 0x5c, 0x15, 0x00, 0x00, 0x3f, 0x15, 0x00, 0x00, 0x03, 0x00, 0x00, 0x00, 0x8e, 0x00, // ......?.........
	0x05, 0x00, 0x16, 0x00, 0x00, 0x00, 0x5d, 0x15, 0x00, 0x00, 0x4d, 0x15, 0x00, 0x00, 0x5c, 0x15, // ......]...M.....
	0x00, 0x00, 0x83, 0x00, 0x05, 0x00, 0x16, 0x00, 0x00, 0x00, 0x5e, 0x15, 0x00, 0x00, 0x58, 0x15, // ..........^...X.
	0x00, 0x00, 0x5d, 0x15, 0x00, 0x00, 0x8e, 0x00, 0x05, 0x00, 0x16, 0x00, 0x00, 0x00, 0x60, 0x15, // ..]...........`.
	0x00, 0x00, 0x5e, 0x15, 0x00, 0x00, 0x46, 0x15, 0x00, 0x00, 0x50, 0x00, 0x06, 0x00, 0x16, 0x00, // ..^...F...P.....
	0x00, 0x00, 0x65, 0x15, 0x00, 0x00, 0x41, 0x15, 0x00, 0x00, 0x41, 0x15, 0x00, 0x00, 0x41, 0x15, // ..e...A...A...A.
	0x00, 0x00, 0x88, 0x00, 0x05, 0x00, 0x16, 0x00, 0x00, 0x00, 0x66, 0x15, 0x00, 0x00, 0x4d, 0x15, // ..........f...M.
	0x00, 0x00, 0x65, 0x15, 0x00, 0x00, 0x51, 0x00, 0x05, 0x00, 0x07, 0x00, 0x00, 0x00, 0x67, 0x15, // ..e...Q.......g.
	0x00, 0x00, 0x66, 0x15, 0x00, 0x00, 0x00, 0x00, 0x00, 0x00, 0x51, 0x00, 0x05, 0x00, 0x07, 0x00, // ..f.......Q.....
	0x00, 0x00, 0x68, 0x15, 0x00, 0x00, 0x66, 0x15, 0x00, 0x00, 0x01, 0x00, 0x00, 0x00, 0x51, 0x00, // ..h...f.......Q.
	0x05, 0x00, 0x07, 0x00, 0x00, 0x00, 0x69, 0x15, 0x00, 0x00, 0x66, 0x15, 0x00, 0x00, 0x02, 0x00, // ......i...f.....
	0x00, 0x00, 0x50, 0x00, 0x07, 0x00, 0x0d, 0x00, 0x00, 0x00, 0x6a, 0x15, 0x00, 0x00, 0x67, 0x15, // ..P.......j...g.
	0x00, 0x00, 0x68, 0x15, 0x00, 0x00, 0x69, 0x15, 0x00, 0x00, 0xa1, 0x01, 0x00, 0x00, 0x41, 0x00, // ..h...i.......A.
	0x06, 0x00, 0x93, 0x01, 0x00, 0x00, 0x6b, 0x15, 0x00, 0x00, 0x91, 0x01, 0x00, 0x00, 0x12, 0x04, // ......k.........
	0x00, 0x00, 0xcc, 0x01, 0x00, 0x00, 0x3d, 0x00, 0x04, 0x00, 0x07, 0x00, 0x00, 0x00, 0x6c, 0x15, // ......=.......l.
	0x00, 0x00, 0x6b, 0x15, 0x00, 0x00, 0xba, 0x00, 0x05, 0x00, 0x97, 0x01, 0x00, 0x00, 0x6d, 0x15, // ..k...........m.
	0x00, 0x00, 0x6c, 0x15, 0x00, 0x00, 0x96, 0x01, 0x00, 0x00, 0xf7, 0x00, 0x03, 0x00, 0x7c, 0x15, // ..l...........|.
	0x00, 0x00, 0x00, 0x00, 0x00, 0x00, 0xfa, 0x00, 0x04, 0x00, 0x6d, 0x15, 0x00, 0x00, 0x6e, 0x15, // ..........m...n.
	0x00, 0x00, 0x7c, 0x15, 0x00, 0x00, 0xf8, 0x00, 0x02, 0x00, 0x6e, 0x15, 0x00, 0x00, 0x85, 0x00, // ..|.......n.....
	0x05, 0x00, 0x07, 0x00, 0x00, 0x00, 0x71, 0x15, 0x00, 0x00, 0x69, 0x15, 0x00, 0x00, 0x96, 0x01, // ......q...i.....
	0x00, 0x00, 0x81, 0x00, 0x05, 0x00, 0x07, 0x00, 0x00, 0x00, 0x72, 0x15, 0x00, 0x00, 0x71, 0x15, // ..........r...q.
	0x00, 0x00, 0x96, 0x01, 0x00, 0x00, 0x52, 0x00, 0x06, 0x00, 0x0d, 0x00, 0x00, 0x00, 0xb2, 0x5c, // ......R.........
	0x00, 0x00, 0x72, 0x15, 0x00, 0x00, 0x6a, 0x15, 0x00, 0x00, 0x02, 0x00, 0x00, 0x00, 0x51, 0x00, // ..r...j.......Q.
	0x05, 0x00, 0x07, 0x00, 0x00, 0x00, 0x75, 0x15, 0x00, 0x00, 0x53, 0x15, 0x00, 0x00, 0x02, 0x00, // ......u...S.....
	0x00, 0x00, 0x85, 0x00, 0x05, 0x00, 0x07, 0x00, 0x00, 0x00, 0x76, 0x15, 0x00, 0x00, 0x75, 0x15, // ..........v...u.
	0x00, 0x00, 0x96, 0x01, 0x00, 0x00, 0x52, 0x00, 0x06, 0x00, 0x16, 0x00, 0x00, 0x00, 0xb5, 0x5c, // ......R.........
	0x00, 0x00, 0x76, 0x15, 0x00, 0x00, 0x53, 0x15, 0x00, 0x00, 0x02, 0x00, 0x00, 0x00, 0x51, 0x00, // ..v...S.......Q.
	0x05, 0x00, 0x07, 0x00, 0x00, 0x00, 0x79, 0x15, 0x00, 0x00, 0x60, 0x15, 0x00, 0x00, 0x02, 0x00, // ......y...`.....
	0x00, 0x00, 0x85, 0x00, 0x05, 0x00, 0x07, 0x00, 0x00, 0x00, 0x7a, 0x15, 0x00, 0x00, 0x79, 0x15, // ..........z...y.
	0x00, 0x00, 0x96, 0x01, 0x00, 0x00, 0x52, 0x00, 0x06, 0x00, 0x16, 0x00, 0x00, 0x00, 0xb8, 0x5c, // ......R.........
	0x00, 0x00, 0x7a, 0x15, 0x00, 0x00, 0x60, 0x15, 0x00, 0x00, 0x02, 0x00, 0x00, 0x00, 0xf9, 0x00, // ..z...`.........
	0x02, 0x00, 0x7c, 0x15, 0x00, 0x00, 0xf8, 0x00, 0x02, 0x00, 0x7c, 0x15, 0x00, 0x00, 0xf5, 0x00, // ..|.......|.....
	0x07, 0x00, 0x16, 0x00, 0x00, 0x00, 0xc3, 0x5d, 0x00, 0x00, 0x60, 0x15, 0x00, 0x00, 0x08, 0x15, // .......]..`.....
	0x00, 0x00, 0xb8, 0x5c, 0x00, 0x00, 0x6e, 0x15, 0x00, 0x00, 0xf5, 0x00, 0x07, 0x00, 0x16, 0x00, // ......n.........
	0x00, 0x00, 0xc2, 0x5d, 0x00, 0x00, 0x53, 0x15, 0x00, 0x00, 0x08, 0x15, 0x00, 0x00, 0xb5, 0x5c, // ...]..S.........
	0x00, 0x00, 0x6e, 0x15, 0x00, 0x00, 0xf5, 0x00, 0x07, 0x00, 0x0d, 0x00, 0x00, 0x00, 0xc1, 0x5d, // ..n............]
	0x00, 0x00, 0x6a, 0x15, 0x00, 0x00, 0x08, 0x15, 0x00, 0x00, 0xb2, 0x5c, 0x00, 0x00, 0x6e, 0x15, // ..j...........n.
	0x00, 0x00, 0x51, 0x00, 0x05, 0x00, 0x07, 0x00, 0x00, 0x00, 0x7e, 0x15, 0x00, 0x00, 0xc1, 0x5d, // ..Q.......~....]
	0x00, 0x00, 0x00, 0x00, 0x00, 0x00, 0xb8, 0x00, 0x05, 0x00, 0x97, 0x01, 0x00, 0x00, 0x7f, 0x15, // ................
	0x00, 0x00, 0x7e, 0x15, 0x00, 0x00, 0x9e, 0x01, 0x00, 0x00, 0xba, 0x00, 0x05, 0x00, 0x97, 0x01, // ..~.............
	0x00, 0x00, 0x82, 0x15, 0x00, 0x00, 0x7e, 0x15, 0x00, 0x00, 0xa1, 0x01, 0x00, 0x00, 0xa6, 0x00, // ......~.........
	0x05, 0x00, 0x97, 0x01, 0x00, 0x00, 0x83, 0x15, 0x00, 0x00, 0x7f, 0x15, 0x00, 0x00, 0x82, 0x15, // ................
	0x00, 0x00, 0x51, 0x00, 0x05, 0x00, 0x07, 0x00, 0x00, 0x00, 0x85, 0x15, 0x00, 0x00, 0xc1, 0x5d, // ..Q............]
	0x00, 0x00, 0x01, 0x00, 0x00, 0x00, 0xb8, 0x00, 0x05, 0x00, 0x97, 0x01, 0x00, 0x00, 0x86, 0x15, // ................
	0x00, 0x00, 0x85, 0x15, 0x00, 0x00, 0x9e, 0x01, 0x00, 0x00, 0xa6, 0x00, 0x05, 0x00, 0x97, 0x01, // ................
	0x00, 0x00, 0x87, 0x15, 0x00, 0x00, 0x83, 0x15, 0x00, 0x00, 0x86, 0x15, 0x00, 0x00, 0xba, 0x00, // ................
	0x05, 0x00, 0x97, 0x01, 0x00, 0x00, 0x8a, 0x15, 0x00, 0x00, 0x85, 0x15, 0x00, 0x00, 0xa1, 0x01, // ................
	0x00, 0x00, 0xa6, 0x00, 0x05, 0x00, 0x97, 0x01, 0x00, 0x00, 0x8b, 0x15, 0x00, 0x00, 0x87, 0x15, // ................
	0x00, 0x00, 0x8a, 0x15, 0x00, 0x00, 0x51, 0x00, 0x05, 0x00, 0x07, 0x00, 0x00, 0x00, 0x8d, 0x15, // ......Q.........
	0x00, 0x00, 0xc1, 0x5d, 0x00, 0x00, 0x02, 0x00, 0x00, 0x00, 0xb8, 0x00, 0x05, 0x00, 0x97, 0x01, // ...]............
	0x00, 0x00, 0x8e, 0x15, 0x00, 0x00, 0x8d, 0x15, 0x00, 0x00, 0x73, 0x01, 0x00, 0x00, 0xa6, 0x00, // ..........s.....
	0x05, 0x00, 0x97, 0x01, 0x00, 0x00, 0x8f, 0x15, 0x00, 0x00, 0x8b, 0x15, 0x00, 0x00, 0x8e, 0x15, // ................
	0x00, 0x00, 0xba, 0x00, 0x05, 0x00, 0x97, 0x01, 0x00, 0x00, 0x92, 0x15, 0x00, 0x00, 0x8d, 0x15, // ................
	0x00, 0x00, 0xa1, 0x01, 0x00, 0x00, 0xa6, 0x00, 0x05, 0x00, 0x97, 0x01, 0x00, 0x00, 0x93, 0x15, // ................
	0x00, 0x00, 0x8f, 0x15, 0x00, 0x00, 0x92, 0x15, 0x00, 0x00, 0xf7, 0x00, 0x03, 0x00, 0x95, 0x15, // ................
	0x00, 0x00, 0x00, 0x00, 0x00, 0x00, 0xfa, 0x00, 0x04, 0x00, 0x93, 0x15, 0x00, 0x00, 0x94, 0x15, // ................
	0x00, 0x00, 0x95, 0x15, 0x00, 0x00, 0xf8, 0x00, 0x02, 0x00, 0x94, 0x15, 0x00, 0x00, 0xf9, 0x00, // ................
	0x02, 0x00, 0x11, 0x18, 0x00, 0x00, 0xf8, 0x00, 0x02, 0x00, 0x95, 0x15, 0x00, 0x00, 0x4f, 0x00, // ..............O.
	0x07, 0x00, 0x0b, 0x00, 0x00, 0x00, 0x97, 0x15, 0x00, 0x00, 0xc1, 0x5d, 0x00, 0x00, 0xc1, 0x5d, // ...........]...]
	0x00, 0x00, 0x00, 0x00, 0x00, 0x00, 0x01, 0x00, 0x00, 0x00, 0x8e, 0x00, 0x05, 0x00, 0x0b, 0x00, // ................
	0x00, 0x00, 0x98, 0x15, 0x00, 0x00, 0x97, 0x15, 0x00, 0x00, 0x96, 0x01, 0x00, 0x00, 0x81, 0x00, // ................
	0x05, 0x00, 0x0b, 0x00, 0x00, 0x00, 0x9a, 0x15, 0x00, 0x00, 0x98, 0x15, 0x00, 0x00, 0xa4, 0x5d, // ...............]
	0x00, 0x00, 0x51, 0x00, 0x05, 0x00, 0x07, 0x00, 0x00, 0x00, 0x9c, 0x15, 0x00, 0x00, 0x9a, 0x15, // ..Q.............
	0x00, 0x00, 0x01, 0x00, 0x00, 0x00, 0x83, 0x00, 0x05, 0x00, 0x07, 0x00, 0x00, 0x00, 0x9d, 0x15, // ................
	0x00, 0x00, 0xa1, 0x01, 0x00, 0x00, 0x9c, 0x15, 0x00, 0x00, 0x41, 0x00, 0x06, 0x00, 0x93, 0x01, // ..........A.....
	0x00, 0x00, 0xa0, 0x15, 0x00, 0x00, 0x91, 0x01, 0x00, 0x00, 0x48, 0x04, 0x00, 0x00, 0xcf, 0x01, // ..........H.....
	0x00, 0x00, 0x3d, 0x00, 0x04, 0x00, 0x07, 0x00, 0x00, 0x00, 0xa1, 0x15, 0x00, 0x00, 0xa0, 0x15, // ..=.............
	0x00, 0x00, 0x0c, 0x00, 0x08, 0x00, 0x07, 0x00, 0x00, 0x00, 0x18, 0x18, 0x00, 0x00, 0x01, 0x00, // ................
	0x00, 0x00, 0x2e, 0x00, 0x00, 0x00, 0x9c, 0x15, 0x00, 0x00, 0x9d, 0x15, 0x00, 0x00, 0xa1, 0x15, // ................
	0x00, 0x00, 0x52, 0x00, 0x06, 0x00, 0x0b, 0x00, 0x00, 0x00, 0xc2, 0x5c, 0x00, 0x00, 0x18, 0x18, // ..R.............
	0x00, 0x00, 0x9a, 0x15, 0x00, 0x00, 0x01, 0x00, 0x00, 0x00, 0x4f, 0x00, 0x07, 0x00, 0x0b, 0x00, // ..........O.....
	0x00, 0x00, 0xa5, 0x15, 0x00, 0x00, 0xc2, 0x5d, 0x00, 0x00, 0xc2, 0x5d, 0x00, 0x00, 0x00, 0x00, // .......]...]....
	0x00, 0x00, 0x01, 0x00, 0x00, 0x00, 0x8e, 0x00, 0x05, 0x00, 0x0b, 0x00, 0x00, 0x00, 0xa6, 0x15, // ................
	0x00, 0x00, 0xa5, 0x15, 0x00, 0x00, 0x96, 0x01, 0x00, 0x00, 0x4f, 0x00, 0x07, 0x00, 0x0b, 0x00, // ..........O.....
	0x00, 0x00, 0xa8, 0x15, 0x00, 0x00, 0xc3, 0x5d, 0x00, 0x00, 0xc3, 0x5d, 0x00, 0x00, 0x00, 0x00, // .......]...]....
	0x00, 0x00, 0x01, 0x00, 0x00, 0x00, 0x8e, 0x00, 0x05, 0x00, 0x0b, 0x00, 0x00, 0x00, 0xa9, 0x15, // ................
	0x00, 0x00, 0xa8, 0x15, 0x00, 0x00, 0x96, 0x01, 0x00, 0x00, 0x51, 0x00, 0x05, 0x00, 0x07, 0x00, // ..........Q.....
	0x00, 0x00, 0xab, 0x15, 0x00, 0x00, 0xa6, 0x15, 0x00, 0x00, 0x01, 0x00, 0x00, 0x00, 0x7f, 0x00, // ................
	0x04, 0x00, 0x07, 0x00, 0x00, 0x00, 0xac, 0x15, 0x00, 0x00, 0xab, 0x15, 0x00, 0x00, 0x0c, 0x00, // ................
	0x08, 0x00, 0x07, 0x00, 0x00, 0x00, 0x1e, 0x18, 0x00, 0x00, 0x01, 0x00, 0x00, 0x00, 0x2e, 0x00, // ................
	0x00, 0x00, 0xab, 0x15, 0x00, 0x00, 0xac, 0x15, 0x00, 0x00, 0xa1, 0x15, 0x00, 0x00, 0x51, 0x00, // ..............Q.
	0x05, 0x00, 0x07, 0x00, 0x00, 0x00, 0xb4, 0x15, 0x00, 0x00, 0xa9, 0x15, 0x00, 0x00, 0x01, 0x00, // ................
	0x00, 0x00, 0x7f, 0x00, 0x04, 0x00, 0x07, 0x00, 0x00, 0x00, 0xb5, 0x15, 0x00, 0x00, 0xb4, 0x15, // ................
	0x00, 0x00, 0x0c, 0x00, 0x08, 0x00, 0x07, 0x00, 0x00, 0x00, 0x24, 0x18, 0x00, 0x00, 0x01, 0x00, // ..........$.....
	0x00, 0x00, 0x2e, 0x00, 0x00, 0x00, 0xb4, 0x15, 0x00, 0x00, 0xb5, 0x15, 0x00, 0x00, 0xa1, 0x15, // ................
	0x00, 0x00, 0x51, 0x00, 0x05, 0x00, 0x07, 0x00, 0x00, 0x00, 0xbd, 0x15, 0x00, 0x00, 0xa6, 0x15, // ..Q.............
	0x00, 0x00, 0x00, 0x00, 0x00, 0x00, 0x85, 0x00, 0x05, 0x00, 0x07, 0x00, 0x00, 0x00, 0xc0, 0x15, // ................
	0x00, 0x00, 0xbd, 0x15, 0x00, 0x00, 0x24, 0x18, 0x00, 0x00, 0x51, 0x00, 0x05, 0x00, 0x07, 0x00, // ......$...Q.....
	0x00, 0x00, 0xc4, 0x15, 0x00, 0x00, 0xa9, 0x15, 0x00, 0x00, 0x00, 0x00, 0x00, 0x00, 0x85, 0x00, // ................
	0x05, 0x00, 0x07, 0x00, 0x00, 0x00, 0xc5, 0x15, 0x00, 0x00, 0x1e, 0x18, 0x00, 0x00, 0xc4, 0x15, // ................
	0x00, 0x00, 0x83, 0x00, 0x05, 0x00, 0x07, 0x00, 0x00, 0x00, 0xc6, 0x15, 0x00, 0x00, 0xc0, 0x15, // ................
	0x00, 0x00, 0xc5, 0x15, 0x00, 0x00, 0x0c, 0x00, 0x06, 0x00, 0x07, 0x00, 0x00, 0x00, 0xc9, 0x15, // ................
	0x00, 0x00, 0x01, 0x00, 0x00, 0x00, 0x04, 0x00, 0x00, 0x00, 0xc6, 0x15, 0x00, 0x00, 0xba, 0x00, // ................
	0x05, 0x00, 0x97, 0x01, 0x00, 0x00, 0xca, 0x15, 0x00, 0x00, 0xc9, 0x15, 0x00, 0x00, 0x83, 0x04, // ................
	0x00, 0x00, 0xf7, 0x00, 0x03, 0x00, 0xec, 0x15, 0x00, 0x00, 0x00, 0x00, 0x00, 0x00, 0xfa, 0x00, // ................
	0x04, 0x00, 0xca, 0x15, 0x00, 0x00, 0xcb, 0x15, 0x00, 0x00, 0xec, 0x15, 0x00, 0x00, 0xf8, 0x00, // ................
	0x02, 0x00, 0xcb, 0x15, 0x00, 0x00, 0x51, 0x00, 0x05, 0x00, 0x07, 0x00, 0x00, 0x00, 0xcd, 0x15, // ......Q.........
	0x00, 0x00, 0xc2, 0x5d, 0x00, 0x00, 0x02, 0x00, 0x00, 0x00, 0x85, 0x00, 0x05, 0x00, 0x07, 0x00, // ...]............
	0x00, 0x00, 0xd0, 0x15, 0x00, 0x00, 0xcd, 0x15, 0x00, 0x00, 0x24, 0x18, 0x00, 0x00, 0x51, 0x00, // ..........$...Q.
	0x05, 0x00, 0x07, 0x00, 0x00, 0x00, 0xd2, 0x15, 0x00, 0x00, 0xc3, 0x5d, 0x00, 0x00, 0x02, 0x00, // ...........]....
	0x00, 0x00, 0x85, 0x00, 0x05, 0x00, 0x07, 0x00, 0x00, 0x00, 0xd5, 0x15, 0x00, 0x00, 0xd2, 0x15, // ................
	0x00, 0x00, 0x1e, 0x18, 0x00, 0x00, 0x83, 0x00, 0x05, 0x00, 0x07, 0x00, 0x00, 0x00, 0xd6, 0x15, // ................
	0x00, 0x00, 0xd0, 0x15, 0x00, 0x00, 0xd5, 0x15, 0x00, 0x00, 0x88, 0x00, 0x05, 0x00, 0x07, 0x00, // ................
	0x00, 0x00, 0xd8, 0x15, 0x00, 0x00, 0xd6, 0x15, 0x00, 0x00, 0xc6, 0x15, 0x00, 0x00, 0x85, 0x00, // ................
	0x05, 0x00, 0x07, 0x00, 0x00, 0x00, 0xde, 0x15, 0x00, 0x00, 0xbd, 0x15, 0x00, 0x00, 0xd2, 0x15, // ................
	0x00, 0x00, 0x85, 0x00, 0x05, 0x00, 0x07, 0x00, 0x00, 0x00, 0xe3, 0x15, 0x00, 0x00, 0xc4, 0x15, // ................
	0x00, 0x00, 0xcd, 0x15, 0x00, 0x00, 0x83, 0x00, 0x05, 0x00, 0x07, 0x00, 0x00, 0x00, 0xe4, 0x15, // ................
	0x00, 0x00, 0xde, 0x15, 0x00, 0x00, 0xe3, 0x15, 0x00, 0x00, 0x88, 0x00, 0x05, 0x00, 0x07, 0x00, // ................
	0x00, 0x00, 0xe6, 0x15, 0x00, 0x00, 0xe4, 0x15, 0x00, 0x00, 0xc6, 0x15, 0x00, 0x00, 0x50, 0x00, // ..............P.
	0x05, 0x00, 0x0b, 0x00, 0x00, 0x00, 0xa7, 0x5d, 0x00, 0x00, 0xd8, 0x15, 0x00, 0x00, 0xe6, 0x15, // .......]........
	0x00, 0x00, 0x0c, 0x00, 0x08, 0x00, 0x0b, 0x00, 0x00, 0x00, 0xeb, 0x15, 0x00, 0x00, 0x01, 0x00, // ................
	0x00, 0x00, 0x2b, 0x00, 0x00, 0x00, 0xa7, 0x5d, 0x00, 0x00, 0xa8, 0x5d, 0x00, 0x00, 0xa9, 0x5d, // ..+....]...]...]
	0x00, 0x00, 0xf9, 0x00, 0x02, 0x00, 0xec, 0x15, 0x00, 0x00, 0xf8, 0x00, 0x02, 0x00, 0xec, 0x15, // ................
	0x00, 0x00, 0xf5, 0x00, 0x07, 0x00, 0x0b, 0x00, 0x00, 0x00, 0xc5, 0x5d, 0x00, 0x00, 0xa6, 0x5d, // ...........]...]
	0x00, 0x00, 0x95, 0x15, 0x00, 0x00, 0xeb, 0x15, 0x00, 0x00, 0xcb, 0x15, 0x00, 0x00, 0x41, 0x00, // ..............A.
	0x06, 0x00, 0x93, 0x01, 0x00, 0x00, 0xed, 0x15, 0x00, 0x00, 0x91, 0x01, 0x00, 0x00, 0xac, 0x04, // ................
	0x00, 0x00, 0x4f, 0x01, 0x00, 0x00, 0x3d, 0x00, 0x04, 0x00, 0x07, 0x00, 0x00, 0x00, 0xee, 0x15, // ..O...=.........
	0x00, 0x00, 0xed, 0x15, 0x00, 0x00, 0x41, 0x00, 0x06, 0x00, 0x93, 0x01, 0x00, 0x00, 0xf1, 0x15, // ......A.........
	0x00, 0x00, 0x91, 0x01, 0x00, 0x00, 0xac, 0x04, 0x00, 0x00, 0xcc, 0x01, 0x00, 0x00, 0x3d, 0x00, // ..............=.
	0x04, 0x00, 0x07, 0x00, 0x00, 0x00, 0xf2, 0x15, 0x00, 0x00, 0xf1, 0x15, 0x00, 0x00, 0x85, 0x00, // ................
	0x05, 0x00, 0x07, 0x00, 0x00, 0x00, 0xf4, 0x15, 0x00, 0x00, 0x6e, 0x03, 0x00, 0x00, 0xcc, 0x13, // ..........n.....
	0x00, 0x00, 0x81, 0x00, 0x05, 0x00, 0x07, 0x00, 0x00, 0x00, 0xf5, 0x15, 0x00, 0x00, 0xa1, 0x01, // ................
	0x00, 0x00, 0xf4, 0x15, 0x00, 0x00, 0x85, 0x00, 0x05, 0x00, 0x07, 0x00, 0x00, 0x00, 0xf6, 0x15, // ................
	0x00, 0x00, 0xf2, 0x15, 0x00, 0x00, 0xf5, 0x15, 0x00, 0x00, 0x83, 0x00, 0x05, 0x00, 0x07, 0x00, // ................
	0x00, 0x00, 0xf7, 0x15, 0x00, 0x00, 0x8d, 0x15, 0x00, 0x00, 0xf6, 0x15, 0x00, 0x00, 0x41, 0x00, // ..............A.
	0x06, 0x00, 0x93, 0x01, 0x00, 0x00, 0x01, 0x16, 0x00, 0x00, 0x91, 0x01, 0x00, 0x00, 0xd3, 0x04, // ................
	0x00, 0x00, 0xcc, 0x01, 0x00, 0x00, 0x3d, 0x00, 0x04, 0x00, 0x07, 0x00, 0x00, 0x00, 0x02, 0x16, // ......=.........
	0x00, 0x00, 0x01, 0x16, 0x00, 0x00, 0x85, 0x00, 0x05, 0x00, 0x07, 0x00, 0x00, 0x00, 0x04, 0x16, // ................
	0x00, 0x00, 0x02, 0x16, 0x00, 0x00, 0xee, 0x15, 0x00, 0x00, 0x8e, 0x00, 0x05, 0x00, 0x0b, 0x00, // ................
	0x00, 0x00, 0x07, 0x16, 0x00, 0x00, 0x7e, 0x03, 0x00, 0x00, 0x04, 0x16, 0x00, 0x00, 0x94, 0x00, // ......~.........
	0x05, 0x00, 0x07, 0x00, 0x00, 0x00, 0x0b, 0x16, 0x00, 0x00, 0xc5, 0x5d, 0x00, 0x00, 0x07, 0x16, // ...........]....
	0x00, 0x00, 0x81, 0x00, 0x05, 0x00, 0x07, 0x00, 0x00, 0x00, 0x0c, 0x16, 0x00, 0x00, 0xf7, 0x15, // ................
	0x00, 0x00, 0x0b, 0x16, 0x00, 0x00, 0x81, 0x00, 0x05, 0x00, 0x0b, 0x00, 0x00, 0x00, 0x0f, 0x16, // ................
	0x00, 0x00, 0xc2, 0x5c, 0x00, 0x00, 0x07, 0x16, 0x00, 0x00, 0xf7, 0x00, 0x03, 0x00, 0x51, 0x18, // ..............Q.
	0x00, 0x00, 0x00, 0x00, 0x00, 0x00, 0xfb, 0x00, 0x03, 0x00, 0xcc, 0x01, 0x00, 0x00, 0x3c, 0x18, // ..............<.
	0x00, 0x00, 0xf8, 0x00, 0x02, 0x00, 0x3c, 0x18, 0x00, 0x00, 0xf7, 0x00, 0x03, 0x00, 0x44, 0x18, // ......<.......D.
	0x00, 0x00, 0x00, 0x00, 0x00, 0x00, 0xfa, 0x00, 0x04, 0x00, 0x0e, 0x15, 0x00, 0x00, 0x3f, 0x18, // ..............?.
	0x00, 0x00, 0x44, 0x18, 0x00, 0x00, 0xf8, 0x00, 0x02, 0x00, 0x3f, 0x18, 0x00, 0x00, 0x56, 0x00, // ..D.......?...V.
	0x05, 0x00, 0x2e, 0x01, 0x00, 0x00, 0x59, 0x18, 0x00, 0x00, 0xf8, 0x00, 0x00, 0x00, 0xf6, 0x00, // ......Y.........
	0x00, 0x00, 0x57, 0x00, 0x05, 0x00, 0x0d, 0x00, 0x00, 0x00, 0x5b, 0x18, 0x00, 0x00, 0x59, 0x18, // ..W.......[...Y.
	0x00, 0x00, 0x0f, 0x16, 0x00, 0x00, 0x51, 0x00, 0x05, 0x00, 0x07, 0x00, 0x00, 0x00, 0x43, 0x18, // ......Q.......C.
	0x00, 0x00, 0x5b, 0x18, 0x00, 0x00, 0x00, 0x00, 0x00, 0x00, 0xf9, 0x00, 0x02, 0x00, 0x51, 0x18, // ..[...........Q.
	0x00, 0x00, 0xf8, 0x00, 0x02, 0x00, 0x44, 0x18, 0x00, 0x00, 0xf7, 0x00, 0x03, 0x00, 0x4c, 0x18, // ......D.......L.
	0x00, 0x00, 0x00, 0x00, 0x00, 0x00, 0xfa, 0x00, 0x04, 0x00, 0x12, 0x15, 0x00, 0x00, 0x47, 0x18, // ..............G.
	0x00, 0x00, 0x4c, 0x18, 0x00, 0x00, 0xf8, 0x00, 0x02, 0x00, 0x47, 0x18, 0x00, 0x00, 0x56, 0x00, // ..L.......G...V.
	0x05, 0x00, 0x2e, 0x01, 0x00, 0x00, 0x62, 0x18, 0x00, 0x00, 0xfe, 0x00, 0x00, 0x00, 0xfc, 0x00, // ......b.........
	0x00, 0x00, 0x57, 0x00, 0x05, 0x00, 0x0d, 0x00, 0x00, 0x00, 0x64, 0x18, 0x00, 0x00, 0x62, 0x18, // ..W.......d...b.
	0x00, 0x00, 0x0f, 0x16, 0x00, 0x00, 0x51, 0x00, 0x05, 0x00, 0x07, 0x00, 0x00, 0x00, 0x4b, 0x18, // ......Q.......K.
	0x00, 0x00, 0x64, 0x18, 0x00, 0x00, 0x00, 0x00, 0x00, 0x00, 0xf9, 0x00, 0x02, 0x00, 0x51, 0x18, // ..d...........Q.
	0x00, 0x00, 0xf8, 0x00, 0x02, 0x00, 0x4c, 0x18, 0x00, 0x00, 0x56, 0x00, 0x05, 0x00, 0x2e, 0x01, // ......L...V.....
	0x00, 0x00, 0x6b, 0x18, 0x00, 0x00, 0x04, 0x01, 0x00, 0x00, 0x02, 0x01, 0x00, 0x00, 0x57, 0x00, // ..k...........W.
	0x05, 0x00, 0x0d, 0x00, 0x00, 0x00, 0x6d, 0x18, 0x00, 0x00, 0x6b, 0x18, 0x00, 0x00, 0x0f, 0x16, // ......m...k.....
	0x00, 0x00, 0x51, 0x00, 0x05, 0x00, 0x07, 0x00, 0x00, 0x00, 0x50, 0x18, 0x00, 0x00, 0x6d, 0x18, // ..Q.......P...m.
	0x00, 0x00, 0x00, 0x00, 0x00, 0x00, 0xf9, 0x00, 0x02, 0x00, 0x51, 0x18, 0x00, 0x00, 0xf8, 0x00, // ..........Q.....
	0x02, 0x00, 0x51, 0x18, 0x00, 0x00, 0xf5, 0x00, 0x09, 0x00, 0x07, 0x00, 0x00, 0x00, 0xc6, 0x5d, // ..Q............]
	0x00, 0x00, 0x43, 0x18, 0x00, 0x00, 0x3f, 0x18, 0x00, 0x00, 0x4b, 0x18, 0x00, 0x00, 0x47, 0x18, // ..C...?...K...G.
	0x00, 0x00, 0x50, 0x18, 0x00, 0x00, 0x4c, 0x18, 0x00, 0x00, 0xb8, 0x00, 0x05, 0x00, 0x97, 0x01, // ..P...L.........
	0x00, 0x00, 0x14, 0x16, 0x00, 0x00, 0xc6, 0x5d, 0x00, 0x00, 0x0c, 0x16, 0x00, 0x00, 0xf7, 0x00, // .......]........
	0x03, 0x00, 0x1d, 0x16, 0x00, 0x00, 0x00, 0x00, 0x00, 0x00, 0xfa, 0x00, 0x04, 0x00, 0x14, 0x16, // ................
	0x00, 0x00, 0x15, 0x16, 0x00, 0x00, 0x1d, 0x16, 0x00, 0x00, 0xf8, 0x00, 0x02, 0x00, 0x15, 0x16, // ................
	0x00, 0x00, 0x83, 0x00, 0x05, 0x00, 0x07, 0x00, 0x00, 0x00, 0x18, 0x16, 0x00, 0x00, 0x0c, 0x16, // ................
	0x00, 0x00, 0xc6, 0x5d, 0x00, 0x00, 0xf9, 0x00, 0x02, 0x00, 0x1d, 0x16, 0x00, 0x00, 0xf8, 0x00, // ...]............
	0x02, 0x00, 0x1d, 0x16, 0x00, 0x00, 0xf5, 0x00, 0x07, 0x00, 0x07, 0x00, 0x00, 0x00, 0xcd, 0x5d, // ...............]
	0x00, 0x00, 0x73, 0x01, 0x00, 0x00, 0x51, 0x18, 0x00, 0x00, 0x18, 0x16, 0x00, 0x00, 0x15, 0x16, // ..s...Q.........
	0x00, 0x00, 0xa9, 0x00, 0x06, 0x00, 0x07, 0x00, 0x00, 0x00, 0x5c, 0x65, 0x00, 0x00, 0x14, 0x16, // ...........e....
	0x00, 0x00, 0xa1, 0x01, 0x00, 0x00, 0x73, 0x01, 0x00, 0x00, 0x8e, 0x00, 0x05, 0x00, 0x0b, 0x00, // ......s.........
	0x00, 0x00, 0x20, 0x16, 0x00, 0x00, 0x7f, 0x03, 0x00, 0x00, 0x04, 0x16, 0x00, 0x00, 0x94, 0x00, // .. .............
	0x05, 0x00, 0x07, 0x00, 0x00, 0x00, 0x24, 0x16, 0x00, 0x00, 0xc5, 0x5d, 0x00, 0x00, 0x20, 0x16, // ......$....].. .
	0x00, 0x00, 0x81, 0x00, 0x05, 0x00, 0x07, 0x00, 0x00, 0x00, 0x25, 0x16, 0x00, 0x00, 0xf7, 0x15, // ..........%.....
	0x00, 0x00, 0x24, 0x16, 0x00, 0x00, 0x81, 0x00, 0x05, 0x00, 0x0b, 0x00, 0x00, 0x00, 0x28, 0x16, // ..$...........(.
	0x00, 0x00, 0xc2, 0x5c, 0x00, 0x00, 0x20, 0x16, 0x00, 0x00, 0xf7, 0x00, 0x03, 0x00, 0x8d, 0x18, // ...... .........
	0x00, 0x00, 0x00, 0x00, 0x00, 0x00, 0xfb, 0x00, 0x03, 0x00, 0xcc, 0x01, 0x00, 0x00, 0x78, 0x18, // ..............x.
	0x00, 0x00, 0xf8, 0x00, 0x02, 0x00, 0x78, 0x18, 0x00, 0x00, 0xf7, 0x00, 0x03, 0x00, 0x80, 0x18, // ......x.........
	0x00, 0x00, 0x00, 0x00, 0x00, 0x00, 0xfa, 0x00, 0x04, 0x00, 0x0e, 0x15, 0x00, 0x00, 0x7b, 0x18, // ..............{.
	0x00, 0x00, 0x80, 0x18, 0x00, 0x00, 0xf8, 0x00, 0x02, 0x00, 0x7b, 0x18, 0x00, 0x00, 0x56, 0x00, // ..........{...V.
	0x05, 0x00, 0x2e, 0x01, 0x00, 0x00, 0x95, 0x18, 0x00, 0x00, 0xf8, 0x00, 0x00, 0x00, 0xf6, 0x00, // ................
	0x00, 0x00, 0x57, 0x00, 0x05, 0x00, 0x0d, 0x00, 0x00, 0x00, 0x97, 0x18, 0x00, 0x00, 0x95, 0x18, // ..W.............
	0x00, 0x00, 0x28, 0x16, 0x00, 0x00, 0x51, 0x00, 0x05, 0x00, 0x07, 0x00, 0x00, 0x00, 0x7f, 0x18, // ..(...Q.........
	0x00, 0x00, 0x97, 0x18, 0x00, 0x00, 0x00, 0x00, 0x00, 0x00, 0xf9, 0x00, 0x02, 0x00, 0x8d, 0x18, // ................
	0x00, 0x00, 0xf8, 0x00, 0x02, 0x00, 0x80, 0x18, 0x00, 0x00, 0xf7, 0x00, 0x03, 0x00, 0x88, 0x18, // ................
	0x00, 0x00, 0x00, 0x00, 0x00, 0x00, 0xfa, 0x00, 0x04, 0x00, 0x12, 0x15, 0x00, 0x00, 0x83, 0x18, // ................
	0x00, 0x00, 0x88, 0x18, 0x00, 0x00, 0xf8, 0x00, 0x02, 0x00, 0x83, 0x18, 0x00, 0x00, 0x56, 0x00, // ..............V.
	0x05, 0x00, 0x2e, 0x01, 0x00, 0x00, 0x9e, 0x18, 0x00, 0x00, 0xfe, 0x00, 0x00, 0x00, 0xfc, 0x00, // ................
	0x00, 0x00, 0x57, 0x00, 0x05, 0x00, 0x0d, 0x00, 0x00, 0x00, 0xa0, 0x18, 0x00, 0x00, 0x9e, 0x18, // ..W.............
	0x00, 0x00, 0x28, 0x16, 0x00, 0x00, 0x51, 0x00, 0x05, 0x00, 0x07, 0x00, 0x00, 0x00, 0x87, 0x18, // ..(...Q.........
	0x00, 0x00, 0xa0, 0x18, 0x00, 0x00, 0x00, 0x00, 0x00, 0x00, 0xf9, 0x00, 0x02, 0x00, 0x8d, 0x18, // ................
	0x00, 0x00, 0xf8, 0x00, 0x02, 0x00, 0x88, 0x18, 0x00, 0x00, 0x56, 0x00, 0x05, 0x00, 0x2e, 0x01, // ..........V.....
	0x00, 0x00, 0xa7, 0x18, 0x00, 0x00, 0x04, 0x01, 0x00, 0x00, 0x02, 0x01, 0x00, 0x00, 0x57, 0x00, // ..............W.
	0x05, 0x00, 0x0d, 0x00, 0x00, 0x00, 0xa9, 0x18, 0x00, 0x00, 0xa7, 0x18, 0x00, 0x00, 0x28, 0x16, // ..............(.
	0x00, 0x00, 0x51, 0x00, 0x05, 0x00, 0x07, 0x00, 0x00, 0x00, 0x8c, 0x18, 0x00, 0x00, 0xa9, 0x18, // ..Q.............
	0x00, 0x00, 0x00, 0x00, 0x00, 0x00, 0xf9, 0x00, 0x02, 0x00, 0x8d, 0x18, 0x00, 0x00, 0xf8, 0x00, // ................
	0x02, 0x00, 0x8d, 0x18, 0x00, 0x00, 0xf5, 0x00, 0x09, 0x00, 0x07, 0x00, 0x00, 0x00, 0xcb, 0x5d, // ...............]
	0x00, 0x00, 0x7f, 0x18, 0x00, 0x00, 0x7b, 0x18, 0x00, 0x00, 0x87, 0x18, 0x00, 0x00, 0x83, 0x18, // ......{.........
	0x00, 0x00, 0x8c, 0x18, 0x00, 0x00, 0x88, 0x18, 0x00, 0x00, 0xb8, 0x00, 0x05, 0x00, 0x97, 0x01, // ................
	0x00, 0x00, 0x2d, 0x16, 0x00, 0x00, 0xcb, 0x5d, 0x00, 0x00, 0x25, 0x16, 0x00, 0x00, 0xf7, 0x00, // ..-....]..%.....
	0x03, 0x00, 0x36, 0x16, 0x00, 0x00, 0x00, 0x00, 0x00, 0x00, 0xfa, 0x00, 0x04, 0x00, 0x2d, 0x16, // ..6...........-.
	0x00, 0x00, 0x2e, 0x16, 0x00, 0x00, 0x36, 0x16, 0x00, 0x00, 0xf8, 0x00, 0x02, 0x00, 0x2e, 0x16, // ......6.........
	0x00, 0x00, 0x83, 0x00, 0x05, 0x00, 0x07, 0x00, 0x00, 0x00, 0x31, 0x16, 0x00, 0x00, 0x25, 0x16, // ..........1...%.
	0x00, 0x00, 0xcb, 0x5d, 0x00, 0x00, 0x81, 0x00, 0x05, 0x00, 0x07, 0x00, 0x00, 0x00, 0x33, 0x16, // ...]..........3.
	0x00, 0x00, 0xcd, 0x5d, 0x00, 0x00, 0x31, 0x16, 0x00, 0x00, 0x53, 0x00, 0x04, 0x00, 0x07, 0x00, // ...]..1...S.....
	0x00, 0x00, 0x5e, 0x65, 0x00, 0x00, 0x6f, 0x03, 0x00, 0x00, 0x53, 0x00, 0x04, 0x00, 0x07, 0x00, // ..^e..o...S.....
	0x00, 0x00, 0x5f, 0x65, 0x00, 0x00, 0xa1, 0x01, 0x00, 0x00, 0xa9, 0x00, 0x06, 0x00, 0x07, 0x00, // .._e............
	0x00, 0x00, 0x35, 0x16, 0x00, 0x00, 0x14, 0x16, 0x00, 0x00, 0x6f, 0x03, 0x00, 0x00, 0xa1, 0x01, // ..5.......o.....
	0x00, 0x00, 0xf9, 0x00, 0x02, 0x00, 0x36, 0x16, 0x00, 0x00, 0xf8, 0x00, 0x02, 0x00, 0x36, 0x16, // ......6.......6.
	0x00, 0x00, 0xf5, 0x00, 0x07, 0x00, 0x07, 0x00, 0x00, 0x00, 0xd6, 0x5d, 0x00, 0x00, 0x5c, 0x65, // ...........]...e
	0x00, 0x00, 0x8d, 0x18, 0x00, 0x00, 0x35, 0x16, 0x00, 0x00, 0x2e, 0x16, 0x00, 0x00, 0xf5, 0x00, // ......5.........
	0x07, 0x00, 0x07, 0x00, 0x00, 0x00, 0xd4, 0x5d, 0x00, 0x00, 0xcd, 0x5d, 0x00, 0x00, 0x8d, 0x18, // .......]...]....
	0x00, 0x00, 0x33, 0x16, 0x00, 0x00, 0x2e, 0x16, 0x00, 0x00, 0x8e, 0x00, 0x05, 0x00, 0x0b, 0x00, // ..3.............
	0x00, 0x00, 0x39, 0x16, 0x00, 0x00, 0x81, 0x03, 0x00, 0x00, 0x04, 0x16, 0x00, 0x00, 0x94, 0x00, // ..9.............
	0x05, 0x00, 0x07, 0x00, 0x00, 0x00, 0x3d, 0x16, 0x00, 0x00, 0xc5, 0x5d, 0x00, 0x00, 0x39, 0x16, // ......=....]..9.
	0x00, 0x00, 0x81, 0x00, 0x05, 0x00, 0x07, 0x00, 0x00, 0x00, 0x3e, 0x16, 0x00, 0x00, 0xf7, 0x15, // ..........>.....
	0x00, 0x00, 0x3d, 0x16, 0x00, 0x00, 0x81, 0x00, 0x05, 0x00, 0x0b, 0x00, 0x00, 0x00, 0x41, 0x16, // ..=...........A.
	0x00, 0x00, 0xc2, 0x5c, 0x00, 0x00, 0x39, 0x16, 0x00, 0x00, 0xf7, 0x00, 0x03, 0x00, 0xc9, 0x18, // ......9.........
	0x00, 0x00, 0x00, 0x00, 0x00, 0x00, 0xfb, 0x00, 0x03, 0x00, 0xcc, 0x01, 0x00, 0x00, 0xb4, 0x18, // ................
	0x00, 0x00, 0xf8, 0x00, 0x02, 0x00, 0xb4, 0x18, 0x00, 0x00, 0xf7, 0x00, 0x03, 0x00, 0xbc, 0x18, // ................
	0x00, 0x00, 0x00, 0x00, 0x00, 0x00, 0xfa, 0x00, 0x04, 0x00, 0x0e, 0x15, 0x00, 0x00, 0xb7, 0x18, // ................
	0x00, 0x00, 0xbc, 0x18, 0x00, 0x00, 0xf8, 0x00, 0x02, 0x00, 0xb7, 0x18, 0x00, 0x00, 0x56, 0x00, // ..............V.
	0x05, 0x00, 0x2e, 0x01, 0x00, 0x00, 0xd1, 0x18, 0x00, 0x00, 0xf8, 0x00, 0x00, 0x00, 0xf6, 0x00, // ................
	0x00, 0x00, 0x57, 0x00, 0x05, 0x00, 0x0d, 0x00, 0x00, 0x00, 0xd3, 0x18, 0x00, 0x00, 0xd1, 0x18, // ..W.............
	0x00, 0x00, 0x41, 0x16, 0x00, 0x00, 0x51, 0x00, 0x05, 0x00, 0x07, 0x00, 0x00, 0x00, 0xbb, 0x18, // ..A...Q.........
	0x00, 0x00, 0xd3, 0x18, 0x00, 0x00, 0x00, 0x00, 0x00, 0x00, 0xf9, 0x00, 0x02, 0x00, 0xc9, 0x18, // ................
	0x00, 0x00, 0xf8, 0x00, 0x02, 0x00, 0xbc, 0x18, 0x00, 0x00, 0xf7, 0x00, 0x03, 0x00, 0xc4, 0x18, // ................
	0x00, 0x00, 0x00, 0x00, 0x00, 0x00, 0xfa, 0x00, 0x04, 0x00, 0x12, 0x15, 0x00, 0x00, 0xbf, 0x18, // ................
	0x00, 0x00, 0xc4, 0x18, 0x00, 0x00, 0xf8, 0x00, 0x02, 0x00, 0xbf, 0x18, 0x00, 0x00, 0x56, 0x00, // ..............V.
	0x05, 0x00, 0x2e, 0x01, 0x00, 0x00, 0xda, 0x18, 0x00, 0x00, 0xfe, 0x00, 0x00, 0x00, 0xfc, 0x00, // ................
	0x00, 0x00, 0x57, 0x00, 0x05, 0x00, 0x0d, 0x00, 0x00, 0x00, 0xdc, 0x18, 0x00, 0x00, 0xda, 0x18, // ..W.............
	0x00, 0x00, 0x41, 0x16, 0x00, 0x00, 0x51, 0x00, 0x05, 0x00, 0x07, 0x00, 0x00, 0x00, 0xc3, 0x18, // ..A...Q.........
	0x00, 0x00, 0xdc, 0x18, 0x00, 0x00, 0x00, 0x00, 0x00, 0x00, 0xf9, 0x00, 0x02, 0x00, 0xc9, 0x18, // ................
	0x00, 0x00, 0xf8, 0x00, 0x02, 0x00, 0xc4, 0x18, 0x00, 0x00, 0x56, 0x00, 0x05, 0x00, 0x2e, 0x01, // ..........V.....
	0x00, 0x00, 0xe3, 0x18, 0x00, 0x00, 0x04, 0x01, 0x00, 0x00, 0x02, 0x01, 0x00, 0x00, 0x57, 0x00, // ..............W.
	0x05, 0x00, 0x0d, 0x00, 0x00, 0x00, 0xe5, 0x18, 0x00, 0x00, 0xe3, 0x18, 0x00, 0x00, 0x41, 0x16, // ..............A.
	0x00, 0x00, 0x51, 0x00, 0x05, 0x00, 0x07, 0x00, 0x00, 0x00, 0xc8, 0x18, 0x00, 0x00, 0xe5, 0x18, // ..Q.............
	0x00, 0x00, 0x00, 0x00, 0x00, 0x00, 0xf9, 0x00, 0x02, 0x00, 0xc9, 0x18, 0x00, 0x00, 0xf8, 0x00, // ................
	0x02, 0x00, 0xc9, 0x18, 0x00, 0x00, 0xf5, 0x00, 0x09, 0x00, 0x07, 0x00, 0x00, 0x00, 0xd2, 0x5d, // ...............]
	0x00, 0x00, 0xbb, 0x18, 0x00, 0x00, 0xb7, 0x18, 0x00, 0x00, 0xc3, 0x18, 0x00, 0x00, 0xbf, 0x18, // ................
	0x00, 0x00, 0xc8, 0x18, 0x00, 0x00, 0xc4, 0x18, 0x00, 0x00, 0xb8, 0x00, 0x05, 0x00, 0x97, 0x01, // ................
	0x00, 0x00, 0x46, 0x16, 0x00, 0x00, 0xd2, 0x5d, 0x00, 0x00, 0x3e, 0x16, 0x00, 0x00, 0xf7, 0x00, // ..F....]..>.....
	0x03, 0x00, 0x4f, 0x16, 0x00, 0x00, 0x00, 0x00, 0x00, 0x00, 0xfa, 0x00, 0x04, 0x00, 0x46, 0x16, // ..O...........F.
	0x00, 0x00, 0x47, 0x16, 0x00, 0x00, 0x4f, 0x16, 0x00, 0x00, 0xf8, 0x00, 0x02, 0x00, 0x47, 0x16, // ..G...O.......G.
	0x00, 0x00, 0x83, 0x00, 0x05, 0x00, 0x07, 0x00, 0x00, 0x00, 0x4a, 0x16, 0x00, 0x00, 0x3e, 0x16, // ..........J...>.
	0x00, 0x00, 0xd2, 0x5d, 0x00, 0x00, 0x81, 0x00, 0x05, 0x00, 0x07, 0x00, 0x00, 0x00, 0x4c, 0x16, // ...]..........L.
	0x00, 0x00, 0xd4, 0x5d, 0x00, 0x00, 0x4a, 0x16, 0x00, 0x00, 0x81, 0x00, 0x05, 0x00, 0x07, 0x00, // ...]..J.........
	0x00, 0x00, 0x4e, 0x16, 0x00, 0x00, 0xd6, 0x5d, 0x00, 0x00, 0xa1, 0x01, 0x00, 0x00, 0xf9, 0x00, // ..N....]........
	0x02, 0x00, 0x4f, 0x16, 0x00, 0x00, 0xf8, 0x00, 0x02, 0x00, 0x4f, 0x16, 0x00, 0x00, 0xf5, 0x00, // ..O.......O.....
	0x07, 0x00, 0x07, 0x00, 0x00, 0x00, 0xdd, 0x5d, 0x00, 0x00, 0xd6, 0x5d, 0x00, 0x00, 0xc9, 0x18, // .......]...]....
	0x00, 0x00, 0x4e, 0x16, 0x00, 0x00, 0x47, 0x16, 0x00, 0x00, 0xf5, 0x00, 0x07, 0x00, 0x07, 0x00, // ..N...G.........
	0x00, 0x00, 0xdb, 0x5d, 0x00, 0x00, 0xd4, 0x5d, 0x00, 0x00, 0xc9, 0x18, 0x00, 0x00, 0x4c, 0x16, // ...]...]......L.
	0x00, 0x00, 0x47, 0x16, 0x00, 0x00, 0x8e, 0x00, 0x05, 0x00, 0x0b, 0x00, 0x00, 0x00, 0x52, 0x16, // ..G...........R.
	0x00, 0x00, 0x82, 0x03, 0x00, 0x00, 0x04, 0x16, 0x00, 0x00, 0x94, 0x00, 0x05, 0x00, 0x07, 0x00, // ................
	0x00, 0x00, 0x56, 0x16, 0x00, 0x00, 0xc5, 0x5d, 0x00, 0x00, 0x52, 0x16, 0x00, 0x00, 0x81, 0x00, // ..V....]..R.....
	0x05, 0x00, 0x07, 0x00, 0x00, 0x00, 0x57, 0x16, 0x00, 0x00, 0xf7, 0x15, 0x00, 0x00, 0x56, 0x16, // ......W.......V.
	0x00, 0x00, 0x81, 0x00, 0x05, 0x00, 0x0b, 0x00, 0x00, 0x00, 0x5a, 0x16, 0x00, 0x00, 0xc2, 0x5c, // ..........Z.....
	0x00, 0x00, 0x52, 0x16, 0x00, 0x00, 0xf7, 0x00, 0x03, 0x00, 0x05, 0x19, 0x00, 0x00, 0x00, 0x00, // ..R.............
	0x00, 0x00, 0xfb, 0x00, 0x03, 0x00, 0xcc, 0x01, 0x00, 0x00, 0xf0, 0x18, 0x00, 0x00, 0xf8, 0x00, // ................
	0x02, 0x00, 0xf0, 0x18, 0x00, 0x00, 0xf7, 0x00, 0x03, 0x00, 0xf8, 0x18, 0x00, 0x00, 0x00, 0x00, // ................
	0x00, 0x00, 0xfa, 0x00, 0x04, 0x00, 0x0e, 0x15, 0x00, 0x00, 0xf3, 0x18, 0x00, 0x00, 0xf8, 0x18, // ................
	0x00, 0x00, 0xf8, 0x00, 0x02, 0x00, 0xf3, 0x18, 0x00, 0x00, 0x56, 0x00, 0x05, 0x00, 0x2e, 0x01, // ..........V.....
	0x00, 0x00, 0x0d, 0x19, 0x00, 0x00, 0xf8, 0x00, 0x00, 0x00, 0xf6, 0x00, 0x00, 0x00, 0x57, 0x00, // ..............W.
	0x05, 0x00, 0x0d, 0x00, 0x00, 0x00, 0x0f, 0x19, 0x00, 0x00, 0x0d, 0x19, 0x00, 0x00, 0x5a, 0x16, // ..............Z.
	0x00, 0x00, 0x51, 0x00, 0x05, 0x00, 0x07, 0x00, 0x00, 0x00, 0xf7, 0x18, 0x00, 0x00, 0x0f, 0x19, // ..Q.............
	0x00, 0x00, 0x00, 0x00, 0x00, 0x00, 0xf9, 0x00, 0x02, 0x00, 0x05, 0x19, 0x00, 0x00, 0xf8, 0x00, // ................
	0x02, 0x00, 0xf8, 0x18, 0x00, 0x00, 0xf7, 0x00, 0x03, 0x00, 0x00, 0x19, 0x00, 0x00, 0x00, 0x00, // ................
	0x00, 0x00, 0xfa, 0x00, 0x04, 0x00, 0x12, 0x15, 0x00, 0x00, 0xfb, 0x18, 0x00, 0x00, 0x00, 0x19, // ................
	0x00, 0x00, 0xf8, 0x00, 0x02, 0x00, 0xfb, 0x18, 0x00, 0x00, 0x56, 0x00, 0x05, 0x00, 0x2e, 0x01, // ..........V.....
	0x00, 0x00, 0x16, 0x19, 0x00, 0x00, 0xfe, 0x00, 0x00, 0x00, 0xfc, 0x00, 0x00, 0x00, 0x57, 0x00, // ..............W.
	0x05, 0x00, 0x0d, 0x00, 0x00, 0x00, 0x18, 0x19, 0x00, 0x00, 0x16, 0x19, 0x00, 0x00, 0x5a, 0x16, // ..............Z.
	0x00, 0x00, 0x51, 0x00, 0x05, 0x00, 0x07, 0x00, 0x00, 0x00, 0xff, 0x18, 0x00, 0x00, 0x18, 0x19, // ..Q.............
	0x00, 0x00, 0x00, 0x00, 0x00, 0x00, 0xf9, 0x00, 0x02, 0x00, 0x05, 0x19, 0x00, 0x00, 0xf8, 0x00, // ................
	0x02, 0x00, 0x00, 0x19, 0x00, 0x00, 0x56, 0x00, 0x05, 0x00, 0x2e, 0x01, 0x00, 0x00, 0x1f, 0x19, // ......V.........
	0x00, 0x00, 0x04, 0x01, 0x00, 0x00, 0x02, 0x01, 0x00, 0x00, 0x57, 0x00, 0x05, 0x00, 0x0d, 0x00, // ..........W.....
	0x00, 0x00, 0x21, 0x19, 0x00, 0x00, 0x1f, 0x19, 0x00, 0x00, 0x5a, 0x16, 0x00, 0x00, 0x51, 0x00, // ..!.......Z...Q.
	0x05, 0x00, 0x07, 0x00, 0x00, 0x00, 0x04, 0x19, 0x00, 0x00, 0x21, 0x19, 0x00, 0x00, 0x00, 0x00, // ..........!.....
	0x00, 0x00, 0xf9, 0x00, 0x02, 0x00, 0x05, 0x19, 0x00, 0x00, 0xf8, 0x00, 0x02, 0x00, 0x05, 0x19, // ................
	0x00, 0x00, 0xf5, 0x00, 0x09, 0x00, 0x07, 0x00, 0x00, 0x00, 0xd9, 0x5d, 0x00, 0x00, 0xf7, 0x18, // ...........]....
	0x00, 0x00, 0xf3, 0x18, 0x00, 0x00, 0xff, 0x18, 0x00, 0x00, 0xfb, 0x18, 0x00, 0x00, 0x04, 0x19, // ................
	0x00, 0x00, 0x00, 0x19, 0x00, 0x00, 0xb8, 0x00, 0x05, 0x00, 0x97, 0x01, 0x00, 0x00, 0x5f, 0x16, // .............._.
	0x00, 0x00, 0xd9, 0x5d, 0x00, 0x00, 0x57, 0x16, 0x00, 0x00, 0xf7, 0x00, 0x03, 0x00, 0x68, 0x16, // ...]..W.......h.
	0x00, 0x00, 0x00, 0x00, 0x00, 0x00, 0xfa, 0x00, 0x04, 0x00, 0x5f, 0x16, 0x00, 0x00, 0x60, 0x16, // .........._...`.
	0x00, 0x00, 0x68, 0x16, 0x00, 0x00, 0xf8, 0x00, 0x02, 0x00, 0x60, 0x16, 0x00, 0x00, 0x83, 0x00, // ..h.......`.....
	0x05, 0x00, 0x07, 0x00, 0x00, 0x00, 0x63, 0x16, 0x00, 0x00, 0x57, 0x16, 0x00, 0x00, 0xd9, 0x5d, // ......c...W....]
	0x00, 0x00, 0x81, 0x00, 0x05, 0x00, 0x07, 0x00, 0x00, 0x00, 0x65, 0x16, 0x00, 0x00, 0xdb, 0x5d, // ..........e....]
	0x00, 0x00, 0x63, 0x16, 0x00, 0x00, 0x81, 0x00, 0x05, 0x00, 0x07, 0x00, 0x00, 0x00, 0x67, 0x16, // ..c...........g.
	0x00, 0x00, 0xdd, 0x5d, 0x00, 0x00, 0xa1, 0x01, 0x00, 0x00, 0xf9, 0x00, 0x02, 0x00, 0x68, 0x16, // ...]..........h.
	0x00, 0x00, 0xf8, 0x00, 0x02, 0x00, 0x68, 0x16, 0x00, 0x00, 0xf5, 0x00, 0x07, 0x00, 0x07, 0x00, // ......h.........
	0x00, 0x00, 0xe4, 0x5d, 0x00, 0x00, 0xdd, 0x5d, 0x00, 0x00, 0x05, 0x19, 0x00, 0x00, 0x67, 0x16, // ...]...]......g.
	0x00, 0x00, 0x60, 0x16, 0x00, 0x00, 0xf5, 0x00, 0x07, 0x00, 0x07, 0x00, 0x00, 0x00, 0xe2, 0x5d, // ..`............]
	0x00, 0x00, 0xdb, 0x5d, 0x00, 0x00, 0x05, 0x19, 0x00, 0x00, 0x65, 0x16, 0x00, 0x00, 0x60, 0x16, // ...]......e...`.
	0x00, 0x00, 0x8e, 0x00, 0x05, 0x00, 0x0b, 0x00, 0x00, 0x00, 0x6b, 0x16, 0x00, 0x00, 0x84, 0x03, // ..........k.....
	0x00, 0x00, 0x04, 0x16, 0x00, 0x00, 0x94, 0x00, 0x05, 0x00, 0x07, 0x00, 0x00, 0x00, 0x6f, 0x16, // ..............o.
	0x00, 0x00, 0xc5, 0x5d, 0x00, 0x00, 0x6b, 0x16, 0x00, 0x00, 0x81, 0x00, 0x05, 0x00, 0x07, 0x00, // ...]..k.........
	0x00, 0x00, 0x70, 0x16, 0x00, 0x00, 0xf7, 0x15, 0x00, 0x00, 0x6f, 0x16, 0x00, 0x00, 0x81, 0x00, // ..p.......o.....
	0x05, 0x00, 0x0b, 0x00, 0x00, 0x00, 0x73, 0x16, 0x00, 0x00, 0xc2, 0x5c, 0x00, 0x00, 0x6b, 0x16, // ......s.......k.
	0x00, 0x00, 0xf7, 0x00, 0x03, 0x00, 0x41, 0x19, 0x00, 0x00, 0x00, 0x00, 0x00, 0x00, 0xfb, 0x00, // ......A.........
	0x03, 0x00, 0xcc, 0x01, 0x00, 0x00, 0x2c, 0x19, 0x00, 0x00, 0xf8, 0x00, 0x02, 0x00, 0x2c, 0x19, // ......,.......,.
	0x00, 0x00, 0xf7, 0x00, 0x03, 0x00, 0x34, 0x19, 0x00, 0x00, 0x00, 0x00, 0x00, 0x00, 0xfa, 0x00, // ......4.........
	0x04, 0x00, 0x0e, 0x15, 0x00, 0x00, 0x2f, 0x19, 0x00, 0x00, 0x34, 0x19, 0x00, 0x00, 0xf8, 0x00, // ....../...4.....
	0x02, 0x00, 0x2f, 0x19, 0x00, 0x00, 0x56, 0x00, 0x05, 0x00, 0x2e, 0x01, 0x00, 0x00, 0x49, 0x19, // ../...V.......I.
	0x00, 0x00, 0xf8, 0x00, 0x00, 0x00, 0xf6, 0x00, 0x00, 0x00, 0x57, 0x00, 0x05, 0x00, 0x0d, 0x00, // ..........W.....
	0x00, 0x00, 0x4b, 0x19, 0x00, 0x00, 0x49, 0x19, 0x00, 0x00, 0x73, 0x16, 0x00, 0x00, 0x51, 0x00, // ..K...I...s...Q.
	0x05, 0x00, 0x07, 0x00, 0x00, 0x00, 0x33, 0x19, 0x00, 0x00, 0x4b, 0x19, 0x00, 0x00, 0x00, 0x00, // ......3...K.....
	0x00, 0x00, 0xf9, 0x00, 0x02, 0x00, 0x41, 0x19, 0x00, 0x00, 0xf8, 0x00, 0x02, 0x00, 0x34, 0x19, // ......A.......4.
	0x00, 0x00, 0xf7, 0x00, 0x03, 0x00, 0x3c, 0x19, 0x00, 0x00, 0x00, 0x00, 0x00, 0x00, 0xfa, 0x00, // ......<.........
	0x04, 0x00, 0x12, 0x15, 0x00, 0x00, 0x37, 0x19, 0x00, 0x00, 0x3c, 0x19, 0x00, 0x00, 0xf8, 0x00, // ......7...<.....
	0x02, 0x00, 0x37, 0x19, 0x00, 0x00, 0x56, 0x00, 0x05, 0x00, 0x2e, 0x01, 0x00, 0x00, 0x52, 0x19, // ..7...V.......R.
	0x00, 0x00, 0xfe, 0x00, 0x00, 0x00, 0xfc, 0x00, 0x00, 0x00, 0x57, 0x00, 0x05, 0x00, 0x0d, 0x00, // ..........W.....
	0x00, 0x00, 0x54, 0x19, 0x00, 0x00, 0x52, 0x19, 0x00, 0x00, 0x73, 0x16, 0x00, 0x00, 0x51, 0x00, // ..T...R...s...Q.
	0x05, 0x00, 0x07, 0x00, 0x00, 0x00, 0x3b, 0x19, 0x00, 0x00, 0x54, 0x19, 0x00, 0x00, 0x00, 0x00, // ......;...T.....
	0x00, 0x00, 0xf9, 0x00, 0x02, 0x00, 0x41, 0x19, 0x00, 0x00, 0xf8, 0x00, 0x02, 0x00, 0x3c, 0x19, // ......A.......<.
	0x00, 0x00, 0x56, 0x00, 0x05, 0x00, 0x2e, 0x01, 0x00, 0x00, 0x5b, 0x19, 0x00, 0x00, 0x04, 0x01, // ..V.......[.....
	0x00, 0x00, 0x02, 0x01, 0x00, 0x00, 0x57, 0x00, 0x05, 0x00, 0x0d, 0x00, 0x00, 0x00, 0x5d, 0x19, // ......W.......].
	0x00, 0x00, 0x5b, 0x19, 0x00, 0x00, 0x73, 0x16, 0x00, 0x00, 0x51, 0x00, 0x05, 0x00, 0x07, 0x00, // ..[...s...Q.....
	0x00, 0x00, 0x40, 0x19, 0x00, 0x00, 0x5d, 0x19, 0x00, 0x00, 0x00, 0x00, 0x00, 0x00, 0xf9, 0x00, // ..@...].........
	0x02, 0x00, 0x41, 0x19, 0x00, 0x00, 0xf8, 0x00, 0x02, 0x00, 0x41, 0x19, 0x00, 0x00, 0xf5, 0x00, // ..A.......A.....
	0x09, 0x00, 0x07, 0x00, 0x00, 0x00, 0xe0, 0x5d, 0x00, 0x00, 0x33, 0x19, 0x00, 0x00, 0x2f, 0x19, // .......]..3.../.
	0x00, 0x00, 0x3b, 0x19, 0x00, 0x00, 0x37, 0x19, 0x00, 0x00, 0x40, 0x19, 0x00, 0x00, 0x3c, 0x19, // ..;...7...@...<.
	0x00, 0x00, 0xb8, 0x00, 0x05, 0x00, 0x97, 0x01, 0x00, 0x00, 0x78, 0x16, 0x00, 0x00, 0xe0, 0x5d, // ..........x....]
	0x00, 0x00, 0x70, 0x16, 0x00, 0x00, 0xf7, 0x00, 0x03, 0x00, 0x81, 0x16, 0x00, 0x00, 0x00, 0x00, // ..p.............
	0x00, 0x00, 0xfa, 0x00, 0x04, 0x00, 0x78, 0x16, 0x00, 0x00, 0x79, 0x16, 0x00, 0x00, 0x81, 0x16, // ......x...y.....
	0x00, 0x00, 0xf8, 0x00, 0x02, 0x00, 0x79, 0x16, 0x00, 0x00, 0x83, 0x00, 0x05, 0x00, 0x07, 0x00, // ......y.........
	0x00, 0x00, 0x7c, 0x16, 0x00, 0x00, 0x70, 0x16, 0x00, 0x00, 0xe0, 0x5d, 0x00, 0x00, 0x81, 0x00, // ..|...p....]....
	0x05, 0x00, 0x07, 0x00, 0x00, 0x00, 0x7e, 0x16, 0x00, 0x00, 0xe2, 0x5d, 0x00, 0x00, 0x7c, 0x16, // ......~....]..|.
	0x00, 0x00, 0x81, 0x00, 0x05, 0x00, 0x07, 0x00, 0x00, 0x00, 0x80, 0x16, 0x00, 0x00, 0xe4, 0x5d, // ...............]
	0x00, 0x00, 0xa1, 0x01, 0x00, 0x00, 0xf9, 0x00, 0x02, 0x00, 0x81, 0x16, 0x00, 0x00, 0xf8, 0x00, // ................
	0x02, 0x00, 0x81, 0x16, 0x00, 0x00, 0xf5, 0x00, 0x07, 0x00, 0x07, 0x00, 0x00, 0x00, 0xeb, 0x5d, // ...............]
	0x00, 0x00, 0xe4, 0x5d, 0x00, 0x00, 0x41, 0x19, 0x00, 0x00, 0x80, 0x16, 0x00, 0x00, 0x79, 0x16, // ...]..A.......y.
	0x00, 0x00, 0xf5, 0x00, 0x07, 0x00, 0x07, 0x00, 0x00, 0x00, 0xe9, 0x5d, 0x00, 0x00, 0xe2, 0x5d, // ...........]...]
	0x00, 0x00, 0x41, 0x19, 0x00, 0x00, 0x7e, 0x16, 0x00, 0x00, 0x79, 0x16, 0x00, 0x00, 0x8e, 0x00, // ..A...~...y.....
	0x05, 0x00, 0x0b, 0x00, 0x00, 0x00, 0x84, 0x16, 0x00, 0x00, 0x86, 0x03, 0x00, 0x00, 0x04, 0x16, // ................
	0x00, 0x00, 0x94, 0x00, 0x05, 0x00, 0x07, 0x00, 0x00, 0x00, 0x88, 0x16, 0x00, 0x00, 0xc5, 0x5d, // ...............]
	0x00, 0x00, 0x84, 0x16, 0x00, 0x00, 0x81, 0x00, 0x05, 0x00, 0x07, 0x00, 0x00, 0x00, 0x89, 0x16, // ................
	0x00, 0x00, 0xf7, 0x15, 0x00, 0x00, 0x88, 0x16, 0x00, 0x00, 0x81, 0x00, 0x05, 0x00, 0x0b, 0x00, // ................
	0x00, 0x00, 0x8c, 0x16, 0x00, 0x00, 0xc2, 0x5c, 0x00, 0x00, 0x84, 0x16, 0x00, 0x00, 0xf7, 0x00, // ................
	0x03, 0x00, 0x7d, 0x19, 0x00, 0x00, 0x00, 0x00, 0x00, 0x00, 0xfb, 0x00, 0x03, 0x00, 0xcc, 0x01, // ..}.............
	0x00, 0x00, 0x68, 0x19, 0x00, 0x00, 0xf8, 0x00, 0x02, 0x00, 0x68, 0x19, 0x00, 0x00, 0xf7, 0x00, // ..h.......h.....
	0x03, 0x00, 0x70, 0x19, 0x00, 0x00, 0x00, 0x00, 0x00, 0x00, 0xfa, 0x00, 0x04, 0x00, 0x0e, 0x15, // ..p.............
	0x00, 0x00, 0x6b, 0x19, 0x00, 0x00, 0x70, 0x19, 0x00, 0x00, 0xf8, 0x00, 0x02, 0x00, 0x6b, 0x19, // ..k...p.......k.
	0x00, 0x00, 0x56, 0x00, 0x05, 0x00, 0x2e, 0x01, 0x00, 0x00, 0x85, 0x19, 0x00, 0x00, 0xf8, 0x00, // ..V.............
	0x00, 0x00, 0xf6, 0x00, 0x00, 0x00, 0x57, 0x00, 0x05, 0x00, 0x0d, 0x00, 0x00, 0x00, 0x87, 0x19, // ......W.........
	0x00, 0x00, 0x85, 0x19, 0x00, 0x00, 0x8c, 0x16, 0x00, 0x00, 0x51, 0x00, 0x05, 0x00, 0x07, 0x00, // ..........Q.....
	0x00, 0x00, 0x6f, 0x19, 0x00, 0x00, 0x87, 0x19, 0x00, 0x00, 0x00, 0x00, 0x00, 0x00, 0xf9, 0x00, // ..o.............
	0x02, 0x00, 0x7d, 0x19, 0x00, 0x00, 0xf8, 0x00, 0x02, 0x00, 0x70, 0x19, 0x00, 0x00, 0xf7, 0x00, // ..}.......p.....
	0x03, 0x00, 0x78, 0x19, 0x00, 0x00, 0x00, 0x00, 0x00, 0x00, 0xfa, 0x00, 0x04, 0x00, 0x12, 0x15, // ..x.............
	0x00, 0x00, 0x73, 0x19, 0x00, 0x00, 0x78, 0x19, 0x00, 0x00, 0xf8, 0x00, 0x02, 0x00, 0x73, 0x19, // ..s...x.......s.
	0x00, 0x00, 0x56, 0x00, 0x05, 0x00, 0x2e, 0x01, 0x00, 0x00, 0x8e, 0x19, 0x00, 0x00, 0xfe, 0x00, // ..V.............
	0x00, 0x00, 0xfc, 0x00, 0x00, 0x00, 0x57, 0x00, 0x05, 0x00, 0x0d, 0x00, 0x00, 0x00, 0x90, 0x19, // ......W.........
	0x00, 0x00, 0x8e, 0x19, 0x00, 0x00, 0x8c, 0x16, 0x00, 0x00, 0x51, 0x00, 0x05, 0x00, 0x07, 0x00, // ..........Q.....
	0x00, 0x00, 0x77, 0x19, 0x00, 0x00, 0x90, 0x19, 0x00, 0x00, 0x00, 0x00, 0x00, 0x00, 0xf9, 0x00, // ..w.............
	0x02, 0x00, 0x7d, 0x19, 0x00, 0x00, 0xf8, 0x00, 0x02, 0x00, 0x78, 0x19, 0x00, 0x00, 0x56, 0x00, // ..}.......x...V.
	0x05, 0x00, 0x2e, 0x01, 0x00, 0x00, 0x97, 0x19, 0x00, 0x00, 0x04, 0x01, 0x00, 0x00, 0x02, 0x01, // ................
	0x00, 0x00, 0x57, 0x00, 0x05, 0x00, 0x0d, 0x00, 0x00, 0x00, 0x99, 0x19, 0x00, 0x00, 0x97, 0x19, // ..W.............
	0x00, 0x00, 0x8c, 0x16, 0x00, 0x00, 0x51, 0x00, 0x05, 0x00, 0x07, 0x00, 0x00, 0x00, 0x7c, 0x19, // ......Q.......|.
	0x00, 0x00, 0x99, 0x19, 0x00, 0x00, 0x00, 0x00, 0x00, 0x00, 0xf9, 0x00, 0x02, 0x00, 0x7d, 0x19, // ..............}.
	0x00, 0x00, 0xf8, 0x00, 0x02, 0x00, 0x7d, 0x19, 0x00, 0x00, 0xf5, 0x00, 0x09, 0x00, 0x07, 0x00, // ......}.........
	0x00, 0x00, 0xe7, 0x5d, 0x00, 0x00, 0x6f, 0x19, 0x00, 0x00, 0x6b, 0x19, 0x00, 0x00, 0x77, 0x19, // ...]..o...k...w.
	0x00, 0x00, 0x73, 0x19, 0x00, 0x00, 0x7c, 0x19, 0x00, 0x00, 0x78, 0x19, 0x00, 0x00, 0xb8, 0x00, // ..s...|...x.....
	0x05, 0x00, 0x97, 0x01, 0x00, 0x00, 0x91, 0x16, 0x00, 0x00, 0xe7, 0x5d, 0x00, 0x00, 0x89, 0x16, // ...........]....
	0x00, 0x00, 0xf7, 0x00, 0x03, 0x00, 0x9a, 0x16, 0x00, 0x00, 0x00, 0x00, 0x00, 0x00, 0xfa, 0x00, // ................
	0x04, 0x00, 0x91, 0x16, 0x00, 0x00, 0x92, 0x16, 0x00, 0x00, 0x9a, 0x16, 0x00, 0x00, 0xf8, 0x00, // ................
	0x02, 0x00, 0x92, 0x16, 0x00, 0x00, 0x83, 0x00, 0x05, 0x00, 0x07, 0x00, 0x00, 0x00, 0x95, 0x16, // ................
	0x00, 0x00, 0x89, 0x16, 0x00, 0x00, 0xe7, 0x5d, 0x00, 0x00, 0x81, 0x00, 0x05, 0x00, 0x07, 0x00, // .......]........
	0x00, 0x00, 0x97, 0x16, 0x00, 0x00, 0xe9, 0x5d, 0x00, 0x00, 0x95, 0x16, 0x00, 0x00, 0x81, 0x00, // .......]........
	0x05, 0x00, 0x07, 0x00, 0x00, 0x00, 0x99, 0x16, 0x00, 0x00, 0xeb, 0x5d, 0x00, 0x00, 0xa1, 0x01, // ...........]....
	0x00, 0x00, 0xf9, 0x00, 0x02, 0x00, 0x9a, 0x16, 0x00, 0x00, 0xf8, 0x00, 0x02, 0x00, 0x9a, 0x16, // ................
	0x00, 0x00, 0xf5, 0x00, 0x07, 0x00, 0x07, 0x00, 0x00, 0x00, 0xf2, 0x5d, 0x00, 0x00, 0xeb, 0x5d, // ...........]...]
	0x00, 0x00, 0x7d, 0x19, 0x00, 0x00, 0x99, 0x16, 0x00, 0x00, 0x92, 0x16, 0x00, 0x00, 0xf5, 0x00, // ..}.............
	0x07, 0x00, 0x07, 0x00, 0x00, 0x00, 0xf0, 0x5d, 0x00, 0x00, 0xe9, 0x5d, 0x00, 0x00, 0x7d, 0x19, // .......]...]..}.
	0x00, 0x00, 0x97, 0x16, 0x00, 0x00, 0x92, 0x16, 0x00, 0x00, 0x8e, 0x00, 0x05, 0x00, 0x0b, 0x00, // ................
	0x00, 0x00, 0x9d, 0x16, 0x00, 0x00, 0x87, 0x03, 0x00, 0x00, 0x04, 0x16, 0x00, 0x00, 0x94, 0x00, // ................
	0x05, 0x00, 0x07, 0x00, 0x00, 0x00, 0xa1, 0x16, 0x00, 0x00, 0xc5, 0x5d, 0x00, 0x00, 0x9d, 0x16, // ...........]....
	0x00, 0x00, 0x81, 0x00, 0x05, 0x00, 0x07, 0x00, 0x00, 0x00, 0xa2, 0x16, 0x00, 0x00, 0xf7, 0x15, // ................
	0x00, 0x00, 0xa1, 0x16, 0x00, 0x00, 0x81, 0x00, 0x05, 0x00, 0x0b, 0x00, 0x00, 0x00, 0xa5, 0x16, // ................
	0x00, 0x00, 0xc2, 0x5c, 0x00, 0x00, 0x9d, 0x16, 0x00, 0x00, 0xf7, 0x00, 0x03, 0x00, 0xb9, 0x19, // ................
	0x00, 0x00, 0x00, 0x00, 0x00, 0x00, 0xfb, 0x00, 0x03, 0x00, 0xcc, 0x01, 0x00, 0x00, 0xa4, 0x19, // ................
	0x00, 0x00, 0xf8, 0x00, 0x02, 0x00, 0xa4, 0x19, 0x00, 0x00, 0xf7, 0x00, 0x03, 0x00, 0xac, 0x19, // ................
	0x00, 0x00, 0x00, 0x00, 0x00, 0x00, 0xfa, 0x00, 0x04, 0x00, 0x0e, 0x15, 0x00, 0x00, 0xa7, 0x19, // ................
	0x00, 0x00, 0xac, 0x19, 0x00, 0x00, 0xf8, 0x00, 0x02, 0x00, 0xa7, 0x19, 0x00, 0x00, 0x56, 0x00, // ..............V.
	0x05, 0x00, 0x2e, 0x01, 0x00, 0x00, 0xc1, 0x19, 0x00, 0x00, 0xf8, 0x00, 0x00, 0x00, 0xf6, 0x00, // ................
	0x00, 0x00, 0x57, 0x00, 0x05, 0x00, 0x0d, 0x00, 0x00, 0x00, 0xc3, 0x19, 0x00, 0x00, 0xc1, 0x19, // ..W.............
	0x00, 0x00, 0xa5, 0x16, 0x00, 0x00, 0x51, 0x00, 0x05, 0x00, 0x07, 0x00, 0x00, 0x00, 0xab, 0x19, // ......Q.........
	0x00, 0x00, 0xc3, 0x19, 0x00, 0x00, 0x00, 0x00, 0x00, 0x00, 0xf9, 0x00, 0x02, 0x00, 0xb9, 0x19, // ................
	0x00, 0x00, 0xf8, 0x00, 0x02, 0x00, 0xac, 0x19, 0x00, 0x00, 0xf7, 0x00, 0x03, 0x00, 0xb4, 0x19, // ................
	0x00, 0x00, 0x00, 0x00, 0x00, 0x00, 0xfa, 0x00, 0x04, 0x00, 0x12, 0x15, 0x00, 0x00, 0xaf, 0x19, // ................
	0x00, 0x00, 0xb4, 0x19, 0x00, 0x00, 0xf8, 0x00, 0x02, 0x00, 0xaf, 0x19, 0x00, 0x00, 0x56, 0x00, // ..............V.
	0x05, 0x00, 0x2e, 0x01, 0x00, 0x00, 0xca, 0x19, 0x00, 0x00, 0xfe, 0x00, 0x00, 0x00, 0xfc, 0x00, // ................
	0x00, 0x00, 0x57, 0x00, 0x05, 0x00, 0x0d, 0x00, 0x00, 0x00, 0xcc, 0x19, 0x00, 0x00, 0xca, 0x19, // ..W.............
	0x00, 0x00, 0xa5, 0x16, 0x00, 0x00, 0x51, 0x00, 0x05, 0x00, 0x07, 0x00, 0x00, 0x00, 0xb3, 0x19, // ......Q.........
	0x00, 0x00, 0xcc, 0x19, 0x00, 0x00, 0x00, 0x00, 0x00, 0x00, 0xf9, 0x00, 0x02, 0x00, 0xb9, 0x19, // ................
	0x00, 0x00, 0xf8, 0x00, 0x02, 0x00, 0xb4, 0x19, 0x00, 0x00, 0x56, 0x00, 0x05, 0x00, 0x2e, 0x01, // ..........V.....
	0x00, 0x00, 0xd3, 0x19, 0x00, 0x00, 0x04, 0x01, 0x00, 0x00, 0x02, 0x01, 0x00, 0x00, 0x57, 0x00, // ..............W.
	0x05, 0x00, 0x0d, 0x00, 0x00, 0x00, 0xd5, 0x19, 0x00, 0x00, 0xd3, 0x19, 0x00, 0x00, 0xa5, 0x16, // ................
	0x00, 0x00, 0x51, 0x00, 0x05, 0x00, 0x07, 0x00, 0x00, 0x00, 0xb8, 0x19, 0x00, 0x00, 0xd5, 0x19, // ..Q.............
	0x00, 0x00, 0x00, 0x00, 0x00, 0x00, 0xf9, 0x00, 0x02, 0x00, 0xb9, 0x19, 0x00, 0x00, 0xf8, 0x00, // ................
	0x02, 0x00, 0xb9, 0x19, 0x00, 0x00, 0xf5, 0x00, 0x09, 0x00, 0x07, 0x00, 0x00, 0x00, 0xee, 0x5d, // ...............]
	0x00, 0x00, 0xab, 0x19, 0x00, 0x00, 0xa7, 0x19, 0x00, 0x00, 0xb3, 0x19, 0x00, 0x00, 0xaf, 0x19, // ................
	0x00, 0x00, 0xb8, 0x19, 0x00, 0x00, 0xb4, 0x19, 0x00, 0x00, 0xb8, 0x00, 0x05, 0x00, 0x97, 0x01, // ................
	0x00, 0x00, 0xaa, 0x16, 0x00, 0x00, 0xee, 0x5d, 0x00, 0x00, 0xa2, 0x16, 0x00, 0x00, 0xf7, 0x00, // .......]........
	0x03, 0x00, 0xb3, 0x16, 0x00, 0x00, 0x00, 0x00, 0x00, 0x00, 0xfa, 0x00, 0x04, 0x00, 0xaa, 0x16, // ................
	0x00, 0x00, 0xab, 0x16, 0x00, 0x00, 0xb3, 0x16, 0x00, 0x00, 0xf8, 0x00, 0x02, 0x00, 0xab, 0x16, // ................
	0x00, 0x00, 0x83, 0x00, 0x05, 0x00, 0x07, 0x00, 0x00, 0x00, 0xae, 0x16, 0x00, 0x00, 0xa2, 0x16, // ................
	0x00, 0x00, 0xee, 0x5d, 0x00, 0x00, 0x81, 0x00, 0x05, 0x00, 0x07, 0x00, 0x00, 0x00, 0xb0, 0x16, // ...]............
	0x00, 0x00, 0xf0, 0x5d, 0x00, 0x00, 0xae, 0x16, 0x00, 0x00, 0x81, 0x00, 0x05, 0x00, 0x07, 0x00, // ...]............
	0x00, 0x00, 0xb2, 0x16, 0x00, 0x00, 0xf2, 0x5d, 0x00, 0x00, 0xa1, 0x01, 0x00, 0x00, 0xf9, 0x00, // .......]........
	0x02, 0x00, 0xb3, 0x16, 0x00, 0x00, 0xf8, 0x00, 0x02, 0x00, 0xb3, 0x16, 0x00, 0x00, 0xf5, 0x00, // ................
	0x07, 0x00, 0x07, 0x00, 0x00, 0x00, 0xf9, 0x5d, 0x00, 0x00, 0xf2, 0x5d, 0x00, 0x00, 0xb9, 0x19, // .......]...]....
	0x00, 0x00, 0xb2, 0x16, 0x00, 0x00, 0xab, 0x16, 0x00, 0x00, 0xf5, 0x00, 0x07, 0x00, 0x07, 0x00, // ................
	0x00, 0x00, 0xf7, 0x5d, 0x00, 0x00, 0xf0, 0x5d, 0x00, 0x00, 0xb9, 0x19, 0x00, 0x00, 0xb0, 0x16, // ...]...]........
	0x00, 0x00, 0xab, 0x16, 0x00, 0x00, 0x8e, 0x00, 0x05, 0x00, 0x0b, 0x00, 0x00, 0x00, 0xb6, 0x16, // ................
	0x00, 0x00, 0x88, 0x03, 0x00, 0x00, 0x04, 0x16, 0x00, 0x00, 0x94, 0x00, 0x05, 0x00, 0x07, 0x00, // ................
	0x00, 0x00, 0xba, 0x16, 0x00, 0x00, 0xc5, 0x5d, 0x00, 0x00, 0xb6, 0x16, 0x00, 0x00, 0x81, 0x00, // .......]........
	0x05, 0x00, 0x07, 0x00, 0x00, 0x00, 0xbb, 0x16, 0x00, 0x00, 0xf7, 0x15, 0x00, 0x00, 0xba, 0x16, // ................
	0x00, 0x00, 0x81, 0x00, 0x05, 0x00, 0x0b, 0x00, 0x00, 0x00, 0xbe, 0x16, 0x00, 0x00, 0xc2, 0x5c, // ................
	0x00, 0x00, 0xb6, 0x16, 0x00, 0x00, 0xf7, 0x00, 0x03, 0x00, 0xf5, 0x19, 0x00, 0x00, 0x00, 0x00, // ................
	0x00, 0x00, 0xfb, 0x00, 0x03, 0x00, 0xcc, 0x01, 0x00, 0x00, 0xe0, 0x19, 0x00, 0x00, 0xf8, 0x00, // ................
	0x02, 0x00, 0xe0, 0x19, 0x00, 0x00, 0xf7, 0x00, 0x03, 0x00, 0xe8, 0x19, 0x00, 0x00, 0x00, 0x00, // ................
	0x00, 0x00, 0xfa, 0x00, 0x04, 0x00, 0x0e, 0x15, 0x00, 0x00, 0xe3, 0x19, 0x00, 0x00, 0xe8, 0x19, // ................
	0x00, 0x00, 0xf8, 0x00, 0x02, 0x00, 0xe3, 0x19, 0x00, 0x00, 0x56, 0x00, 0x05, 0x00, 0x2e, 0x01, // ..........V.....
	0x00, 0x00, 0xfd, 0x19, 0x00, 0x00, 0xf8, 0x00, 0x00, 0x00, 0xf6, 0x00, 0x00, 0x00, 0x57, 0x00, // ..............W.
	0x05, 0x00, 0x0d, 0x00, 0x00, 0x00, 0xff, 0x19, 0x00, 0x00, 0xfd, 0x19, 0x00, 0x00, 0xbe, 0x16, // ................
	0x00, 0x00, 0x51, 0x00, 0x05, 0x00, 0x07, 0x00, 0x00, 0x00, 0xe7, 0x19, 0x00, 0x00, 0xff, 0x19, // ..Q.............
	0x00, 0x00, 0x00, 0x00, 0x00, 0x00, 0xf9, 0x00, 0x02, 0x00, 0xf5, 0x19, 0x00, 0x00, 0xf8, 0x00, // ................
	0x02, 0x00, 0xe8, 0x19, 0x00, 0x00, 0xf7, 0x00, 0x03, 0x00, 0xf0, 0x19, 0x00, 0x00, 0x00, 0x00, // ................
	0x00, 0x00, 0xfa, 0x00, 0x04, 0x00, 0x12, 0x15, 0x00, 0x00, 0xeb, 0x19, 0x00, 0x00, 0xf0, 0x19, // ................
	0x00, 0x00, 0xf8, 0x00, 0x02, 0x00, 0xeb, 0x19, 0x00, 0x00, 0x56, 0x00, 0x05, 0x00, 0x2e, 0x01, // ..........V.....
	0x00, 0x00, 0x06, 0x1a, 0x00, 0x00, 0xfe, 0x00, 0x00, 0x00, 0xfc, 0x00, 0x00, 0x00, 0x57, 0x00, // ..............W.
	0x05, 0x00, 0x0d, 0x00, 0x00, 0x00, 0x08, 0x1a, 0x00, 0x00, 0x06, 0x1a, 0x00, 0x00, 0xbe, 0x16, // ................
	0x00, 0x00, 0x51, 0x00, 0x05, 0x00, 0x07, 0x00, 0x00, 0x00, 0xef, 0x19, 0x00, 0x00, 0x08, 0x1a, // ..Q.............
	0x00, 0x00, 0x00, 0x00, 0x00, 0x00, 0xf9, 0x00, 0x02, 0x00, 0xf5, 0x19, 0x00, 0x00, 0xf8, 0x00, // ................
	0x02, 0x00, 0xf0, 0x19, 0x00, 0x00, 0x56, 0x00, 0x05, 0x00, 0x2e, 0x01, 0x00, 0x00, 0x0f, 0x1a, // ......V.........
	0x00, 0x00, 0x04, 0x01, 0x00, 0x00, 0x02, 0x01, 0x00, 0x00, 0x57, 0x00, 0x05, 0x00, 0x0d, 0x00, // ..........W.....
	0x00, 0x00, 0x11, 0x1a, 0x00, 0x00, 0x0f, 0x1a, 0x00, 0x00, 0xbe, 0x16, 0x00, 0x00, 0x51, 0x00, // ..............Q.
	0x05, 0x00, 0x07, 0x00, 0x00, 0x00, 0xf4, 0x19, 0x00, 0x00, 0x11, 0x1a, 0x00, 0x00, 0x00, 0x00, // ................
	0x00, 0x00, 0xf9, 0x00, 0x02, 0x00, 0xf5, 0x19, 0x00, 0x00, 0xf8, 0x00, 0x02, 0x00, 0xf5, 0x19, // ................
	0x00, 0x00, 0xf5, 0x00, 0x09, 0x00, 0x07, 0x00, 0x00, 0x00, 0xf5, 0x5d, 0x00, 0x00, 0xe7, 0x19, // ...........]....
	0x00, 0x00, 0xe3, 0x19, 0x00, 0x00, 0xef, 0x19, 0x00, 0x00, 0xeb, 0x19, 0x00, 0x00, 0xf4, 0x19, // ................
	0x00, 0x00, 0xf0, 0x19, 0x00, 0x00, 0xb8, 0x00, 0x05, 0x00, 0x97, 0x01, 0x00, 0x00, 0xc3, 0x16, // ................
	0x00, 0x00, 0xf5, 0x5d, 0x00, 0x00, 0xbb, 0x16, 0x00, 0x00, 0xf7, 0x00, 0x03, 0x00, 0xcc, 0x16, // ...]............
	0x00, 0x00, 0x00, 0x00, 0x00, 0x00, 0xfa, 0x00, 0x04, 0x00, 0xc3, 0x16, 0x00, 0x00, 0xc4, 0x16, // ................
	0x00, 0x00, 0xcc, 0x16, 0x00, 0x00, 0xf8, 0x00, 0x02, 0x00, 0xc4, 0x16, 0x00, 0x00, 0x83, 0x00, // ................
	0x05, 0x00, 0x07, 0x00, 0x00, 0x00, 0xc7, 0x16, 0x00, 0x00, 0xbb, 0x16, 0x00, 0x00, 0xf5, 0x5d, // ...............]
	0x00, 0x00, 0x81, 0x00, 0x05, 0x00, 0x07, 0x00, 0x00, 0x00, 0xc9, 0x16, 0x00, 0x00, 0xf7, 0x5d, // ...............]
	0x00, 0x00, 0xc7, 0x16, 0x00, 0x00, 0x81, 0x00, 0x05, 0x00, 0x07, 0x00, 0x00, 0x00, 0xcb, 0x16, // ................
	0x00, 0x00, 0xf9, 0x5d, 0x00, 0x00, 0xa1, 0x01, 0x00, 0x00, 0xf9, 0x00, 0x02, 0x00, 0xcc, 0x16, // ...]............
	0x00, 0x00, 0xf8, 0x00, 0x02, 0x00, 0xcc, 0x16, 0x00, 0x00, 0xf5, 0x00, 0x07, 0x00, 0x07, 0x00, // ................
	0x00, 0x00, 0xfb, 0x5d, 0x00, 0x00, 0xf7, 0x5d, 0x00, 0x00, 0xf5, 0x19, 0x00, 0x00, 0xc9, 0x16, // ...]...]........
	0x00, 0x00, 0xc4, 0x16, 0x00, 0x00, 0xf5, 0x00, 0x07, 0x00, 0x07, 0x00, 0x00, 0x00, 0xfa, 0x5d, // ...............]
	0x00, 0x00, 0xf9, 0x5d, 0x00, 0x00, 0xf5, 0x19, 0x00, 0x00, 0xcb, 0x16, 0x00, 0x00, 0xc4, 0x16, // ...]............
	0x00, 0x00, 0xb8, 0x00, 0x05, 0x00, 0x97, 0x01, 0x00, 0x00, 0xce, 0x16, 0x00, 0x00, 0xfa, 0x5d, // ...............]
	0x00, 0x00, 0x96, 0x01, 0x00, 0x00, 0xf7, 0x00, 0x03, 0x00, 0xd0, 0x16, 0x00, 0x00, 0x00, 0x00, // ................
	0x00, 0x00, 0xfa, 0x00, 0x04, 0x00, 0xce, 0x16, 0x00, 0x00, 0xcf, 0x16, 0x00, 0x00, 0xd0, 0x16, // ................
	0x00, 0x00, 0xf8, 0x00, 0x02, 0x00, 0xcf, 0x16, 0x00, 0x00, 0xf9, 0x00, 0x02, 0x00, 0x11, 0x18, // ................
	0x00, 0x00, 0xf8, 0x00, 0x02, 0x00, 0xd0, 0x16, 0x00, 0x00, 0x88, 0x00, 0x05, 0x00, 0x07, 0x00, // ................
	0x00, 0x00, 0xd3, 0x16, 0x00, 0x00, 0xfb, 0x5d, 0x00, 0x00, 0xfa, 0x5d, 0x00, 0x00, 0x41, 0x00, // .......]...]..A.
	0x06, 0x00, 0x93, 0x01, 0x00, 0x00, 0xd6, 0x16, 0x00, 0x00, 0x91, 0x01, 0x00, 0x00, 0xcf, 0x05, // ................
	0x00, 0x00, 0xcc, 0x01, 0x00, 0x00, 0x3d, 0x00, 0x04, 0x00, 0x07, 0x00, 0x00, 0x00, 0xd7, 0x16, // ......=.........
	0x00, 0x00, 0xd6, 0x16, 0x00, 0x00, 0x41, 0x00, 0x06, 0x00, 0x93, 0x01, 0x00, 0x00, 0xda, 0x16, // ......A.........
	0x00, 0x00, 0x91, 0x01, 0x00, 0x00, 0xcf, 0x05, 0x00, 0x00, 0xcf, 0x01, 0x00, 0x00, 0x3d, 0x00, // ..............=.
	0x04, 0x00, 0x07, 0x00, 0x00, 0x00, 0xdb, 0x16, 0x00, 0x00, 0xda, 0x16, 0x00, 0x00, 0x41, 0x00, // ..............A.
	0x06, 0x00, 0x93, 0x01, 0x00, 0x00, 0xdc, 0x16, 0x00, 0x00, 0x91, 0x01, 0x00, 0x00, 0xcf, 0x05, // ................
	0x00, 0x00, 0x4f, 0x01, 0x00, 0x00, 0x3d, 0x00, 0x04, 0x00, 0x07, 0x00, 0x00, 0x00, 0xdd, 0x16, // ..O...=.........
	0x00, 0x00, 0xdc, 0x16, 0x00, 0x00, 0xa9, 0x00, 0x06, 0x00, 0x07, 0x00, 0x00, 0x00, 0xde, 0x16, // ................
	0x00, 0x00, 0x12, 0x15, 0x00, 0x00, 0xdb, 0x16, 0x00, 0x00, 0xdd, 0x16, 0x00, 0x00, 0xa9, 0x00, // ................
	0x06, 0x00, 0x07, 0x00, 0x00, 0x00, 0xdf, 0x16, 0x00, 0x00, 0x0e, 0x15, 0x00, 0x00, 0xd7, 0x16, // ................
	0x00, 0x00, 0xde, 0x16, 0x00, 0x00, 0x41, 0x00, 0x06, 0x00, 0x93, 0x01, 0x00, 0x00, 0xe0, 0x16, // ......A.........
	0x00, 0x00, 0x91, 0x01, 0x00, 0x00, 0xd3, 0x04, 0x00, 0x00, 0xcf, 0x01, 0x00, 0x00, 0x3d, 0x00, // ..............=.
	0x04, 0x00, 0x07, 0x00, 0x00, 0x00, 0xe1, 0x16, 0x00, 0x00, 0xe0, 0x16, 0x00, 0x00, 0x85, 0x00, // ................
	0x05, 0x00, 0x07, 0x00, 0x00, 0x00, 0xe4, 0x16, 0x00, 0x00, 0xd3, 0x16, 0x00, 0x00, 0xdf, 0x16, // ................
	0x00, 0x00, 0x81, 0x00, 0x05, 0x00, 0x07, 0x00, 0x00, 0x00, 0xe5, 0x16, 0x00, 0x00, 0xe1, 0x16, // ................
	0x00, 0x00, 0xe4, 0x16, 0x00, 0x00, 0x41, 0x00, 0x06, 0x00, 0x93, 0x01, 0x00, 0x00, 0xe8, 0x16, // ......A.........
	0x00, 0x00, 0x91, 0x01, 0x00, 0x00, 0xd3, 0x04, 0x00, 0x00, 0x4f, 0x01, 0x00, 0x00, 0x3d, 0x00, // ..........O...=.
	0x04, 0x00, 0x07, 0x00, 0x00, 0x00, 0xe9, 0x16, 0x00, 0x00, 0xe8, 0x16, 0x00, 0x00, 0x0c, 0x00, // ................
	0x08, 0x00, 0x07, 0x00, 0x00, 0x00, 0xea, 0x16, 0x00, 0x00, 0x01, 0x00, 0x00, 0x00, 0x2b, 0x00, // ..............+.
	0x00, 0x00, 0xe5, 0x16, 0x00, 0x00, 0xe1, 0x16, 0x00, 0x00, 0xe9, 0x16, 0x00, 0x00, 0x85, 0x00, // ................
	0x05, 0x00, 0x07, 0x00, 0x00, 0x00, 0xed, 0x16, 0x00, 0x00, 0xea, 0x16, 0x00, 0x00, 0xee, 0x15, // ................
	0x00, 0x00, 0x8e, 0x00, 0x05, 0x00, 0x0b, 0x00, 0x00, 0x00, 0x01, 0x17, 0x00, 0x00, 0x89, 0x03, // ................
	0x00, 0x00, 0xed, 0x16, 0x00, 0x00, 0x81, 0x00, 0x05, 0x00, 0x0b, 0x00, 0x00, 0x00, 0x04, 0x17, // ................
	0x00, 0x00, 0xc2, 0x5c, 0x00, 0x00, 0x01, 0x17, 0x00, 0x00, 0x94, 0x00, 0x05, 0x00, 0x07, 0x00, // ................
	0x00, 0x00, 0x08, 0x17, 0x00, 0x00, 0xc5, 0x5d, 0x00, 0x00, 0x01, 0x17, 0x00, 0x00, 0x81, 0x00, // .......]........
	0x05, 0x00, 0x07, 0x00, 0x00, 0x00, 0x09, 0x17, 0x00, 0x00, 0xf7, 0x15, 0x00, 0x00, 0x08, 0x17, // ................
	0x00, 0x00, 0x50, 0x00, 0x05, 0x00, 0x0b, 0x00, 0x00, 0x00, 0x38, 0x1a, 0x00, 0x00, 0xee, 0x15, // ..P.......8.....
	0x00, 0x00, 0xee, 0x15, 0x00, 0x00, 0x88, 0x00, 0x05, 0x00, 0x0b, 0x00, 0x00, 0x00, 0x39, 0x1a, // ..............9.
	0x00, 0x00, 0x04, 0x17, 0x00, 0x00, 0x38, 0x1a, 0x00, 0x00, 0x83, 0x00, 0x05, 0x00, 0x0b, 0x00, // ......8.........
	0x00, 0x00, 0x3b, 0x1a, 0x00, 0x00, 0x39, 0x1a, 0x00, 0x00, 0xa4, 0x5d, 0x00, 0x00, 0x0c, 0x00, // ..;...9....]....
	0x06, 0x00, 0x0b, 0x00, 0x00, 0x00, 0x3d, 0x1a, 0x00, 0x00, 0x01, 0x00, 0x00, 0x00, 0x08, 0x00, // ......=.........
	0x00, 0x00, 0x3b, 0x1a, 0x00, 0x00, 0x83, 0x00, 0x05, 0x00, 0x0b, 0x00, 0x00, 0x00, 0x40, 0x1a, // ..;...........@.
	0x00, 0x00, 0x3b, 0x1a, 0x00, 0x00, 0x3d, 0x1a, 0x00, 0x00, 0x81, 0x00, 0x05, 0x00, 0x0b, 0x00, // ..;...=.........
	0x00, 0x00, 0x43, 0x1a, 0x00, 0x00, 0x3d, 0x1a, 0x00, 0x00, 0xa4, 0x5d, 0x00, 0x00, 0x8e, 0x00, // ..C...=....]....
	0x05, 0x00, 0x0b, 0x00, 0x00, 0x00, 0x45, 0x1a, 0x00, 0x00, 0x43, 0x1a, 0x00, 0x00, 0xee, 0x15, // ......E...C.....
	0x00, 0x00, 0x50, 0x00, 0x05, 0x00, 0x0b, 0x00, 0x00, 0x00, 0x49, 0x1a, 0x00, 0x00, 0xee, 0x15, // ..P.......I.....
	0x00, 0x00, 0x73, 0x01, 0x00, 0x00, 0x81, 0x00, 0x05, 0x00, 0x0b, 0x00, 0x00, 0x00, 0x4a, 0x1a, // ..s...........J.
	0x00, 0x00, 0x45, 0x1a, 0x00, 0x00, 0x49, 0x1a, 0x00, 0x00, 0x50, 0x00, 0x05, 0x00, 0x0b, 0x00, // ..E...I...P.....
	0x00, 0x00, 0x4d, 0x1a, 0x00, 0x00, 0x73, 0x01, 0x00, 0x00, 0xee, 0x15, 0x00, 0x00, 0x81, 0x00, // ..M...s.........
	0x05, 0x00, 0x0b, 0x00, 0x00, 0x00, 0x4e, 0x1a, 0x00, 0x00, 0x45, 0x1a, 0x00, 0x00, 0x4d, 0x1a, // ......N...E...M.
	0x00, 0x00, 0x81, 0x00, 0x05, 0x00, 0x0b, 0x00, 0x00, 0x00, 0x52, 0x1a, 0x00, 0x00, 0x45, 0x1a, // ..........R...E.
	0x00, 0x00, 0x38, 0x1a, 0x00, 0x00, 0x83, 0x00, 0x05, 0x00, 0x0b, 0x00, 0x00, 0x00, 0x57, 0x1a, // ..8...........W.
	0x00, 0x00, 0x45, 0x1a, 0x00, 0x00, 0x04, 0x17, 0x00, 0x00, 0x94, 0x00, 0x05, 0x00, 0x07, 0x00, // ..E.............
	0x00, 0x00, 0x58, 0x1a, 0x00, 0x00, 0xc5, 0x5d, 0x00, 0x00, 0x57, 0x1a, 0x00, 0x00, 0x81, 0x00, // ..X....]..W.....
	0x05, 0x00, 0x07, 0x00, 0x00, 0x00, 0x59, 0x1a, 0x00, 0x00, 0x09, 0x17, 0x00, 0x00, 0x58, 0x1a, // ......Y.......X.
	0x00, 0x00, 0x83, 0x00, 0x05, 0x00, 0x0b, 0x00, 0x00, 0x00, 0x5e, 0x1a, 0x00, 0x00, 0x4a, 0x1a, // ..........^...J.
	0x00, 0x00, 0x04, 0x17, 0x00, 0x00, 0x94, 0x00, 0x05, 0x00, 0x07, 0x00, 0x00, 0x00, 0x5f, 0x1a, // .............._.
	0x00, 0x00, 0xc5, 0x5d, 0x00, 0x00, 0x5e, 0x1a, 0x00, 0x00, 0x81, 0x00, 0x05, 0x00, 0x07, 0x00, // ...]..^.........
	0x00, 0x00, 0x60, 0x1a, 0x00, 0x00, 0x09, 0x17, 0x00, 0x00, 0x5f, 0x1a, 0x00, 0x00, 0x83, 0x00, // ..`......._.....
	0x05, 0x00, 0x0b, 0x00, 0x00, 0x00, 0x65, 0x1a, 0x00, 0x00, 0x4e, 0x1a, 0x00, 0x00, 0x04, 0x17, // ......e...N.....
	0x00, 0x00, 0x94, 0x00, 0x05, 0x00, 0x07, 0x00, 0x00, 0x00, 0x66, 0x1a, 0x00, 0x00, 0xc5, 0x5d, // ..........f....]
	0x00, 0x00, 0x65, 0x1a, 0x00, 0x00, 0x81, 0x00, 0x05, 0x00, 0x07, 0x00, 0x00, 0x00, 0x67, 0x1a, // ..e...........g.
	0x00, 0x00, 0x09, 0x17, 0x00, 0x00, 0x66, 0x1a, 0x00, 0x00, 0x83, 0x00, 0x05, 0x00, 0x0b, 0x00, // ......f.........
	0x00, 0x00, 0x6c, 0x1a, 0x00, 0x00, 0x52, 0x1a, 0x00, 0x00, 0x04, 0x17, 0x00, 0x00, 0x94, 0x00, // ..l...R.........
	0x05, 0x00, 0x07, 0x00, 0x00, 0x00, 0x6d, 0x1a, 0x00, 0x00, 0xc5, 0x5d, 0x00, 0x00, 0x6c, 0x1a, // ......m....]..l.
	0x00, 0x00, 0x81, 0x00, 0x05, 0x00, 0x07, 0x00, 0x00, 0x00, 0x6e, 0x1a, 0x00, 0x00, 0x09, 0x17, // ..........n.....
	0x00, 0x00, 0x6d, 0x1a, 0x00, 0x00, 0xf7, 0x00, 0x03, 0x00, 0xb3, 0x1a, 0x00, 0x00, 0x00, 0x00, // ..m.............
	0x00, 0x00, 0xfb, 0x00, 0x03, 0x00, 0xcc, 0x01, 0x00, 0x00, 0x9e, 0x1a, 0x00, 0x00, 0xf8, 0x00, // ................
	0x02, 0x00, 0x9e, 0x1a, 0x00, 0x00, 0xf7, 0x00, 0x03, 0x00, 0xa6, 0x1a, 0x00, 0x00, 0x00, 0x00, // ................
	0x00, 0x00, 0xfa, 0x00, 0x04, 0x00, 0x0e, 0x15, 0x00, 0x00, 0xa1, 0x1a, 0x00, 0x00, 0xa6, 0x1a, // ................
	0x00, 0x00, 0xf8, 0x00, 0x02, 0x00, 0xa1, 0x1a, 0x00, 0x00, 0x56, 0x00, 0x05, 0x00, 0x2e, 0x01, // ..........V.....
	0x00, 0x00, 0xbb, 0x1a, 0x00, 0x00, 0xf8, 0x00, 0x00, 0x00, 0xf6, 0x00, 0x00, 0x00, 0x57, 0x00, // ..............W.
	0x05, 0x00, 0x0d, 0x00, 0x00, 0x00, 0xbd, 0x1a, 0x00, 0x00, 0xbb, 0x1a, 0x00, 0x00, 0x45, 0x1a, // ..............E.
	0x00, 0x00, 0x51, 0x00, 0x05, 0x00, 0x07, 0x00, 0x00, 0x00, 0xa5, 0x1a, 0x00, 0x00, 0xbd, 0x1a, // ..Q.............
	0x00, 0x00, 0x00, 0x00, 0x00, 0x00, 0xf9, 0x00, 0x02, 0x00, 0xb3, 0x1a, 0x00, 0x00, 0xf8, 0x00, // ................
	0x02, 0x00, 0xa6, 0x1a, 0x00, 0x00, 0xf7, 0x00, 0x03, 0x00, 0xae, 0x1a, 0x00, 0x00, 0x00, 0x00, // ................
	0x00, 0x00, 0xfa, 0x00, 0x04, 0x00, 0x12, 0x15, 0x00, 0x00, 0xa9, 0x1a, 0x00, 0x00, 0xae, 0x1a, // ................
	0x00, 0x00, 0xf8, 0x00, 0x02, 0x00, 0xa9, 0x1a, 0x00, 0x00, 0x56, 0x00, 0x05, 0x00, 0x2e, 0x01, // ..........V.....
	0x00, 0x00, 0xc4, 0x1a, 0x00, 0x00, 0xfe, 0x00, 0x00, 0x00, 0xfc, 0x00, 0x00, 0x00, 0x57, 0x00, // ..............W.
	0x05, 0x00, 0x0d, 0x00, 0x00, 0x00, 0xc6, 0x1a, 0x00, 0x00, 0xc4, 0x1a, 0x00, 0x00, 0x45, 0x1a, // ..............E.
	0x00, 0x00, 0x51, 0x00, 0x05, 0x00, 0x07, 0x00, 0x00, 0x00, 0xad, 0x1a, 0x00, 0x00, 0xc6, 0x1a, // ..Q.............
	0x00, 0x00, 0x00, 0x00, 0x00, 0x00, 0xf9, 0x00, 0x02, 0x00, 0xb3, 0x1a, 0x00, 0x00, 0xf8, 0x00, // ................
	0x02, 0x00, 0xae, 0x1a, 0x00, 0x00, 0x56, 0x00, 0x05, 0x00, 0x2e, 0x01, 0x00, 0x00, 0xcd, 0x1a, // ......V.........
	0x00, 0x00, 0x04, 0x01, 0x00, 0x00, 0x02, 0x01, 0x00, 0x00, 0x57, 0x00, 0x05, 0x00, 0x0d, 0x00, // ..........W.....
	0x00, 0x00, 0xcf, 0x1a, 0x00, 0x00, 0xcd, 0x1a, 0x00, 0x00, 0x45, 0x1a, 0x00, 0x00, 0x51, 0x00, // ..........E...Q.
	0x05, 0x00, 0x07, 0x00, 0x00, 0x00, 0xb2, 0x1a, 0x00, 0x00, 0xcf, 0x1a, 0x00, 0x00, 0x00, 0x00, // ................
	0x00, 0x00, 0xf9, 0x00, 0x02, 0x00, 0xb3, 0x1a, 0x00, 0x00, 0xf8, 0x00, 0x02, 0x00, 0xb3, 0x1a, // ................
	0x00, 0x00, 0xf5, 0x00, 0x09, 0x00, 0x07, 0x00, 0x00, 0x00, 0xfe, 0x5d, 0x00, 0x00, 0xa5, 0x1a, // ...........]....
	0x00, 0x00, 0xa1, 0x1a, 0x00, 0x00, 0xad, 0x1a, 0x00, 0x00, 0xa9, 0x1a, 0x00, 0x00, 0xb2, 0x1a, // ................
	0x00, 0x00, 0xae, 0x1a, 0x00, 0x00, 0xbe, 0x00, 0x05, 0x00, 0x97, 0x01, 0x00, 0x00, 0x73, 0x1a, // ..............s.
	0x00, 0x00, 0xfe, 0x5d, 0x00, 0x00, 0x59, 0x1a, 0x00, 0x00, 0xa9, 0x00, 0x06, 0x00, 0x07, 0x00, // ...]..Y.........
	0x00, 0x00, 0x74, 0x1a, 0x00, 0x00, 0x73, 0x1a, 0x00, 0x00, 0xa1, 0x01, 0x00, 0x00, 0x73, 0x01, // ..t...s.......s.
	0x00, 0x00, 0xf7, 0x00, 0x03, 0x00, 0xef, 0x1a, 0x00, 0x00, 0x00, 0x00, 0x00, 0x00, 0xfb, 0x00, // ................
	0x03, 0x00, 0xcc, 0x01, 0x00, 0x00, 0xda, 0x1a, 0x00, 0x00, 0xf8, 0x00, 0x02, 0x00, 0xda, 0x1a, // ................
	0x00, 0x00, 0xf7, 0x00, 0x03, 0x00, 0xe2, 0x1a, 0x00, 0x00, 0x00, 0x00, 0x00, 0x00, 0xfa, 0x00, // ................
	0x04, 0x00, 0x0e, 0x15, 0x00, 0x00, 0xdd, 0x1a, 0x00, 0x00, 0xe2, 0x1a, 0x00, 0x00, 0xf8, 0x00, // ................
	0x02, 0x00, 0xdd, 0x1a, 0x00, 0x00, 0x56, 0x00, 0x05, 0x00, 0x2e, 0x01, 0x00, 0x00, 0xf7, 0x1a, // ......V.........
	0x00, 0x00, 0xf8, 0x00, 0x00, 0x00, 0xf6, 0x00, 0x00, 0x00, 0x57, 0x00, 0x05, 0x00, 0x0d, 0x00, // ..........W.....
	0x00, 0x00, 0xf9, 0x1a, 0x00, 0x00, 0xf7, 0x1a, 0x00, 0x00, 0x4a, 0x1a, 0x00, 0x00, 0x51, 0x00, // ..........J...Q.
	0x05, 0x00, 0x07, 0x00, 0x00, 0x00, 0xe1, 0x1a, 0x00, 0x00, 0xf9, 0x1a, 0x00, 0x00, 0x00, 0x00, // ................
	0x00, 0x00, 0xf9, 0x00, 0x02, 0x00, 0xef, 0x1a, 0x00, 0x00, 0xf8, 0x00, 0x02, 0x00, 0xe2, 0x1a, // ................
	0x00, 0x00, 0xf7, 0x00, 0x03, 0x00, 0xea, 0x1a, 0x00, 0x00, 0x00, 0x00, 0x00, 0x00, 0xfa, 0x00, // ................
	0x04, 0x00, 0x12, 0x15, 0x00, 0x00, 0xe5, 0x1a, 0x00, 0x00, 0xea, 0x1a, 0x00, 0x00, 0xf8, 0x00, // ................
	0x02, 0x00, 0xe5, 0x1a, 0x00, 0x00, 0x56, 0x00, 0x05, 0x00, 0x2e, 0x01, 0x00, 0x00, 0x00, 0x1b, // ......V.........
	0x00, 0x00, 0xfe, 0x00, 0x00, 0x00, 0xfc, 0x00, 0x00, 0x00, 0x57, 0x00, 0x05, 0x00, 0x0d, 0x00, // ..........W.....
	0x00, 0x00, 0x02, 0x1b, 0x00, 0x00, 0x00, 0x1b, 0x00, 0x00, 0x4a, 0x1a, 0x00, 0x00, 0x51, 0x00, // ..........J...Q.
	0x05, 0x00, 0x07, 0x00, 0x00, 0x00, 0xe9, 0x1a, 0x00, 0x00, 0x02, 0x1b, 0x00, 0x00, 0x00, 0x00, // ................
	0x00, 0x00, 0xf9, 0x00, 0x02, 0x00, 0xef, 0x1a, 0x00, 0x00, 0xf8, 0x00, 0x02, 0x00, 0xea, 0x1a, // ................
	0x00, 0x00, 0x56, 0x00, 0x05, 0x00, 0x2e, 0x01, 0x00, 0x00, 0x09, 0x1b, 0x00, 0x00, 0x04, 0x01, // ..V.............
	0x00, 0x00, 0x02, 0x01, 0x00, 0x00, 0x57, 0x00, 0x05, 0x00, 0x0d, 0x00, 0x00, 0x00, 0x0b, 0x1b, // ......W.........
	0x00, 0x00, 0x09, 0x1b, 0x00, 0x00, 0x4a, 0x1a, 0x00, 0x00, 0x51, 0x00, 0x05, 0x00, 0x07, 0x00, // ......J...Q.....
	0x00, 0x00, 0xee, 0x1a, 0x00, 0x00, 0x0b, 0x1b, 0x00, 0x00, 0x00, 0x00, 0x00, 0x00, 0xf9, 0x00, // ................
	0x02, 0x00, 0xef, 0x1a, 0x00, 0x00, 0xf8, 0x00, 0x02, 0x00, 0xef, 0x1a, 0x00, 0x00, 0xf5, 0x00, // ................
	0x09, 0x00, 0x07, 0x00, 0x00, 0x00, 0xff, 0x5d, 0x00, 0x00, 0xe1, 0x1a, 0x00, 0x00, 0xdd, 0x1a, // .......]........
	0x00, 0x00, 0xe9, 0x1a, 0x00, 0x00, 0xe5, 0x1a, 0x00, 0x00, 0xee, 0x1a, 0x00, 0x00, 0xea, 0x1a, // ................
	0x00, 0x00, 0xbe, 0x00, 0x05, 0x00, 0x97, 0x01, 0x00, 0x00, 0x79, 0x1a, 0x00, 0x00, 0xff, 0x5d, // ..........y....]
	0x00, 0x00, 0x60, 0x1a, 0x00, 0x00, 0xa9, 0x00, 0x06, 0x00, 0x07, 0x00, 0x00, 0x00, 0x7a, 0x1a, // ..`...........z.
	0x00, 0x00, 0x79, 0x1a, 0x00, 0x00, 0xa1, 0x01, 0x00, 0x00, 0x73, 0x01, 0x00, 0x00, 0xf7, 0x00, // ..y.......s.....
	0x03, 0x00, 0x2b, 0x1b, 0x00, 0x00, 0x00, 0x00, 0x00, 0x00, 0xfb, 0x00, 0x03, 0x00, 0xcc, 0x01, // ..+.............
	0x00, 0x00, 0x16, 0x1b, 0x00, 0x00, 0xf8, 0x00, 0x02, 0x00, 0x16, 0x1b, 0x00, 0x00, 0xf7, 0x00, // ................
	0x03, 0x00, 0x1e, 0x1b, 0x00, 0x00, 0x00, 0x00, 0x00, 0x00, 0xfa, 0x00, 0x04, 0x00, 0x0e, 0x15, // ................
	0x00, 0x00, 0x19, 0x1b, 0x00, 0x00, 0x1e, 0x1b, 0x00, 0x00, 0xf8, 0x00, 0x02, 0x00, 0x19, 0x1b, // ................
	0x00, 0x00, 0x56, 0x00, 0x05, 0x00, 0x2e, 0x01, 0x00, 0x00, 0x33, 0x1b, 0x00, 0x00, 0xf8, 0x00, // ..V.......3.....
	0x00, 0x00, 0xf6, 0x00, 0x00, 0x00, 0x57, 0x00, 0x05, 0x00, 0x0d, 0x00, 0x00, 0x00, 0x35, 0x1b, // ......W.......5.
	0x00, 0x00, 0x33, 0x1b, 0x00, 0x00, 0x4e, 0x1a, 0x00, 0x00, 0x51, 0x00, 0x05, 0x00, 0x07, 0x00, // ..3...N...Q.....
	0x00, 0x00, 0x1d, 0x1b, 0x00, 0x00, 0x35, 0x1b, 0x00, 0x00, 0x00, 0x00, 0x00, 0x00, 0xf9, 0x00, // ......5.........
	0x02, 0x00, 0x2b, 0x1b, 0x00, 0x00, 0xf8, 0x00, 0x02, 0x00, 0x1e, 0x1b, 0x00, 0x00, 0xf7, 0x00, // ..+.............
	0x03, 0x00, 0x26, 0x1b, 0x00, 0x00, 0x00, 0x00, 0x00, 0x00, 0xfa, 0x00, 0x04, 0x00, 0x12, 0x15, // ..&.............
	0x00, 0x00, 0x21, 0x1b, 0x00, 0x00, 0x26, 0x1b, 0x00, 0x00, 0xf8, 0x00, 0x02, 0x00, 0x21, 0x1b, // ..!...&.......!.
	0x00, 0x00, 0x56, 0x00, 0x05, 0x00, 0x2e, 0x01, 0x00, 0x00, 0x3c, 0x1b, 0x00, 0x00, 0xfe, 0x00, // ..V.......<.....
	0x00, 0x00, 0xfc, 0x00, 0x00, 0x00, 0x57, 0x00, 0x05, 0x00, 0x0d, 0x00, 0x00, 0x00, 0x3e, 0x1b, // ......W.......>.
	0x00, 0x00, 0x3c, 0x1b, 0x00, 0x00, 0x4e, 0x1a, 0x00, 0x00, 0x51, 0x00, 0x05, 0x00, 0x07, 0x00, // ..<...N...Q.....
	0x00, 0x00, 0x25, 0x1b, 0x00, 0x00, 0x3e, 0x1b, 0x00, 0x00, 0x00, 0x00, 0x00, 0x00, 0xf9, 0x00, // ..%...>.........
	0x02, 0x00, 0x2b, 0x1b, 0x00, 0x00, 0xf8, 0x00, 0x02, 0x00, 0x26, 0x1b, 0x00, 0x00, 0x56, 0x00, // ..+.......&...V.
	0x05, 0x00, 0x2e, 0x01, 0x00, 0x00, 0x45, 0x1b, 0x00, 0x00, 0x04, 0x01, 0x00, 0x00, 0x02, 0x01, // ......E.........
	0x00, 0x00, 0x57, 0x00, 0x05, 0x00, 0x0d, 0x00, 0x00, 0x00, 0x47, 0x1b, 0x00, 0x00, 0x45, 0x1b, // ..W.......G...E.
	0x00, 0x00, 0x4e, 0x1a, 0x00, 0x00, 0x51, 0x00, 0x05, 0x00, 0x07, 0x00, 0x00, 0x00, 0x2a, 0x1b, // ..N...Q.......*.
	0x00, 0x00, 0x47, 0x1b, 0x00, 0x00, 0x00, 0x00, 0x00, 0x00, 0xf9, 0x00, 0x02, 0x00, 0x2b, 0x1b, // ..G...........+.
	0x00, 0x00, 0xf8, 0x00, 0x02, 0x00, 0x2b, 0x1b, 0x00, 0x00, 0xf5, 0x00, 0x09, 0x00, 0x07, 0x00, // ......+.........
	0x00, 0x00, 0x00, 0x5e, 0x00, 0x00, 0x1d, 0x1b, 0x00, 0x00, 0x19, 0x1b, 0x00, 0x00, 0x25, 0x1b, // ...^..........%.
	0x00, 0x00, 0x21, 0x1b, 0x00, 0x00, 0x2a, 0x1b, 0x00, 0x00, 0x26, 0x1b, 0x00, 0x00, 0xbe, 0x00, // ..!...*...&.....
	0x05, 0x00, 0x97, 0x01, 0x00, 0x00, 0x7f, 0x1a, 0x00, 0x00, 0x00, 0x5e, 0x00, 0x00, 0x67, 0x1a, // ...........^..g.
	0x00, 0x00, 0xa9, 0x00, 0x06, 0x00, 0x07, 0x00, 0x00, 0x00, 0x80, 0x1a, 0x00, 0x00, 0x7f, 0x1a, // ................
	0x00, 0x00, 0xa1, 0x01, 0x00, 0x00, 0x73, 0x01, 0x00, 0x00, 0xf7, 0x00, 0x03, 0x00, 0x67, 0x1b, // ......s.......g.
	0x00, 0x00, 0x00, 0x00, 0x00, 0x00, 0xfb, 0x00, 0x03, 0x00, 0xcc, 0x01, 0x00, 0x00, 0x52, 0x1b, // ..............R.
	0x00, 0x00, 0xf8, 0x00, 0x02, 0x00, 0x52, 0x1b, 0x00, 0x00, 0xf7, 0x00, 0x03, 0x00, 0x5a, 0x1b, // ......R.......Z.
	0x00, 0x00, 0x00, 0x00, 0x00, 0x00, 0xfa, 0x00, 0x04, 0x00, 0x0e, 0x15, 0x00, 0x00, 0x55, 0x1b, // ..............U.
	0x00, 0x00, 0x5a, 0x1b, 0x00, 0x00, 0xf8, 0x00, 0x02, 0x00, 0x55, 0x1b, 0x00, 0x00, 0x56, 0x00, // ..Z.......U...V.
	0x05, 0x00, 0x2e, 0x01, 0x00, 0x00, 0x6f, 0x1b, 0x00, 0x00, 0xf8, 0x00, 0x00, 0x00, 0xf6, 0x00, // ......o.........
	0x00, 0x00, 0x57, 0x00, 0x05, 0x00, 0x0d, 0x00, 0x00, 0x00, 0x71, 0x1b, 0x00, 0x00, 0x6f, 0x1b, // ..W.......q...o.
	0x00, 0x00, 0x52, 0x1a, 0x00, 0x00, 0x51, 0x00, 0x05, 0x00, 0x07, 0x00, 0x00, 0x00, 0x59, 0x1b, // ..R...Q.......Y.
	0x00, 0x00, 0x71, 0x1b, 0x00, 0x00, 0x00, 0x00, 0x00, 0x00, 0xf9, 0x00, 0x02, 0x00, 0x67, 0x1b, // ..q...........g.
	0x00, 0x00, 0xf8, 0x00, 0x02, 0x00, 0x5a, 0x1b, 0x00, 0x00, 0xf7, 0x00, 0x03, 0x00, 0x62, 0x1b, // ......Z.......b.
	0x00, 0x00, 0x00, 0x00, 0x00, 0x00, 0xfa, 0x00, 0x04, 0x00, 0x12, 0x15, 0x00, 0x00, 0x5d, 0x1b, // ..............].
	0x00, 0x00, 0x62, 0x1b, 0x00, 0x00, 0xf8, 0x00, 0x02, 0x00, 0x5d, 0x1b, 0x00, 0x00, 0x56, 0x00, // ..b.......]...V.
	0x05, 0x00, 0x2e, 0x01, 0x00, 0x00, 0x78, 0x1b, 0x00, 0x00, 0xfe, 0x00, 0x00, 0x00, 0xfc, 0x00, // ......x.........
	0x00, 0x00, 0x57, 0x00, 0x05, 0x00, 0x0d, 0x00, 0x00, 0x00, 0x7a, 0x1b, 0x00, 0x00, 0x78, 0x1b, // ..W.......z...x.
	0x00, 0x00, 0x52, 0x1a, 0x00, 0x00, 0x51, 0x00, 0x05, 0x00, 0x07, 0x00, 0x00, 0x00, 0x61, 0x1b, // ..R...Q.......a.
	0x00, 0x00, 0x7a, 0x1b, 0x00, 0x00, 0x00, 0x00, 0x00, 0x00, 0xf9, 0x00, 0x02, 0x00, 0x67, 0x1b, // ..z...........g.
	0x00, 0x00, 0xf8, 0x00, 0x02, 0x00, 0x62, 0x1b, 0x00, 0x00, 0x56, 0x00, 0x05, 0x00, 0x2e, 0x01, // ......b...V.....
	0x00, 0x00, 0x81, 0x1b, 0x00, 0x00, 0x04, 0x01, 0x00, 0x00, 0x02, 0x01, 0x00, 0x00, 0x57, 0x00, // ..............W.
	0x05, 0x00, 0x0d, 0x00, 0x00, 0x00, 0x83, 0x1b, 0x00, 0x00, 0x81, 0x1b, 0x00, 0x00, 0x52, 0x1a, // ..............R.
	0x00, 0x00, 0x51, 0x00, 0x05, 0x00, 0x07, 0x00, 0x00, 0x00, 0x66, 0x1b, 0x00, 0x00, 0x83, 0x1b, // ..Q.......f.....
	0x00, 0x00, 0x00, 0x00, 0x00, 0x00, 0xf9, 0x00, 0x02, 0x00, 0x67, 0x1b, 0x00, 0x00, 0xf8, 0x00, // ..........g.....
	0x02, 0x00, 0x67, 0x1b, 0x00, 0x00, 0xf5, 0x00, 0x09, 0x00, 0x07, 0x00, 0x00, 0x00, 0x01, 0x5e, // ..g............^
	0x00, 0x00, 0x59, 0x1b, 0x00, 0x00, 0x55, 0x1b, 0x00, 0x00, 0x61, 0x1b, 0x00, 0x00, 0x5d, 0x1b, // ..Y...U...a...].
	0x00, 0x00, 0x66, 0x1b, 0x00, 0x00, 0x62, 0x1b, 0x00, 0x00, 0xbe, 0x00, 0x05, 0x00, 0x97, 0x01, // ..f...b.........
	0x00, 0x00, 0x85, 0x1a, 0x00, 0x00, 0x01, 0x5e, 0x00, 0x00, 0x6e, 0x1a, 0x00, 0x00, 0xa9, 0x00, // .......^..n.....
	0x06, 0x00, 0x07, 0x00, 0x00, 0x00, 0x86, 0x1a, 0x00, 0x00, 0x85, 0x1a, 0x00, 0x00, 0xa1, 0x01, // ................
	0x00, 0x00, 0x73, 0x01, 0x00, 0x00, 0x51, 0x00, 0x05, 0x00, 0x07, 0x00, 0x00, 0x00, 0x8a, 0x1a, // ..s...Q.........
	0x00, 0x00, 0x40, 0x1a, 0x00, 0x00, 0x00, 0x00, 0x00, 0x00, 0x0c, 0x00, 0x08, 0x00, 0x07, 0x00, // ..@.............
	0x00, 0x00, 0x89, 0x1b, 0x00, 0x00, 0x01, 0x00, 0x00, 0x00, 0x2e, 0x00, 0x00, 0x00, 0x74, 0x1a, // ..............t.
	0x00, 0x00, 0x7a, 0x1a, 0x00, 0x00, 0x8a, 0x1a, 0x00, 0x00, 0x0c, 0x00, 0x08, 0x00, 0x07, 0x00, // ..z.............
	0x00, 0x00, 0x8f, 0x1b, 0x00, 0x00, 0x01, 0x00, 0x00, 0x00, 0x2e, 0x00, 0x00, 0x00, 0x80, 0x1a, // ................
	0x00, 0x00, 0x86, 0x1a, 0x00, 0x00, 0x8a, 0x1a, 0x00, 0x00, 0x51, 0x00, 0x05, 0x00, 0x07, 0x00, // ..........Q.....
	0x00, 0x00, 0x92, 0x1a, 0x00, 0x00, 0x40, 0x1a, 0x00, 0x00, 0x01, 0x00, 0x00, 0x00, 0x0c, 0x00, // ......@.........
	0x08, 0x00, 0x07, 0x00, 0x00, 0x00, 0x95, 0x1b, 0x00, 0x00, 0x01, 0x00, 0x00, 0x00, 0x2e, 0x00, // ................
	0x00, 0x00, 0x89, 0x1b, 0x00, 0x00, 0x8f, 0x1b, 0x00, 0x00, 0x92, 0x1a, 0x00, 0x00, 0x8e, 0x00, // ................
	0x05, 0x00, 0x0b, 0x00, 0x00, 0x00, 0x12, 0x17, 0x00, 0x00, 0x8b, 0x03, 0x00, 0x00, 0xed, 0x16, // ................
	0x00, 0x00, 0x81, 0x00, 0x05, 0x00, 0x0b, 0x00, 0x00, 0x00, 0x15, 0x17, 0x00, 0x00, 0xc2, 0x5c, // ................
	0x00, 0x00, 0x12, 0x17, 0x00, 0x00, 0x94, 0x00, 0x05, 0x00, 0x07, 0x00, 0x00, 0x00, 0x19, 0x17, // ................
	0x00, 0x00, 0xc5, 0x5d, 0x00, 0x00, 0x12, 0x17, 0x00, 0x00, 0x81, 0x00, 0x05, 0x00, 0x07, 0x00, // ...]............
	0x00, 0x00, 0x1a, 0x17, 0x00, 0x00, 0xf7, 0x15, 0x00, 0x00, 0x19, 0x17, 0x00, 0x00, 0x88, 0x00, // ................
	0x05, 0x00, 0x0b, 0x00, 0x00, 0x00, 0xbc, 0x1b, 0x00, 0x00, 0x15, 0x17, 0x00, 0x00, 0x38, 0x1a, // ..............8.
	0x00, 0x00, 0x83, 0x00, 0x05, 0x00, 0x0b, 0x00, 0x00, 0x00, 0xbe, 0x1b, 0x00, 0x00, 0xbc, 0x1b, // ................
	0x00, 0x00, 0xa4, 0x5d, 0x00, 0x00, 0x0c, 0x00, 0x06, 0x00, 0x0b, 0x00, 0x00, 0x00, 0xc0, 0x1b, // ...]............
	0x00, 0x00, 0x01, 0x00, 0x00, 0x00, 0x08, 0x00, 0x00, 0x00, 0xbe, 0x1b, 0x00, 0x00, 0x83, 0x00, // ................
	0x05, 0x00, 0x0b, 0x00, 0x00, 0x00, 0xc3, 0x1b, 0x00, 0x00, 0xbe, 0x1b, 0x00, 0x00, 0xc0, 0x1b, // ................
	0x00, 0x00, 0x81, 0x00, 0x05, 0x00, 0x0b, 0x00, 0x00, 0x00, 0xc6, 0x1b, 0x00, 0x00, 0xc0, 0x1b, // ................
	0x00, 0x00, 0xa4, 0x5d, 0x00, 0x00, 0x8e, 0x00, 0x05, 0x00, 0x0b, 0x00, 0x00, 0x00, 0xc8, 0x1b, // ...]............
	0x00, 0x00, 0xc6, 0x1b, 0x00, 0x00, 0xee, 0x15, 0x00, 0x00, 0x81, 0x00, 0x05, 0x00, 0x0b, 0x00, // ................
	0x00, 0x00, 0xcd, 0x1b, 0x00, 0x00, 0xc8, 0x1b, 0x00, 0x00, 0x49, 0x1a, 0x00, 0x00, 0x81, 0x00, // ..........I.....
	0x05, 0x00, 0x0b, 0x00, 0x00, 0x00, 0xd1, 0x1b, 0x00, 0x00, 0xc8, 0x1b, 0x00, 0x00, 0x4d, 0x1a, // ..............M.
	0x00, 0x00, 0x81, 0x00, 0x05, 0x00, 0x0b, 0x00, 0x00, 0x00, 0xd5, 0x1b, 0x00, 0x00, 0xc8, 0x1b, // ................
	0x00, 0x00, 0x38, 0x1a, 0x00, 0x00, 0x83, 0x00, 0x05, 0x00, 0x0b, 0x00, 0x00, 0x00, 0xda, 0x1b, // ..8.............
	0x00, 0x00, 0xc8, 0x1b, 0x00, 0x00, 0x15, 0x17, 0x00, 0x00, 0x94, 0x00, 0x05, 0x00, 0x07, 0x00, // ................
	0x00, 0x00, 0xdb, 0x1b, 0x00, 0x00, 0xc5, 0x5d, 0x00, 0x00, 0xda, 0x1b, 0x00, 0x00, 0x81, 0x00, // .......]........
	0x05, 0x00, 0x07, 0x00, 0x00, 0x00, 0xdc, 0x1b, 0x00, 0x00, 0x1a, 0x17, 0x00, 0x00, 0xdb, 0x1b, // ................
	0x00, 0x00, 0x83, 0x00, 0x05, 0x00, 0x0b, 0x00, 0x00, 0x00, 0xe1, 0x1b, 0x00, 0x00, 0xcd, 0x1b, // ................
	0x00, 0x00, 0x15, 0x17, 0x00, 0x00, 0x94, 0x00, 0x05, 0x00, 0x07, 0x00, 0x00, 0x00, 0xe2, 0x1b, // ................
	0x00, 0x00, 0xc5, 0x5d, 0x00, 0x00, 0xe1, 0x1b, 0x00, 0x00, 0x81, 0x00, 0x05, 0x00, 0x07, 0x00, // ...]............
	0x00, 0x00, 0xe3, 0x1b, 0x00, 0x00, 0x1a, 0x17, 0x00, 0x00, 0xe2, 0x1b, 0x00, 0x00, 0x83, 0x00, // ................
	0x05, 0x00, 0x0b, 0x00, 0x00, 0x00, 0xe8, 0x1b, 0x00, 0x00, 0xd1, 0x1b, 0x00, 0x00, 0x15, 0x17, // ................
	0x00, 0x00, 0x94, 0x00, 0x05, 0x00, 0x07, 0x00, 0x00, 0x00, 0xe9, 0x1b, 0x00, 0x00, 0xc5, 0x5d, // ...............]
	0x00, 0x00, 0xe8, 0x1b, 0x00, 0x00, 0x81, 0x00, 0x05, 0x00, 0x07, 0x00, 0x00, 0x00, 0xea, 0x1b, // ................
	0x00, 0x00, 0x1a, 0x17, 0x00, 0x00, 0xe9, 0x1b, 0x00, 0x00, 0x83, 0x00, 0x05, 0x00, 0x0b, 0x00, // ................
	0x00, 0x00, 0xef, 0x1b, 0x00, 0x00, 0xd5, 0x1b, 0x00, 0x00, 0x15, 0x17, 0x00, 0x00, 0x94, 0x00, // ................
	0x05, 0x00, 0x07, 0x00, 0x00, 0x00, 0xf0, 0x1b, 0x00, 0x00, 0xc5, 0x5d, 0x00, 0x00, 0xef, 0x1b, // ...........]....
	0x00, 0x00, 0x81, 0x00, 0x05, 0x00, 0x07, 0x00, 0x00, 0x00, 0xf1, 0x1b, 0x00, 0x00, 0x1a, 0x17, // ................
	0x00, 0x00, 0xf0, 0x1b, 0x00, 0x00, 0xf7, 0x00, 0x03, 0x00, 0x36, 0x1c, 0x00, 0x00, 0x00, 0x00, // ..........6.....
	0x00, 0x00, 0xfb, 0x00, 0x03, 0x00, 0xcc, 0x01, 0x00, 0x00, 0x21, 0x1c, 0x00, 0x00, 0xf8, 0x00, // ..........!.....
	0x02, 0x00, 0x21, 0x1c, 0x00, 0x00, 0xf7, 0x00, 0x03, 0x00, 0x29, 0x1c, 0x00, 0x00, 0x00, 0x00, // ..!.......).....
	0x00, 0x00, 0xfa, 0x00, 0x04, 0x00, 0x0e, 0x15, 0x00, 0x00, 0x24, 0x1c, 0x00, 0x00, 0x29, 0x1c, // ..........$...).
	0x00, 0x00, 0xf8, 0x00, 0x02, 0x00, 0x24, 0x1c, 0x00, 0x00, 0x56, 0x00, 0x05, 0x00, 0x2e, 0x01, // ......$...V.....
	0x00, 0x00, 0x3e, 0x1c, 0x00, 0x00, 0xf8, 0x00, 0x00, 0x00, 0xf6, 0x00, 0x00, 0x00, 0x57, 0x00, // ..>...........W.
	0x05, 0x00, 0x0d, 0x00, 0x00, 0x00, 0x40, 0x1c, 0x00, 0x00, 0x3e, 0x1c, 0x00, 0x00, 0xc8, 0x1b, // ......@...>.....
	0x00, 0x00, 0x51, 0x00, 0x05, 0x00, 0x07, 0x00, 0x00, 0x00, 0x28, 0x1c, 0x00, 0x00, 0x40, 0x1c, // ..Q.......(...@.
	0x00, 0x00, 0x00, 0x00, 0x00, 0x00, 0xf9, 0x00, 0x02, 0x00, 0x36, 0x1c, 0x00, 0x00, 0xf8, 0x00, // ..........6.....
	0x02, 0x00, 0x29, 0x1c, 0x00, 0x00, 0xf7, 0x00, 0x03, 0x00, 0x31, 0x1c, 0x00, 0x00, 0x00, 0x00, // ..).......1.....
	0x00, 0x00, 0xfa, 0x00, 0x04, 0x00, 0x12, 0x15, 0x00, 0x00, 0x2c, 0x1c, 0x00, 0x00, 0x31, 0x1c, // ..........,...1.
	0x00, 0x00, 0xf8, 0x00, 0x02, 0x00, 0x2c, 0x1c, 0x00, 0x00, 0x56, 0x00, 0x05, 0x00, 0x2e, 0x01, // ......,...V.....
	0x00, 0x00, 0x47, 0x1c, 0x00, 0x00, 0xfe, 0x00, 0x00, 0x00, 0xfc, 0x00, 0x00, 0x00, 0x57, 0x00, // ..G...........W.
	0x05, 0x00, 0x0d, 0x00, 0x00, 0x00, 0x49, 0x1c, 0x00, 0x00, 0x47, 0x1c, 0x00, 0x00, 0xc8, 0x1b, // ......I...G.....
	0x00, 0x00, 0x51, 0x00, 0x05, 0x00, 0x07, 0x00, 0x00, 0x00, 0x30, 0x1c, 0x00, 0x00, 0x49, 0x1c, // ..Q.......0...I.
	0x00, 0x00, 0x00, 0x00, 0x00, 0x00, 0xf9, 0x00, 0x02, 0x00, 0x36, 0x1c, 0x00, 0x00, 0xf8, 0x00, // ..........6.....
	0x02, 0x00, 0x31, 0x1c, 0x00, 0x00, 0x56, 0x00, 0x05, 0x00, 0x2e, 0x01, 0x00, 0x00, 0x50, 0x1c, // ..1...V.......P.
	0x00, 0x00, 0x04, 0x01, 0x00, 0x00, 0x02, 0x01, 0x00, 0x00, 0x57, 0x00, 0x05, 0x00, 0x0d, 0x00, // ..........W.....
	0x00, 0x00, 0x52, 0x1c, 0x00, 0x00, 0x50, 0x1c, 0x00, 0x00, 0xc8, 0x1b, 0x00, 0x00, 0x51, 0x00, // ..R...P.......Q.
	0x05, 0x00, 0x07, 0x00, 0x00, 0x00, 0x35, 0x1c, 0x00, 0x00, 0x52, 0x1c, 0x00, 0x00, 0x00, 0x00, // ......5...R.....
	0x00, 0x00, 0xf9, 0x00, 0x02, 0x00, 0x36, 0x1c, 0x00, 0x00, 0xf8, 0x00, 0x02, 0x00, 0x36, 0x1c, // ......6.......6.
	0x00, 0x00, 0xf5, 0x00, 0x09, 0x00, 0x07, 0x00, 0x00, 0x00, 0x0a, 0x5e, 0x00, 0x00, 0x28, 0x1c, // ...........^..(.
	0x00, 0x00, 0x24, 0x1c, 0x00, 0x00, 0x30, 0x1c, 0x00, 0x00, 0x2c, 0x1c, 0x00, 0x00, 0x35, 0x1c, // ..$...0...,...5.
	0x00, 0x00, 0x31, 0x1c, 0x00, 0x00, 0xbe, 0x00, 0x05, 0x00, 0x97, 0x01, 0x00, 0x00, 0xf6, 0x1b, // ..1.............
	0x00, 0x00, 0x0a, 0x5e, 0x00, 0x00, 0xdc, 0x1b, 0x00, 0x00, 0xa9, 0x00, 0x06, 0x00, 0x07, 0x00, // ...^............
	0x00, 0x00, 0xf7, 0x1b, 0x00, 0x00, 0xf6, 0x1b, 0x00, 0x00, 0xa1, 0x01, 0x00, 0x00, 0x73, 0x01, // ..............s.
	0x00, 0x00, 0xf7, 0x00, 0x03, 0x00, 0x72, 0x1c, 0x00, 0x00, 0x00, 0x00, 0x00, 0x00, 0xfb, 0x00, // ......r.........
	0x03, 0x00, 0xcc, 0x01, 0x00, 0x00, 0x5d, 0x1c, 0x00, 0x00, 0xf8, 0x00, 0x02, 0x00, 0x5d, 0x1c, // ......].......].
	0x00, 0x00, 0xf7, 0x00, 0x03, 0x00, 0x65, 0x1c, 0x00, 0x00, 0x00, 0x00, 0x00, 0x00, 0xfa, 0x00, // ......e.........
	0x04, 0x00, 0x0e, 0x15, 0x00, 0x00, 0x60, 0x1c, 0x00, 0x00, 0x65, 0x1c, 0x00, 0x00, 0xf8, 0x00, // ......`...e.....
	0x02, 0x00, 0x60, 0x1c, 0x00, 0x00, 0x56, 0x00, 0x05, 0x00, 0x2e, 0x01, 0x00, 0x00, 0x7a, 0x1c, // ..`...V.......z.
	0x00, 0x00, 0xf8, 0x00, 0x00, 0x00, 0xf6, 0x00, 0x00, 0x00, 0x57, 0x00, 0x05, 0x00, 0x0d, 0x00, // ..........W.....
	0x00, 0x00, 0x7c, 0x1c, 0x00, 0x00, 0x7a, 0x1c, 0x00, 0x00, 0xcd, 0x1b, 0x00, 0x00, 0x51, 0x00, // ..|...z.......Q.
	0x05, 0x00, 0x07, 0x00, 0x00, 0x00, 0x64, 0x1c, 0x00, 0x00, 0x7c, 0x1c, 0x00, 0x00, 0x00, 0x00, // ......d...|.....
	0x00, 0x00, 0xf9, 0x00, 0x02, 0x00, 0x72, 0x1c, 0x00, 0x00, 0xf8, 0x00, 0x02, 0x00, 0x65, 0x1c, // ......r.......e.
	0x00, 0x00, 0xf7, 0x00, 0x03, 0x00, 0x6d, 0x1c, 0x00, 0x00, 0x00, 0x00, 0x00, 0x00, 0xfa, 0x00, // ......m.........
	0x04, 0x00, 0x12, 0x15, 0x00, 0x00, 0x68, 0x1c, 0x00, 0x00, 0x6d, 0x1c, 0x00, 0x00, 0xf8, 0x00, // ......h...m.....
	0x02, 0x00, 0x68, 0x1c, 0x00, 0x00, 0x56, 0x00, 0x05, 0x00, 0x2e, 0x01, 0x00, 0x00, 0x83, 0x1c, // ..h...V.........
	0x00, 0x00, 0xfe, 0x00, 0x00, 0x00, 0xfc, 0x00, 0x00, 0x00, 0x57, 0x00, 0x05, 0x00, 0x0d, 0x00, // ..........W.....
	0x00, 0x00, 0x85, 0x1c, 0x00, 0x00, 0x83, 0x1c, 0x00, 0x00, 0xcd, 0x1b, 0x00, 0x00, 0x51, 0x00, // ..............Q.
	0x05, 0x00, 0x07, 0x00, 0x00, 0x00, 0x6c, 0x1c, 0x00, 0x00, 0x85, 0x1c, 0x00, 0x00, 0x00, 0x00, // ......l.........
	0x00, 0x00, 0xf9, 0x00, 0x02, 0x00, 0x72, 0x1c, 0x00, 0x00, 0xf8, 0x00, 0x02, 0x00, 0x6d, 0x1c, // ......r.......m.
	0x00, 0x00, 0x56, 0x00, 0x05, 0x00, 0x2e, 0x01, 0x00, 0x00, 0x8c, 0x1c, 0x00, 0x00, 0x04, 0x01, // ..V.............
	0x00, 0x00, 0x02, 0x01, 0x00, 0x00, 0x57, 0x00, 0x05, 0x00, 0x0d, 0x00, 0x00, 0x00, 0x8e, 0x1c, // ......W.........
	0x00, 0x00, 0x8c, 0x1c, 0x00, 0x00, 0xcd, 0x1b, 0x00, 0x00, 0x51, 0x00, 0x05, 0x00, 0x07, 0x00, // ..........Q.....
	0x00, 0x00, 0x71, 0x1c, 0x00, 0x00, 0x8e, 0x1c, 0x00, 0x00, 0x00, 0x00, 0x00, 0x00, 0xf9, 0x00, // ..q.............
	0x02, 0x00, 0x72, 0x1c, 0x00, 0x00, 0xf8, 0x00, 0x02, 0x00, 0x72, 0x1c, 0x00, 0x00, 0xf5, 0x00, // ..r.......r.....
	0x09, 0x00, 0x07, 0x00, 0x00, 0x00, 0x0b, 0x5e, 0x00, 0x00, 0x64, 0x1c, 0x00, 0x00, 0x60, 0x1c, // .......^..d...`.
	0x00, 0x00, 0x6c, 0x1c, 0x00, 0x00, 0x68, 0x1c, 0x00, 0x00, 0x71, 0x1c, 0x00, 0x00, 0x6d, 0x1c, // ..l...h...q...m.
	0x00, 0x00, 0xbe, 0x00, 0x05, 0x00, 0x97, 0x01, 0x00, 0x00, 0xfc, 0x1b, 0x00, 0x00, 0x0b, 0x5e, // ...............^
	0x00, 0x00, 0xe3, 0x1b, 0x00, 0x00, 0xa9, 0x00, 0x06, 0x00, 0x07, 0x00, 0x00, 0x00, 0xfd, 0x1b, // ................
	0x00, 0x00, 0xfc, 0x1b, 0x00, 0x00, 0xa1, 0x01, 0x00, 0x00, 0x73, 0x01, 0x00, 0x00, 0xf7, 0x00, // ..........s.....
	0x03, 0x00, 0xae, 0x1c, 0x00, 0x00, 0x00, 0x00, 0x00, 0x00, 0xfb, 0x00, 0x03, 0x00, 0xcc, 0x01, // ................
	0x00, 0x00, 0x99, 0x1c, 0x00, 0x00, 0xf8, 0x00, 0x02, 0x00, 0x99, 0x1c, 0x00, 0x00, 0xf7, 0x00, // ................
	0x03, 0x00, 0xa1, 0x1c, 0x00, 0x00, 0x00, 0x00, 0x00, 0x00, 0xfa, 0x00, 0x04, 0x00, 0x0e, 0x15, // ................
	0x00, 0x00, 0x9c, 0x1c, 0x00, 0x00, 0xa1, 0x1c, 0x00, 0x00, 0xf8, 0x00, 0x02, 0x00, 0x9c, 0x1c, // ................
	0x00, 0x00, 0x56, 0x00, 0x05, 0x00, 0x2e, 0x01, 0x00, 0x00, 0xb6, 0x1c, 0x00, 0x00, 0xf8, 0x00, // ..V.............
	0x00, 0x00, 0xf6, 0x00, 0x00, 0x00, 0x57, 0x00, 0x05, 0x00, 0x0d, 0x00, 0x00, 0x00, 0xb8, 0x1c, // ......W.........
	0x00, 0x00, 0xb6, 0x1c, 0x00, 0x00, 0xd1, 0x1b, 0x00, 0x00, 0x51, 0x00, 0x05, 0x00, 0x07, 0x00, // ..........Q.....
	0x00, 0x00, 0xa0, 0x1c, 0x00, 0x00, 0xb8, 0x1c, 0x00, 0x00, 0x00, 0x00, 0x00, 0x00, 0xf9, 0x00, // ................
	0x02, 0x00, 0xae, 0x1c, 0x00, 0x00, 0xf8, 0x00, 0x02, 0x00, 0xa1, 0x1c, 0x00, 0x00, 0xf7, 0x00, // ................
	0x03, 0x00, 0xa9, 0x1c, 0x00, 0x00, 0x00, 0x00, 0x00, 0x00, 0xfa, 0x00, 0x04, 0x00, 0x12, 0x15, // ................
	0x00, 0x00, 0xa4, 0x1c, 0x00, 0x00, 0xa9, 0x1c, 0x00, 0x00, 0xf8, 0x00, 0x02, 0x00, 0xa4, 0x1c, // ................
	0x00, 0x00, 0x56, 0x00, 0x05, 0x00, 0x2e, 0x01, 0x00, 0x00, 0xbf, 0x1c, 0x00, 0x00, 0xfe, 0x00, // ..V.............
	0x00, 0x00, 0xfc, 0x00, 0x00, 0x00, 0x57, 0x00, 0x05, 0x00, 0x0d, 0x00, 0x00, 0x00, 0xc1, 0x1c, // ......W.........
	0x00, 0x00, 0xbf, 0x1c, 0x00, 0x00, 0xd1, 0x1b, 0x00, 0x00, 0x51, 0x00, 0x05, 0x00, 0x07, 0x00, // ..........Q.....
	0x00, 0x00, 0xa8, 0x1c, 0x00, 0x00, 0xc1, 0x1c, 0x00, 0x00, 0x00, 0x00, 0x00, 0x00, 0xf9, 0x00, // ................
	0x02, 0x00, 0xae, 0x1c, 0x00, 0x00, 0xf8, 0x00, 0x02, 0x00, 0xa9, 0x1c, 0x00, 0x00, 0x56, 0x00, // ..............V.
	0x05, 0x00, 0x2e, 0x01, 0x00, 0x00, 0xc8, 0x1c, 0x00, 0x00, 0x04, 0x01, 0x00, 0x00, 0x02, 0x01, // ................
	0x00, 0x00, 0x57, 0x00, 0x05, 0x00, 0x0d, 0x00, 0x00, 0x00, 0xca, 0x1c, 0x00, 0x00, 0xc8, 0x1c, // ..W.............
	0x00, 0x00, 0xd1, 0x1b, 0x00, 0x00, 0x51, 0x00, 0x05, 0x00, 0x07, 0x00, 0x00, 0x00, 0xad, 0x1c, // ......Q.........
	0x00, 0x00, 0xca, 0x1c, 0x00, 0x00, 0x00, 0x00, 0x00, 0x00, 0xf9, 0x00, 0x02, 0x00, 0xae, 0x1c, // ................
	0x00, 0x00, 0xf8, 0x00, 0x02, 0x00, 0xae, 0x1c, 0x00, 0x00, 0xf5, 0x00, 0x09, 0x00, 0x07, 0x00, // ................
	0x00, 0x00, 0x0c, 0x5e, 0x00, 0x00, 0xa0, 0x1c, 0x00, 0x00, 0x9c, 0x1c, 0x00, 0x00, 0xa8, 0x1c, // ...^............
	0x00, 0x00, 0xa4, 0x1c, 0x00, 0x00, 0xad, 0x1c, 0x00, 0x00, 0xa9, 0x1c, 0x00, 0x00, 0xbe, 0x00, // ................
	0x05, 0x00, 0x97, 0x01, 0x00, 0x00, 0x02, 0x1c, 0x00, 0x00, 0x0c, 0x5e, 0x00, 0x00, 0xea, 0x1b, // ...........^....
	0x00, 0x00, 0xa9, 0x00, 0x06, 0x00, 0x07, 0x00, 0x00, 0x00, 0x03, 0x1c, 0x00, 0x00, 0x02, 0x1c, // ................
	0x00, 0x00, 0xa1, 0x01, 0x00, 0x00, 0x73, 0x01, 0x00, 0x00, 0xf7, 0x00, 0x03, 0x00, 0xea, 0x1c, // ......s.........
	0x00, 0x00, 0x00, 0x00, 0x00, 0x00, 0xfb, 0x00, 0x03, 0x00, 0xcc, 0x01, 0x00, 0x00, 0xd5, 0x1c, // ................
	0x00, 0x00, 0xf8, 0x00, 0x02, 0x00, 0xd5, 0x1c, 0x00, 0x00, 0xf7, 0x00, 0x03, 0x00, 0xdd, 0x1c, // ................
	0x00, 0x00, 0x00, 0x00, 0x00, 0x00, 0xfa, 0x00, 0x04, 0x00, 0x0e, 0x15, 0x00, 0x00, 0xd8, 0x1c, // ................
	0x00, 0x00, 0xdd, 0x1c, 0x00, 0x00, 0xf8, 0x00, 0x02, 0x00, 0xd8, 0x1c, 0x00, 0x00, 0x56, 0x00, // ..............V.
	0x05, 0x00, 0x2e, 0x01, 0x00, 0x00, 0xf2, 0x1c, 0x00, 0x00, 0xf8, 0x00, 0x00, 0x00, 0xf6, 0x00, // ................
	0x00, 0x00, 0x57, 0x00, 0x05, 0x00, 0x0d, 0x00, 0x00, 0x00, 0xf4, 0x1c, 0x00, 0x00, 0xf2, 0x1c, // ..W.............
	0x00, 0x00, 0xd5, 0x1b, 0x00, 0x00, 0x51, 0x00, 0x05, 0x00, 0x07, 0x00, 0x00, 0x00, 0xdc, 0x1c, // ......Q.........
	0x00, 0x00, 0xf4, 0x1c, 0x00, 0x00, 0x00, 0x00, 0x00, 0x00, 0xf9, 0x00, 0x02, 0x00, 0xea, 0x1c, // ................
	0x00, 0x00, 0xf8, 0x00, 0x02, 0x00, 0xdd, 0x1c, 0x00, 0x00, 0xf7, 0x00, 0x03, 0x00, 0xe5, 0x1c, // ................
	0x00, 0x00, 0x00, 0x00, 0x00, 0x00, 0xfa, 0x00, 0x04, 0x00, 0x12, 0x15, 0x00, 0x00, 0xe0, 0x1c, // ................
	0x00, 0x00, 0xe5, 0x1c, 0x00, 0x00, 0xf8, 0x00, 0x02, 0x00, 0xe0, 0x1c, 0x00, 0x00, 0x56, 0x00, // ..............V.
	0x05, 0x00, 0x2e, 0x01, 0x00, 0x00, 0xfb, 0x1c, 0x00, 0x00, 0xfe, 0x00, 0x00, 0x00, 0xfc, 0x00, // ................
	0x00, 0x00, 0x57, 0x00, 0x05, 0x00, 0x0d, 0x00, 0x00, 0x00, 0xfd, 0x1c, 0x00, 0x00, 0xfb, 0x1c, // ..W.............
	0x00, 0x00, 0xd5, 0x1b, 0x00, 0x00, 0x51, 0x00, 0x05, 0x00, 0x07, 0x00, 0x00, 0x00, 0xe4, 0x1c, // ......Q.........
	0x00, 0x00, 0xfd, 0x1c, 0x00, 0x00, 0x00, 0x00, 0x00, 0x00, 0xf9, 0x00, 0x02, 0x00, 0xea, 0x1c, // ................
	0x00, 0x00, 0xf8, 0x00, 0x02, 0x00, 0xe5, 0x1c, 0x00, 0x00, 0x56, 0x00, 0x05, 0x00, 0x2e, 0x01, // ..........V.....
	0x00, 0x00, 0x04, 0x1d, 0x00, 0x00, 0x04, 0x01, 0x00, 0x00, 0x02, 0x01, 0x00, 0x00, 0x57, 0x00, // ..............W.
	0x05, 0x00, 0x0d, 0x00, 0x00, 0x00, 0x06, 0x1d, 0x00, 0x00, 0x04, 0x1d, 0x00, 0x00, 0xd5, 0x1b, // ................
	0x00, 0x00, 0x51, 0x00, 0x05, 0x00, 0x07, 0x00, 0x00, 0x00, 0xe9, 0x1c, 0x00, 0x00, 0x06, 0x1d, // ..Q.............
	0x00, 0x00, 0x00, 0x00, 0x00, 0x00, 0xf9, 0x00, 0x02, 0x00, 0xea, 0x1c, 0x00, 0x00, 0xf8, 0x00, // ................
	0x02, 0x00, 0xea, 0x1c, 0x00, 0x00, 0xf5, 0x00, 0x09, 0x00, 0x07, 0x00, 0x00, 0x00, 0x0d, 0x5e, // ...............^
	0x00, 0x00, 0xdc, 0x1c, 0x00, 0x00, 0xd8, 0x1c, 0x00, 0x00, 0xe4, 0x1c, 0x00, 0x00, 0xe0, 0x1c, // ................
	0x00, 0x00, 0xe9, 0x1c, 0x00, 0x00, 0xe5, 0x1c, 0x00, 0x00, 0xbe, 0x00, 0x05, 0x00, 0x97, 0x01, // ................
	0x00, 0x00, 0x08, 0x1c, 0x00, 0x00, 0x0d, 0x5e, 0x00, 0x00, 0xf1, 0x1b, 0x00, 0x00, 0xa9, 0x00, // .......^........
	0x06, 0x00, 0x07, 0x00, 0x00, 0x00, 0x09, 0x1c, 0x00, 0x00, 0x08, 0x1c, 0x00, 0x00, 0xa1, 0x01, // ................
	0x00, 0x00, 0x73, 0x01, 0x00, 0x00, 0x51, 0x00, 0x05, 0x00, 0x07, 0x00, 0x00, 0x00, 0x0d, 0x1c, // ..s...Q.........
	0x00, 0x00, 0xc3, 0x1b, 0x00, 0x00, 0x00, 0x00, 0x00, 0x00, 0x0c, 0x00, 0x08, 0x00, 0x07, 0x00, // ................
	0x00, 0x00, 0x0c, 0x1d, 0x00, 0x00, 0x01, 0x00, 0x00, 0x00, 0x2e, 0x00, 0x00, 0x00, 0xf7, 0x1b, // ................
	0x00, 0x00, 0xfd, 0x1b, 0x00, 0x00, 0x0d, 0x1c, 0x00, 0x00, 0x0c, 0x00, 0x08, 0x00, 0x07, 0x00, // ................
	0x00, 0x00, 0x12, 0x1d, 0x00, 0x00, 0x01, 0x00, 0x00, 0x00, 0x2e, 0x00, 0x00, 0x00, 0x03, 0x1c, // ................
	0x00, 0x00, 0x09, 0x1c, 0x00, 0x00, 0x0d, 0x1c, 0x00, 0x00, 0x51, 0x00, 0x05, 0x00, 0x07, 0x00, // ..........Q.....
	0x00, 0x00, 0x15, 0x1c, 0x00, 0x00, 0xc3, 0x1b, 0x00, 0x00, 0x01, 0x00, 0x00, 0x00, 0x0c, 0x00, // ................
	0x08, 0x00, 0x07, 0x00, 0x00, 0x00, 0x18, 0x1d, 0x00, 0x00, 0x01, 0x00, 0x00, 0x00, 0x2e, 0x00, // ................
	0x00, 0x00, 0x0c, 0x1d, 0x00, 0x00, 0x12, 0x1d, 0x00, 0x00, 0x15, 0x1c, 0x00, 0x00, 0x81, 0x00, // ................
	0x05, 0x00, 0x07, 0x00, 0x00, 0x00, 0x20, 0x17, 0x00, 0x00, 0x95, 0x1b, 0x00, 0x00, 0x18, 0x1d, // ...... .........
	0x00, 0x00, 0x8e, 0x00, 0x05, 0x00, 0x0b, 0x00, 0x00, 0x00, 0x23, 0x17, 0x00, 0x00, 0x8c, 0x03, // ..........#.....
	0x00, 0x00, 0xed, 0x16, 0x00, 0x00, 0x81, 0x00, 0x05, 0x00, 0x0b, 0x00, 0x00, 0x00, 0x26, 0x17, // ..............&.
	0x00, 0x00, 0xc2, 0x5c, 0x00, 0x00, 0x23, 0x17, 0x00, 0x00, 0x94, 0x00, 0x05, 0x00, 0x07, 0x00, // ......#.........
	0x00, 0x00, 0x2a, 0x17, 0x00, 0x00, 0xc5, 0x5d, 0x00, 0x00, 0x23, 0x17, 0x00, 0x00, 0x81, 0x00, // ..*....]..#.....
	0x05, 0x00, 0x07, 0x00, 0x00, 0x00, 0x2b, 0x17, 0x00, 0x00, 0xf7, 0x15, 0x00, 0x00, 0x2a, 0x17, // ......+.......*.
	0x00, 0x00, 0x88, 0x00, 0x05, 0x00, 0x0b, 0x00, 0x00, 0x00, 0x3f, 0x1d, 0x00, 0x00, 0x26, 0x17, // ..........?...&.
	0x00, 0x00, 0x38, 0x1a, 0x00, 0x00, 0x83, 0x00, 0x05, 0x00, 0x0b, 0x00, 0x00, 0x00, 0x41, 0x1d, // ..8...........A.
	0x00, 0x00, 0x3f, 0x1d, 0x00, 0x00, 0xa4, 0x5d, 0x00, 0x00, 0x0c, 0x00, 0x06, 0x00, 0x0b, 0x00, // ..?....]........
	0x00, 0x00, 0x43, 0x1d, 0x00, 0x00, 0x01, 0x00, 0x00, 0x00, 0x08, 0x00, 0x00, 0x00, 0x41, 0x1d, // ..C...........A.
	0x00, 0x00, 0x83, 0x00, 0x05, 0x00, 0x0b, 0x00, 0x00, 0x00, 0x46, 0x1d, 0x00, 0x00, 0x41, 0x1d, // ..........F...A.
	0x00, 0x00, 0x43, 0x1d, 0x00, 0x00, 0x81, 0x00, 0x05, 0x00, 0x0b, 0x00, 0x00, 0x00, 0x49, 0x1d, // ..C...........I.
	0x00, 0x00, 0x43, 0x1d, 0x00, 0x00, 0xa4, 0x5d, 0x00, 0x00, 0x8e, 0x00, 0x05, 0x00, 0x0b, 0x00, // ..C....]........
	0x00, 0x00, 0x4b, 0x1d, 0x00, 0x00, 0x49, 0x1d, 0x00, 0x00, 0xee, 0x15, 0x00, 0x00, 0x81, 0x00, // ..K...I.........
	0x05, 0x00, 0x0b, 0x00, 0x00, 0x00, 0x50, 0x1d, 0x00, 0x00, 0x4b, 0x1d, 0x00, 0x00, 0x49, 0x1a, // ......P...K...I.
	0x00, 0x00, 0x81, 0x00, 0x05, 0x00, 0x0b, 0x00, 0x00, 0x00, 0x54, 0x1d, 0x00, 0x00, 0x4b, 0x1d, // ..........T...K.
	0x00, 0x00, 0x4d, 0x1a, 0x00, 0x00, 0x81, 0x00, 0x05, 0x00, 0x0b, 0x00, 0x00, 0x00, 0x58, 0x1d, // ..M...........X.
	0x00, 0x00, 0x4b, 0x1d, 0x00, 0x00, 0x38, 0x1a, 0x00, 0x00, 0x83, 0x00, 0x05, 0x00, 0x0b, 0x00, // ..K...8.........
	0x00, 0x00, 0x5d, 0x1d, 0x00, 0x00, 0x4b, 0x1d, 0x00, 0x00, 0x26, 0x17, 0x00, 0x00, 0x94, 0x00, // ..]...K...&.....
	0x05, 0x00, 0x07, 0x00, 0x00, 0x00, 0x5e, 0x1d, 0x00, 0x00, 0xc5, 0x5d, 0x00, 0x00, 0x5d, 0x1d, // ......^....]..].
	0x00, 0x00, 0x81, 0x00, 0x05, 0x00, 0x07, 0x00, 0x00, 0x00, 0x5f, 0x1d, 0x00, 0x00, 0x2b, 0x17, // .........._...+.
	0x00, 0x00, 0x5e, 0x1d, 0x00, 0x00, 0x83, 0x00, 0x05, 0x00, 0x0b, 0x00, 0x00, 0x00, 0x64, 0x1d, // ..^...........d.
	0x00, 0x00, 0x50, 0x1d, 0x00, 0x00, 0x26, 0x17, 0x00, 0x00, 0x94, 0x00, 0x05, 0x00, 0x07, 0x00, // ..P...&.........
	0x00, 0x00, 0x65, 0x1d, 0x00, 0x00, 0xc5, 0x5d, 0x00, 0x00, 0x64, 0x1d, 0x00, 0x00, 0x81, 0x00, // ..e....]..d.....
	0x05, 0x00, 0x07, 0x00, 0x00, 0x00, 0x66, 0x1d, 0x00, 0x00, 0x2b, 0x17, 0x00, 0x00, 0x65, 0x1d, // ......f...+...e.
	0x00, 0x00, 0x83, 0x00, 0x05, 0x00, 0x0b, 0x00, 0x00, 0x00, 0x6b, 0x1d, 0x00, 0x00, 0x54, 0x1d, // ..........k...T.
	0x00, 0x00, 0x26, 0x17, 0x00, 0x00, 0x94, 0x00, 0x05, 0x00, 0x07, 0x00, 0x00, 0x00, 0x6c, 0x1d, // ..&...........l.
	0x00, 0x00, 0xc5, 0x5d, 0x00, 0x00, 0x6b, 0x1d, 0x00, 0x00, 0x81, 0x00, 0x05, 0x00, 0x07, 0x00, // ...]..k.........
	0x00, 0x00, 0x6d, 0x1d, 0x00, 0x00, 0x2b, 0x17, 0x00, 0x00, 0x6c, 0x1d, 0x00, 0x00, 0x83, 0x00, // ..m...+...l.....
	0x05, 0x00, 0x0b, 0x00, 0x00, 0x00, 0x72, 0x1d, 0x00, 0x00, 0x58, 0x1d, 0x00, 0x00, 0x26, 0x17, // ......r...X...&.
	0x00, 0x00, 0x94, 0x00, 0x05, 0x00, 0x07, 0x00, 0x00, 0x00, 0x73, 0x1d, 0x00, 0x00, 0xc5, 0x5d, // ..........s....]
	0x00, 0x00, 0x72, 0x1d, 0x00, 0x00, 0x81, 0x00, 0x05, 0x00, 0x07, 0x00, 0x00, 0x00, 0x74, 0x1d, // ..r...........t.
	0x00, 0x00, 0x2b, 0x17, 0x00, 0x00, 0x73, 0x1d, 0x00, 0x00, 0xf7, 0x00, 0x03, 0x00, 0xb9, 0x1d, // ..+...s.........
	0x00, 0x00, 0x00, 0x00, 0x00, 0x00, 0xfb, 0x00, 0x03, 0x00, 0xcc, 0x01, 0x00, 0x00, 0xa4, 0x1d, // ................
	0x00, 0x00, 0xf8, 0x00, 0x02, 0x00, 0xa4, 0x1d, 0x00, 0x00, 0xf7, 0x00, 0x03, 0x00, 0xac, 0x1d, // ................
	0x00, 0x00, 0x00, 0x00, 0x00, 0x00, 0xfa, 0x00, 0x04, 0x00, 0x0e, 0x15, 0x00, 0x00, 0xa7, 0x1d, // ................
	0x00, 0x00, 0xac, 0x1d, 0x00, 0x00, 0xf8, 0x00, 0x02, 0x00, 0xa7, 0x1d, 0x00, 0x00, 0x56, 0x00, // ..............V.
	0x05, 0x00, 0x2e, 0x01, 0x00, 0x00, 0xc1, 0x1d, 0x00, 0x00, 0xf8, 0x00, 0x00, 0x00, 0xf6, 0x00, // ................
	0x00, 0x00, 0x57, 0x00, 0x05, 0x00, 0x0d, 0x00, 0x00, 0x00, 0xc3, 0x1d, 0x00, 0x00, 0xc1, 0x1d, // ..W.............
	0x00, 0x00, 0x4b, 0x1d, 0x00, 0x00, 0x51, 0x00, 0x05, 0x00, 0x07, 0x00, 0x00, 0x00, 0xab, 0x1d, // ..K...Q.........
	0x00, 0x00, 0xc3, 0x1d, 0x00, 0x00, 0x00, 0x00, 0x00, 0x00, 0xf9, 0x00, 0x02, 0x00, 0xb9, 0x1d, // ................
	0x00, 0x00, 0xf8, 0x00, 0x02, 0x00, 0xac, 0x1d, 0x00, 0x00, 0xf7, 0x00, 0x03, 0x00, 0xb4, 0x1d, // ................
	0x00, 0x00, 0x00, 0x00, 0x00, 0x00, 0xfa, 0x00, 0x04, 0x00, 0x12, 0x15, 0x00, 0x00, 0xaf, 0x1d, // ................
	0x00, 0x00, 0xb4, 0x1d, 0x00, 0x00, 0xf8, 0x00, 0x02, 0x00, 0xaf, 0x1d, 0x00, 0x00, 0x56, 0x00, // ..............V.
	0x05, 0x00, 0x2e, 0x01, 0x00, 0x00, 0xca, 0x1d, 0x00, 0x00, 0xfe, 0x00, 0x00, 0x00, 0xfc, 0x00, // ................
	0x00, 0x00, 0x57, 0x00, 0x05, 0x00, 0x0d, 0x00, 0x00, 0x00, 0xcc, 0x1d, 0x00, 0x00, 0xca, 0x1d, // ..W.............
	0x00, 0x00, 0x4b, 0x1d, 0x00, 0x00, 0x51, 0x00, 0x05, 0x00, 0x07, 0x00, 0x00, 0x00, 0xb3, 0x1d, // ..K...Q.........
	0x00, 0x00, 0xcc, 0x1d, 0x00, 0x00, 0x00, 0x00, 0x00, 0x00, 0xf9, 0x00, 0x02, 0x00, 0xb9, 0x1d, // ................
	0x00, 0x00, 0xf8, 0x00, 0x02, 0x00, 0xb4, 0x1d, 0x00, 0x00, 0x56, 0x00, 0x05, 0x00, 0x2e, 0x01, // ..........V.....
	0x00, 0x00, 0xd3, 0x1d, 0x00, 0x00, 0x04, 0x01, 0x00, 0x00, 0x02, 0x01, 0x00, 0x00, 0x57, 0x00, // ..............W.
	0x05, 0x00, 0x0d, 0x00, 0x00, 0x00, 0xd5, 0x1d, 0x00, 0x00, 0xd3, 0x1d, 0x00, 0x00, 0x4b, 0x1d, // ..............K.
	0x00, 0x00, 0x51, 0x00, 0x05, 0x00, 0x07, 0x00, 0x00, 0x00, 0xb8, 0x1d, 0x00, 0x00, 0xd5, 0x1d, // ..Q.............
	0x00, 0x00, 0x00, 0x00, 0x00, 0x00, 0xf9, 0x00, 0x02, 0x00, 0xb9, 0x1d, 0x00, 0x00, 0xf8, 0x00, // ................
	0x02, 0x00, 0xb9, 0x1d, 0x00, 0x00, 0xf5, 0x00, 0x09, 0x00, 0x07, 0x00, 0x00, 0x00, 0x16, 0x5e, // ...............^
	0x00, 0x00, 0xab, 0x1d, 0x00, 0x00, 0xa7, 0x1d, 0x00, 0x00, 0xb3, 0x1d, 0x00, 0x00, 0xaf, 0x1d, // ................
	0x00, 0x00, 0xb8, 0x1d, 0x00, 0x00, 0xb4, 0x1d, 0x00, 0x00, 0xbe, 0x00, 0x05, 0x00, 0x97, 0x01, // ................
	0x00, 0x00, 0x79, 0x1d, 0x00, 0x00, 0x16, 0x5e, 0x00, 0x00, 0x5f, 0x1d, 0x00, 0x00, 0xa9, 0x00, // ..y....^.._.....
	0x06, 0x00, 0x07, 0x00, 0x00, 0x00, 0x7a, 0x1d, 0x00, 0x00, 0x79, 0x1d, 0x00, 0x00, 0xa1, 0x01, // ......z...y.....
	0x00, 0x00, 0x73, 0x01, 0x00, 0x00, 0xf7, 0x00, 0x03, 0x00, 0xf5, 0x1d, 0x00, 0x00, 0x00, 0x00, // ..s.............
	0x00, 0x00, 0xfb, 0x00, 0x03, 0x00, 0xcc, 0x01, 0x00, 0x00, 0xe0, 0x1d, 0x00, 0x00, 0xf8, 0x00, // ................
	0x02, 0x00, 0xe0, 0x1d, 0x00, 0x00, 0xf7, 0x00, 0x03, 0x00, 0xe8, 0x1d, 0x00, 0x00, 0x00, 0x00, // ................
	0x00, 0x00, 0xfa, 0x00, 0x04, 0x00, 0x0e, 0x15, 0x00, 0x00, 0xe3, 0x1d, 0x00, 0x00, 0xe8, 0x1d, // ................
	0x00, 0x00, 0xf8, 0x00, 0x02, 0x00, 0xe3, 0x1d, 0x00, 0x00, 0x56, 0x00, 0x05, 0x00, 0x2e, 0x01, // ..........V.....
	0x00, 0x00, 0xfd, 0x1d, 0x00, 0x00, 0xf8, 0x00, 0x00, 0x00, 0xf6, 0x00, 0x00, 0x00, 0x57, 0x00, // ..............W.
	0x05, 0x00, 0x0d, 0x00, 0x00, 0x00, 0xff, 0x1d, 0x00, 0x00, 0xfd, 0x1d, 0x00, 0x00, 0x50, 0x1d, // ..............P.
	0x00, 0x00, 0x51, 0x00, 0x05, 0x00, 0x07, 0x00, 0x00, 0x00, 0xe7, 0x1d, 0x00, 0x00, 0xff, 0x1d, // ..Q.............
	0x00, 0x00, 0x00, 0x00, 0x00, 0x00, 0xf9, 0x00, 0x02, 0x00, 0xf5, 0x1d, 0x00, 0x00, 0xf8, 0x00, // ................
	0x02, 0x00, 0xe8, 0x1d, 0x00, 0x00, 0xf7, 0x00, 0x03, 0x00, 0xf0, 0x1d, 0x00, 0x00, 0x00, 0x00, // ................
	0x00, 0x00, 0xfa, 0x00, 0x04, 0x00, 0x12, 0x15, 0x00, 0x00, 0xeb, 0x1d, 0x00, 0x00, 0xf0, 0x1d, // ................
	0x00, 0x00, 0xf8, 0x00, 0x02, 0x00, 0xeb, 0x1d, 0x00, 0x00, 0x56, 0x00, 0x05, 0x00, 0x2e, 0x01, // ..........V.....
	0x00, 0x00, 0x06, 0x1e, 0x00, 0x00, 0xfe, 0x00, 0x00, 0x00, 0xfc, 0x00, 0x00, 0x00, 0x57, 0x00, // ..............W.
	0x05, 0x00, 0x0d, 0x00, 0x00, 0x00, 0x08, 0x1e, 0x00, 0x00, 0x06, 0x1e, 0x00, 0x00, 0x50, 0x1d, // ..............P.
	0x00, 0x00, 0x51, 0x00, 0x05, 0x00, 0x07, 0x00, 0x00, 0x00, 0xef, 0x1d, 0x00, 0x00, 0x08, 0x1e, // ..Q.............
	0x00, 0x00, 0x00, 0x00, 0x00, 0x00, 0xf9, 0x00, 0x02, 0x00, 0xf5, 0x1d, 0x00, 0x00, 0xf8, 0x00, // ................
	0x02, 0x00, 0xf0, 0x1d, 0x00, 0x00, 0x56, 0x00, 0x05, 0x00, 0x2e, 0x01, 0x00, 0x00, 0x0f, 0x1e, // ......V.........
	0x00, 0x00, 0x04, 0x01, 0x00, 0x00, 0x02, 0x01, 0x00, 0x00, 0x57, 0x00, 0x05, 0x00, 0x0d, 0x00, // ..........W.....
	0x00, 0x00, 0x11, 0x1e, 0x00, 0x00, 0x0f, 0x1e, 0x00, 0x00, 0x50, 0x1d, 0x00, 0x00, 0x51, 0x00, // ..........P...Q.
	0x05, 0x00, 0x07, 0x00, 0x00, 0x00, 0xf4, 0x1d, 0x00, 0x00, 0x11, 0x1e, 0x00, 0x00, 0x00, 0x00, // ................
	0x00, 0x00, 0xf9, 0x00, 0x02, 0x00, 0xf5, 0x1d, 0x00, 0x00, 0xf8, 0x00, 0x02, 0x00, 0xf5, 0x1d, // ................
	0x00, 0x00, 0xf5, 0x00, 0x09, 0x00, 0x07, 0x00, 0x00, 0x00, 0x17, 0x5e, 0x00, 0x00, 0xe7, 0x1d, // ...........^....
	0x00, 0x00, 0xe3, 0x1d, 0x00, 0x00, 0xef, 0x1d, 0x00, 0x00, 0xeb, 0x1d, 0x00, 0x00, 0xf4, 0x1d, // ................
	0x00, 0x00, 0xf0, 0x1d, 0x00, 0x00, 0xbe, 0x00, 0x05, 0x00, 0x97, 0x01, 0x00, 0x00, 0x7f, 0x1d, // ................
	0x00, 0x00, 0x17, 0x5e, 0x00, 0x00, 0x66, 0x1d, 0x00, 0x00, 0xa9, 0x00, 0x06, 0x00, 0x07, 0x00, // ...^..f.........
	0x00, 0x00, 0x80, 0x1d, 0x00, 0x00, 0x7f, 0x1d, 0x00, 0x00, 0xa1, 0x01, 0x00, 0x00, 0x73, 0x01, // ..............s.
	0x00, 0x00, 0xf7, 0x00, 0x03, 0x00, 0x31, 0x1e, 0x00, 0x00, 0x00, 0x00, 0x00, 0x00, 0xfb, 0x00, // ......1.........
	0x03, 0x00, 0xcc, 0x01, 0x00, 0x00, 0x1c, 0x1e, 0x00, 0x00, 0xf8, 0x00, 0x02, 0x00, 0x1c, 0x1e, // ................
	0x00, 0x00, 0xf7, 0x00, 0x03, 0x00, 0x24, 0x1e, 0x00, 0x00, 0x00, 0x00, 0x00, 0x00, 0xfa, 0x00, // ......$.........
	0x04, 0x00, 0x0e, 0x15, 0x00, 0x00, 0x1f, 0x1e, 0x00, 0x00, 0x24, 0x1e, 0x00, 0x00, 0xf8, 0x00, // ..........$.....
	0x02, 0x00, 0x1f, 0x1e, 0x00, 0x00, 0x56, 0x00, 0x05, 0x00, 0x2e, 0x01, 0x00, 0x00, 0x39, 0x1e, // ......V.......9.
	0x00, 0x00, 0xf8, 0x00, 0x00, 0x00, 0xf6, 0x00, 0x00, 0x00, 0x57, 0x00, 0x05, 0x00, 0x0d, 0x00, // ..........W.....
	0x00, 0x00, 0x3b, 0x1e, 0x00, 0x00, 0x39, 0x1e, 0x00, 0x00, 0x54, 0x1d, 0x00, 0x00, 0x51, 0x00, // ..;...9...T...Q.
	0x05, 0x00, 0x07, 0x00, 0x00, 0x00, 0x23, 0x1e, 0x00, 0x00, 0x3b, 0x1e, 0x00, 0x00, 0x00, 0x00, // ......#...;.....
	0x00, 0x00, 0xf9, 0x00, 0x02, 0x00, 0x31, 0x1e, 0x00, 0x00, 0xf8, 0x00, 0x02, 0x00, 0x24, 0x1e, // ......1.......$.
	0x00, 0x00, 0xf7, 0x00, 0x03, 0x00, 0x2c, 0x1e, 0x00, 0x00, 0x00, 0x00, 0x00, 0x00, 0xfa, 0x00, // ......,.........
	0x04, 0x00, 0x12, 0x15, 0x00, 0x00, 0x27, 0x1e, 0x00, 0x00, 0x2c, 0x1e, 0x00, 0x00, 0xf8, 0x00, // ......'...,.....
	0x02, 0x00, 0x27, 0x1e, 0x00, 0x00, 0x56, 0x00, 0x05, 0x00, 0x2e, 0x01, 0x00, 0x00, 0x42, 0x1e, // ..'...V.......B.
	0x00, 0x00, 0xfe, 0x00, 0x00, 0x00, 0xfc, 0x00, 0x00, 0x00, 0x57, 0x00, 0x05, 0x00, 0x0d, 0x00, // ..........W.....
	0x00, 0x00, 0x44, 0x1e, 0x00, 0x00, 0x42, 0x1e, 0x00, 0x00, 0x54, 0x1d, 0x00, 0x00, 0x51, 0x00, // ..D...B...T...Q.
	0x05, 0x00, 0x07, 0x00, 0x00, 0x00, 0x2b, 0x1e, 0x00, 0x00, 0x44, 0x1e, 0x00, 0x00, 0x00, 0x00, // ......+...D.....
	0x00, 0x00, 0xf9, 0x00, 0x02, 0x00, 0x31, 0x1e, 0x00, 0x00, 0xf8, 0x00, 0x02, 0x00, 0x2c, 0x1e, // ......1.......,.
	0x00, 0x00, 0x56, 0x00, 0x05, 0x00, 0x2e, 0x01, 0x00, 0x00, 0x4b, 0x1e, 0x00, 0x00, 0x04, 0x01, // ..V.......K.....
	0x00, 0x00, 0x02, 0x01, 0x00, 0x00, 0x57, 0x00, 0x05, 0x00, 0x0d, 0x00, 0x00, 0x00, 0x4d, 0x1e, // ......W.......M.
	0x00, 0x00, 0x4b, 0x1e, 0x00, 0x00, 0x54, 0x1d, 0x00, 0x00, 0x51, 0x00, 0x05, 0x00, 0x07, 0x00, // ..K...T...Q.....
	0x00, 0x00, 0x30, 0x1e, 0x00, 0x00, 0x4d, 0x1e, 0x00, 0x00, 0x00, 0x00, 0x00, 0x00, 0xf9, 0x00, // ..0...M.........
	0x02, 0x00, 0x31, 0x1e, 0x00, 0x00, 0xf8, 0x00, 0x02, 0x00, 0x31, 0x1e, 0x00, 0x00, 0xf5, 0x00, // ..1.......1.....
	0x09, 0x00, 0x07, 0x00, 0x00, 0x00, 0x18, 0x5e, 0x00, 0x00, 0x23, 0x1e, 0x00, 0x00, 0x1f, 0x1e, // .......^..#.....
	0x00, 0x00, 0x2b, 0x1e, 0x00, 0x00, 0x27, 0x1e, 0x00, 0x00, 0x30, 0x1e, 0x00, 0x00, 0x2c, 0x1e, // ..+...'...0...,.
	0x00, 0x00, 0xbe, 0x00, 0x05, 0x00, 0x97, 0x01, 0x00, 0x00, 0x85, 0x1d, 0x00, 0x00, 0x18, 0x5e, // ...............^
	0x00, 0x00, 0x6d, 0x1d, 0x00, 0x00, 0xa9, 0x00, 0x06, 0x00, 0x07, 0x00, 0x00, 0x00, 0x86, 0x1d, // ..m.............
	0x00, 0x00, 0x85, 0x1d, 0x00, 0x00, 0xa1, 0x01, 0x00, 0x00, 0x73, 0x01, 0x00, 0x00, 0xf7, 0x00, // ..........s.....
	0x03, 0x00, 0x6d, 0x1e, 0x00, 0x00, 0x00, 0x00, 0x00, 0x00, 0xfb, 0x00, 0x03, 0x00, 0xcc, 0x01, // ..m.............
	0x00, 0x00, 0x58, 0x1e, 0x00, 0x00, 0xf8, 0x00, 0x02, 0x00, 0x58, 0x1e, 0x00, 0x00, 0xf7, 0x00, // ..X.......X.....
	0x03, 0x00, 0x60, 0x1e, 0x00, 0x00, 0x00, 0x00, 0x00, 0x00, 0xfa, 0x00, 0x04, 0x00, 0x0e, 0x15, // ..`.............
	0x00, 0x00, 0x5b, 0x1e, 0x00, 0x00, 0x60, 0x1e, 0x00, 0x00, 0xf8, 0x00, 0x02, 0x00, 0x5b, 0x1e, // ..[...`.......[.
	0x00, 0x00, 0x56, 0x00, 0x05, 0x00, 0x2e, 0x01, 0x00, 0x00, 0x75, 0x1e, 0x00, 0x00, 0xf8, 0x00, // ..V.......u.....
	0x00, 0x00, 0xf6, 0x00, 0x00, 0x00, 0x57, 0x00, 0x05, 0x00, 0x0d, 0x00, 0x00, 0x00, 0x77, 0x1e, // ......W.......w.
	0x00, 0x00, 0x75, 0x1e, 0x00, 0x00, 0x58, 0x1d, 0x00, 0x00, 0x51, 0x00, 0x05, 0x00, 0x07, 0x00, // ..u...X...Q.....
	0x00, 0x00, 0x5f, 0x1e, 0x00, 0x00, 0x77, 0x1e, 0x00, 0x00, 0x00, 0x00, 0x00, 0x00, 0xf9, 0x00, // .._...w.........
	0x02, 0x00, 0x6d, 0x1e, 0x00, 0x00, 0xf8, 0x00, 0x02, 0x00, 0x60, 0x1e, 0x00, 0x00, 0xf7, 0x00, // ..m.......`.....
	0x03, 0x00, 0x68, 0x1e, 0x00, 0x00, 0x00, 0x00, 0x00, 0x00, 0xfa, 0x00, 0x04, 0x00, 0x12, 0x15, // ..h.............
	0x00, 0x00, 0x63, 0x1e, 0x00, 0x00, 0x68, 0x1e, 0x00, 0x00, 0xf8, 0x00, 0x02, 0x00, 0x63, 0x1e, // ..c...h.......c.
	0x00, 0x00, 0x56, 0x00, 0x05, 0x00, 0x2e, 0x01, 0x00, 0x00, 0x7e, 0x1e, 0x00, 0x00, 0xfe, 0x00, // ..V.......~.....
	0x00, 0x00, 0xfc, 0x00, 0x00, 0x00, 0x57, 0x00, 0x05, 0x00, 0x0d, 0x00, 0x00, 0x00, 0x80, 0x1e, // ......W.........
	0x00, 0x00, 0x7e, 0x1e, 0x00, 0x00, 0x58, 0x1d, 0x00, 0x00, 0x51, 0x00, 0x05, 0x00, 0x07, 0x00, // ..~...X...Q.....
	0x00, 0x00, 0x67, 0x1e, 0x00, 0x00, 0x80, 0x1e, 0x00, 0x00, 0x00, 0x00, 0x00, 0x00, 0xf9, 0x00, // ..g.............
	0x02, 0x00, 0x6d, 0x1e, 0x00, 0x00, 0xf8, 0x00, 0x02, 0x00, 0x68, 0x1e, 0x00, 0x00, 0x56, 0x00, // ..m.......h...V.
	0x05, 0x00, 0x2e, 0x01, 0x00, 0x00, 0x87, 0x1e, 0x00, 0x00, 0x04, 0x01, 0x00, 0x00, 0x02, 0x01, // ................
	0x00, 0x00, 0x57, 0x00, 0x05, 0x00, 0x0d, 0x00, 0x00, 0x00, 0x89, 0x1e, 0x00, 0x00, 0x87, 0x1e, // ..W.............
	0x00, 0x00, 0x58, 0x1d, 0x00, 0x00, 0x51, 0x00, 0x05, 0x00, 0x07, 0x00, 0x00, 0x00, 0x6c, 0x1e, // ..X...Q.......l.
	0x00, 0x00, 0x89, 0x1e, 0x00, 0x00, 0x00, 0x00, 0x00, 0x00, 0xf9, 0x00, 0x02, 0x00, 0x6d, 0x1e, // ..............m.
	0x00, 0x00, 0xf8, 0x00, 0x02, 0x00, 0x6d, 0x1e, 0x00, 0x00, 0xf5, 0x00, 0x09, 0x00, 0x07, 0x00, // ......m.........
	0x00, 0x00, 0x19, 0x5e, 0x00, 0x00, 0x5f, 0x1e, 0x00, 0x00, 0x5b, 0x1e, 0x00, 0x00, 0x67, 0x1e, // ...^.._...[...g.
	0x00, 0x00, 0x63, 0x1e, 0x00, 0x00, 0x6c, 0x1e, 0x00, 0x00, 0x68, 0x1e, 0x00, 0x00, 0xbe, 0x00, // ..c...l...h.....
	0x05, 0x00, 0x97, 0x01, 0x00, 0x00, 0x8b, 0x1d, 0x00, 0x00, 0x19, 0x5e, 0x00, 0x00, 0x74, 0x1d, // ...........^..t.
	0x00, 0x00, 0xa9, 0x00, 0x06, 0x00, 0x07, 0x00, 0x00, 0x00, 0x8c, 0x1d, 0x00, 0x00, 0x8b, 0x1d, // ................
	0x00, 0x00, 0xa1, 0x01, 0x00, 0x00, 0x73, 0x01, 0x00, 0x00, 0x51, 0x00, 0x05, 0x00, 0x07, 0x00, // ......s...Q.....
	0x00, 0x00, 0x90, 0x1d, 0x00, 0x00, 0x46, 0x1d, 0x00, 0x00, 0x00, 0x00, 0x00, 0x00, 0x0c, 0x00, // ......F.........
	0x08, 0x00, 0x07, 0x00, 0x00, 0x00, 0x8f, 0x1e, 0x00, 0x00, 0x01, 0x00, 0x00, 0x00, 0x2e, 0x00, // ................
	0x00, 0x00, 0x7a, 0x1d, 0x00, 0x00, 0x80, 0x1d, 0x00, 0x00, 0x90, 0x1d, 0x00, 0x00, 0x0c, 0x00, // ..z.............
	0x08, 0x00, 0x07, 0x00, 0x00, 0x00, 0x95, 0x1e, 0x00, 0x00, 0x01, 0x00, 0x00, 0x00, 0x2e, 0x00, // ................
	0x00, 0x00, 0x86, 0x1d, 0x00, 0x00, 0x8c, 0x1d, 0x00, 0x00, 0x90, 0x1d, 0x00, 0x00, 0x51, 0x00, // ..............Q.
	0x05, 0x00, 0x07, 0x00, 0x00, 0x00, 0x98, 0x1d, 0x00, 0x00, 0x46, 0x1d, 0x00, 0x00, 0x01, 0x00, // ..........F.....
	0x00, 0x00, 0x0c, 0x00, 0x08, 0x00, 0x07, 0x00, 0x00, 0x00, 0x9b, 0x1e, 0x00, 0x00, 0x01, 0x00, // ................
	0x00, 0x00, 0x2e, 0x00, 0x00, 0x00, 0x8f, 0x1e, 0x00, 0x00, 0x95, 0x1e, 0x00, 0x00, 0x98, 0x1d, // ................
	0x00, 0x00, 0x81, 0x00, 0x05, 0x00, 0x07, 0x00, 0x00, 0x00, 0x31, 0x17, 0x00, 0x00, 0x20, 0x17, // ..........1... .
	0x00, 0x00, 0x9b, 0x1e, 0x00, 0x00, 0x8e, 0x00, 0x05, 0x00, 0x0b, 0x00, 0x00, 0x00, 0x34, 0x17, // ..............4.
	0x00, 0x00, 0x8e, 0x03, 0x00, 0x00, 0xed, 0x16, 0x00, 0x00, 0x81, 0x00, 0x05, 0x00, 0x0b, 0x00, // ................
	0x00, 0x00, 0x37, 0x17, 0x00, 0x00, 0xc2, 0x5c, 0x00, 0x00, 0x34, 0x17, 0x00, 0x00, 0x94, 0x00, // ..7.......4.....
	0x05, 0x00, 0x07, 0x00, 0x00, 0x00, 0x3b, 0x17, 0x00, 0x00, 0xc5, 0x5d, 0x00, 0x00, 0x34, 0x17, // ......;....]..4.
	0x00, 0x00, 0x81, 0x00, 0x05, 0x00, 0x07, 0x00, 0x00, 0x00, 0x3c, 0x17, 0x00, 0x00, 0xf7, 0x15, // ..........<.....
	0x00, 0x00, 0x3b, 0x17, 0x00, 0x00, 0x88, 0x00, 0x05, 0x00, 0x0b, 0x00, 0x00, 0x00, 0xc2, 0x1e, // ..;.............
	0x00, 0x00, 0x37, 0x17, 0x00, 0x00, 0x38, 0x1a, 0x00, 0x00, 0x83, 0x00, 0x05, 0x00, 0x0b, 0x00, // ..7...8.........
	0x00, 0x00, 0xc4, 0x1e, 0x00, 0x00, 0xc2, 0x1e, 0x00, 0x00, 0xa4, 0x5d, 0x00, 0x00, 0x0c, 0x00, // ...........]....
	0x06, 0x00, 0x0b, 0x00, 0x00, 0x00, 0xc6, 0x1e, 0x00, 0x00, 0x01, 0x00, 0x00, 0x00, 0x08, 0x00, // ................
	0x00, 0x00, 0xc4, 0x1e, 0x00, 0x00, 0x83, 0x00, 0x05, 0x00, 0x0b, 0x00, 0x00, 0x00, 0xc9, 0x1e, // ................
	0x00, 0x00, 0xc4, 0x1e, 0x00, 0x00, 0xc6, 0x1e, 0x00, 0x00, 0x81, 0x00, 0x05, 0x00, 0x0b, 0x00, // ................
	0x00, 0x00, 0xcc, 0x1e, 0x00, 0x00, 0xc6, 0x1e, 0x00, 0x00, 0xa4, 0x5d, 0x00, 0x00, 0x8e, 0x00, // ...........]....
	0x05, 0x00, 0x0b, 0x00, 0x00, 0x00, 0xce, 0x1e, 0x00, 0x00, 0xcc, 0x1e, 0x00, 0x00, 0xee, 0x15, // ................
	0x00, 0x00, 0x81, 0x00, 0x05, 0x00, 0x0b, 0x00, 0x00, 0x00, 0xd3, 0x1e, 0x00, 0x00, 0xce, 0x1e, // ................
	0x00, 0x00, 0x49, 0x1a, 0x00, 0x00, 0x81, 0x00, 0x05, 0x00, 0x0b, 0x00, 0x00, 0x00, 0xd7, 0x1e, // ..I.............
	0x00, 0x00, 0xce, 0x1e, 0x00, 0x00, 0x4d, 0x1a, 0x00, 0x00, 0x81, 0x00, 0x05, 0x00, 0x0b, 0x00, // ......M.........
	0x00, 0x00, 0xdb, 0x1e, 0x00, 0x00, 0xce, 0x1e, 0x00, 0x00, 0x38, 0x1a, 0x00, 0x00, 0x83, 0x00, // ..........8.....
	0x05, 0x00, 0x0b, 0x00, 0x00, 0x00, 0xe0, 0x1e, 0x00, 0x00, 0xce, 0x1e, 0x00, 0x00, 0x37, 0x17, // ..............7.
	0x00, 0x00, 0x94, 0x00, 0x05, 0x00, 0x07, 0x00, 0x00, 0x00, 0xe1, 0x1e, 0x00, 0x00, 0xc5, 0x5d, // ...............]
	0x00, 0x00, 0xe0, 0x1e, 0x00, 0x00, 0x81, 0x00, 0x05, 0x00, 0x07, 0x00, 0x00, 0x00, 0xe2, 0x1e, // ................
	0x00, 0x00, 0x3c, 0x17, 0x00, 0x00, 0xe1, 0x1e, 0x00, 0x00, 0x83, 0x00, 0x05, 0x00, 0x0b, 0x00, // ..<.............
	0x00, 0x00, 0xe7, 0x1e, 0x00, 0x00, 0xd3, 0x1e, 0x00, 0x00, 0x37, 0x17, 0x00, 0x00, 0x94, 0x00, // ..........7.....
	0x05, 0x00, 0x07, 0x00, 0x00, 0x00, 0xe8, 0x1e, 0x00, 0x00, 0xc5, 0x5d, 0x00, 0x00, 0xe7, 0x1e, // ...........]....
	0x00, 0x00, 0x81, 0x00, 0x05, 0x00, 0x07, 0x00, 0x00, 0x00, 0xe9, 0x1e, 0x00, 0x00, 0x3c, 0x17, // ..............<.
	0x00, 0x00, 0xe8, 0x1e, 0x00, 0x00, 0x83, 0x00, 0x05, 0x00, 0x0b, 0x00, 0x00, 0x00, 0xee, 0x1e, // ................
	0x00, 0x00, 0xd7, 0x1e, 0x00, 0x00, 0x37, 0x17, 0x00, 0x00, 0x94, 0x00, 0x05, 0x00, 0x07, 0x00, // ......7.........
	0x00, 0x00, 0xef, 0x1e, 0x00, 0x00, 0xc5, 0x5d, 0x00, 0x00, 0xee, 0x1e, 0x00, 0x00, 0x81, 0x00, // .......]........
	0x05, 0x00, 0x07, 0x00, 0x00, 0x00, 0xf0, 0x1e, 0x00, 0x00, 0x3c, 0x17, 0x00, 0x00, 0xef, 0x1e, // ..........<.....
	0x00, 0x00, 0x83, 0x00, 0x05, 0x00, 0x0b, 0x00, 0x00, 0x00, 0xf5, 0x1e, 0x00, 0x00, 0xdb, 0x1e, // ................
	0x00, 0x00, 0x37, 0x17, 0x00, 0x00, 0x94, 0x00, 0x05, 0x00, 0x07, 0x00, 0x00, 0x00, 0xf6, 0x1e, // ..7.............
	0x00, 0x00, 0xc5, 0x5d, 0x00, 0x00, 0xf5, 0x1e, 0x00, 0x00, 0x81, 0x00, 0x05, 0x00, 0x07, 0x00, // ...]............
	0x00, 0x00, 0xf7, 0x1e, 0x00, 0x00, 0x3c, 0x17, 0x00, 0x00, 0xf6, 0x1e, 0x00, 0x00, 0xf7, 0x00, // ......<.........
	0x03, 0x00, 0x3c, 0x1f, 0x00, 0x00, 0x00, 0x00, 0x00, 0x00, 0xfb, 0x00, 0x03, 0x00, 0xcc, 0x01, // ..<.............
	0x00, 0x00, 0x27, 0x1f, 0x00, 0x00, 0xf8, 0x00, 0x02, 0x00, 0x27, 0x1f, 0x00, 0x00, 0xf7, 0x00, // ..'.......'.....
	0x03, 0x00, 0x2f, 0x1f, 0x00, 0x00, 0x00, 0x00, 0x00, 0x00, 0xfa, 0x00, 0x04, 0x00, 0x0e, 0x15, // ../.............
	0x00, 0x00, 0x2a, 0x1f, 0x00, 0x00, 0x2f, 0x1f, 0x00, 0x00, 0xf8, 0x00, 0x02, 0x00, 0x2a, 0x1f, // ..*.../.......*.
	0x00, 0x00, 0x56, 0x00, 0x05, 0x00, 0x2e, 0x01, 0x00, 0x00, 0x44, 0x1f, 0x00, 0x00, 0xf8, 0x00, // ..V.......D.....
	0x00, 0x00, 0xf6, 0x00, 0x00, 0x00, 0x57, 0x00, 0x05, 0x00, 0x0d, 0x00, 0x00, 0x00, 0x46, 0x1f, // ......W.......F.
	0x00, 0x00, 0x44, 0x1f, 0x00, 0x00, 0xce, 0x1e, 0x00, 0x00, 0x51, 0x00, 0x05, 0x00, 0x07, 0x00, // ..D.......Q.....
	0x00, 0x00, 0x2e, 0x1f, 0x00, 0x00, 0x46, 0x1f, 0x00, 0x00, 0x00, 0x00, 0x00, 0x00, 0xf9, 0x00, // ......F.........
	0x02, 0x00, 0x3c, 0x1f, 0x00, 0x00, 0xf8, 0x00, 0x02, 0x00, 0x2f, 0x1f, 0x00, 0x00, 0xf7, 0x00, // ..<......./.....
	0x03, 0x00, 0x37, 0x1f, 0x00, 0x00, 0x00, 0x00, 0x00, 0x00, 0xfa, 0x00, 0x04, 0x00, 0x12, 0x15, // ..7.............
	0x00, 0x00, 0x32, 0x1f, 0x00, 0x00, 0x37, 0x1f, 0x00, 0x00, 0xf8, 0x00, 0x02, 0x00, 0x32, 0x1f, // ..2...7.......2.
	0x00, 0x00, 0x56, 0x00, 0x05, 0x00, 0x2e, 0x01, 0x00, 0x00, 0x4d, 0x1f, 0x00, 0x00, 0xfe, 0x00, // ..V.......M.....
	0x00, 0x00, 0xfc, 0x00, 0x00, 0x00, 0x57, 0x00, 0x05, 0x00, 0x0d, 0x00, 0x00, 0x00, 0x4f, 0x1f, // ......W.......O.
	0x00, 0x00, 0x4d, 0x1f, 0x00, 0x00, 0xce, 0x1e, 0x00, 0x00, 0x51, 0x00, 0x05, 0x00, 0x07, 0x00, // ..M.......Q.....
	0x00, 0x00, 0x36, 0x1f, 0x00, 0x00, 0x4f, 0x1f, 0x00, 0x00, 0x00, 0x00, 0x00, 0x00, 0xf9, 0x00, // ..6...O.........
	0x02, 0x00, 0x3c, 0x1f, 0x00, 0x00, 0xf8, 0x00, 0x02, 0x00, 0x37, 0x1f, 0x00, 0x00, 0x56, 0x00, // ..<.......7...V.
	0x05, 0x00, 0x2e, 0x01, 0x00, 0x00, 0x56, 0x1f, 0x00, 0x00, 0x04, 0x01, 0x00, 0x00, 0x02, 0x01, // ......V.........
	0x00, 0x00, 0x57, 0x00, 0x05, 0x00, 0x0d, 0x00, 0x00, 0x00, 0x58, 0x1f, 0x00, 0x00, 0x56, 0x1f, // ..W.......X...V.
	0x00, 0x00, 0xce, 0x1e, 0x00, 0x00, 0x51, 0x00, 0x05, 0x00, 0x07, 0x00, 0x00, 0x00, 0x3b, 0x1f, // ......Q.......;.
	0x00, 0x00, 0x58, 0x1f, 0x00, 0x00, 0x00, 0x00, 0x00, 0x00, 0xf9, 0x00, 0x02, 0x00, 0x3c, 0x1f, // ..X...........<.
	0x00, 0x00, 0xf8, 0x00, 0x02, 0x00, 0x3c, 0x1f, 0x00, 0x00, 0xf5, 0x00, 0x09, 0x00, 0x07, 0x00, // ......<.........
	0x00, 0x00, 0x22, 0x5e, 0x00, 0x00, 0x2e, 0x1f, 0x00, 0x00, 0x2a, 0x1f, 0x00, 0x00, 0x36, 0x1f, // .."^......*...6.
	0x00, 0x00, 0x32, 0x1f, 0x00, 0x00, 0x3b, 0x1f, 0x00, 0x00, 0x37, 0x1f, 0x00, 0x00, 0xbe, 0x00, // ..2...;...7.....
	0x05, 0x00, 0x97, 0x01, 0x00, 0x00, 0xfc, 0x1e, 0x00, 0x00, 0x22, 0x5e, 0x00, 0x00, 0xe2, 0x1e, // .........."^....
	0x00, 0x00, 0xa9, 0x00, 0x06, 0x00, 0x07, 0x00, 0x00, 0x00, 0xfd, 0x1e, 0x00, 0x00, 0xfc, 0x1e, // ................
	0x00, 0x00, 0xa1, 0x01, 0x00, 0x00, 0x73, 0x01, 0x00, 0x00, 0xf7, 0x00, 0x03, 0x00, 0x78, 0x1f, // ......s.......x.
	0x00, 0x00, 0x00, 0x00, 0x00, 0x00, 0xfb, 0x00, 0x03, 0x00, 0xcc, 0x01, 0x00, 0x00, 0x63, 0x1f, // ..............c.
	0x00, 0x00, 0xf8, 0x00, 0x02, 0x00, 0x63, 0x1f, 0x00, 0x00, 0xf7, 0x00, 0x03, 0x00, 0x6b, 0x1f, // ......c.......k.
	0x00, 0x00, 0x00, 0x00, 0x00, 0x00, 0xfa, 0x00, 0x04, 0x00, 0x0e, 0x15, 0x00, 0x00, 0x66, 0x1f, // ..............f.
	0x00, 0x00, 0x6b, 0x1f, 0x00, 0x00, 0xf8, 0x00, 0x02, 0x00, 0x66, 0x1f, 0x00, 0x00, 0x56, 0x00, // ..k.......f...V.
	0x05, 0x00, 0x2e, 0x01, 0x00, 0x00, 0x80, 0x1f, 0x00, 0x00, 0xf8, 0x00, 0x00, 0x00, 0xf6, 0x00, // ................
	0x00, 0x00, 0x57, 0x00, 0x05, 0x00, 0x0d, 0x00, 0x00, 0x00, 0x82, 0x1f, 0x00, 0x00, 0x80, 0x1f, // ..W.............
	0x00, 0x00, 0xd3, 0x1e, 0x00, 0x00, 0x51, 0x00, 0x05, 0x00, 0x07, 0x00, 0x00, 0x00, 0x6a, 0x1f, // ......Q.......j.
	0x00, 0x00, 0x82, 0x1f, 0x00, 0x00, 0x00, 0x00, 0x00, 0x00, 0xf9, 0x00, 0x02, 0x00, 0x78, 0x1f, // ..............x.
	0x00, 0x00, 0xf8, 0x00, 0x02, 0x00, 0x6b, 0x1f, 0x00, 0x00, 0xf7, 0x00, 0x03, 0x00, 0x73, 0x1f, // ......k.......s.
	0x00, 0x00, 0x00, 0x00, 0x00, 0x00, 0xfa, 0x00, 0x04, 0x00, 0x12, 0x15, 0x00, 0x00, 0x6e, 0x1f, // ..............n.
	0x00, 0x00, 0x73, 0x1f, 0x00, 0x00, 0xf8, 0x00, 0x02, 0x00, 0x6e, 0x1f, 0x00, 0x00, 0x56, 0x00, // ..s.......n...V.
	0x05, 0x00, 0x2e, 0x01, 0x00, 0x00, 0x89, 0x1f, 0x00, 0x00, 0xfe, 0x00, 0x00, 0x00, 0xfc, 0x00, // ................
	0x00, 0x00, 0x57, 0x00, 0x05, 0x00, 0x0d, 0x00, 0x00, 0x00, 0x8b, 0x1f, 0x00, 0x00, 0x89, 0x1f, // ..W.............
	0x00, 0x00, 0xd3, 0x1e, 0x00, 0x00, 0x51, 0x00, 0x05, 0x00, 0x07, 0x00, 0x00, 0x00, 0x72, 0x1f, // ......Q.......r.
	0x00, 0x00, 0x8b, 0x1f, 0x00, 0x00, 0x00, 0x00, 0x00, 0x00, 0xf9, 0x00, 0x02, 0x00, 0x78, 0x1f, // ..............x.
	0x00, 0x00, 0xf8, 0x00, 0x02, 0x00, 0x73, 0x1f, 0x00, 0x00, 0x56, 0x00, 0x05, 0x00, 0x2e, 0x01, // ......s...V.....
	0x00, 0x00, 0x92, 0x1f, 0x00, 0x00, 0x04, 0x01, 0x00, 0x00, 0x02, 0x01, 0x00, 0x00, 0x57, 0x00, // ..............W.
	0x05, 0x00, 0x0d, 0x00, 0x00, 0x00, 0x94, 0x1f, 0x00, 0x00, 0x92, 0x1f, 0x00, 0x00, 0xd3, 0x1e, // ................
	0x00, 0x00, 0x51, 0x00, 0x05, 0x00, 0x07, 0x00, 0x00, 0x00, 0x77, 0x1f, 0x00, 0x00, 0x94, 0x1f, // ..Q.......w.....
	0x00, 0x00, 0x00, 0x00, 0x00, 0x00, 0xf9, 0x00, 0x02, 0x00, 0x78, 0x1f, 0x00, 0x00, 0xf8, 0x00, // ..........x.....
	0x02, 0x00, 0x78, 0x1f, 0x00, 0x00, 0xf5, 0x00, 0x09, 0x00, 0x07, 0x00, 0x00, 0x00, 0x23, 0x5e, // ..x...........#^
	0x00, 0x00, 0x6a, 0x1f, 0x00, 0x00, 0x66, 0x1f, 0x00, 0x00, 0x72, 0x1f, 0x00, 0x00, 0x6e, 0x1f, // ..j...f...r...n.
	0x00, 0x00, 0x77, 0x1f, 0x00, 0x00, 0x73, 0x1f, 0x00, 0x00, 0xbe, 0x00, 0x05, 0x00, 0x97, 0x01, // ..w...s.........
	0x00, 0x00, 0x02, 0x1f, 0x00, 0x00, 0x23, 0x5e, 0x00, 0x00, 0xe9, 0x1e, 0x00, 0x00, 0xa9, 0x00, // ......#^........
	0x06, 0x00, 0x07, 0x00, 0x00, 0x00, 0x03, 0x1f, 0x00, 0x00, 0x02, 0x1f, 0x00, 0x00, 0xa1, 0x01, // ................
	0x00, 0x00, 0x73, 0x01, 0x00, 0x00, 0xf7, 0x00, 0x03, 0x00, 0xb4, 0x1f, 0x00, 0x00, 0x00, 0x00, // ..s.............
	0x00, 0x00, 0xfb, 0x00, 0x03, 0x00, 0xcc, 0x01, 0x00, 0x00, 0x9f, 0x1f, 0x00, 0x00, 0xf8, 0x00, // ................
	0x02, 0x00, 0x9f, 0x1f, 0x00, 0x00, 0xf7, 0x00, 0x03, 0x00, 0xa7, 0x1f, 0x00, 0x00, 0x00, 0x00, // ................
	0x00, 0x00, 0xfa, 0x00, 0x04, 0x00, 0x0e, 0x15, 0x00, 0x00, 0xa2, 0x1f, 0x00, 0x00, 0xa7, 0x1f, // ................
	0x00, 0x00, 0xf8, 0x00, 0x02, 0x00, 0xa2, 0x1f, 0x00, 0x00, 0x56, 0x00, 0x05, 0x00, 0x2e, 0x01, // ..........V.....
	0x00, 0x00, 0xbc, 0x1f, 0x00, 0x00, 0xf8, 0x00, 0x00, 0x00, 0xf6, 0x00, 0x00, 0x00, 0x57, 0x00, // ..............W.
	0x05, 0x00, 0x0d, 0x00, 0x00, 0x00, 0xbe, 0x1f, 0x00, 0x00, 0xbc, 0x1f, 0x00, 0x00, 0xd7, 0x1e, // ................
	0x00, 0x00, 0x51, 0x00, 0x05, 0x00, 0x07, 0x00, 0x00, 0x00, 0xa6, 0x1f, 0x00, 0x00, 0xbe, 0x1f, // ..Q.............
	0x00, 0x00, 0x00, 0x00, 0x00, 0x00, 0xf9, 0x00, 0x02, 0x00, 0xb4, 0x1f, 0x00, 0x00, 0xf8, 0x00, // ................
	0x02, 0x00, 0xa7, 0x1f, 0x00, 0x00, 0xf7, 0x00, 0x03, 0x00, 0xaf, 0x1f, 0x00, 0x00, 0x00, 0x00, // ................
	0x00, 0x00, 0xfa, 0x00, 0x04, 0x00, 0x12, 0x15, 0x00, 0x00, 0xaa, 0x1f, 0x00, 0x00, 0xaf, 0x1f, // ................
	0x00, 0x00, 0xf8, 0x00, 0x02, 0x00, 0xaa, 0x1f, 0x00, 0x00, 0x56, 0x00, 0x05, 0x00, 0x2e, 0x01, // ..........V.....
	0x00, 0x00, 0xc5, 0x1f, 0x00, 0x00, 0xfe, 0x00, 0x00, 0x00, 0xfc, 0x00, 0x00, 0x00, 0x57, 0x00, // ..............W.
	0x05, 0x00, 0x0d, 0x00, 0x00, 0x00, 0xc7, 0x1f, 0x00, 0x00, 0xc5, 0x1f, 0x00, 0x00, 0xd7, 0x1e, // ................
	0x00, 0x00, 0x51, 0x00, 0x05, 0x00, 0x07, 0x00, 0x00, 0x00, 0xae, 0x1f, 0x00, 0x00, 0xc7, 0x1f, // ..Q.............
	0x00, 0x00, 0x00, 0x00, 0x00, 0x00, 0xf9, 0x00, 0x02, 0x00, 0xb4, 0x1f, 0x00, 0x00, 0xf8, 0x00, // ................
	0x02, 0x00, 0xaf, 0x1f, 0x00, 0x00, 0x56, 0x00, 0x05, 0x00, 0x2e, 0x01, 0x00, 0x00, 0xce, 0x1f, // ......V.........
	0x00, 0x00, 0x04, 0x01, 0x00, 0x00, 0x02, 0x01, 0x00, 0x00, 0x57, 0x00, 0x05, 0x00, 0x0d, 0x00, // ..........W.....
	0x00, 0x00, 0xd0, 0x1f, 0x00, 0x00, 0xce, 0x1f, 0x00, 0x00, 0xd7, 0x1e, 0x00, 0x00, 0x51, 0x00, // ..............Q.
	0x05, 0x00, 0x07, 0x00, 0x00, 0x00, 0xb3, 0x1f, 0x00, 0x00, 0xd0, 0x1f, 0x00, 0x00, 0x00, 0x00, // ................
	0x00, 0x00, 0xf9, 0x00, 0x02, 0x00, 0xb4, 0x1f, 0x00, 0x00, 0xf8, 0x00, 0x02, 0x00, 0xb4, 0x1f, // ................
	0x00, 0x00, 0xf5, 0x00, 0x09, 0x00, 0x07, 0x00, 0x00, 0x00, 0x24, 0x5e, 0x00, 0x00, 0xa6, 0x1f, // ..........$^....
	0x00, 0x00, 0xa2, 0x1f, 0x00, 0x00, 0xae, 0x1f, 0x00, 0x00, 0xaa, 0x1f, 0x00, 0x00, 0xb3, 0x1f, // ................
	0x00, 0x00, 0xaf, 0x1f, 0x00, 0x00, 0xbe, 0x00, 0x05, 0x00, 0x97, 0x01, 0x00, 0x00, 0x08, 0x1f, // ................
	0x00, 0x00, 0x24, 0x5e, 0x00, 0x00, 0xf0, 0x1e, 0x00, 0x00, 0xa9, 0x00, 0x06, 0x00, 0x07, 0x00, // ..$^............
	0x00, 0x00, 0x09, 0x1f, 0x00, 0x00, 0x08, 0x1f, 0x00, 0x00, 0xa1, 0x01, 0x00, 0x00, 0x73, 0x01, // ..............s.
	0x00, 0x00, 0xf7, 0x00, 0x03, 0x00, 0xf0, 0x1f, 0x00, 0x00, 0x00, 0x00, 0x00, 0x00, 0xfb, 0x00, // ................
	0x03, 0x00, 0xcc, 0x01, 0x00, 0x00, 0xdb, 0x1f, 0x00, 0x00, 0xf8, 0x00, 0x02, 0x00, 0xdb, 0x1f, // ................
	0x00, 0x00, 0xf7, 0x00, 0x03, 0x00, 0xe3, 0x1f, 0x00, 0x00, 0x00, 0x00, 0x00, 0x00, 0xfa, 0x00, // ................
	0x04, 0x00, 0x0e, 0x15, 0x00, 0x00, 0xde, 0x1f, 0x00, 0x00, 0xe3, 0x1f, 0x00, 0x00, 0xf8, 0x00, // ................
	0x02, 0x00, 0xde, 0x1f, 0x00, 0x00, 0x56, 0x00, 0x05, 0x00, 0x2e, 0x01, 0x00, 0x00, 0xf8, 0x1f, // ......V.........
	0x00, 0x00, 0xf8, 0x00, 0x00, 0x00, 0xf6, 0x00, 0x00, 0x00, 0x57, 0x00, 0x05, 0x00, 0x0d, 0x00, // ..........W.....
	0x00, 0x00, 0xfa, 0x1f, 0x00, 0x00, 0xf8, 0x1f, 0x00, 0x00, 0xdb, 0x1e, 0x00, 0x00, 0x51, 0x00, // ..............Q.
	0x05, 0x00, 0x07, 0x00, 0x00, 0x00, 0xe2, 0x1f, 0x00, 0x00, 0xfa, 0x1f, 0x00, 0x00, 0x00, 0x00, // ................
	0x00, 0x00, 0xf9, 0x00, 0x02, 0x00, 0xf0, 0x1f, 0x00, 0x00, 0xf8, 0x00, 0x02, 0x00, 0xe3, 0x1f, // ................
	0x00, 0x00, 0xf7, 0x00, 0x03, 0x00, 0xeb, 0x1f, 0x00, 0x00, 0x00, 0x00, 0x00, 0x00, 0xfa, 0x00, // ................
	0x04, 0x00, 0x12, 0x15, 0x00, 0x00, 0xe6, 0x1f, 0x00, 0x00, 0xeb, 0x1f, 0x00, 0x00, 0xf8, 0x00, // ................
	0x02, 0x00, 0xe6, 0x1f, 0x00, 0x00, 0x56, 0x00, 0x05, 0x00, 0x2e, 0x01, 0x00, 0x00, 0x01, 0x20, // ......V........ 
	0x00, 0x00, 0xfe, 0x00, 0x00, 0x00, 0xfc, 0x00, 0x00, 0x00, 0x57, 0x00, 0x05, 0x00, 0x0d, 0x00, // ..........W.....
	0x00, 0x00, 0x03, 0x20, 0x00, 0x00, 0x01, 0x20, 0x00, 0x00, 0xdb, 0x1e, 0x00, 0x00, 0x51, 0x00, // ... ... ......Q.
	0x05, 0x00, 0x07, 0x00, 0x00, 0x00, 0xea, 0x1f, 0x00, 0x00, 0x03, 0x20, 0x00, 0x00, 0x00, 0x00, // ........... ....
	0x00, 0x00, 0xf9, 0x00, 0x02, 0x00, 0xf0, 0x1f, 0x00, 0x00, 0xf8, 0x00, 0x02, 0x00, 0xeb, 0x1f, // ................
	0x00, 0x00, 0x56, 0x00, 0x05, 0x00, 0x2e, 0x01, 0x00, 0x00, 0x0a, 0x20, 0x00, 0x00, 0x04, 0x01, // ..V........ ....
	0x00, 0x00, 0x02, 0x01, 0x00, 0x00, 0x57, 0x00, 0x05, 0x00, 0x0d, 0x00, 0x00, 0x00, 0x0c, 0x20, // ......W........ 
	0x00, 0x00, 0x0a, 0x20, 0x00, 0x00, 0xdb, 0x1e, 0x00, 0x00, 0x51, 0x00, 0x05, 0x00, 0x07, 0x00, // ... ......Q.....
	0x00, 0x00, 0xef, 0x1f, 0x00, 0x00, 0x0c, 0x20, 0x00, 0x00, 0x00, 0x00, 0x00, 0x00, 0xf9, 0x00, // ....... ........
	0x02, 0x00, 0xf0, 0x1f, 0x00, 0x00, 0xf8, 0x00, 0x02, 0x00, 0xf0, 0x1f, 0x00, 0x00, 0xf5, 0x00, // ................
	0x09, 0x00, 0x07, 0x00, 0x00, 0x00, 0x25, 0x5e, 0x00, 0x00, 0xe2, 0x1f, 0x00, 0x00, 0xde, 0x1f, // ......%^........
	0x00, 0x00, 0xea, 0x1f, 0x00, 0x00, 0xe6, 0x1f, 0x00, 0x00, 0xef, 0x1f, 0x00, 0x00, 0xeb, 0x1f, // ................
	0x00, 0x00, 0xbe, 0x00, 0x05, 0x00, 0x97, 0x01, 0x00, 0x00, 0x0e, 0x1f, 0x00, 0x00, 0x25, 0x5e, // ..............%^
	0x00, 0x00, 0xf7, 0x1e, 0x00, 0x00, 0xa9, 0x00, 0x06, 0x00, 0x07, 0x00, 0x00, 0x00, 0x0f, 0x1f, // ................
	0x00, 0x00, 0x0e, 0x1f, 0x00, 0x00, 0xa1, 0x01, 0x00, 0x00, 0x73, 0x01, 0x00, 0x00, 0x51, 0x00, // ..........s...Q.
	0x05, 0x00, 0x07, 0x00, 0x00, 0x00, 0x13, 0x1f, 0x00, 0x00, 0xc9, 0x1e, 0x00, 0x00, 0x00, 0x00, // ................
	0x00, 0x00, 0x0c, 0x00, 0x08, 0x00, 0x07, 0x00, 0x00, 0x00, 0x12, 0x20, 0x00, 0x00, 0x01, 0x00, // ........... ....
	0x00, 0x00, 0x2e, 0x00, 0x00, 0x00, 0xfd, 0x1e, 0x00, 0x00, 0x03, 0x1f, 0x00, 0x00, 0x13, 0x1f, // ................
	0x00, 0x00, 0x0c, 0x00, 0x08, 0x00, 0x07, 0x00, 0x00, 0x00, 0x18, 0x20, 0x00, 0x00, 0x01, 0x00, // ........... ....
	0x00, 0x00, 0x2e, 0x00, 0x00, 0x00, 0x09, 0x1f, 0x00, 0x00, 0x0f, 0x1f, 0x00, 0x00, 0x13, 0x1f, // ................
	0x00, 0x00, 0x51, 0x00, 0x05, 0x00, 0x07, 0x00, 0x00, 0x00, 0x1b, 0x1f, 0x00, 0x00, 0xc9, 0x1e, // ..Q.............
	0x00, 0x00, 0x01, 0x00, 0x00, 0x00, 0x0c, 0x00, 0x08, 0x00, 0x07, 0x00, 0x00, 0x00, 0x1e, 0x20, // ............... 
	0x00, 0x00, 0x01, 0x00, 0x00, 0x00, 0x2e, 0x00, 0x00, 0x00, 0x12, 0x20, 0x00, 0x00, 0x18, 0x20, // ........... ... 
	0x00, 0x00, 0x1b, 0x1f, 0x00, 0x00, 0x81, 0x00, 0x05, 0x00, 0x07, 0x00, 0x00, 0x00, 0x42, 0x17, // ..............B.
	0x00, 0x00, 0x31, 0x17, 0x00, 0x00, 0x1e, 0x20, 0x00, 0x00, 0x8e, 0x00, 0x05, 0x00, 0x0b, 0x00, // ..1.... ........
	0x00, 0x00, 0x45, 0x17, 0x00, 0x00, 0x90, 0x03, 0x00, 0x00, 0xed, 0x16, 0x00, 0x00, 0x81, 0x00, // ..E.............
	0x05, 0x00, 0x0b, 0x00, 0x00, 0x00, 0x48, 0x17, 0x00, 0x00, 0xc2, 0x5c, 0x00, 0x00, 0x45, 0x17, // ......H.......E.
	0x00, 0x00, 0x94, 0x00, 0x05, 0x00, 0x07, 0x00, 0x00, 0x00, 0x4c, 0x17, 0x00, 0x00, 0xc5, 0x5d, // ..........L....]
	0x00, 0x00, 0x45, 0x17, 0x00, 0x00, 0x81, 0x00, 0x05, 0x00, 0x07, 0x00, 0x00, 0x00, 0x4d, 0x17, // ..E...........M.
	0x00, 0x00, 0xf7, 0x15, 0x00, 0x00, 0x4c, 0x17, 0x00, 0x00, 0x88, 0x00, 0x05, 0x00, 0x0b, 0x00, // ......L.........
	0x00, 0x00, 0x45, 0x20, 0x00, 0x00, 0x48, 0x17, 0x00, 0x00, 0x38, 0x1a, 0x00, 0x00, 0x83, 0x00, // ..E ..H...8.....
	0x05, 0x00, 0x0b, 0x00, 0x00, 0x00, 0x47, 0x20, 0x00, 0x00, 0x45, 0x20, 0x00, 0x00, 0xa4, 0x5d, // ......G ..E ...]
	0x00, 0x00, 0x0c, 0x00, 0x06, 0x00, 0x0b, 0x00, 0x00, 0x00, 0x49, 0x20, 0x00, 0x00, 0x01, 0x00, // ..........I ....
	0x00, 0x00, 0x08, 0x00, 0x00, 0x00, 0x47, 0x20, 0x00, 0x00, 0x83, 0x00, 0x05, 0x00, 0x0b, 0x00, // ......G ........
	0x00, 0x00, 0x4c, 0x20, 0x00, 0x00, 0x47, 0x20, 0x00, 0x00, 0x49, 0x20, 0x00, 0x00, 0x81, 0x00, // ..L ..G ..I ....
	0x05, 0x00, 0x0b, 0x00, 0x00, 0x00, 0x4f, 0x20, 0x00, 0x00, 0x49, 0x20, 0x00, 0x00, 0xa4, 0x5d, // ......O ..I ...]
	0x00, 0x00, 0x8e, 0x00, 0x05, 0x00, 0x0b, 0x00, 0x00, 0x00, 0x51, 0x20, 0x00, 0x00, 0x4f, 0x20, // ..........Q ..O 
	0x00, 0x00, 0xee, 0x15, 0x00, 0x00, 0x81, 0x00, 0x05, 0x00, 0x0b, 0x00, 0x00, 0x00, 0x56, 0x20, // ..............V 
	0x00, 0x00, 0x51, 0x20, 0x00, 0x00, 0x49, 0x1a, 0x00, 0x00, 0x81, 0x00, 0x05, 0x00, 0x0b, 0x00, // ..Q ..I.........
	0x00, 0x00, 0x5a, 0x20, 0x00, 0x00, 0x51, 0x20, 0x00, 0x00, 0x4d, 0x1a, 0x00, 0x00, 0x81, 0x00, // ..Z ..Q ..M.....
	0x05, 0x00, 0x0b, 0x00, 0x00, 0x00, 0x5e, 0x20, 0x00, 0x00, 0x51, 0x20, 0x00, 0x00, 0x38, 0x1a, // ......^ ..Q ..8.
	0x00, 0x00, 0x83, 0x00, 0x05, 0x00, 0x0b, 0x00, 0x00, 0x00, 0x63, 0x20, 0x00, 0x00, 0x51, 0x20, // ..........c ..Q 
	0x00, 0x00, 0x48, 0x17, 0x00, 0x00, 0x94, 0x00, 0x05, 0x00, 0x07, 0x00, 0x00, 0x00, 0x64, 0x20, // ..H...........d 
	0x00, 0x00, 0xc5, 0x5d, 0x00, 0x00, 0x63, 0x20, 0x00, 0x00, 0x81, 0x00, 0x05, 0x00, 0x07, 0x00, // ...]..c ........
	0x00, 0x00, 0x65, 0x20, 0x00, 0x00, 0x4d, 0x17, 0x00, 0x00, 0x64, 0x20, 0x00, 0x00, 0x83, 0x00, // ..e ..M...d ....
	0x05, 0x00, 0x0b, 0x00, 0x00, 0x00, 0x6a, 0x20, 0x00, 0x00, 0x56, 0x20, 0x00, 0x00, 0x48, 0x17, // ......j ..V ..H.
	0x00, 0x00, 0x94, 0x00, 0x05, 0x00, 0x07, 0x00, 0x00, 0x00, 0x6b, 0x20, 0x00, 0x00, 0xc5, 0x5d, // ..........k ...]
	0x00, 0x00, 0x6a, 0x20, 0x00, 0x00, 0x81, 0x00, 0x05, 0x00, 0x07, 0x00, 0x00, 0x00, 0x6c, 0x20, // ..j ..........l 
	0x00, 0x00, 0x4d, 0x17, 0x00, 0x00, 0x6b, 0x20, 0x00, 0x00, 0x83, 0x00, 0x05, 0x00, 0x0b, 0x00, // ..M...k ........
	0x00, 0x00, 0x71, 0x20, 0x00, 0x00, 0x5a, 0x20, 0x00, 0x00, 0x48, 0x17, 0x00, 0x00, 0x94, 0x00, // ..q ..Z ..H.....
	0x05, 0x00, 0x07, 0x00, 0x00, 0x00, 0x72, 0x20, 0x00, 0x00, 0xc5, 0x5d, 0x00, 0x00, 0x71, 0x20, // ......r ...]..q 
	0x00, 0x00, 0x81, 0x00, 0x05, 0x00, 0x07, 0x00, 0x00, 0x00, 0x73, 0x20, 0x00, 0x00, 0x4d, 0x17, // ..........s ..M.
	0x00, 0x00, 0x72, 0x20, 0x00, 0x00, 0x83, 0x00, 0x05, 0x00, 0x0b, 0x00, 0x00, 0x00, 0x78, 0x20, // ..r ..........x 
	0x00, 0x00, 0x5e, 0x20, 0x00, 0x00, 0x48, 0x17, 0x00, 0x00, 0x94, 0x00, 0x05, 0x00, 0x07, 0x00, // ..^ ..H.........
	0x00, 0x00, 0x79, 0x20, 0x00, 0x00, 0xc5, 0x5d, 0x00, 0x00, 0x78, 0x20, 0x00, 0x00, 0x81, 0x00, // ..y ...]..x ....
	0x05, 0x00, 0x07, 0x00, 0x00, 0x00, 0x7a, 0x20, 0x00, 0x00, 0x4d, 0x17, 0x00, 0x00, 0x79, 0x20, // ......z ..M...y 
	0x00, 0x00, 0xf7, 0x00, 0x03, 0x00, 0xbf, 0x20, 0x00, 0x00, 0x00, 0x00, 0x00, 0x00, 0xfb, 0x00, // ....... ........
	0x03, 0x00, 0xcc, 0x01, 0x00, 0x00, 0xaa, 0x20, 0x00, 0x00, 0xf8, 0x00, 0x02, 0x00, 0xaa, 0x20, // ....... ....... 
	0x00, 0x00, 0xf7, 0x00, 0x03, 0x00, 0xb2, 0x20, 0x00, 0x00, 0x00, 0x00, 0x00, 0x00, 0xfa, 0x00, // ....... ........
	0x04, 0x00, 0x0e, 0x15, 0x00, 0x00, 0xad, 0x20, 0x00, 0x00, 0xb2, 0x20, 0x00, 0x00, 0xf8, 0x00, // ....... ... ....
	0x02, 0x00, 0xad, 0x20, 0x00, 0x00, 0x56, 0x00, 0x05, 0x00, 0x2e, 0x01, 0x00, 0x00, 0xc7, 0x20, // ... ..V........ 
	0x00, 0x00, 0xf8, 0x00, 0x00, 0x00, 0xf6, 0x00, 0x00, 0x00, 0x57, 0x00, 0x05, 0x00, 0x0d, 0x00, // ..........W.....
	0x00, 0x00, 0xc9, 0x20, 0x00, 0x00, 0xc7, 0x20, 0x00, 0x00, 0x51, 0x20, 0x00, 0x00, 0x51, 0x00, // ... ... ..Q ..Q.
	0x05, 0x00, 0x07, 0x00, 0x00, 0x00, 0xb1, 0x20, 0x00, 0x00, 0xc9, 0x20, 0x00, 0x00, 0x00, 0x00, // ....... ... ....
	0x00, 0x00, 0xf9, 0x00, 0x02, 0x00, 0xbf, 0x20, 0x00, 0x00, 0xf8, 0x00, 0x02, 0x00, 0xb2, 0x20, // ....... ....... 
	0x00, 0x00, 0xf7, 0x00, 0x03, 0x00, 0xba, 0x20, 0x00, 0x00, 0x00, 0x00, 0x00, 0x00, 0xfa, 0x00, // ....... ........
	0x04, 0x00, 0x12, 0x15, 0x00, 0x00, 0xb5, 0x20, 0x00, 0x00, 0xba, 0x20, 0x00, 0x00, 0xf8, 0x00, // ....... ... ....
	0x02, 0x00, 0xb5, 0x20, 0x00, 0x00, 0x56, 0x00, 0x05, 0x00, 0x2e, 0x01, 0x00, 0x00, 0xd0, 0x20, // ... ..V........ 
	0x00, 0x00, 0xfe, 0x00, 0x00, 0x00, 0xfc, 0x00, 0x00, 0x00, 0x57, 0x00, 0x05, 0x00, 0x0d, 0x00, // ..........W.....
	0x00, 0x00, 0xd2, 0x20, 0x00, 0x00, 0xd0, 0x20, 0x00, 0x00, 0x51, 0x20, 0x00, 0x00, 0x51, 0x00, // ... ... ..Q ..Q.
	0x05, 0x00, 0x07, 0x00, 0x00, 0x00, 0xb9, 0x20, 0x00, 0x00, 0xd2, 0x20, 0x00, 0x00, 0x00, 0x00, // ....... ... ....
	0x00, 0x00, 0xf9, 0x00, 0x02, 0x00, 0xbf, 0x20, 0x00, 0x00, 0xf8, 0x00, 0x02, 0x00, 0xba, 0x20, // ....... ....... 
	0x00, 0x00, 0x56, 0x00, 0x05, 0x00, 0x2e, 0x01, 0x00, 0x00, 0xd9, 0x20, 0x00, 0x00, 0x04, 0x01, // ..V........ ....
	0x00, 0x00, 0x02, 0x01, 0x00, 0x00, 0x57, 0x00, 0x05, 0x00, 0x0d, 0x00, 0x00, 0x00, 0xdb, 0x20, // ......W........ 
	0x00, 0x00, 0xd9, 0x20, 0x00, 0x00, 0x51, 0x20, 0x00, 0x00, 0x51, 0x00, 0x05, 0x00, 0x07, 0x00, // ... ..Q ..Q.....
	0x00, 0x00, 0xbe, 0x20, 0x00, 0x00, 0xdb, 0x20, 0x00, 0x00, 0x00, 0x00, 0x00, 0x00, 0xf9, 0x00, // ... ... ........
	0x02, 0x00, 0xbf, 0x20, 0x00, 0x00, 0xf8, 0x00, 0x02, 0x00, 0xbf, 0x20, 0x00, 0x00, 0xf5, 0x00, // ... ....... ....
	0x09, 0x00, 0x07, 0x00, 0x00, 0x00, 0x2e, 0x5e, 0x00, 0x00, 0xb1, 0x20, 0x00, 0x00, 0xad, 0x20, // .......^... ... 
	0x00, 0x00, 0xb9, 0x20, 0x00, 0x00, 0xb5, 0x20, 0x00, 0x00, 0xbe, 0x20, 0x00, 0x00, 0xba, 0x20, // ... ... ... ... 
	0x00, 0x00, 0xbe, 0x00, 0x05, 0x00, 0x97, 0x01, 0x00, 0x00, 0x7f, 0x20, 0x00, 0x00, 0x2e, 0x5e, // ........... ...^
	0x00, 0x00, 0x65, 0x20, 0x00, 0x00, 0xa9, 0x00, 0x06, 0x00, 0x07, 0x00, 0x00, 0x00, 0x80, 0x20, // ..e ........... 
	0x00, 0x00, 0x7f, 0x20, 0x00, 0x00, 0xa1, 0x01, 0x00, 0x00, 0x73, 0x01, 0x00, 0x00, 0xf7, 0x00, // ... ......s.....
	0x03, 0x00, 0xfb, 0x20, 0x00, 0x00, 0x00, 0x00, 0x00, 0x00, 0xfb, 0x00, 0x03, 0x00, 0xcc, 0x01, // ... ............
	0x00, 0x00, 0xe6, 0x20, 0x00, 0x00, 0xf8, 0x00, 0x02, 0x00, 0xe6, 0x20, 0x00, 0x00, 0xf7, 0x00, // ... ....... ....
	0x03, 0x00, 0xee, 0x20, 0x00, 0x00, 0x00, 0x00, 0x00, 0x00, 0xfa, 0x00, 0x04, 0x00, 0x0e, 0x15, // ... ............
	0x00, 0x00, 0xe9, 0x20, 0x00, 0x00, 0xee, 0x20, 0x00, 0x00, 0xf8, 0x00, 0x02, 0x00, 0xe9, 0x20, // ... ... ....... 
	0x00, 0x00, 0x56, 0x00, 0x05, 0x00, 0x2e, 0x01, 0x00, 0x00, 0x03, 0x21, 0x00, 0x00, 0xf8, 0x00, // ..V........!....
	0x00, 0x00, 0xf6, 0x00, 0x00, 0x00, 0x57, 0x00, 0x05, 0x00, 0x0d, 0x00, 0x00, 0x00, 0x05, 0x21, // ......W........!
	0x00, 0x00, 0x03, 0x21, 0x00, 0x00, 0x56, 0x20, 0x00, 0x00, 0x51, 0x00, 0x05, 0x00, 0x07, 0x00, // ...!..V ..Q.....
	0x00, 0x00, 0xed, 0x20, 0x00, 0x00, 0x05, 0x21, 0x00, 0x00, 0x00, 0x00, 0x00, 0x00, 0xf9, 0x00, // ... ...!........
	0x02, 0x00, 0xfb, 0x20, 0x00, 0x00, 0xf8, 0x00, 0x02, 0x00, 0xee, 0x20, 0x00, 0x00, 0xf7, 0x00, // ... ....... ....
	0x03, 0x00, 0xf6, 0x20, 0x00, 0x00, 0x00, 0x00, 0x00, 0x00, 0xfa, 0x00, 0x04, 0x00, 0x12, 0x15, // ... ............
	0x00, 0x00, 0xf1, 0x20, 0x00, 0x00, 0xf6, 0x20, 0x00, 0x00, 0xf8, 0x00, 0x02, 0x00, 0xf1, 0x20, // ... ... ....... 
	0x00, 0x00, 0x56, 0x00, 0x05, 0x00, 0x2e, 0x01, 0x00, 0x00, 0x0c, 0x21, 0x00, 0x00, 0xfe, 0x00, // ..V........!....
	0x00, 0x00, 0xfc, 0x00, 0x00, 0x00, 0x57, 0x00, 0x05, 0x00, 0x0d, 0x00, 0x00, 0x00, 0x0e, 0x21, // ......W........!
	0x00, 0x00, 0x0c, 0x21, 0x00, 0x00, 0x56, 0x20, 0x00, 0x00, 0x51, 0x00, 0x05, 0x00, 0x07, 0x00, // ...!..V ..Q.....
	0x00, 0x00, 0xf5, 0x20, 0x00, 0x00, 0x0e, 0x21, 0x00, 0x00, 0x00, 0x00, 0x00, 0x00, 0xf9, 0x00, // ... ...!........
	0x02, 0x00, 0xfb, 0x20, 0x00, 0x00, 0xf8, 0x00, 0x02, 0x00, 0xf6, 0x20, 0x00, 0x00, 0x56, 0x00, // ... ....... ..V.
	0x05, 0x00, 0x2e, 0x01, 0x00, 0x00, 0x15, 0x21, 0x00, 0x00, 0x04, 0x01, 0x00, 0x00, 0x02, 0x01, // .......!........
	0x00, 0x00, 0x57, 0x00, 0x05, 0x00, 0x0d, 0x00, 0x00, 0x00, 0x17, 0x21, 0x00, 0x00, 0x15, 0x21, // ..W........!...!
	0x00, 0x00, 0x56, 0x20, 0x00, 0x00, 0x51, 0x00, 0x05, 0x00, 0x07, 0x00, 0x00, 0x00, 0xfa, 0x20, // ..V ..Q........ 
	0x00, 0x00, 0x17, 0x21, 0x00, 0x00, 0x00, 0x00, 0x00, 0x00, 0xf9, 0x00, 0x02, 0x00, 0xfb, 0x20, // ...!........... 
	0x00, 0x00, 0xf8, 0x00, 0x02, 0x00, 0xfb, 0x20, 0x00, 0x00, 0xf5, 0x00, 0x09, 0x00, 0x07, 0x00, // ....... ........
	0x00, 0x00, 0x2f, 0x5e, 0x00, 0x00, 0xed, 0x20, 0x00, 0x00, 0xe9, 0x20, 0x00, 0x00, 0xf5, 0x20, // ../^... ... ... 
	0x00, 0x00, 0xf1, 0x20, 0x00, 0x00, 0xfa, 0x20, 0x00, 0x00, 0xf6, 0x20, 0x00, 0x00, 0xbe, 0x00, // ... ... ... ....
	0x05, 0x00, 0x97, 0x01, 0x00, 0x00, 0x85, 0x20, 0x00, 0x00, 0x2f, 0x5e, 0x00, 0x00, 0x6c, 0x20, // ....... ../^..l 
	0x00, 0x00, 0xa9, 0x00, 0x06, 0x00, 0x07, 0x00, 0x00, 0x00, 0x86, 0x20, 0x00, 0x00, 0x85, 0x20, // ........... ... 
	0x00, 0x00, 0xa1, 0x01, 0x00, 0x00, 0x73, 0x01, 0x00, 0x00, 0xf7, 0x00, 0x03, 0x00, 0x37, 0x21, // ......s.......7!
	0x00, 0x00, 0x00, 0x00, 0x00, 0x00, 0xfb, 0x00, 0x03, 0x00, 0xcc, 0x01, 0x00, 0x00, 0x22, 0x21, // .............."!
	0x00, 0x00, 0xf8, 0x00, 0x02, 0x00, 0x22, 0x21, 0x00, 0x00, 0xf7, 0x00, 0x03, 0x00, 0x2a, 0x21, // ......"!......*!
	0x00, 0x00, 0x00, 0x00, 0x00, 0x00, 0xfa, 0x00, 0x04, 0x00, 0x0e, 0x15, 0x00, 0x00, 0x25, 0x21, // ..............%!
	0x00, 0x00, 0x2a, 0x21, 0x00, 0x00, 0xf8, 0x00, 0x02, 0x00, 0x25, 0x21, 0x00, 0x00, 0x56, 0x00, // ..*!......%!..V.
	0x05, 0x00, 0x2e, 0x01, 0x00, 0x00, 0x3f, 0x21, 0x00, 0x00, 0xf8, 0x00, 0x00, 0x00, 0xf6, 0x00, // ......?!........
	0x00, 0x00, 0x57, 0x00, 0x05, 0x00, 0x0d, 0x00, 0x00, 0x00, 0x41, 0x21, 0x00, 0x00, 0x3f, 0x21, // ..W.......A!..?!
	0x00, 0x00, 0x5a, 0x20, 0x00, 0x00, 0x51, 0x00, 0x05, 0x00, 0x07, 0x00, 0x00, 0x00, 0x29, 0x21, // ..Z ..Q.......)!
	0x00, 0x00, 0x41, 0x21, 0x00, 0x00, 0x00, 0x00, 0x00, 0x00, 0xf9, 0x00, 0x02, 0x00, 0x37, 0x21, // ..A!..........7!
	0x00, 0x00, 0xf8, 0x00, 0x02, 0x00, 0x2a, 0x21, 0x00, 0x00, 0xf7, 0x00, 0x03, 0x00, 0x32, 0x21, // ......*!......2!
	0x00, 0x00, 0x00, 0x00, 0x00, 0x00, 0xfa, 0x00, 0x04, 0x00, 0x12, 0x15, 0x00, 0x00, 0x2d, 0x21, // ..............-!
	0x00, 0x00, 0x32, 0x21, 0x00, 0x00, 0xf8, 0x00, 0x02, 0x00, 0x2d, 0x21, 0x00, 0x00, 0x56, 0x00, // ..2!......-!..V.
	0x05, 0x00, 0x2e, 0x01, 0x00, 0x00, 0x48, 0x21, 0x00, 0x00, 0xfe, 0x00, 0x00, 0x00, 0xfc, 0x00, // ......H!........
	0x00, 0x00, 0x57, 0x00, 0x05, 0x00, 0x0d, 0x00, 0x00, 0x00, 0x4a, 0x21, 0x00, 0x00, 0x48, 0x21, // ..W.......J!..H!
	0x00, 0x00, 0x5a, 0x20, 0x00, 0x00, 0x51, 0x00, 0x05, 0x00, 0x07, 0x00, 0x00, 0x00, 0x31, 0x21, // ..Z ..Q.......1!
	0x00, 0x00, 0x4a, 0x21, 0x00, 0x00, 0x00, 0x00, 0x00, 0x00, 0xf9, 0x00, 0x02, 0x00, 0x37, 0x21, // ..J!..........7!
	0x00, 0x00, 0xf8, 0x00, 0x02, 0x00, 0x32, 0x21, 0x00, 0x00, 0x56, 0x00, 0x05, 0x00, 0x2e, 0x01, // ......2!..V.....
	0x00, 0x00, 0x51, 0x21, 0x00, 0x00, 0x04, 0x01, 0x00, 0x00, 0x02, 0x01, 0x00, 0x00, 0x57, 0x00, // ..Q!..........W.
	0x05, 0x00, 0x0d, 0x00, 0x00, 0x00, 0x53, 0x21, 0x00, 0x00, 0x51, 0x21, 0x00, 0x00, 0x5a, 0x20, // ......S!..Q!..Z 
	0x00, 0x00, 0x51, 0x00, 0x05, 0x00, 0x07, 0x00, 0x00, 0x00, 0x36, 0x21, 0x00, 0x00, 0x53, 0x21, // ..Q.......6!..S!
	0x00, 0x00, 0x00, 0x00, 0x00, 0x00, 0xf9, 0x00, 0x02, 0x00, 0x37, 0x21, 0x00, 0x00, 0xf8, 0x00, // ..........7!....
	0x02, 0x00, 0x37, 0x21, 0x00, 0x00, 0xf5, 0x00, 0x09, 0x00, 0x07, 0x00, 0x00, 0x00, 0x30, 0x5e, // ..7!..........0^
	0x00, 0x00, 0x29, 0x21, 0x00, 0x00, 0x25, 0x21, 0x00, 0x00, 0x31, 0x21, 0x00, 0x00, 0x2d, 0x21, // ..)!..%!..1!..-!
	0x00, 0x00, 0x36, 0x21, 0x00, 0x00, 0x32, 0x21, 0x00, 0x00, 0xbe, 0x00, 0x05, 0x00, 0x97, 0x01, // ..6!..2!........
	0x00, 0x00, 0x8b, 0x20, 0x00, 0x00, 0x30, 0x5e, 0x00, 0x00, 0x73, 0x20, 0x00, 0x00, 0xa9, 0x00, // ... ..0^..s ....
	0x06, 0x00, 0x07, 0x00, 0x00, 0x00, 0x8c, 0x20, 0x00, 0x00, 0x8b, 0x20, 0x00, 0x00, 0xa1, 0x01, // ....... ... ....
	0x00, 0x00, 0x73, 0x01, 0x00, 0x00, 0xf7, 0x00, 0x03, 0x00, 0x73, 0x21, 0x00, 0x00, 0x00, 0x00, // ..s.......s!....
	0x00, 0x00, 0xfb, 0x00, 0x03, 0x00, 0xcc, 0x01, 0x00, 0x00, 0x5e, 0x21, 0x00, 0x00, 0xf8, 0x00, // ..........^!....
	0x02, 0x00, 0x5e, 0x21, 0x00, 0x00, 0xf7, 0x00, 0x03, 0x00, 0x66, 0x21, 0x00, 0x00, 0x00, 0x00, // ..^!......f!....
	0x00, 0x00, 0xfa, 0x00, 0x04, 0x00, 0x0e, 0x15, 0x00, 0x00, 0x61, 0x21, 0x00, 0x00, 0x66, 0x21, // ..........a!..f!
	0x00, 0x00, 0xf8, 0x00, 0x02, 0x00, 0x61, 0x21, 0x00, 0x00, 0x56, 0x00, 0x05, 0x00, 0x2e, 0x01, // ......a!..V.....
	0x00, 0x00, 0x7b, 0x21, 0x00, 0x00, 0xf8, 0x00, 0x00, 0x00, 0xf6, 0x00, 0x00, 0x00, 0x57, 0x00, // ..{!..........W.
	0x05, 0x00, 0x0d, 0x00, 0x00, 0x00, 0x7d, 0x21, 0x00, 0x00, 0x7b, 0x21, 0x00, 0x00, 0x5e, 0x20, // ......}!..{!..^ 
	0x00, 0x00, 0x51, 0x00, 0x05, 0x00, 0x07, 0x00, 0x00, 0x00, 0x65, 0x21, 0x00, 0x00, 0x7d, 0x21, // ..Q.......e!..}!
	0x00, 0x00, 0x00, 0x00, 0x00, 0x00, 0xf9, 0x00, 0x02, 0x00, 0x73, 0x21, 0x00, 0x00, 0xf8, 0x00, // ..........s!....
	0x02, 0x00, 0x66, 0x21, 0x00, 0x00, 0xf7, 0x00, 0x03, 0x00, 0x6e, 0x21, 0x00, 0x00, 0x00, 0x00, // ..f!......n!....
	0x00, 0x00, 0xfa, 0x00, 0x04, 0x00, 0x12, 0x15, 0x00, 0x00, 0x69, 0x21, 0x00, 0x00, 0x6e, 0x21, // ..........i!..n!
	0x00, 0x00, 0xf8, 0x00, 0x02, 0x00, 0x69, 0x21, 0x00, 0x00, 0x56, 0x00, 0x05, 0x00, 0x2e, 0x01, // ......i!..V.....
	0x00, 0x00, 0x84, 0x21, 0x00, 0x00, 0xfe, 0x00, 0x00, 0x00, 0xfc, 0x00, 0x00, 0x00, 0x57, 0x00, // ...!..........W.
	0x05, 0x00, 0x0d, 0x00, 0x00, 0x00, 0x86, 0x21, 0x00, 0x00, 0x84, 0x21, 0x00, 0x00, 0x5e, 0x20, // .......!...!..^ 
	0x00, 0x00, 0x51, 0x00, 0x05, 0x00, 0x07, 0x00, 0x00, 0x00, 0x6d, 0x21, 0x00, 0x00, 0x86, 0x21, // ..Q.......m!...!
	0x00, 0x00, 0x00, 0x00, 0x00, 0x00, 0xf9, 0x00, 0x02, 0x00, 0x73, 0x21, 0x00, 0x00, 0xf8, 0x00, // ..........s!....
	0x02, 0x00, 0x6e, 0x21, 0x00, 0x00, 0x56, 0x00, 0x05, 0x00, 0x2e, 0x01, 0x00, 0x00, 0x8d, 0x21, // ..n!..V........!
	0x00, 0x00, 0x04, 0x01, 0x00, 0x00, 0x02, 0x01, 0x00, 0x00, 0x57, 0x00, 0x05, 0x00, 0x0d, 0x00, // ..........W.....
	0x00, 0x00, 0x8f, 0x21, 0x00, 0x00, 0x8d, 0x21, 0x00, 0x00, 0x5e, 0x20, 0x00, 0x00, 0x51, 0x00, // ...!...!..^ ..Q.
	0x05, 0x00, 0x07, 0x00, 0x00, 0x00, 0x72, 0x21, 0x00, 0x00, 0x8f, 0x21, 0x00, 0x00, 0x00, 0x00, // ......r!...!....
	0x00, 0x00, 0xf9, 0x00, 0x02, 0x00, 0x73, 0x21, 0x00, 0x00, 0xf8, 0x00, 0x02, 0x00, 0x73, 0x21, // ......s!......s!
	0x00, 0x00, 0xf5, 0x00, 0x09, 0x00, 0x07, 0x00, 0x00, 0x00, 0x31, 0x5e, 0x00, 0x00, 0x65, 0x21, // ..........1^..e!
	0x00, 0x00, 0x61, 0x21, 0x00, 0x00, 0x6d, 0x21, 0x00, 0x00, 0x69, 0x21, 0x00, 0x00, 0x72, 0x21, // ..a!..m!..i!..r!
	0x00, 0x00, 0x6e, 0x21, 0x00, 0x00, 0xbe, 0x00, 0x05, 0x00, 0x97, 0x01, 0x00, 0x00, 0x91, 0x20, // ..n!........... 
	0x00, 0x00, 0x31, 0x5e, 0x00, 0x00, 0x7a, 0x20, 0x00, 0x00, 0xa9, 0x00, 0x06, 0x00, 0x07, 0x00, // ..1^..z ........
	0x00, 0x00, 0x92, 0x20, 0x00, 0x00, 0x91, 0x20, 0x00, 0x00, 0xa1, 0x01, 0x00, 0x00, 0x73, 0x01, // ... ... ......s.
	0x00, 0x00, 0x51, 0x00, 0x05, 0x00, 0x07, 0x00, 0x00, 0x00, 0x96, 0x20, 0x00, 0x00, 0x4c, 0x20, // ..Q........ ..L 
	0x00, 0x00, 0x00, 0x00, 0x00, 0x00, 0x0c, 0x00, 0x08, 0x00, 0x07, 0x00, 0x00, 0x00, 0x95, 0x21, // ...............!
	0x00, 0x00, 0x01, 0x00, 0x00, 0x00, 0x2e, 0x00, 0x00, 0x00, 0x80, 0x20, 0x00, 0x00, 0x86, 0x20, // ........... ... 
	0x00, 0x00, 0x96, 0x20, 0x00, 0x00, 0x0c, 0x00, 0x08, 0x00, 0x07, 0x00, 0x00, 0x00, 0x9b, 0x21, // ... ...........!
	0x00, 0x00, 0x01, 0x00, 0x00, 0x00, 0x2e, 0x00, 0x00, 0x00, 0x8c, 0x20, 0x00, 0x00, 0x92, 0x20, // ........... ... 
	0x00, 0x00, 0x96, 0x20, 0x00, 0x00, 0x51, 0x00, 0x05, 0x00, 0x07, 0x00, 0x00, 0x00, 0x9e, 0x20, // ... ..Q........ 
	0x00, 0x00, 0x4c, 0x20, 0x00, 0x00, 0x01, 0x00, 0x00, 0x00, 0x0c, 0x00, 0x08, 0x00, 0x07, 0x00, // ..L ............
	0x00, 0x00, 0xa1, 0x21, 0x00, 0x00, 0x01, 0x00, 0x00, 0x00, 0x2e, 0x00, 0x00, 0x00, 0x95, 0x21, // ...!...........!
	0x00, 0x00, 0x9b, 0x21, 0x00, 0x00, 0x9e, 0x20, 0x00, 0x00, 0x81, 0x00, 0x05, 0x00, 0x07, 0x00, // ...!... ........
	0x00, 0x00, 0x53, 0x17, 0x00, 0x00, 0x42, 0x17, 0x00, 0x00, 0xa1, 0x21, 0x00, 0x00, 0x8e, 0x00, // ..S...B....!....
	0x05, 0x00, 0x0b, 0x00, 0x00, 0x00, 0x56, 0x17, 0x00, 0x00, 0x91, 0x03, 0x00, 0x00, 0xed, 0x16, // ......V.........
	0x00, 0x00, 0x81, 0x00, 0x05, 0x00, 0x0b, 0x00, 0x00, 0x00, 0x59, 0x17, 0x00, 0x00, 0xc2, 0x5c, // ..........Y.....
	0x00, 0x00, 0x56, 0x17, 0x00, 0x00, 0x94, 0x00, 0x05, 0x00, 0x07, 0x00, 0x00, 0x00, 0x5d, 0x17, // ..V...........].
	0x00, 0x00, 0xc5, 0x5d, 0x00, 0x00, 0x56, 0x17, 0x00, 0x00, 0x81, 0x00, 0x05, 0x00, 0x07, 0x00, // ...]..V.........
	0x00, 0x00, 0x5e, 0x17, 0x00, 0x00, 0xf7, 0x15, 0x00, 0x00, 0x5d, 0x17, 0x00, 0x00, 0x88, 0x00, // ..^.......].....
	0x05, 0x00, 0x0b, 0x00, 0x00, 0x00, 0xc8, 0x21, 0x00, 0x00, 0x59, 0x17, 0x00, 0x00, 0x38, 0x1a, // .......!..Y...8.
	0x00, 0x00, 0x83, 0x00, 0x05, 0x00, 0x0b, 0x00, 0x00, 0x00, 0xca, 0x21, 0x00, 0x00, 0xc8, 0x21, // ...........!...!
	0x00, 0x00, 0xa4, 0x5d, 0x00, 0x00, 0x0c, 0x00, 0x06, 0x00, 0x0b, 0x00, 0x00, 0x00, 0xcc, 0x21, // ...]...........!
	0x00, 0x00, 0x01, 0x00, 0x00, 0x00, 0x08, 0x00, 0x00, 0x00, 0xca, 0x21, 0x00, 0x00, 0x83, 0x00, // ...........!....
	0x05, 0x00, 0x0b, 0x00, 0x00, 0x00, 0xcf, 0x21, 0x00, 0x00, 0xca, 0x21, 0x00, 0x00, 0xcc, 0x21, // .......!...!...!
	0x00, 0x00, 0x81, 0x00, 0x05, 0x00, 0x0b, 0x00, 0x00, 0x00, 0xd2, 0x21, 0x00, 0x00, 0xcc, 0x21, // ...........!...!
	0x00, 0x00, 0xa4, 0x5d, 0x00, 0x00, 0x8e, 0x00, 0x05, 0x00, 0x0b, 0x00, 0x00, 0x00, 0xd4, 0x21, // ...]...........!
	0x00, 0x00, 0xd2, 0x21, 0x00, 0x00, 0xee, 0x15, 0x00, 0x00, 0x81, 0x00, 0x05, 0x00, 0x0b, 0x00, // ...!............
	0x00, 0x00, 0xd9, 0x21, 0x00, 0x00, 0xd4, 0x21, 0x00, 0x00, 0x49, 0x1a, 0x00, 0x00, 0x81, 0x00, // ...!...!..I.....
	0x05, 0x00, 0x0b, 0x00, 0x00, 0x00, 0xdd, 0x21, 0x00, 0x00, 0xd4, 0x21, 0x00, 0x00, 0x4d, 0x1a, // .......!...!..M.
	0x00, 0x00, 0x81, 0x00, 0x05, 0x00, 0x0b, 0x00, 0x00, 0x00, 0xe1, 0x21, 0x00, 0x00, 0xd4, 0x21, // ...........!...!
	0x00, 0x00, 0x38, 0x1a, 0x00, 0x00, 0x83, 0x00, 0x05, 0x00, 0x0b, 0x00, 0x00, 0x00, 0xe6, 0x21, // ..8............!
	0x00, 0x00, 0xd4, 0x21, 0x00, 0x00, 0x59, 0x17, 0x00, 0x00, 0x94, 0x00, 0x05, 0x00, 0x07, 0x00, // ...!..Y.........
	0x00, 0x00, 0xe7, 0x21, 0x00, 0x00, 0xc5, 0x5d, 0x00, 0x00, 0xe6, 0x21, 0x00, 0x00, 0x81, 0x00, // ...!...]...!....
	0x05, 0x00, 0x07, 0x00, 0x00, 0x00, 0xe8, 0x21, 0x00, 0x00, 0x5e, 0x17, 0x00, 0x00, 0xe7, 0x21, // .......!..^....!
	0x00, 0x00, 0x83, 0x00, 0x05, 0x00, 0x0b, 0x00, 0x00, 0x00, 0xed, 0x21, 0x00, 0x00, 0xd9, 0x21, // ...........!...!
	0x00, 0x00, 0x59, 0x17, 0x00, 0x00, 0x94, 0x00, 0x05, 0x00, 0x07, 0x00, 0x00, 0x00, 0xee, 0x21, // ..Y............!
	0x00, 0x00, 0xc5, 0x5d, 0x00, 0x00, 0xed, 0x21, 0x00, 0x00, 0x81, 0x00, 0x05, 0x00, 0x07, 0x00, // ...]...!........
	0x00, 0x00, 0xef, 0x21, 0x00, 0x00, 0x5e, 0x17, 0x00, 0x00, 0xee, 0x21, 0x00, 0x00, 0x83, 0x00, // ...!..^....!....
	0x05, 0x00, 0x0b, 0x00, 0x00, 0x00, 0xf4, 0x21, 0x00, 0x00, 0xdd, 0x21, 0x00, 0x00, 0x59, 0x17, // .......!...!..Y.
	0x00, 0x00, 0x94, 0x00, 0x05, 0x00, 0x07, 0x00, 0x00, 0x00, 0xf5, 0x21, 0x00, 0x00, 0xc5, 0x5d, // ...........!...]
	0x00, 0x00, 0xf4, 0x21, 0x00, 0x00, 0x81, 0x00, 0x05, 0x00, 0x07, 0x00, 0x00, 0x00, 0xf6, 0x21, // ...!...........!
	0x00, 0x00, 0x5e, 0x17, 0x00, 0x00, 0xf5, 0x21, 0x00, 0x00, 0x83, 0x00, 0x05, 0x00, 0x0b, 0x00, // ..^....!........
	0x00, 0x00, 0xfb, 0x21, 0x00, 0x00, 0xe1, 0x21, 0x00, 0x00, 0x59, 0x17, 0x00, 0x00, 0x94, 0x00, // ...!...!..Y.....
	0x05, 0x00, 0x07, 0x00, 0x00, 0x00, 0xfc, 0x21, 0x00, 0x00, 0xc5, 0x5d, 0x00, 0x00, 0xfb, 0x21, // .......!...]...!
	0x00, 0x00, 0x81, 0x00, 0x05, 0x00, 0x07, 0x00, 0x00, 0x00, 0xfd, 0x21, 0x00, 0x00, 0x5e, 0x17, // ...........!..^.
	0x00, 0x00, 0xfc, 0x21, 0x00, 0x00, 0xf7, 0x00, 0x03, 0x00, 0x42, 0x22, 0x00, 0x00, 0x00, 0x00, // ...!......B"....
	0x00, 0x00, 0xfb, 0x00, 0x03, 0x00, 0xcc, 0x01, 0x00, 0x00, 0x2d, 0x22, 0x00, 0x00, 0xf8, 0x00, // ..........-"....
	0x02, 0x00, 0x2d, 0x22, 0x00, 0x00, 0xf7, 0x00, 0x03, 0x00, 0x35, 0x22, 0x00, 0x00, 0x00, 0x00, // ..-"......5"....
	0x00, 0x00, 0xfa, 0x00, 0x04, 0x00, 0x0e, 0x15, 0x00, 0x00, 0x30, 0x22, 0x00, 0x00, 0x35, 0x22, // ..........0"..5"
	0x00, 0x00, 0xf8, 0x00, 0x02, 0x00, 0x30, 0x22, 0x00, 0x00, 0x56, 0x00, 0x05, 0x00, 0x2e, 0x01, // ......0"..V.....
	0x00, 0x00, 0x4a, 0x22, 0x00, 0x00, 0xf8, 0x00, 0x00, 0x00, 0xf6, 0x00, 0x00, 0x00, 0x57, 0x00, // ..J"..........W.
	0x05, 0x00, 0x0d, 0x00, 0x00, 0x00, 0x4c, 0x22, 0x00, 0x00, 0x4a, 0x22, 0x00, 0x00, 0xd4, 0x21, // ......L"..J"...!
	0x00, 0x00, 0x51, 0x00, 0x05, 0x00, 0x07, 0x00, 0x00, 0x00, 0x34, 0x22, 0x00, 0x00, 0x4c, 0x22, // ..Q.......4"..L"
	0x00, 0x00, 0x00, 0x00, 0x00, 0x00, 0xf9, 0x00, 0x02, 0x00, 0x42, 0x22, 0x00, 0x00, 0xf8, 0x00, // ..........B"....
	0x02, 0x00, 0x35, 0x22, 0x00, 0x00, 0xf7, 0x00, 0x03, 0x00, 0x3d, 0x22, 0x00, 0x00, 0x00, 0x00, // ..5"......="....
	0x00, 0x00, 0xfa, 0x00, 0x04, 0x00, 0x12, 0x15, 0x00, 0x00, 0x38, 0x22, 0x00, 0x00, 0x3d, 0x22, // ..........8"..="
	0x00, 0x00, 0xf8, 0x00, 0x02, 0x00, 0x38, 0x22, 0x00, 0x00, 0x56, 0x00, 0x05, 0x00, 0x2e, 0x01, // ......8"..V.....
	0x00, 0x00, 0x53, 0x22, 0x00, 0x00, 0xfe, 0x00, 0x00, 0x00, 0xfc, 0x00, 0x00, 0x00, 0x57, 0x00, // ..S"..........W.
	0x05, 0x00, 0x0d, 0x00, 0x00, 0x00, 0x55, 0x22, 0x00, 0x00, 0x53, 0x22, 0x00, 0x00, 0xd4, 0x21, // ......U"..S"...!
	0x00, 0x00, 0x51, 0x00, 0x05, 0x00, 0x07, 0x00, 0x00, 0x00, 0x3c, 0x22, 0x00, 0x00, 0x55, 0x22, // ..Q.......<"..U"
	0x00, 0x00, 0x00, 0x00, 0x00, 0x00, 0xf9, 0x00, 0x02, 0x00, 0x42, 0x22, 0x00, 0x00, 0xf8, 0x00, // ..........B"....
	0x02, 0x00, 0x3d, 0x22, 0x00, 0x00, 0x56, 0x00, 0x05, 0x00, 0x2e, 0x01, 0x00, 0x00, 0x5c, 0x22, // ..="..V........"
	0x00, 0x00, 0x04, 0x01, 0x00, 0x00, 0x02, 0x01, 0x00, 0x00, 0x57, 0x00, 0x05, 0x00, 0x0d, 0x00, // ..........W.....
	0x00, 0x00, 0x5e, 0x22, 0x00, 0x00, 0x5c, 0x22, 0x00, 0x00, 0xd4, 0x21, 0x00, 0x00, 0x51, 0x00, // ..^"..."...!..Q.
	0x05, 0x00, 0x07, 0x00, 0x00, 0x00, 0x41, 0x22, 0x00, 0x00, 0x5e, 0x22, 0x00, 0x00, 0x00, 0x00, // ......A"..^"....
	0x00, 0x00, 0xf9, 0x00, 0x02, 0x00, 0x42, 0x22, 0x00, 0x00, 0xf8, 0x00, 0x02, 0x00, 0x42, 0x22, // ......B"......B"
	0x00, 0x00, 0xf5, 0x00, 0x09, 0x00, 0x07, 0x00, 0x00, 0x00, 0x3a, 0x5e, 0x00, 0x00, 0x34, 0x22, // ..........:^..4"
	0x00, 0x00, 0x30, 0x22, 0x00, 0x00, 0x3c, 0x22, 0x00, 0x00, 0x38, 0x22, 0x00, 0x00, 0x41, 0x22, // ..0"..<"..8"..A"
	0x00, 0x00, 0x3d, 0x22, 0x00, 0x00, 0xbe, 0x00, 0x05, 0x00, 0x97, 0x01, 0x00, 0x00, 0x02, 0x22, // ..="..........."
	0x00, 0x00, 0x3a, 0x5e, 0x00, 0x00, 0xe8, 0x21, 0x00, 0x00, 0xa9, 0x00, 0x06, 0x00, 0x07, 0x00, // ..:^...!........
	0x00, 0x00, 0x03, 0x22, 0x00, 0x00, 0x02, 0x22, 0x00, 0x00, 0xa1, 0x01, 0x00, 0x00, 0x73, 0x01, // ..."..."......s.
	0x00, 0x00, 0xf7, 0x00, 0x03, 0x00, 0x7e, 0x22, 0x00, 0x00, 0x00, 0x00, 0x00, 0x00, 0xfb, 0x00, // ......~"........
	0x03, 0x00, 0xcc, 0x01, 0x00, 0x00, 0x69, 0x22, 0x00, 0x00, 0xf8, 0x00, 0x02, 0x00, 0x69, 0x22, // ......i"......i"
	0x00, 0x00, 0xf7, 0x00, 0x03, 0x00, 0x71, 0x22, 0x00, 0x00, 0x00, 0x00, 0x00, 0x00, 0xfa, 0x00, // ......q"........
	0x04, 0x00, 0x0e, 0x15, 0x00, 0x00, 0x6c, 0x22, 0x00, 0x00, 0x71, 0x22, 0x00, 0x00, 0xf8, 0x00, // ......l"..q"....
	0x02, 0x00, 0x6c, 0x22, 0x00, 0x00, 0x56, 0x00, 0x05, 0x00, 0x2e, 0x01, 0x00, 0x00, 0x86, 0x22, // ..l"..V........"
	0x00, 0x00, 0xf8, 0x00, 0x00, 0x00, 0xf6, 0x00, 0x00, 0x00, 0x57, 0x00, 0x05, 0x00, 0x0d, 0x00, // ..........W.....
	0x00, 0x00, 0x88, 0x22, 0x00, 0x00, 0x86, 0x22, 0x00, 0x00, 0xd9, 0x21, 0x00, 0x00, 0x51, 0x00, // ..."..."...!..Q.
	0x05, 0x00, 0x07, 0x00, 0x00, 0x00, 0x70, 0x22, 0x00, 0x00, 0x88, 0x22, 0x00, 0x00, 0x00, 0x00, // ......p"..."....
	0x00, 0x00, 0xf9, 0x00, 0x02, 0x00, 0x7e, 0x22, 0x00, 0x00, 0xf8, 0x00, 0x02, 0x00, 0x71, 0x22, // ......~"......q"
	0x00, 0x00, 0xf7, 0x00, 0x03, 0x00, 0x79, 0x22, 0x00, 0x00, 0x00, 0x00, 0x00, 0x00, 0xfa, 0x00, // ......y"........
	0x04, 0x00, 0x12, 0x15, 0x00, 0x00, 0x74, 0x22, 0x00, 0x00, 0x79, 0x22, 0x00, 0x00, 0xf8, 0x00, // ......t"..y"....
	0x02, 0x00, 0x74, 0x22, 0x00, 0x00, 0x56, 0x00, 0x05, 0x00, 0x2e, 0x01, 0x00, 0x00, 0x8f, 0x22, // ..t"..V........"
	0x00, 0x00, 0xfe, 0x00, 0x00, 0x00, 0xfc, 0x00, 0x00, 0x00, 0x57, 0x00, 0x05, 0x00, 0x0d, 0x00, // ..........W.....
	0x00, 0x00, 0x91, 0x22, 0x00, 0x00, 0x8f, 0x22, 0x00, 0x00, 0xd9, 0x21, 0x00, 0x00, 0x51, 0x00, // ..."..."...!..Q.
	0x05, 0x00, 0x07, 0x00, 0x00, 0x00, 0x78, 0x22, 0x00, 0x00, 0x91, 0x22, 0x00, 0x00, 0x00, 0x00, // ......x"..."....
	0x00, 0x00, 0xf9, 0x00, 0x02, 0x00, 0x7e, 0x22, 0x00, 0x00, 0xf8, 0x00, 0x02, 0x00, 0x79, 0x22, // ......~"......y"
	0x00, 0x00, 0x56, 0x00, 0x05, 0x00, 0x2e, 0x01, 0x00, 0x00, 0x98, 0x22, 0x00, 0x00, 0x04, 0x01, // ..V........"....
	0x00, 0x00, 0x02, 0x01, 0x00, 0x00, 0x57, 0x00, 0x05, 0x00, 0x0d, 0x00, 0x00, 0x00, 0x9a, 0x22, // ......W........"
	0x00, 0x00, 0x98, 0x22, 0x00, 0x00, 0xd9, 0x21, 0x00, 0x00, 0x51, 0x00, 0x05, 0x00, 0x07, 0x00, // ..."...!..Q.....
	0x00, 0x00, 0x7d, 0x22, 0x00, 0x00, 0x9a, 0x22, 0x00, 0x00, 0x00, 0x00, 0x00, 0x00, 0xf9, 0x00, // ..}"..."........
	0x02, 0x00, 0x7e, 0x22, 0x00, 0x00, 0xf8, 0x00, 0x02, 0x00, 0x7e, 0x22, 0x00, 0x00, 0xf5, 0x00, // ..~"......~"....
	0x09, 0x00, 0x07, 0x00, 0x00, 0x00, 0x3b, 0x5e, 0x00, 0x00, 0x70, 0x22, 0x00, 0x00, 0x6c, 0x22, // ......;^..p"..l"
	0x00, 0x00, 0x78, 0x22, 0x00, 0x00, 0x74, 0x22, 0x00, 0x00, 0x7d, 0x22, 0x00, 0x00, 0x79, 0x22, // ..x"..t"..}"..y"
	0x00, 0x00, 0xbe, 0x00, 0x05, 0x00, 0x97, 0x01, 0x00, 0x00, 0x08, 0x22, 0x00, 0x00, 0x3b, 0x5e, // ..........."..;^
	0x00, 0x00, 0xef, 0x21, 0x00, 0x00, 0xa9, 0x00, 0x06, 0x00, 0x07, 0x00, 0x00, 0x00, 0x09, 0x22, // ...!..........."
	0x00, 0x00, 0x08, 0x22, 0x00, 0x00, 0xa1, 0x01, 0x00, 0x00, 0x73, 0x01, 0x00, 0x00, 0xf7, 0x00, // ..."......s.....
	0x03, 0x00, 0xba, 0x22, 0x00, 0x00, 0x00, 0x00, 0x00, 0x00, 0xfb, 0x00, 0x03, 0x00, 0xcc, 0x01, // ..."............
	0x00, 0x00, 0xa5, 0x22, 0x00, 0x00, 0xf8, 0x00, 0x02, 0x00, 0xa5, 0x22, 0x00, 0x00, 0xf7, 0x00, // ..."......."....
	0x03, 0x00, 0xad, 0x22, 0x00, 0x00, 0x00, 0x00, 0x00, 0x00, 0xfa, 0x00, 0x04, 0x00, 0x0e, 0x15, // ..."............
	0x00, 0x00, 0xa8, 0x22, 0x00, 0x00, 0xad, 0x22, 0x00, 0x00, 0xf8, 0x00, 0x02, 0x00, 0xa8, 0x22, // ..."..."......."
	0x00, 0x00, 0x56, 0x00, 0x05, 0x00, 0x2e, 0x01, 0x00, 0x00, 0xc2, 0x22, 0x00, 0x00, 0xf8, 0x00, // ..V........"....
	0x00, 0x00, 0xf6, 0x00, 0x00, 0x00, 0x57, 0x00, 0x05, 0x00, 0x0d, 0x00, 0x00, 0x00, 0xc4, 0x22, // ......W........"
	0x00, 0x00, 0xc2, 0x22, 0x00, 0x00, 0xdd, 0x21, 0x00, 0x00, 0x51, 0x00, 0x05, 0x00, 0x07, 0x00, // ..."...!..Q.....
	0x00, 0x00, 0xac, 0x22, 0x00, 0x00, 0xc4, 0x22, 0x00, 0x00, 0x00, 0x00, 0x00, 0x00, 0xf9, 0x00, // ..."..."........
	0x02, 0x00, 0xba, 0x22, 0x00, 0x00, 0xf8, 0x00, 0x02, 0x00, 0xad, 0x22, 0x00, 0x00, 0xf7, 0x00, // ..."......."....
	0x03, 0x00, 0xb5, 0x22, 0x00, 0x00, 0x00, 0x00, 0x00, 0x00, 0xfa, 0x00, 0x04, 0x00, 0x12, 0x15, // ..."............
	0x00, 0x00, 0xb0, 0x22, 0x00, 0x00, 0xb5, 0x22, 0x00, 0x00, 0xf8, 0x00, 0x02, 0x00, 0xb0, 0x22, // ..."..."......."
	0x00, 0x00, 0x56, 0x00, 0x05, 0x00, 0x2e, 0x01, 0x00, 0x00, 0xcb, 0x22, 0x00, 0x00, 0xfe, 0x00, // ..V........"....
	0x00, 0x00, 0xfc, 0x00, 0x00, 0x00, 0x57, 0x00, 0x05, 0x00, 0x0d, 0x00, 0x00, 0x00, 0xcd, 0x22, // ......W........"
	0x00, 0x00, 0xcb, 0x22, 0x00, 0x00, 0xdd, 0x21, 0x00, 0x00, 0x51, 0x00, 0x05, 0x00, 0x07, 0x00, // ..."...!..Q.....
	0x00, 0x00, 0xb4, 0x22, 0x00, 0x00, 0xcd, 0x22, 0x00, 0x00, 0x00, 0x00, 0x00, 0x00, 0xf9, 0x00, // ..."..."........
	0x02, 0x00, 0xba, 0x22, 0x00, 0x00, 0xf8, 0x00, 0x02, 0x00, 0xb5, 0x22, 0x00, 0x00, 0x56, 0x00, // ..."......."..V.
	0x05, 0x00, 0x2e, 0x01, 0x00, 0x00, 0xd4, 0x22, 0x00, 0x00, 0x04, 0x01, 0x00, 0x00, 0x02, 0x01, // ......."........
	0x00, 0x00, 0x57, 0x00, 0x05, 0x00, 0x0d, 0x00, 0x00, 0x00, 0xd6, 0x22, 0x00, 0x00, 0xd4, 0x22, // ..W........"..."
	0x00, 0x00, 0xdd, 0x21, 0x00, 0x00, 0x51, 0x00, 0x05, 0x00, 0x07, 0x00, 0x00, 0x00, 0xb9, 0x22, // ...!..Q........"
	0x00, 0x00, 0xd6, 0x22, 0x00, 0x00, 0x00, 0x00, 0x00, 0x00, 0xf9, 0x00, 0x02, 0x00, 0xba, 0x22, // ..."..........."
	0x00, 0x00, 0xf8, 0x00, 0x02, 0x00, 0xba, 0x22, 0x00, 0x00, 0xf5, 0x00, 0x09, 0x00, 0x07, 0x00, // ......."........
	0x00, 0x00, 0x3c, 0x5e, 0x00, 0x00, 0xac, 0x22, 0x00, 0x00, 0xa8, 0x22, 0x00, 0x00, 0xb4, 0x22, // ..<^..."..."..."
	0x00, 0x00, 0xb0, 0x22, 0x00, 0x00, 0xb9, 0x22, 0x00, 0x00, 0xb5, 0x22, 0x00, 0x00, 0xbe, 0x00, // ..."..."..."....
	0x05, 0x00, 0x97, 0x01, 0x00, 0x00, 0x0e, 0x22, 0x00, 0x00, 0x3c, 0x5e, 0x00, 0x00, 0xf6, 0x21, // ......."..<^...!
	0x00, 0x00, 0xa9, 0x00, 0x06, 0x00, 0x07, 0x00, 0x00, 0x00, 0x0f, 0x22, 0x00, 0x00, 0x0e, 0x22, // ..........."..."
	0x00, 0x00, 0xa1, 0x01, 0x00, 0x00, 0x73, 0x01, 0x00, 0x00, 0xf7, 0x00, 0x03, 0x00, 0xf6, 0x22, // ......s........"
	0x00, 0x00, 0x00, 0x00, 0x00, 0x00, 0xfb, 0x00, 0x03, 0x00, 0xcc, 0x01, 0x00, 0x00, 0xe1, 0x22, // ..............."
	0x00, 0x00, 0xf8, 0x00, 0x02, 0x00, 0xe1, 0x22, 0x00, 0x00, 0xf7, 0x00, 0x03, 0x00, 0xe9, 0x22, // ......."......."
	0x00, 0x00, 0x00, 0x00, 0x00, 0x00, 0xfa, 0x00, 0x04, 0x00, 0x0e, 0x15, 0x00, 0x00, 0xe4, 0x22, // ..............."
	0x00, 0x00, 0xe9, 0x22, 0x00, 0x00, 0xf8, 0x00, 0x02, 0x00, 0xe4, 0x22, 0x00, 0x00, 0x56, 0x00, // ..."......."..V.
	0x05, 0x00, 0x2e, 0x01, 0x00, 0x00, 0xfe, 0x22, 0x00, 0x00, 0xf8, 0x00, 0x00, 0x00, 0xf6, 0x00, // ......."........
	0x00, 0x00, 0x57, 0x00, 0x05, 0x00, 0x0d, 0x00, 0x00, 0x00, 0x00, 0x23, 0x00, 0x00, 0xfe, 0x22, // ..W........#..."
	0x00, 0x00, 0xe1, 0x21, 0x00, 0x00, 0x51, 0x00, 0x05, 0x00, 0x07, 0x00, 0x00, 0x00, 0xe8, 0x22, // ...!..Q........"
	0x00, 0x00, 0x00, 0x23, 0x00, 0x00, 0x00, 0x00, 0x00, 0x00, 0xf9, 0x00, 0x02, 0x00, 0xf6, 0x22, // ...#..........."
	0x00, 0x00, 0xf8, 0x00, 0x02, 0x00, 0xe9, 0x22, 0x00, 0x00, 0xf7, 0x00, 0x03, 0x00, 0xf1, 0x22, // ......."......."
	0x00, 0x00, 0x00, 0x00, 0x00, 0x00, 0xfa, 0x00, 0x04, 0x00, 0x12, 0x15, 0x00, 0x00, 0xec, 0x22, // ..............."
	0x00, 0x00, 0xf1, 0x22, 0x00, 0x00, 0xf8, 0x00, 0x02, 0x00, 0xec, 0x22, 0x00, 0x00, 0x56, 0x00, // ..."......."..V.
	0x05, 0x00, 0x2e, 0x01, 0x00, 0x00, 0x07, 0x23, 0x00, 0x00, 0xfe, 0x00, 0x00, 0x00, 0xfc, 0x00, // .......#........
	0x00, 0x00, 0x57, 0x00, 0x05, 0x00, 0x0d, 0x00, 0x00, 0x00, 0x09, 0x23, 0x00, 0x00, 0x07, 0x23, // ..W........#...#
	0x00, 0x00, 0xe1, 0x21, 0x00, 0x00, 0x51, 0x00, 0x05, 0x00, 0x07, 0x00, 0x00, 0x00, 0xf0, 0x22, // ...!..Q........"
	0x00, 0x00, 0x09, 0x23, 0x00, 0x00, 0x00, 0x00, 0x00, 0x00, 0xf9, 0x00, 0x02, 0x00, 0xf6, 0x22, // ...#..........."
	0x00, 0x00, 0xf8, 0x00, 0x02, 0x00, 0xf1, 0x22, 0x00, 0x00, 0x56, 0x00, 0x05, 0x00, 0x2e, 0x01, // ......."..V.....
	0x00, 0x00, 0x10, 0x23, 0x00, 0x00, 0x04, 0x01, 0x00, 0x00, 0x02, 0x01, 0x00, 0x00, 0x57, 0x00, // ...#..........W.
	0x05, 0x00, 0x0d, 0x00, 0x00, 0x00, 0x12, 0x23, 0x00, 0x00, 0x10, 0x23, 0x00, 0x00, 0xe1, 0x21, // .......#...#...!
	0x00, 0x00, 0x51, 0x00, 0x05, 0x00, 0x07, 0x00, 0x00, 0x00, 0xf5, 0x22, 0x00, 0x00, 0x12, 0x23, // ..Q........"...#
	0x00, 0x00, 0x00, 0x00, 0x00, 0x00, 0xf9, 0x00, 0x02, 0x00, 0xf6, 0x22, 0x00, 0x00, 0xf8, 0x00, // ..........."....
	0x02, 0x00, 0xf6, 0x22, 0x00, 0x00, 0xf5, 0x00, 0x09, 0x00, 0x07, 0x00, 0x00, 0x00, 0x3d, 0x5e, // ..."..........=^
	0x00, 0x00, 0xe8, 0x22, 0x00, 0x00, 0xe4, 0x22, 0x00, 0x00, 0xf0, 0x22, 0x00, 0x00, 0xec, 0x22, // ..."..."..."..."
	0x00, 0x00, 0xf5, 0x22, 0x00, 0x00, 0xf1, 0x22, 0x00, 0x00, 0xbe, 0x00, 0x05, 0x00, 0x97, 0x01, // ..."..."........
	0x00, 0x00, 0x14, 0x22, 0x00, 0x00, 0x3d, 0x5e, 0x00, 0x00, 0xfd, 0x21, 0x00, 0x00, 0xa9, 0x00, // ..."..=^...!....
	0x06, 0x00, 0x07, 0x00, 0x00, 0x00, 0x15, 0x22, 0x00, 0x00, 0x14, 0x22, 0x00, 0x00, 0xa1, 0x01, // ......."..."....
	0x00, 0x00, 0x73, 0x01, 0x00, 0x00, 0x51, 0x00, 0x05, 0x00, 0x07, 0x00, 0x00, 0x00, 0x19, 0x22, // ..s...Q........"
	0x00, 0x00, 0xcf, 0x21, 0x00, 0x00, 0x00, 0x00, 0x00, 0x00, 0x0c, 0x00, 0x08, 0x00, 0x07, 0x00, // ...!............
	0x00, 0x00, 0x18, 0x23, 0x00, 0x00, 0x01, 0x00, 0x00, 0x00, 0x2e, 0x00, 0x00, 0x00, 0x03, 0x22, // ...#..........."
	0x00, 0x00, 0x09, 0x22, 0x00, 0x00, 0x19, 0x22, 0x00, 0x00, 0x0c, 0x00, 0x08, 0x00, 0x07, 0x00, // ..."..."........
	0x00, 0x00, 0x1e, 0x23, 0x00, 0x00, 0x01, 0x00, 0x00, 0x00, 0x2e, 0x00, 0x00, 0x00, 0x0f, 0x22, // ...#..........."
	0x00, 0x00, 0x15, 0x22, 0x00, 0x00, 0x19, 0x22, 0x00, 0x00, 0x51, 0x00, 0x05, 0x00, 0x07, 0x00, // ..."..."..Q.....
	0x00, 0x00, 0x21, 0x22, 0x00, 0x00, 0xcf, 0x21, 0x00, 0x00, 0x01, 0x00, 0x00, 0x00, 0x0c, 0x00, // ..!"...!........
	0x08, 0x00, 0x07, 0x00, 0x00, 0x00, 0x24, 0x23, 0x00, 0x00, 0x01, 0x00, 0x00, 0x00, 0x2e, 0x00, // ......$#........
	0x00, 0x00, 0x18, 0x23, 0x00, 0x00, 0x1e, 0x23, 0x00, 0x00, 0x21, 0x22, 0x00, 0x00, 0x81, 0x00, // ...#...#..!"....
	0x05, 0x00, 0x07, 0x00, 0x00, 0x00, 0x64, 0x17, 0x00, 0x00, 0x53, 0x17, 0x00, 0x00, 0x24, 0x23, // ......d...S...$#
	0x00, 0x00, 0x8e, 0x00, 0x05, 0x00, 0x0b, 0x00, 0x00, 0x00, 0x67, 0x17, 0x00, 0x00, 0x92, 0x03, // ..........g.....
	0x00, 0x00, 0xed, 0x16, 0x00, 0x00, 0x81, 0x00, 0x05, 0x00, 0x0b, 0x00, 0x00, 0x00, 0x6a, 0x17, // ..............j.
	0x00, 0x00, 0xc2, 0x5c, 0x00, 0x00, 0x67, 0x17, 0x00, 0x00, 0x94, 0x00, 0x05, 0x00, 0x07, 0x00, // ......g.........
	0x00, 0x00, 0x6e, 0x17, 0x00, 0x00, 0xc5, 0x5d, 0x00, 0x00, 0x67, 0x17, 0x00, 0x00, 0x81, 0x00, // ..n....]..g.....
	0x05, 0x00, 0x07, 0x00, 0x00, 0x00, 0x6f, 0x17, 0x00, 0x00, 0xf7, 0x15, 0x00, 0x00, 0x6e, 0x17, // ......o.......n.
	0x00, 0x00, 0x88, 0x00, 0x05, 0x00, 0x0b, 0x00, 0x00, 0x00, 0x4b, 0x23, 0x00, 0x00, 0x6a, 0x17, // ..........K#..j.
	0x00, 0x00, 0x38, 0x1a, 0x00, 0x00, 0x83, 0x00, 0x05, 0x00, 0x0b, 0x00, 0x00, 0x00, 0x4d, 0x23, // ..8...........M#
	0x00, 0x00, 0x4b, 0x23, 0x00, 0x00, 0xa4, 0x5d, 0x00, 0x00, 0x0c, 0x00, 0x06, 0x00, 0x0b, 0x00, // ..K#...]........
	0x00, 0x00, 0x4f, 0x23, 0x00, 0x00, 0x01, 0x00, 0x00, 0x00, 0x08, 0x00, 0x00, 0x00, 0x4d, 0x23, // ..O#..........M#
	0x00, 0x00, 0x83, 0x00, 0x05, 0x00, 0x0b, 0x00, 0x00, 0x00, 0x52, 0x23, 0x00, 0x00, 0x4d, 0x23, // ..........R#..M#
	0x00, 0x00, 0x4f, 0x23, 0x00, 0x00, 0x81, 0x00, 0x05, 0x00, 0x0b, 0x00, 0x00, 0x00, 0x55, 0x23, // ..O#..........U#
	0x00, 0x00, 0x4f, 0x23, 0x00, 0x00, 0xa4, 0x5d, 0x00, 0x00, 0x8e, 0x00, 0x05, 0x00, 0x0b, 0x00, // ..O#...]........
	0x00, 0x00, 0x57, 0x23, 0x00, 0x00, 0x55, 0x23, 0x00, 0x00, 0xee, 0x15, 0x00, 0x00, 0x81, 0x00, // ..W#..U#........
	0x05, 0x00, 0x0b, 0x00, 0x00, 0x00, 0x5c, 0x23, 0x00, 0x00, 0x57, 0x23, 0x00, 0x00, 0x49, 0x1a, // .......#..W#..I.
	0x00, 0x00, 0x81, 0x00, 0x05, 0x00, 0x0b, 0x00, 0x00, 0x00, 0x60, 0x23, 0x00, 0x00, 0x57, 0x23, // ..........`#..W#
	0x00, 0x00, 0x4d, 0x1a, 0x00, 0x00, 0x81, 0x00, 0x05, 0x00, 0x0b, 0x00, 0x00, 0x00, 0x64, 0x23, // ..M...........d#
	0x00, 0x00, 0x57, 0x23, 0x00, 0x00, 0x38, 0x1a, 0x00, 0x00, 0x83, 0x00, 0x05, 0x00, 0x0b, 0x00, // ..W#..8.........
	0x00, 0x00, 0x69, 0x23, 0x00, 0x00, 0x57, 0x23, 0x00, 0x00, 0x6a, 0x17, 0x00, 0x00, 0x94, 0x00, // ..i#..W#..j.....
	0x05, 0x00, 0x07, 0x00, 0x00, 0x00, 0x6a, 0x23, 0x00, 0x00, 0xc5, 0x5d, 0x00, 0x00, 0x69, 0x23, // ......j#...]..i#
	0x00, 0x00, 0x81, 0x00, 0x05, 0x00, 0x07, 0x00, 0x00, 0x00, 0x6b, 0x23, 0x00, 0x00, 0x6f, 0x17, // ..........k#..o.
	0x00, 0x00, 0x6a, 0x23, 0x00, 0x00, 0x83, 0x00, 0x05, 0x00, 0x0b, 0x00, 0x00, 0x00, 0x70, 0x23, // ..j#..........p#
	0x00, 0x00, 0x5c, 0x23, 0x00, 0x00, 0x6a, 0x17, 0x00, 0x00, 0x94, 0x00, 0x05, 0x00, 0x07, 0x00, // ...#..j.........
	0x00, 0x00, 0x71, 0x23, 0x00, 0x00, 0xc5, 0x5d, 0x00, 0x00, 0x70, 0x23, 0x00, 0x00, 0x81, 0x00, // ..q#...]..p#....
	0x05, 0x00, 0x07, 0x00, 0x00, 0x00, 0x72, 0x23, 0x00, 0x00, 0x6f, 0x17, 0x00, 0x00, 0x71, 0x23, // ......r#..o...q#
	0x00, 0x00, 0x83, 0x00, 0x05, 0x00, 0x0b, 0x00, 0x00, 0x00, 0x77, 0x23, 0x00, 0x00, 0x60, 0x23, // ..........w#..`#
	0x00, 0x00, 0x6a, 0x17, 0x00, 0x00, 0x94, 0x00, 0x05, 0x00, 0x07, 0x00, 0x00, 0x00, 0x78, 0x23, // ..j...........x#
	0x00, 0x00, 0xc5, 0x5d, 0x00, 0x00, 0x77, 0x23, 0x00, 0x00, 0x81, 0x00, 0x05, 0x00, 0x07, 0x00, // ...]..w#........
	0x00, 0x00, 0x79, 0x23, 0x00, 0x00, 0x6f, 0x17, 0x00, 0x00, 0x78, 0x23, 0x00, 0x00, 0x83, 0x00, // ..y#..o...x#....
	0x05, 0x00, 0x0b, 0x00, 0x00, 0x00, 0x7e, 0x23, 0x00, 0x00, 0x64, 0x23, 0x00, 0x00, 0x6a, 0x17, // ......~#..d#..j.
	0x00, 0x00, 0x94, 0x00, 0x05, 0x00, 0x07, 0x00, 0x00, 0x00, 0x7f, 0x23, 0x00, 0x00, 0xc5, 0x5d, // ...........#...]
	0x00, 0x00, 0x7e, 0x23, 0x00, 0x00, 0x81, 0x00, 0x05, 0x00, 0x07, 0x00, 0x00, 0x00, 0x80, 0x23, // ..~#...........#
	0x00, 0x00, 0x6f, 0x17, 0x00, 0x00, 0x7f, 0x23, 0x00, 0x00, 0xf7, 0x00, 0x03, 0x00, 0xc5, 0x23, // ..o....#.......#
	0x00, 0x00, 0x00, 0x00, 0x00, 0x00, 0xfb, 0x00, 0x03, 0x00, 0xcc, 0x01, 0x00, 0x00, 0xb0, 0x23, // ...............#
	0x00, 0x00, 0xf8, 0x00, 0x02, 0x00, 0xb0, 0x23, 0x00, 0x00, 0xf7, 0x00, 0x03, 0x00, 0xb8, 0x23, // .......#.......#
	0x00, 0x00, 0x00, 0x00, 0x00, 0x00, 0xfa, 0x00, 0x04, 0x00, 0x0e, 0x15, 0x00, 0x00, 0xb3, 0x23, // ...............#
	0x00, 0x00, 0xb8, 0x23, 0x00, 0x00, 0xf8, 0x00, 0x02, 0x00, 0xb3, 0x23, 0x00, 0x00, 0x56, 0x00, // ...#.......#..V.
	0x05, 0x00, 0x2e, 0x01, 0x00, 0x00, 0xcd, 0x23, 0x00, 0x00, 0xf8, 0x00, 0x00, 0x00, 0xf6, 0x00, // .......#........
	0x00, 0x00, 0x57, 0x00, 0x05, 0x00, 0x0d, 0x00, 0x00, 0x00, 0xcf, 0x23, 0x00, 0x00, 0xcd, 0x23, // ..W........#...#
	0x00, 0x00, 0x57, 0x23, 0x00, 0x00, 0x51, 0x00, 0x05, 0x00, 0x07, 0x00, 0x00, 0x00, 0xb7, 0x23, // ..W#..Q........#
	0x00, 0x00, 0xcf, 0x23, 0x00, 0x00, 0x00, 0x00, 0x00, 0x00, 0xf9, 0x00, 0x02, 0x00, 0xc5, 0x23, // ...#...........#
	0x00, 0x00, 0xf8, 0x00, 0x02, 0x00, 0xb8, 0x23, 0x00, 0x00, 0xf7, 0x00, 0x03, 0x00, 0xc0, 0x23, // .......#.......#
	0x00, 0x00, 0x00, 0x00, 0x00, 0x00, 0xfa, 0x00, 0x04, 0x00, 0x12, 0x15, 0x00, 0x00, 0xbb, 0x23, // ...............#
	0x00, 0x00, 0xc0, 0x23, 0x00, 0x00, 0xf8, 0x00, 0x02, 0x00, 0xbb, 0x23, 0x00, 0x00, 0x56, 0x00, // ...#.......#..V.
	0x05, 0x00, 0x2e, 0x01, 0x00, 0x00, 0xd6, 0x23, 0x00, 0x00, 0xfe, 0x00, 0x00, 0x00, 0xfc, 0x00, // .......#........
	0x00, 0x00, 0x57, 0x00, 0x05, 0x00, 0x0d, 0x00, 0x00, 0x00, 0xd8, 0x23, 0x00, 0x00, 0xd6, 0x23, // ..W........#...#
	0x00, 0x00, 0x57, 0x23, 0x00, 0x00, 0x51, 0x00, 0x05, 0x00, 0x07, 0x00, 0x00, 0x00, 0xbf, 0x23, // ..W#..Q........#
	0x00, 0x00, 0xd8, 0x23, 0x00, 0x00, 0x00, 0x00, 0x00, 0x00, 0xf9, 0x00, 0x02, 0x00, 0xc5, 0x23, // ...#...........#
	0x00, 0x00, 0xf8, 0x00, 0x02, 0x00, 0xc0, 0x23, 0x00, 0x00, 0x56, 0x00, 0x05, 0x00, 0x2e, 0x01, // .......#..V.....
	0x00, 0x00, 0xdf, 0x23, 0x00, 0x00, 0x04, 0x01, 0x00, 0x00, 0x02, 0x01, 0x00, 0x00, 0x57, 0x00, // ...#..........W.
	0x05, 0x00, 0x0d, 0x00, 0x00, 0x00, 0xe1, 0x23, 0x00, 0x00, 0xdf, 0x23, 0x00, 0x00, 0x57, 0x23, // .......#...#..W#
	0x00, 0x00, 0x51, 0x00, 0x05, 0x00, 0x07, 0x00, 0x00, 0x00, 0xc4, 0x23, 0x00, 0x00, 0xe1, 0x23, // ..Q........#...#
	0x00, 0x00, 0x00, 0x00, 0x00, 0x00, 0xf9, 0x00, 0x02, 0x00, 0xc5, 0x23, 0x00, 0x00, 0xf8, 0x00, // ...........#....
	0x02, 0x00, 0xc5, 0x23, 0x00, 0x00, 0xf5, 0x00, 0x09, 0x00, 0x07, 0x00, 0x00, 0x00, 0x46, 0x5e, // ...#..........F^
	0x00, 0x00, 0xb7, 0x23, 0x00, 0x00, 0xb3, 0x23, 0x00, 0x00, 0xbf, 0x23, 0x00, 0x00, 0xbb, 0x23, // ...#...#...#...#
	0x00, 0x00, 0xc4, 0x23, 0x00, 0x00, 0xc0, 0x23, 0x00, 0x00, 0xbe, 0x00, 0x05, 0x00, 0x97, 0x01, // ...#...#........
	0x00, 0x00, 0x85, 0x23, 0x00, 0x00, 0x46, 0x5e, 0x00, 0x00, 0x6b, 0x23, 0x00, 0x00, 0xa9, 0x00, // ...#..F^..k#....
	0x06, 0x00, 0x07, 0x00, 0x00, 0x00, 0x86, 0x23, 0x00, 0x00, 0x85, 0x23, 0x00, 0x00, 0xa1, 0x01, // .......#...#....
	0x00, 0x00, 0x73, 0x01, 0x00, 0x00, 0xf7, 0x00, 0x03, 0x00, 0x01, 0x24, 0x00, 0x00, 0x00, 0x00, // ..s........$....
	0x00, 0x00, 0xfb, 0x00, 0x03, 0x00, 0xcc, 0x01, 0x00, 0x00, 0xec, 0x23, 0x00, 0x00, 0xf8, 0x00, // ...........#....
	0x02, 0x00, 0xec, 0x23, 0x00, 0x00, 0xf7, 0x00, 0x03, 0x00, 0xf4, 0x23, 0x00, 0x00, 0x00, 0x00, // ...#.......#....
	0x00, 0x00, 0xfa, 0x00, 0x04, 0x00, 0x0e, 0x15, 0x00, 0x00, 0xef, 0x23, 0x00, 0x00, 0xf4, 0x23, // ...........#...#
	0x00, 0x00, 0xf8, 0x00, 0x02, 0x00, 0xef, 0x23, 0x00, 0x00, 0x56, 0x00, 0x05, 0x00, 0x2e, 0x01, // .......#..V.....
	0x00, 0x00, 0x09, 0x24, 0x00, 0x00, 0xf8, 0x00, 0x00, 0x00, 0xf6, 0x00, 0x00, 0x00, 0x57, 0x00, // ...$..........W.
	0x05, 0x00, 0x0d, 0x00, 0x00, 0x00, 0x0b, 0x24, 0x00, 0x00, 0x09, 0x24, 0x00, 0x00, 0x5c, 0x23, // .......$...$...#
	0x00, 0x00, 0x51, 0x00, 0x05, 0x00, 0x07, 0x00, 0x00, 0x00, 0xf3, 0x23, 0x00, 0x00, 0x0b, 0x24, // ..Q........#...$
	0x00, 0x00, 0x00, 0x00, 0x00, 0x00, 0xf9, 0x00, 0x02, 0x00, 0x01, 0x24, 0x00, 0x00, 0xf8, 0x00, // ...........$....
	0x02, 0x00, 0xf4, 0x23, 0x00, 0x00, 0xf7, 0x00, 0x03, 0x00, 0xfc, 0x23, 0x00, 0x00, 0x00, 0x00, // ...#.......#....
	0x00, 0x00, 0xfa, 0x00, 0x04, 0x00, 0x12, 0x15, 0x00, 0x00, 0xf7, 0x23, 0x00, 0x00, 0xfc, 0x23, // ...........#...#
	0x00, 0x00, 0xf8, 0x00, 0x02, 0x00, 0xf7, 0x23, 0x00, 0x00, 0x56, 0x00, 0x05, 0x00, 0x2e, 0x01, // .......#..V.....
	0x00, 0x00, 0x12, 0x24, 0x00, 0x00, 0xfe, 0x00, 0x00, 0x00, 0xfc, 0x00, 0x00, 0x00, 0x57, 0x00, // ...$..........W.
	0x05, 0x00, 0x0d, 0x00, 0x00, 0x00, 0x14, 0x24, 0x00, 0x00, 0x12, 0x24, 0x00, 0x00, 0x5c, 0x23, // .......$...$...#
	0x00, 0x00, 0x51, 0x00, 0x05, 0x00, 0x07, 0x00, 0x00, 0x00, 0xfb, 0x23, 0x00, 0x00, 0x14, 0x24, // ..Q........#...$
	0x00, 0x00, 0x00, 0x00, 0x00, 0x00, 0xf9, 0x00, 0x02, 0x00, 0x01, 0x24, 0x00, 0x00, 0xf8, 0x00, // ...........$....
	0x02, 0x00, 0xfc, 0x23, 0x00, 0x00, 0x56, 0x00, 0x05, 0x00, 0x2e, 0x01, 0x00, 0x00, 0x1b, 0x24, // ...#..V........$
	0x00, 0x00, 0x04, 0x01, 0x00, 0x00, 0x02, 0x01, 0x00, 0x00, 0x57, 0x00, 0x05, 0x00, 0x0d, 0x00, // ..........W.....
	0x00, 0x00, 0x1d, 0x24, 0x00, 0x00, 0x1b, 0x24, 0x00, 0x00, 0x5c, 0x23, 0x00, 0x00, 0x51, 0x00, // ...$...$...#..Q.
	0x05, 0x00, 0x07, 0x00, 0x00, 0x00, 0x00, 0x24, 0x00, 0x00, 0x1d, 0x24, 0x00, 0x00, 0x00, 0x00, // .......$...$....
	0x00, 0x00, 0xf9, 0x00, 0x02, 0x00, 0x01, 0x24, 0x00, 0x00, 0xf8, 0x00, 0x02, 0x00, 0x01, 0x24, // .......$.......$
	0x00, 0x00, 0xf5, 0x00, 0x09, 0x00, 0x07, 0x00, 0x00, 0x00, 0x47, 0x5e, 0x00, 0x00, 0xf3, 0x23, // ..........G^...#
	0x00, 0x00, 0xef, 0x23, 0x00, 0x00, 0xfb, 0x23, 0x00, 0x00, 0xf7, 0x23, 0x00, 0x00, 0x00, 0x24, // ...#...#...#...$
	0x00, 0x00, 0xfc, 0x23, 0x00, 0x00, 0xbe, 0x00, 0x05, 0x00, 0x97, 0x01, 0x00, 0x00, 0x8b, 0x23, // ...#...........#
	0x00, 0x00, 0x47, 0x5e, 0x00, 0x00, 0x72, 0x23, 0x00, 0x00, 0xa9, 0x00, 0x06, 0x00, 0x07, 0x00, // ..G^..r#........
	0x00, 0x00, 0x8c, 0x23, 0x00, 0x00, 0x8b, 0x23, 0x00, 0x00, 0xa1, 0x01, 0x00, 0x00, 0x73, 0x01, // ...#...#......s.
	0x00, 0x00, 0xf7, 0x00, 0x03, 0x00, 0x3d, 0x24, 0x00, 0x00, 0x00, 0x00, 0x00, 0x00, 0xfb, 0x00, // ......=$........
	0x03, 0x00, 0xcc, 0x01, 0x00, 0x00, 0x28, 0x24, 0x00, 0x00, 0xf8, 0x00, 0x02, 0x00, 0x28, 0x24, // ......($......($
	0x00, 0x00, 0xf7, 0x00, 0x03, 0x00, 0x30, 0x24, 0x00, 0x00, 0x00, 0x00, 0x00, 0x00, 0xfa, 0x00, // ......0$........
	0x04, 0x00, 0x0e, 0x15, 0x00, 0x00, 0x2b, 0x24, 0x00, 0x00, 0x30, 0x24, 0x00, 0x00, 0xf8, 0x00, // ......+$..0$....
	0x02, 0x00, 0x2b, 0x24, 0x00, 0x00, 0x56, 0x00, 0x05, 0x00, 0x2e, 0x01, 0x00, 0x00, 0x45, 0x24, // ..+$..V.......E$
	0x00, 0x00, 0xf8, 0x00, 0x00, 0x00, 0xf6, 0x00, 0x00, 0x00, 0x57, 0x00, 0x05, 0x00, 0x0d, 0x00, // ..........W.....
	0x00, 0x00, 0x47, 0x24, 0x00, 0x00, 0x45, 0x24, 0x00, 0x00, 0x60, 0x23, 0x00, 0x00, 0x51, 0x00, // ..G$..E$..`#..Q.
	0x05, 0x00, 0x07, 0x00, 0x00, 0x00, 0x2f, 0x24, 0x00, 0x00, 0x47, 0x24, 0x00, 0x00, 0x00, 0x00, // ....../$..G$....
	0x00, 0x00, 0xf9, 0x00, 0x02, 0x00, 0x3d, 0x24, 0x00, 0x00, 0xf8, 0x00, 0x02, 0x00, 0x30, 0x24, // ......=$......0$
	0x00, 0x00, 0xf7, 0x00, 0x03, 0x00, 0x38, 0x24, 0x00, 0x00, 0x00, 0x00, 0x00, 0x00, 0xfa, 0x00, // ......8$........
	0x04, 0x00, 0x12, 0x15, 0x00, 0x00, 0x33, 0x24, 0x00, 0x00, 0x38, 0x24, 0x00, 0x00, 0xf8, 0x00, // ......3$..8$....
	0x02, 0x00, 0x33, 0x24, 0x00, 0x00, 0x56, 0x00, 0x05, 0x00, 0x2e, 0x01, 0x00, 0x00, 0x4e, 0x24, // ..3$..V.......N$
	0x00, 0x00, 0xfe, 0x00, 0x00, 0x00, 0xfc, 0x00, 0x00, 0x00, 0x57, 0x00, 0x05, 0x00, 0x0d, 0x00, // ..........W.....
	0x00, 0x00, 0x50, 0x24, 0x00, 0x00, 0x4e, 0x24, 0x00, 0x00, 0x60, 0x23, 0x00, 0x00, 0x51, 0x00, // ..P$..N$..`#..Q.
	0x05, 0x00, 0x07, 0x00, 0x00, 0x00, 0x37, 0x24, 0x00, 0x00, 0x50, 0x24, 0x00, 0x00, 0x00, 0x00, // ......7$..P$....
	0x00, 0x00, 0xf9, 0x00, 0x02, 0x00, 0x3d, 0x24, 0x00, 0x00, 0xf8, 0x00, 0x02, 0x00, 0x38, 0x24, // ......=$......8$
	0x00, 0x00, 0x56, 0x00, 0x05, 0x00, 0x2e, 0x01, 0x00, 0x00, 0x57, 0x24, 0x00, 0x00, 0x04, 0x01, // ..V.......W$....
	0x00, 0x00, 0x02, 0x01, 0x00, 0x00, 0x57, 0x00, 0x05, 0x00, 0x0d, 0x00, 0x00, 0x00, 0x59, 0x24, // ......W.......Y$
	0x00, 0x00, 0x57, 0x24, 0x00, 0x00, 0x60, 0x23, 0x00, 0x00, 0x51, 0x00, 0x05, 0x00, 0x07, 0x00, // ..W$..`#..Q.....
	0x00, 0x00, 0x3c, 0x24, 0x00, 0x00, 0x59, 0x24, 0x00, 0x00, 0x00, 0x00, 0x00, 0x00, 0xf9, 0x00, // ..<$..Y$........
	0x02, 0x00, 0x3d, 0x24, 0x00, 0x00, 0xf8, 0x00, 0x02, 0x00, 0x3d, 0x24, 0x00, 0x00, 0xf5, 0x00, // ..=$......=$....
	0x09, 0x00, 0x07, 0x00, 0x00, 0x00, 0x48, 0x5e, 0x00, 0x00, 0x2f, 0x24, 0x00, 0x00, 0x2b, 0x24, // ......H^../$..+$
	0x00, 0x00, 0x37, 0x24, 0x00, 0x00, 0x33, 0x24, 0x00, 0x00, 0x3c, 0x24, 0x00, 0x00, 0x38, 0x24, // ..7$..3$..<$..8$
	0x00, 0x00, 0xbe, 0x00, 0x05, 0x00, 0x97, 0x01, 0x00, 0x00, 0x91, 0x23, 0x00, 0x00, 0x48, 0x5e, // ...........#..H^
	0x00, 0x00, 0x79, 0x23, 0x00, 0x00, 0xa9, 0x00, 0x06, 0x00, 0x07, 0x00, 0x00, 0x00, 0x92, 0x23, // ..y#...........#
	0x00, 0x00, 0x91, 0x23, 0x00, 0x00, 0xa1, 0x01, 0x00, 0x00, 0x73, 0x01, 0x00, 0x00, 0xf7, 0x00, // ...#......s.....
	0x03, 0x00, 0x79, 0x24, 0x00, 0x00, 0x00, 0x00, 0x00, 0x00, 0xfb, 0x00, 0x03, 0x00, 0xcc, 0x01, // ..y$............
	0x00, 0x00, 0x64, 0x24, 0x00, 0x00, 0xf8, 0x00, 0x02, 0x00, 0x64, 0x24, 0x00, 0x00, 0xf7, 0x00, // ..d$......d$....
	0x03, 0x00, 0x6c, 0x24, 0x00, 0x00, 0x00, 0x00, 0x00, 0x00, 0xfa, 0x00, 0x04, 0x00, 0x0e, 0x15, // ..l$............
	0x00, 0x00, 0x67, 0x24, 0x00, 0x00, 0x6c, 0x24, 0x00, 0x00, 0xf8, 0x00, 0x02, 0x00, 0x67, 0x24, // ..g$..l$......g$
	0x00, 0x00, 0x56, 0x00, 0x05, 0x00, 0x2e, 0x01, 0x00, 0x00, 0x81, 0x24, 0x00, 0x00, 0xf8, 0x00, // ..V........$....
	0x00, 0x00, 0xf6, 0x00, 0x00, 0x00, 0x57, 0x00, 0x05, 0x00, 0x0d, 0x00, 0x00, 0x00, 0x83, 0x24, // ......W........$
	0x00, 0x00, 0x81, 0x24, 0x00, 0x00, 0x64, 0x23, 0x00, 0x00, 0x51, 0x00, 0x05, 0x00, 0x07, 0x00, // ...$..d#..Q.....
	0x00, 0x00, 0x6b, 0x24, 0x00, 0x00, 0x83, 0x24, 0x00, 0x00, 0x00, 0x00, 0x00, 0x00, 0xf9, 0x00, // ..k$...$........
	0x02, 0x00, 0x79, 0x24, 0x00, 0x00, 0xf8, 0x00, 0x02, 0x00, 0x6c, 0x24, 0x00, 0x00, 0xf7, 0x00, // ..y$......l$....
	0x03, 0x00, 0x74, 0x24, 0x00, 0x00, 0x00, 0x00, 0x00, 0x00, 0xfa, 0x00, 0x04, 0x00, 0x12, 0x15, // ..t$............
	0x00, 0x00, 0x6f, 0x24, 0x00, 0x00, 0x74, 0x24, 0x00, 0x00, 0xf8, 0x00, 0x02, 0x00, 0x6f, 0x24, // ..o$..t$......o$
	0x00, 0x00, 0x56, 0x00, 0x05, 0x00, 0x2e, 0x01, 0x00, 0x00, 0x8a, 0x24, 0x00, 0x00, 0xfe, 0x00, // ..V........$....
	0x00, 0x00, 0xfc, 0x00, 0x00, 0x00, 0x57, 0x00, 0x05, 0x00, 0x0d, 0x00, 0x00, 0x00, 0x8c, 0x24, // ......W........$
	0x00, 0x00, 0x8a, 0x24, 0x00, 0x00, 0x64, 0x23, 0x00, 0x00, 0x51, 0x00, 0x05, 0x00, 0x07, 0x00, // ...$..d#..Q.....
	0x00, 0x00, 0x73, 0x24, 0x00, 0x00, 0x8c, 0x24, 0x00, 0x00, 0x00, 0x00, 0x00, 0x00, 0xf9, 0x00, // ..s$...$........
	0x02, 0x00, 0x79, 0x24, 0x00, 0x00, 0xf8, 0x00, 0x02, 0x00, 0x74, 0x24, 0x00, 0x00, 0x56, 0x00, // ..y$......t$..V.
	0x05, 0x00, 0x2e, 0x01, 0x00, 0x00, 0x93, 0x24, 0x00, 0x00, 0x04, 0x01, 0x00, 0x00, 0x02, 0x01, // .......$........
	0x00, 0x00, 0x57, 0x00, 0x05, 0x00, 0x0d, 0x00, 0x00, 0x00, 0x95, 0x24, 0x00, 0x00, 0x93, 0x24, // ..W........$...$
	0x00, 0x00, 0x64, 0x23, 0x00, 0x00, 0x51, 0x00, 0x05, 0x00, 0x07, 0x00, 0x00, 0x00, 0x78, 0x24, // ..d#..Q.......x$
	0x00, 0x00, 0x95, 0x24, 0x00, 0x00, 0x00, 0x00, 0x00, 0x00, 0xf9, 0x00, 0x02, 0x00, 0x79, 0x24, // ...$..........y$
	0x00, 0x00, 0xf8, 0x00, 0x02, 0x00, 0x79, 0x24, 0x00, 0x00, 0xf5, 0x00, 0x09, 0x00, 0x07, 0x00, // ......y$........
	0x00, 0x00, 0x49, 0x5e, 0x00, 0x00, 0x6b, 0x24, 0x00, 0x00, 0x67, 0x24, 0x00, 0x00, 0x73, 0x24, // ..I^..k$..g$..s$
	0x00, 0x00, 0x6f, 0x24, 0x00, 0x00, 0x78, 0x24, 0x00, 0x00, 0x74, 0x24, 0x00, 0x00, 0xbe, 0x00, // ..o$..x$..t$....
	0x05, 0x00, 0x97, 0x01, 0x00, 0x00, 0x97, 0x23, 0x00, 0x00, 0x49, 0x5e, 0x00, 0x00, 0x80, 0x23, // .......#..I^...#
	0x00, 0x00, 0xa9, 0x00, 0x06, 0x00, 0x07, 0x00, 0x00, 0x00, 0x98, 0x23, 0x00, 0x00, 0x97, 0x23, // ...........#...#
	0x00, 0x00, 0xa1, 0x01, 0x00, 0x00, 0x73, 0x01, 0x00, 0x00, 0x51, 0x00, 0x05, 0x00, 0x07, 0x00, // ......s...Q.....
	0x00, 0x00, 0x9c, 0x23, 0x00, 0x00, 0x52, 0x23, 0x00, 0x00, 0x00, 0x00, 0x00, 0x00, 0x0c, 0x00, // ...#..R#........
	0x08, 0x00, 0x07, 0x00, 0x00, 0x00, 0x9b, 0x24, 0x00, 0x00, 0x01, 0x00, 0x00, 0x00, 0x2e, 0x00, // .......$........
	0x00, 0x00, 0x86, 0x23, 0x00, 0x00, 0x8c, 0x23, 0x00, 0x00, 0x9c, 0x23, 0x00, 0x00, 0x0c, 0x00, // ...#...#...#....
	0x08, 0x00, 0x07, 0x00, 0x00, 0x00, 0xa1, 0x24, 0x00, 0x00, 0x01, 0x00, 0x00, 0x00, 0x2e, 0x00, // .......$........
	0x00, 0x00, 0x92, 0x23, 0x00, 0x00, 0x98, 0x23, 0x00, 0x00, 0x9c, 0x23, 0x00, 0x00, 0x51, 0x00, // ...#...#...#..Q.
	0x05, 0x00, 0x07, 0x00, 0x00, 0x00, 0xa4, 0x23, 0x00, 0x00, 0x52, 0x23, 0x00, 0x00, 0x01, 0x00, // .......#..R#....
	0x00, 0x00, 0x0c, 0x00, 0x08, 0x00, 0x07, 0x00, 0x00, 0x00, 0xa7, 0x24, 0x00, 0x00, 0x01, 0x00, // ...........$....
	0x00, 0x00, 0x2e, 0x00, 0x00, 0x00, 0x9b, 0x24, 0x00, 0x00, 0xa1, 0x24, 0x00, 0x00, 0xa4, 0x23, // .......$...$...#
	0x00, 0x00, 0x81, 0x00, 0x05, 0x00, 0x07, 0x00, 0x00, 0x00, 0x75, 0x17, 0x00, 0x00, 0x64, 0x17, // ..........u...d.
	0x00, 0x00, 0xa7, 0x24, 0x00, 0x00, 0x8e, 0x00, 0x05, 0x00, 0x0b, 0x00, 0x00, 0x00, 0x78, 0x17, // ...$..........x.
	0x00, 0x00, 0x93, 0x03, 0x00, 0x00, 0xed, 0x16, 0x00, 0x00, 0x81, 0x00, 0x05, 0x00, 0x0b, 0x00, // ................
	0x00, 0x00, 0x7b, 0x17, 0x00, 0x00, 0xc2, 0x5c, 0x00, 0x00, 0x78, 0x17, 0x00, 0x00, 0x94, 0x00, // ..{.......x.....
	0x05, 0x00, 0x07, 0x00, 0x00, 0x00, 0x7f, 0x17, 0x00, 0x00, 0xc5, 0x5d, 0x00, 0x00, 0x78, 0x17, // ...........]..x.
	0x00, 0x00, 0x81, 0x00, 0x05, 0x00, 0x07, 0x00, 0x00, 0x00, 0x80, 0x17, 0x00, 0x00, 0xf7, 0x15, // ................
	0x00, 0x00, 0x7f, 0x17, 0x00, 0x00, 0x88, 0x00, 0x05, 0x00, 0x0b, 0x00, 0x00, 0x00, 0xce, 0x24, // ...............$
	0x00, 0x00, 0x7b, 0x17, 0x00, 0x00, 0x38, 0x1a, 0x00, 0x00, 0x83, 0x00, 0x05, 0x00, 0x0b, 0x00, // ..{...8.........
	0x00, 0x00, 0xd0, 0x24, 0x00, 0x00, 0xce, 0x24, 0x00, 0x00, 0xa4, 0x5d, 0x00, 0x00, 0x0c, 0x00, // ...$...$...]....
	0x06, 0x00, 0x0b, 0x00, 0x00, 0x00, 0xd2, 0x24, 0x00, 0x00, 0x01, 0x00, 0x00, 0x00, 0x08, 0x00, // .......$........
	0x00, 0x00, 0xd0, 0x24, 0x00, 0x00, 0x83, 0x00, 0x05, 0x00, 0x0b, 0x00, 0x00, 0x00, 0xd5, 0x24, // ...$...........$
	0x00, 0x00, 0xd0, 0x24, 0x00, 0x00, 0xd2, 0x24, 0x00, 0x00, 0x81, 0x00, 0x05, 0x00, 0x0b, 0x00, // ...$...$........
	0x00, 0x00, 0xd8, 0x24, 0x00, 0x00, 0xd2, 0x24, 0x00, 0x00, 0xa4, 0x5d, 0x00, 0x00, 0x8e, 0x00, // ...$...$...]....
	0x05, 0x00, 0x0b, 0x00, 0x00, 0x00, 0xda, 0x24, 0x00, 0x00, 0xd8, 0x24, 0x00, 0x00, 0xee, 0x15, // .......$...$....
	0x00, 0x00, 0x81, 0x00, 0x05, 0x00, 0x0b, 0x00, 0x00, 0x00, 0xdf, 0x24, 0x00, 0x00, 0xda, 0x24, // ...........$...$
	0x00, 0x00, 0x49, 0x1a, 0x00, 0x00, 0x81, 0x00, 0x05, 0x00, 0x0b, 0x00, 0x00, 0x00, 0xe3, 0x24, // ..I............$
	0x00, 0x00, 0xda, 0x24, 0x00, 0x00, 0x4d, 0x1a, 0x00, 0x00, 0x81, 0x00, 0x05, 0x00, 0x0b, 0x00, // ...$..M.........
	0x00, 0x00, 0xe7, 0x24, 0x00, 0x00, 0xda, 0x24, 0x00, 0x00, 0x38, 0x1a, 0x00, 0x00, 0x83, 0x00, // ...$...$..8.....
	0x05, 0x00, 0x0b, 0x00, 0x00, 0x00, 0xec, 0x24, 0x00, 0x00, 0xda, 0x24, 0x00, 0x00, 0x7b, 0x17, // .......$...$..{.
	0x00, 0x00, 0x94, 0x00, 0x05, 0x00, 0x07, 0x00, 0x00, 0x00, 0xed, 0x24, 0x00, 0x00, 0xc5, 0x5d, // ...........$...]
	0x00, 0x00, 0xec, 0x24, 0x00, 0x00, 0x81, 0x00, 0x05, 0x00, 0x07, 0x00, 0x00, 0x00, 0xee, 0x24, // ...$...........$
	0x00, 0x00, 0x80, 0x17, 0x00, 0x00, 0xed, 0x24, 0x00, 0x00, 0x83, 0x00, 0x05, 0x00, 0x0b, 0x00, // .......$........
	0x00, 0x00, 0xf3, 0x24, 0x00, 0x00, 0xdf, 0x24, 0x00, 0x00, 0x7b, 0x17, 0x00, 0x00, 0x94, 0x00, // ...$...$..{.....
	0x05, 0x00, 0x07, 0x00, 0x00, 0x00, 0xf4, 0x24, 0x00, 0x00, 0xc5, 0x5d, 0x00, 0x00, 0xf3, 0x24, // .......$...]...$
	0x00, 0x00, 0x81, 0x00, 0x05, 0x00, 0x07, 0x00, 0x00, 0x00, 0xf5, 0x24, 0x00, 0x00, 0x80, 0x17, // ...........$....
	0x00, 0x00, 0xf4, 0x24, 0x00, 0x00, 0x83, 0x00, 0x05, 0x00, 0x0b, 0x00, 0x00, 0x00, 0xfa, 0x24, // ...$...........$
	0x00, 0x00, 0xe3, 0x24, 0x00, 0x00, 0x7b, 0x17, 0x00, 0x00, 0x94, 0x00, 0x05, 0x00, 0x07, 0x00, // ...$..{.........
	0x00, 0x00, 0xfb, 0x24, 0x00, 0x00, 0xc5, 0x5d, 0x00, 0x00, 0xfa, 0x24, 0x00, 0x00, 0x81, 0x00, // ...$...]...$....
	0x05, 0x00, 0x07, 0x00, 0x00, 0x00, 0xfc, 0x24, 0x00, 0x00, 0x80, 0x17, 0x00, 0x00, 0xfb, 0x24, // .......$.......$
	0x00, 0x00, 0x83, 0x00, 0x05, 0x00, 0x0b, 0x00, 0x00, 0x00, 0x01, 0x25, 0x00, 0x00, 0xe7, 0x24, // ...........%...$
	0x00, 0x00, 0x7b, 0x17, 0x00, 0x00, 0x94, 0x00, 0x05, 0x00, 0x07, 0x00, 0x00, 0x00, 0x02, 0x25, // ..{............%
	0x00, 0x00, 0xc5, 0x5d, 0x00, 0x00, 0x01, 0x25, 0x00, 0x00, 0x81, 0x00, 0x05, 0x00, 0x07, 0x00, // ...]...%........
	0x00, 0x00, 0x03, 0x25, 0x00, 0x00, 0x80, 0x17, 0x00, 0x00, 0x02, 0x25, 0x00, 0x00, 0xf7, 0x00, // ...%.......%....
	0x03, 0x00, 0x48, 0x25, 0x00, 0x00, 0x00, 0x00, 0x00, 0x00, 0xfb, 0x00, 0x03, 0x00, 0xcc, 0x01, // ..H%............
	0x00, 0x00, 0x33, 0x25, 0x00, 0x00, 0xf8, 0x00, 0x02, 0x00, 0x33, 0x25, 0x00, 0x00, 0xf7, 0x00, // ..3%......3%....
	0x03, 0x00, 0x3b, 0x25, 0x00, 0x00, 0x00, 0x00, 0x00, 0x00, 0xfa, 0x00, 0x04, 0x00, 0x0e, 0x15, // ..;%............
	0x00, 0x00, 0x36, 0x25, 0x00, 0x00, 0x3b, 0x25, 0x00, 0x00, 0xf8, 0x00, 0x02, 0x00, 0x36, 0x25, // ..6%..;%......6%
	0x00, 0x00, 0x56, 0x00, 0x05, 0x00, 0x2e, 0x01, 0x00, 0x00, 0x50, 0x25, 0x00, 0x00, 0xf8, 0x00, // ..V.......P%....
	0x00, 0x00, 0xf6, 0x00, 0x00, 0x00, 0x57, 0x00, 0x05, 0x00, 0x0d, 0x00, 0x00, 0x00, 0x52, 0x25, // ......W.......R%
	0x00, 0x00, 0x50, 0x25, 0x00, 0x00, 0xda, 0x24, 0x00, 0x00, 0x51, 0x00, 0x05, 0x00, 0x07, 0x00, // ..P%...$..Q.....
	0x00, 0x00, 0x3a, 0x25, 0x00, 0x00, 0x52, 0x25, 0x00, 0x00, 0x00, 0x00, 0x00, 0x00, 0xf9, 0x00, // ..:%..R%........
	0x02, 0x00, 0x48, 0x25, 0x00, 0x00, 0xf8, 0x00, 0x02, 0x00, 0x3b, 0x25, 0x00, 0x00, 0xf7, 0x00, // ..H%......;%....
	0x03, 0x00, 0x43, 0x25, 0x00, 0x00, 0x00, 0x00, 0x00, 0x00, 0xfa, 0x00, 0x04, 0x00, 0x12, 0x15, // ..C%............
	0x00, 0x00, 0x3e, 0x25, 0x00, 0x00, 0x43, 0x25, 0x00, 0x00, 0xf8, 0x00, 0x02, 0x00, 0x3e, 0x25, // ..>%..C%......>%
	0x00, 0x00, 0x56, 0x00, 0x05, 0x00, 0x2e, 0x01, 0x00, 0x00, 0x59, 0x25, 0x00, 0x00, 0xfe, 0x00, // ..V.......Y%....
	0x00, 0x00, 0xfc, 0x00, 0x00, 0x00, 0x57, 0x00, 0x05, 0x00, 0x0d, 0x00, 0x00, 0x00, 0x5b, 0x25, // ......W.......[%
	0x00, 0x00, 0x59, 0x25, 0x00, 0x00, 0xda, 0x24, 0x00, 0x00, 0x51, 0x00, 0x05, 0x00, 0x07, 0x00, // ..Y%...$..Q.....
	0x00, 0x00, 0x42, 0x25, 0x00, 0x00, 0x5b, 0x25, 0x00, 0x00, 0x00, 0x00, 0x00, 0x00, 0xf9, 0x00, // ..B%..[%........
	0x02, 0x00, 0x48, 0x25, 0x00, 0x00, 0xf8, 0x00, 0x02, 0x00, 0x43, 0x25, 0x00, 0x00, 0x56, 0x00, // ..H%......C%..V.
	0x05, 0x00, 0x2e, 0x01, 0x00, 0x00, 0x62, 0x25, 0x00, 0x00, 0x04, 0x01, 0x00, 0x00, 0x02, 0x01, // ......b%........
	0x00, 0x00, 0x57, 0x00, 0x05, 0x00, 0x0d, 0x00, 0x00, 0x00, 0x64, 0x25, 0x00, 0x00, 0x62, 0x25, // ..W.......d%..b%
	0x00, 0x00, 0xda, 0x24, 0x00, 0x00, 0x51, 0x00, 0x05, 0x00, 0x07, 0x00, 0x00, 0x00, 0x47, 0x25, // ...$..Q.......G%
	0x00, 0x00, 0x64, 0x25, 0x00, 0x00, 0x00, 0x00, 0x00, 0x00, 0xf9, 0x00, 0x02, 0x00, 0x48, 0x25, // ..d%..........H%
	0x00, 0x00, 0xf8, 0x00, 0x02, 0x00, 0x48, 0x25, 0x00, 0x00, 0xf5, 0x00, 0x09, 0x00, 0x07, 0x00, // ......H%........
	0x00, 0x00, 0x52, 0x5e, 0x00, 0x00, 0x3a, 0x25, 0x00, 0x00, 0x36, 0x25, 0x00, 0x00, 0x42, 0x25, // ..R^..:%..6%..B%
	0x00, 0x00, 0x3e, 0x25, 0x00, 0x00, 0x47, 0x25, 0x00, 0x00, 0x43, 0x25, 0x00, 0x00, 0xbe, 0x00, // ..>%..G%..C%....
	0x05, 0x00, 0x97, 0x01, 0x00, 0x00, 0x08, 0x25, 0x00, 0x00, 0x52, 0x5e, 0x00, 0x00, 0xee, 0x24, // .......%..R^...$
	0x00, 0x00, 0xa9, 0x00, 0x06, 0x00, 0x07, 0x00, 0x00, 0x00, 0x09, 0x25, 0x00, 0x00, 0x08, 0x25, // ...........%...%
	0x00, 0x00, 0xa1, 0x01, 0x00, 0x00, 0x73, 0x01, 0x00, 0x00, 0xf7, 0x00, 0x03, 0x00, 0x84, 0x25, // ......s........%
	0x00, 0x00, 0x00, 0x00, 0x00, 0x00, 0xfb, 0x00, 0x03, 0x00, 0xcc, 0x01, 0x00, 0x00, 0x6f, 0x25, // ..............o%
	0x00, 0x00, 0xf8, 0x00, 0x02, 0x00, 0x6f, 0x25, 0x00, 0x00, 0xf7, 0x00, 0x03, 0x00, 0x77, 0x25, // ......o%......w%
	0x00, 0x00, 0x00, 0x00, 0x00, 0x00, 0xfa, 0x00, 0x04, 0x00, 0x0e, 0x15, 0x00, 0x00, 0x72, 0x25, // ..............r%
	0x00, 0x00, 0x77, 0x25, 0x00, 0x00, 0xf8, 0x00, 0x02, 0x00, 0x72, 0x25, 0x00, 0x00, 0x56, 0x00, // ..w%......r%..V.
	0x05, 0x00, 0x2e, 0x01, 0x00, 0x00, 0x8c, 0x25, 0x00, 0x00, 0xf8, 0x00, 0x00, 0x00, 0xf6, 0x00, // .......%........
	0x00, 0x00, 0x57, 0x00, 0x05, 0x00, 0x0d, 0x00, 0x00, 0x00, 0x8e, 0x25, 0x00, 0x00, 0x8c, 0x25, // ..W........%...%
	0x00, 0x00, 0xdf, 0x24, 0x00, 0x00, 0x51, 0x00, 0x05, 0x00, 0x07, 0x00, 0x00, 0x00, 0x76, 0x25, // ...$..Q.......v%
	0x00, 0x00, 0x8e, 0x25, 0x00, 0x00, 0x00, 0x00, 0x00, 0x00, 0xf9, 0x00, 0x02, 0x00, 0x84, 0x25, // ...%...........%
	0x00, 0x00, 0xf8, 0x00, 0x02, 0x00, 0x77, 0x25, 0x00, 0x00, 0xf7, 0x00, 0x03, 0x00, 0x7f, 0x25, // ......w%.......%
	0x00, 0x00, 0x00, 0x00, 0x00, 0x00, 0xfa, 0x00, 0x04, 0x00, 0x12, 0x15, 0x00, 0x00, 0x7a, 0x25, // ..............z%
	0x00, 0x00, 0x7f, 0x25, 0x00, 0x00, 0xf8, 0x00, 0x02, 0x00, 0x7a, 0x25, 0x00, 0x00, 0x56, 0x00, // ...%......z%..V.
	0x05, 0x00, 0x2e, 0x01, 0x00, 0x00, 0x95, 0x25, 0x00, 0x00, 0xfe, 0x00, 0x00, 0x00, 0xfc, 0x00, // .......%........
	0x00, 0x00, 0x57, 0x00, 0x05, 0x00, 0x0d, 0x00, 0x00, 0x00, 0x97, 0x25, 0x00, 0x00, 0x95, 0x25, // ..W........%...%
	0x00, 0x00, 0xdf, 0x24, 0x00, 0x00, 0x51, 0x00, 0x05, 0x00, 0x07, 0x00, 0x00, 0x00, 0x7e, 0x25, // ...$..Q.......~%
	0x00, 0x00, 0x97, 0x25, 0x00, 0x00, 0x00, 0x00, 0x00, 0x00, 0xf9, 0x00, 0x02, 0x00, 0x84, 0x25, // ...%...........%
	0x00, 0x00, 0xf8, 0x00, 0x02, 0x00, 0x7f, 0x25, 0x00, 0x00, 0x56, 0x00, 0x05, 0x00, 0x2e, 0x01, // .......%..V.....
	0x00, 0x00, 0x9e, 0x25, 0x00, 0x00, 0x04, 0x01, 0x00, 0x00, 0x02, 0x01, 0x00, 0x00, 0x57, 0x00, // ...%..........W.
	0x05, 0x00, 0x0d, 0x00, 0x00, 0x00, 0xa0, 0x25, 0x00, 0x00, 0x9e, 0x25, 0x00, 0x00, 0xdf, 0x24, // .......%...%...$
	0x00, 0x00, 0x51, 0x00, 0x05, 0x00, 0x07, 0x00, 0x00, 0x00, 0x83, 0x25, 0x00, 0x00, 0xa0, 0x25, // ..Q........%...%
	0x00, 0x00, 0x00, 0x00, 0x00, 0x00, 0xf9, 0x00, 0x02, 0x00, 0x84, 0x25, 0x00, 0x00, 0xf8, 0x00, // ...........%....
	0x02, 0x00, 0x84, 0x25, 0x00, 0x00, 0xf5, 0x00, 0x09, 0x00, 0x07, 0x00, 0x00, 0x00, 0x53, 0x5e, // ...%..........S^
	0x00, 0x00, 0x76, 0x25, 0x00, 0x00, 0x72, 0x25, 0x00, 0x00, 0x7e, 0x25, 0x00, 0x00, 0x7a, 0x25, // ..v%..r%..~%..z%
	0x00, 0x00, 0x83, 0x25, 0x00, 0x00, 0x7f, 0x25, 0x00, 0x00, 0xbe, 0x00, 0x05, 0x00, 0x97, 0x01, // ...%...%........
	0x00, 0x00, 0x0e, 0x25, 0x00, 0x00, 0x53, 0x5e, 0x00, 0x00, 0xf5, 0x24, 0x00, 0x00, 0xa9, 0x00, // ...%..S^...$....
	0x06, 0x00, 0x07, 0x00, 0x00, 0x00, 0x0f, 0x25, 0x00, 0x00, 0x0e, 0x25, 0x00, 0x00, 0xa1, 0x01, // .......%...%....
	0x00, 0x00, 0x73, 0x01, 0x00, 0x00, 0xf7, 0x00, 0x03, 0x00, 0xc0, 0x25, 0x00, 0x00, 0x00, 0x00, // ..s........%....
	0x00, 0x00, 0xfb, 0x00, 0x03, 0x00, 0xcc, 0x01, 0x00, 0x00, 0xab, 0x25, 0x00, 0x00, 0xf8, 0x00, // ...........%....
	0x02, 0x00, 0xab, 0x25, 0x00, 0x00, 0xf7, 0x00, 0x03, 0x00, 0xb3, 0x25, 0x00, 0x00, 0x00, 0x00, // ...%.......%....
	0x00, 0x00, 0xfa, 0x00, 0x04, 0x00, 0x0e, 0x15, 0x00, 0x00, 0xae, 0x25, 0x00, 0x00, 0xb3, 0x25, // ...........%...%
	0x00, 0x00, 0xf8, 0x00, 0x02, 0x00, 0xae, 0x25, 0x00, 0x00, 0x56, 0x00, 0x05, 0x00, 0x2e, 0x01, // .......%..V.....
	0x00, 0x00, 0xc8, 0x25, 0x00, 0x00, 0xf8, 0x00, 0x00, 0x00, 0xf6, 0x00, 0x00, 0x00, 0x57, 0x00, // ...%..........W.
	0x05, 0x00, 0x0d, 0x00, 0x00, 0x00, 0xca, 0x25, 0x00, 0x00, 0xc8, 0x25, 0x00, 0x00, 0xe3, 0x24, // .......%...%...$
	0x00, 0x00, 0x51, 0x00, 0x05, 0x00, 0x07, 0x00, 0x00, 0x00, 0xb2, 0x25, 0x00, 0x00, 0xca, 0x25, // ..Q........%...%
	0x00, 0x00, 0x00, 0x00, 0x00, 0x00, 0xf9, 0x00, 0x02, 0x00, 0xc0, 0x25, 0x00, 0x00, 0xf8, 0x00, // ...........%....
	0x02, 0x00, 0xb3, 0x25, 0x00, 0x00, 0xf7, 0x00, 0x03, 0x00, 0xbb, 0x25, 0x00, 0x00, 0x00, 0x00, // ...%.......%....
	0x00, 0x00, 0xfa, 0x00, 0x04, 0x00, 0x12, 0x15, 0x00, 0x00, 0xb6, 0x25, 0x00, 0x00, 0xbb, 0x25, // ...........%...%
	0x00, 0x00, 0xf8, 0x00, 0x02, 0x00, 0xb6, 0x25, 0x00, 0x00, 0x56, 0x00, 0x05, 0x00, 0x2e, 0x01, // .......%..V.....
	0x00, 0x00, 0xd1, 0x25, 0x00, 0x00, 0xfe, 0x00, 0x00, 0x00, 0xfc, 0x00, 0x00, 0x00, 0x57, 0x00, // ...%..........W.
	0x05, 0x00, 0x0d, 0x00, 0x00, 0x00, 0xd3, 0x25, 0x00, 0x00, 0xd1, 0x25, 0x00, 0x00, 0xe3, 0x24, // .......%...%...$
	0x00, 0x00, 0x51, 0x00, 0x05, 0x00, 0x07, 0x00, 0x00, 0x00, 0xba, 0x25, 0x00, 0x00, 0xd3, 0x25, // ..Q........%...%
	0x00, 0x00, 0x00, 0x00, 0x00, 0x00, 0xf9, 0x00, 0x02, 0x00, 0xc0, 0x25, 0x00, 0x00, 0xf8, 0x00, // ...........%....
	0x02, 0x00, 0xbb, 0x25, 0x00, 0x00, 0x56, 0x00, 0x05, 0x00, 0x2e, 0x01, 0x00, 0x00, 0xda, 0x25, // ...%..V........%
	0x00, 0x00, 0x04, 0x01, 0x00, 0x00, 0x02, 0x01, 0x00, 0x00, 0x57, 0x00, 0x05, 0x00, 0x0d, 0x00, // ..........W.....
	0x00, 0x00, 0xdc, 0x25, 0x00, 0x00, 0xda, 0x25, 0x00, 0x00, 0xe3, 0x24, 0x00, 0x00, 0x51, 0x00, // ...%...%...$..Q.
	0x05, 0x00, 0x07, 0x00, 0x00, 0x00, 0xbf, 0x25, 0x00, 0x00, 0xdc, 0x25, 0x00, 0x00, 0x00, 0x00, // .......%...%....
	0x00, 0x00, 0xf9, 0x00, 0x02, 0x00, 0xc0, 0x25, 0x00, 0x00, 0xf8, 0x00, 0x02, 0x00, 0xc0, 0x25, // .......%.......%
	0x00, 0x00, 0xf5, 0x00, 0x09, 0x00, 0x07, 0x00, 0x00, 0x00, 0x54, 0x5e, 0x00, 0x00, 0xb2, 0x25, // ..........T^...%
	0x00, 0x00, 0xae, 0x25, 0x00, 0x00, 0xba, 0x25, 0x00, 0x00, 0xb6, 0x25, 0x00, 0x00, 0xbf, 0x25, // ...%...%...%...%
	0x00, 0x00, 0xbb, 0x25, 0x00, 0x00, 0xbe, 0x00, 0x05, 0x00, 0x97, 0x01, 0x00, 0x00, 0x14, 0x25, // ...%...........%
	0x00, 0x00, 0x54, 0x5e, 0x00, 0x00, 0xfc, 0x24, 0x00, 0x00, 0xa9, 0x00, 0x06, 0x00, 0x07, 0x00, // ..T^...$........
	0x00, 0x00, 0x15, 0x25, 0x00, 0x00, 0x14, 0x25, 0x00, 0x00, 0xa1, 0x01, 0x00, 0x00, 0x73, 0x01, // ...%...%......s.
	0x00, 0x00, 0xf7, 0x00, 0x03, 0x00, 0xfc, 0x25, 0x00, 0x00, 0x00, 0x00, 0x00, 0x00, 0xfb, 0x00, // .......%........
	0x03, 0x00, 0xcc, 0x01, 0x00, 0x00, 0xe7, 0x25, 0x00, 0x00, 0xf8, 0x00, 0x02, 0x00, 0xe7, 0x25, // .......%.......%
	0x00, 0x00, 0xf7, 0x00, 0x03, 0x00, 0xef, 0x25, 0x00, 0x00, 0x00, 0x00, 0x00, 0x00, 0xfa, 0x00, // .......%........
	0x04, 0x00, 0x0e, 0x15, 0x00, 0x00, 0xea, 0x25, 0x00, 0x00, 0xef, 0x25, 0x00, 0x00, 0xf8, 0x00, // .......%...%....
	0x02, 0x00, 0xea, 0x25, 0x00, 0x00, 0x56, 0x00, 0x05, 0x00, 0x2e, 0x01, 0x00, 0x00, 0x04, 0x26, // ...%..V........&
	0x00, 0x00, 0xf8, 0x00, 0x00, 0x00, 0xf6, 0x00, 0x00, 0x00, 0x57, 0x00, 0x05, 0x00, 0x0d, 0x00, // ..........W.....
	0x00, 0x00, 0x06, 0x26, 0x00, 0x00, 0x04, 0x26, 0x00, 0x00, 0xe7, 0x24, 0x00, 0x00, 0x51, 0x00, // ...&...&...$..Q.
	0x05, 0x00, 0x07, 0x00, 0x00, 0x00, 0xee, 0x25, 0x00, 0x00, 0x06, 0x26, 0x00, 0x00, 0x00, 0x00, // .......%...&....
	0x00, 0x00, 0xf9, 0x00, 0x02, 0x00, 0xfc, 0x25, 0x00, 0x00, 0xf8, 0x00, 0x02, 0x00, 0xef, 0x25, // .......%.......%
	0x00, 0x00, 0xf7, 0x00, 0x03, 0x00, 0xf7, 0x25, 0x00, 0x00, 0x00, 0x00, 0x00, 0x00, 0xfa, 0x00, // .......%........
	0x04, 0x00, 0x12, 0x15, 0x00, 0x00, 0xf2, 0x25, 0x00, 0x00, 0xf7, 0x25, 0x00, 0x00, 0xf8, 0x00, // .......%...%....
	0x02, 0x00, 0xf2, 0x25, 0x00, 0x00, 0x56, 0x00, 0x05, 0x00, 0x2e, 0x01, 0x00, 0x00, 0x0d, 0x26, // ...%..V........&
	0x00, 0x00, 0xfe, 0x00, 0x00, 0x00, 0xfc, 0x00, 0x00, 0x00, 0x57, 0x00, 0x05, 0x00, 0x0d, 0x00, // ..........W.....
	0x00, 0x00, 0x0f, 0x26, 0x00, 0x00, 0x0d, 0x26, 0x00, 0x00, 0xe7, 0x24, 0x00, 0x00, 0x51, 0x00, // ...&...&...$..Q.
	0x05, 0x00, 0x07, 0x00, 0x00, 0x00, 0xf6, 0x25, 0x00, 0x00, 0x0f, 0x26, 0x00, 0x00, 0x00, 0x00, // .......%...&....
	0x00, 0x00, 0xf9, 0x00, 0x02, 0x00, 0xfc, 0x25, 0x00, 0x00, 0xf8, 0x00, 0x02, 0x00, 0xf7, 0x25, // .......%.......%
	0x00, 0x00, 0x56, 0x00, 0x05, 0x00, 0x2e, 0x01, 0x00, 0x00, 0x16, 0x26, 0x00, 0x00, 0x04, 0x01, // ..V........&....
	0x00, 0x00, 0x02, 0x01, 0x00, 0x00, 0x57, 0x00, 0x05, 0x00, 0x0d, 0x00, 0x00, 0x00, 0x18, 0x26, // ......W........&
	0x00, 0x00, 0x16, 0x26, 0x00, 0x00, 0xe7, 0x24, 0x00, 0x00, 0x51, 0x00, 0x05, 0x00, 0x07, 0x00, // ...&...$..Q.....
	0x00, 0x00, 0xfb, 0x25, 0x00, 0x00, 0x18, 0x26, 0x00, 0x00, 0x00, 0x00, 0x00, 0x00, 0xf9, 0x00, // ...%...&........
	0x02, 0x00, 0xfc, 0x25, 0x00, 0x00, 0xf8, 0x00, 0x02, 0x00, 0xfc, 0x25, 0x00, 0x00, 0xf5, 0x00, // ...%.......%....
	0x09, 0x00, 0x07, 0x00, 0x00, 0x00, 0x55, 0x5e, 0x00, 0x00, 0xee, 0x25, 0x00, 0x00, 0xea, 0x25, // ......U^...%...%
	0x00, 0x00, 0xf6, 0x25, 0x00, 0x00, 0xf2, 0x25, 0x00, 0x00, 0xfb, 0x25, 0x00, 0x00, 0xf7, 0x25, // ...%...%...%...%
	0x00, 0x00, 0xbe, 0x00, 0x05, 0x00, 0x97, 0x01, 0x00, 0x00, 0x1a, 0x25, 0x00, 0x00, 0x55, 0x5e, // ...........%..U^
	0x00, 0x00, 0x03, 0x25, 0x00, 0x00, 0xa9, 0x00, 0x06, 0x00, 0x07, 0x00, 0x00, 0x00, 0x1b, 0x25, // ...%...........%
	0x00, 0x00, 0x1a, 0x25, 0x00, 0x00, 0xa1, 0x01, 0x00, 0x00, 0x73, 0x01, 0x00, 0x00, 0x51, 0x00, // ...%......s...Q.
	0x05, 0x00, 0x07, 0x00, 0x00, 0x00, 0x1f, 0x25, 0x00, 0x00, 0xd5, 0x24, 0x00, 0x00, 0x00, 0x00, // .......%...$....
	0x00, 0x00, 0x0c, 0x00, 0x08, 0x00, 0x07, 0x00, 0x00, 0x00, 0x1e, 0x26, 0x00, 0x00, 0x01, 0x00, // ...........&....
	0x00, 0x00, 0x2e, 0x00, 0x00, 0x00, 0x09, 0x25, 0x00, 0x00, 0x0f, 0x25, 0x00, 0x00, 0x1f, 0x25, // .......%...%...%
	0x00, 0x00, 0x0c, 0x00, 0x08, 0x00, 0x07, 0x00, 0x00, 0x00, 0x24, 0x26, 0x00, 0x00, 0x01, 0x00, // ..........$&....
	0x00, 0x00, 0x2e, 0x00, 0x00, 0x00, 0x15, 0x25, 0x00, 0x00, 0x1b, 0x25, 0x00, 0x00, 0x1f, 0x25, // .......%...%...%
	0x00, 0x00, 0x51, 0x00, 0x05, 0x00, 0x07, 0x00, 0x00, 0x00, 0x27, 0x25, 0x00, 0x00, 0xd5, 0x24, // ..Q.......'%...$
	0x00, 0x00, 0x01, 0x00, 0x00, 0x00, 0x0c, 0x00, 0x08, 0x00, 0x07, 0x00, 0x00, 0x00, 0x2a, 0x26, // ..............*&
	0x00, 0x00, 0x01, 0x00, 0x00, 0x00, 0x2e, 0x00, 0x00, 0x00, 0x1e, 0x26, 0x00, 0x00, 0x24, 0x26, // ...........&..$&
	0x00, 0x00, 0x27, 0x25, 0x00, 0x00, 0x81, 0x00, 0x05, 0x00, 0x07, 0x00, 0x00, 0x00, 0x86, 0x17, // ..'%............
	0x00, 0x00, 0x75, 0x17, 0x00, 0x00, 0x2a, 0x26, 0x00, 0x00, 0x8e, 0x00, 0x05, 0x00, 0x0b, 0x00, // ..u...*&........
	0x00, 0x00, 0x89, 0x17, 0x00, 0x00, 0x96, 0x03, 0x00, 0x00, 0xed, 0x16, 0x00, 0x00, 0x81, 0x00, // ................
	0x05, 0x00, 0x0b, 0x00, 0x00, 0x00, 0x8c, 0x17, 0x00, 0x00, 0xc2, 0x5c, 0x00, 0x00, 0x89, 0x17, // ................
	0x00, 0x00, 0x94, 0x00, 0x05, 0x00, 0x07, 0x00, 0x00, 0x00, 0x90, 0x17, 0x00, 0x00, 0xc5, 0x5d, // ...............]
	0x00, 0x00, 0x89, 0x17, 0x00, 0x00, 0x81, 0x00, 0x05, 0x00, 0x07, 0x00, 0x00, 0x00, 0x91, 0x17, // ................
	0x00, 0x00, 0xf7, 0x15, 0x00, 0x00, 0x90, 0x17, 0x00, 0x00, 0x88, 0x00, 0x05, 0x00, 0x0b, 0x00, // ................
	0x00, 0x00, 0x51, 0x26, 0x00, 0x00, 0x8c, 0x17, 0x00, 0x00, 0x38, 0x1a, 0x00, 0x00, 0x83, 0x00, // ..Q&......8.....
	0x05, 0x00, 0x0b, 0x00, 0x00, 0x00, 0x53, 0x26, 0x00, 0x00, 0x51, 0x26, 0x00, 0x00, 0xa4, 0x5d, // ......S&..Q&...]
	0x00, 0x00, 0x0c, 0x00, 0x06, 0x00, 0x0b, 0x00, 0x00, 0x00, 0x55, 0x26, 0x00, 0x00, 0x01, 0x00, // ..........U&....
	0x00, 0x00, 0x08, 0x00, 0x00, 0x00, 0x53, 0x26, 0x00, 0x00, 0x83, 0x00, 0x05, 0x00, 0x0b, 0x00, // ......S&........
	0x00, 0x00, 0x58, 0x26, 0x00, 0x00, 0x53, 0x26, 0x00, 0x00, 0x55, 0x26, 0x00, 0x00, 0x81, 0x00, // ..X&..S&..U&....
	0x05, 0x00, 0x0b, 0x00, 0x00, 0x00, 0x5b, 0x26, 0x00, 0x00, 0x55, 0x26, 0x00, 0x00, 0xa4, 0x5d, // ......[&..U&...]
	0x00, 0x00, 0x8e, 0x00, 0x05, 0x00, 0x0b, 0x00, 0x00, 0x00, 0x5d, 0x26, 0x00, 0x00, 0x5b, 0x26, // ..........]&..[&
	0x00, 0x00, 0xee, 0x15, 0x00, 0x00, 0x81, 0x00, 0x05, 0x00, 0x0b, 0x00, 0x00, 0x00, 0x62, 0x26, // ..............b&
	0x00, 0x00, 0x5d, 0x26, 0x00, 0x00, 0x49, 0x1a, 0x00, 0x00, 0x81, 0x00, 0x05, 0x00, 0x0b, 0x00, // ..]&..I.........
	0x00, 0x00, 0x66, 0x26, 0x00, 0x00, 0x5d, 0x26, 0x00, 0x00, 0x4d, 0x1a, 0x00, 0x00, 0x81, 0x00, // ..f&..]&..M.....
	0x05, 0x00, 0x0b, 0x00, 0x00, 0x00, 0x6a, 0x26, 0x00, 0x00, 0x5d, 0x26, 0x00, 0x00, 0x38, 0x1a, // ......j&..]&..8.
	0x00, 0x00, 0x83, 0x00, 0x05, 0x00, 0x0b, 0x00, 0x00, 0x00, 0x6f, 0x26, 0x00, 0x00, 0x5d, 0x26, // ..........o&..]&
	0x00, 0x00, 0x8c, 0x17, 0x00, 0x00, 0x94, 0x00, 0x05, 0x00, 0x07, 0x00, 0x00, 0x00, 0x70, 0x26, // ..............p&
	0x00, 0x00, 0xc5, 0x5d, 0x00, 0x00, 0x6f, 0x26, 0x00, 0x00, 0x81, 0x00, 0x05, 0x00, 0x07, 0x00, // ...]..o&........
	0x00, 0x00, 0x71, 0x26, 0x00, 0x00, 0x91, 0x17, 0x00, 0x00, 0x70, 0x26, 0x00, 0x00, 0x83, 0x00, // ..q&......p&....
	0x05, 0x00, 0x0b, 0x00, 0x00, 0x00, 0x76, 0x26, 0x00, 0x00, 0x62, 0x26, 0x00, 0x00, 0x8c, 0x17, // ......v&..b&....
	0x00, 0x00, 0x94, 0x00, 0x05, 0x00, 0x07, 0x00, 0x00, 0x00, 0x77, 0x26, 0x00, 0x00, 0xc5, 0x5d, // ..........w&...]
	0x00, 0x00, 0x76, 0x26, 0x00, 0x00, 0x81, 0x00, 0x05, 0x00, 0x07, 0x00, 0x00, 0x00, 0x78, 0x26, // ..v&..........x&
	0x00, 0x00, 0x91, 0x17, 0x00, 0x00, 0x77, 0x26, 0x00, 0x00, 0x83, 0x00, 0x05, 0x00, 0x0b, 0x00, // ......w&........
	0x00, 0x00, 0x7d, 0x26, 0x00, 0x00, 0x66, 0x26, 0x00, 0x00, 0x8c, 0x17, 0x00, 0x00, 0x94, 0x00, // ..}&..f&........
	0x05, 0x00, 0x07, 0x00, 0x00, 0x00, 0x7e, 0x26, 0x00, 0x00, 0xc5, 0x5d, 0x00, 0x00, 0x7d, 0x26, // ......~&...]..}&
	0x00, 0x00, 0x81, 0x00, 0x05, 0x00, 0x07, 0x00, 0x00, 0x00, 0x7f, 0x26, 0x00, 0x00, 0x91, 0x17, // ...........&....
	0x00, 0x00, 0x7e, 0x26, 0x00, 0x00, 0x83, 0x00, 0x05, 0x00, 0x0b, 0x00, 0x00, 0x00, 0x84, 0x26, // ..~&...........&
	0x00, 0x00, 0x6a, 0x26, 0x00, 0x00, 0x8c, 0x17, 0x00, 0x00, 0x94, 0x00, 0x05, 0x00, 0x07, 0x00, // ..j&............
	0x00, 0x00, 0x85, 0x26, 0x00, 0x00, 0xc5, 0x5d, 0x00, 0x00, 0x84, 0x26, 0x00, 0x00, 0x81, 0x00, // ...&...]...&....
	0x05, 0x00, 0x07, 0x00, 0x00, 0x00, 0x86, 0x26, 0x00, 0x00, 0x91, 0x17, 0x00, 0x00, 0x85, 0x26, // .......&.......&
	0x00, 0x00, 0xf7, 0x00, 0x03, 0x00, 0xcb, 0x26, 0x00, 0x00, 0x00, 0x00, 0x00, 0x00, 0xfb, 0x00, // .......&........
	0x03, 0x00, 0xcc, 0x01, 0x00, 0x00, 0xb6, 0x26, 0x00, 0x00, 0xf8, 0x00, 0x02, 0x00, 0xb6, 0x26, // .......&.......&
	0x00, 0x00, 0xf7, 0x00, 0x03, 0x00, 0xbe, 0x26, 0x00, 0x00, 0x00, 0x00, 0x00, 0x00, 0xfa, 0x00, // .......&........
	0x04, 0x00, 0x0e, 0x15, 0x00, 0x00, 0xb9, 0x26, 0x00, 0x00, 0xbe, 0x26, 0x00, 0x00, 0xf8, 0x00, // .......&...&....
	0x02, 0x00, 0xb9, 0x26, 0x00, 0x00, 0x56, 0x00, 0x05, 0x00, 0x2e, 0x01, 0x00, 0x00, 0xd3, 0x26, // ...&..V........&
	0x00, 0x00, 0xf8, 0x00, 0x00, 0x00, 0xf6, 0x00, 0x00, 0x00, 0x57, 0x00, 0x05, 0x00, 0x0d, 0x00, // ..........W.....
	0x00, 0x00, 0xd5, 0x26, 0x00, 0x00, 0xd3, 0x26, 0x00, 0x00, 0x5d, 0x26, 0x00, 0x00, 0x51, 0x00, // ...&...&..]&..Q.
	0x05, 0x00, 0x07, 0x00, 0x00, 0x00, 0xbd, 0x26, 0x00, 0x00, 0xd5, 0x26, 0x00, 0x00, 0x00, 0x00, // .......&...&....
	0x00, 0x00, 0xf9, 0x00, 0x02, 0x00, 0xcb, 0x26, 0x00, 0x00, 0xf8, 0x00, 0x02, 0x00, 0xbe, 0x26, // .......&.......&
	0x00, 0x00, 0xf7, 0x00, 0x03, 0x00, 0xc6, 0x26, 0x00, 0x00, 0x00, 0x00, 0x00, 0x00, 0xfa, 0x00, // .......&........
	0x04, 0x00, 0x12, 0x15, 0x00, 0x00, 0xc1, 0x26, 0x00, 0x00, 0xc6, 0x26, 0x00, 0x00, 0xf8, 0x00, // .......&...&....
	0x02, 0x00, 0xc1, 0x26, 0x00, 0x00, 0x56, 0x00, 0x05, 0x00, 0x2e, 0x01, 0x00, 0x00, 0xdc, 0x26, // ...&..V........&
	0x00, 0x00, 0xfe, 0x00, 0x00, 0x00, 0xfc, 0x00, 0x00, 0x00, 0x57, 0x00, 0x05, 0x00, 0x0d, 0x00, // ..........W.....
	0x00, 0x00, 0xde, 0x26, 0x00, 0x00, 0xdc, 0x26, 0x00, 0x00, 0x5d, 0x26, 0x00, 0x00, 0x51, 0x00, // ...&...&..]&..Q.
	0x05, 0x00, 0x07, 0x00, 0x00, 0x00, 0xc5, 0x26, 0x00, 0x00, 0xde, 0x26, 0x00, 0x00, 0x00, 0x00, // .......&...&....
	0x00, 0x00, 0xf9, 0x00, 0x02, 0x00, 0xcb, 0x26, 0x00, 0x00, 0xf8, 0x00, 0x02, 0x00, 0xc6, 0x26, // .......&.......&
	0x00, 0x00, 0x56, 0x00, 0x05, 0x00, 0x2e, 0x01, 0x00, 0x00, 0xe5, 0x26, 0x00, 0x00, 0x04, 0x01, // ..V........&....
	0x00, 0x00, 0x02, 0x01, 0x00, 0x00, 0x57, 0x00, 0x05, 0x00, 0x0d, 0x00, 0x00, 0x00, 0xe7, 0x26, // ......W........&
	0x00, 0x00, 0xe5, 0x26, 0x00, 0x00, 0x5d, 0x26, 0x00, 0x00, 0x51, 0x00, 0x05, 0x00, 0x07, 0x00, // ...&..]&..Q.....
	0x00, 0x00, 0xca, 0x26, 0x00, 0x00, 0xe7, 0x26, 0x00, 0x00, 0x00, 0x00, 0x00, 0x00, 0xf9, 0x00, // ...&...&........
	0x02, 0x00, 0xcb, 0x26, 0x00, 0x00, 0xf8, 0x00, 0x02, 0x00, 0xcb, 0x26, 0x00, 0x00, 0xf5, 0x00, // ...&.......&....
	0x09, 0x00, 0x07, 0x00, 0x00, 0x00, 0x5e, 0x5e, 0x00, 0x00, 0xbd, 0x26, 0x00, 0x00, 0xb9, 0x26, // ......^^...&...&
	0x00, 0x00, 0xc5, 0x26, 0x00, 0x00, 0xc1, 0x26, 0x00, 0x00, 0xca, 0x26, 0x00, 0x00, 0xc6, 0x26, // ...&...&...&...&
	0x00, 0x00, 0xbe, 0x00, 0x05, 0x00, 0x97, 0x01, 0x00, 0x00, 0x8b, 0x26, 0x00, 0x00, 0x5e, 0x5e, // ...........&..^^
	0x00, 0x00, 0x71, 0x26, 0x00, 0x00, 0xa9, 0x00, 0x06, 0x00, 0x07, 0x00, 0x00, 0x00, 0x8c, 0x26, // ..q&...........&
	0x00, 0x00, 0x8b, 0x26, 0x00, 0x00, 0xa1, 0x01, 0x00, 0x00, 0x73, 0x01, 0x00, 0x00, 0xf7, 0x00, // ...&......s.....
	0x03, 0x00, 0x07, 0x27, 0x00, 0x00, 0x00, 0x00, 0x00, 0x00, 0xfb, 0x00, 0x03, 0x00, 0xcc, 0x01, // ...'............
	0x00, 0x00, 0xf2, 0x26, 0x00, 0x00, 0xf8, 0x00, 0x02, 0x00, 0xf2, 0x26, 0x00, 0x00, 0xf7, 0x00, // ...&.......&....
	0x03, 0x00, 0xfa, 0x26, 0x00, 0x00, 0x00, 0x00, 0x00, 0x00, 0xfa, 0x00, 0x04, 0x00, 0x0e, 0x15, // ...&............
	0x00, 0x00, 0xf5, 0x26, 0x00, 0x00, 0xfa, 0x26, 0x00, 0x00, 0xf8, 0x00, 0x02, 0x00, 0xf5, 0x26, // ...&...&.......&
	0x00, 0x00, 0x56, 0x00, 0x05, 0x00, 0x2e, 0x01, 0x00, 0x00, 0x0f, 0x27, 0x00, 0x00, 0xf8, 0x00, // ..V........'....
	0x00, 0x00, 0xf6, 0x00, 0x00, 0x00, 0x57, 0x00, 0x05, 0x00, 0x0d, 0x00, 0x00, 0x00, 0x11, 0x27, // ......W........'
	0x00, 0x00, 0x0f, 0x27, 0x00, 0x00, 0x62, 0x26, 0x00, 0x00, 0x51, 0x00, 0x05, 0x00, 0x07, 0x00, // ...'..b&..Q.....
	0x00, 0x00, 0xf9, 0x26, 0x00, 0x00, 0x11, 0x27, 0x00, 0x00, 0x00, 0x00, 0x00, 0x00, 0xf9, 0x00, // ...&...'........
	0x02, 0x00, 0x07, 0x27, 0x00, 0x00, 0xf8, 0x00, 0x02, 0x00, 0xfa, 0x26, 0x00, 0x00, 0xf7, 0x00, // ...'.......&....
	0x03, 0x00, 0x02, 0x27, 0x00, 0x00, 0x00, 0x00, 0x00, 0x00, 0xfa, 0x00, 0x04, 0x00, 0x12, 0x15, // ...'............
	0x00, 0x00, 0xfd, 0x26, 0x00, 0x00, 0x02, 0x27, 0x00, 0x00, 0xf8, 0x00, 0x02, 0x00, 0xfd, 0x26, // ...&...'.......&
	0x00, 0x00, 0x56, 0x00, 0x05, 0x00, 0x2e, 0x01, 0x00, 0x00, 0x18, 0x27, 0x00, 0x00, 0xfe, 0x00, // ..V........'....
	0x00, 0x00, 0xfc, 0x00, 0x00, 0x00, 0x57, 0x00, 0x05, 0x00, 0x0d, 0x00, 0x00, 0x00, 0x1a, 0x27, // ......W........'
	0x00, 0x00, 0x18, 0x27, 0x00, 0x00, 0x62, 0x26, 0x00, 0x00, 0x51, 0x00, 0x05, 0x00, 0x07, 0x00, // ...'..b&..Q.....
	0x00, 0x00, 0x01, 0x27, 0x00, 0x00, 0x1a, 0x27, 0x00, 0x00, 0x00, 0x00, 0x00, 0x00, 0xf9, 0x00, // ...'...'........
	0x02, 0x00, 0x07, 0x27, 0x00, 0x00, 0xf8, 0x00, 0x02, 0x00, 0x02, 0x27, 0x00, 0x00, 0x56, 0x00, // ...'.......'..V.
	0x05, 0x00, 0x2e, 0x01, 0x00, 0x00, 0x21, 0x27, 0x00, 0x00, 0x04, 0x01, 0x00, 0x00, 0x02, 0x01, // ......!'........
	0x00, 0x00, 0x57, 0x00, 0x05, 0x00, 0x0d, 0x00, 0x00, 0x00, 0x23, 0x27, 0x00, 0x00, 0x21, 0x27, // ..W.......#'..!'
	0x00, 0x00, 0x62, 0x26, 0x00, 0x00, 0x51, 0x00, 0x05, 0x00, 0x07, 0x00, 0x00, 0x00, 0x06, 0x27, // ..b&..Q........'
	0x00, 0x00, 0x23, 0x27, 0x00, 0x00, 0x00, 0x00, 0x00, 0x00, 0xf9, 0x00, 0x02, 0x00, 0x07, 0x27, // ..#'...........'
	0x00, 0x00, 0xf8, 0x00, 0x02, 0x00, 0x07, 0x27, 0x00, 0x00, 0xf5, 0x00, 0x09, 0x00, 0x07, 0x00, // .......'........
	0x00, 0x00, 0x5f, 0x5e, 0x00, 0x00, 0xf9, 0x26, 0x00, 0x00, 0xf5, 0x26, 0x00, 0x00, 0x01, 0x27, // .._^...&...&...'
	0x00, 0x00, 0xfd, 0x26, 0x00, 0x00, 0x06, 0x27, 0x00, 0x00, 0x02, 0x27, 0x00, 0x00, 0xbe, 0x00, // ...&...'...'....
	0x05, 0x00, 0x97, 0x01, 0x00, 0x00, 0x91, 0x26, 0x00, 0x00, 0x5f, 0x5e, 0x00, 0x00, 0x78, 0x26, // .......&.._^..x&
	0x00, 0x00, 0xa9, 0x00, 0x06, 0x00, 0x07, 0x00, 0x00, 0x00, 0x92, 0x26, 0x00, 0x00, 0x91, 0x26, // ...........&...&
	0x00, 0x00, 0xa1, 0x01, 0x00, 0x00, 0x73, 0x01, 0x00, 0x00, 0xf7, 0x00, 0x03, 0x00, 0x43, 0x27, // ......s.......C'
	0x00, 0x00, 0x00, 0x00, 0x00, 0x00, 0xfb, 0x00, 0x03, 0x00, 0xcc, 0x01, 0x00, 0x00, 0x2e, 0x27, // ...............'
	0x00, 0x00, 0xf8, 0x00, 0x02, 0x00, 0x2e, 0x27, 0x00, 0x00, 0xf7, 0x00, 0x03, 0x00, 0x36, 0x27, // .......'......6'
	0x00, 0x00, 0x00, 0x00, 0x00, 0x00, 0xfa, 0x00, 0x04, 0x00, 0x0e, 0x15, 0x00, 0x00, 0x31, 0x27, // ..............1'
	0x00, 0x00, 0x36, 0x27, 0x00, 0x00, 0xf8, 0x00, 0x02, 0x00, 0x31, 0x27, 0x00, 0x00, 0x56, 0x00, // ..6'......1'..V.
	0x05, 0x00, 0x2e, 0x01, 0x00, 0x00, 0x4b, 0x27, 0x00, 0x00, 0xf8, 0x00, 0x00, 0x00, 0xf6, 0x00, // ......K'........
	0x00, 0x00, 0x57, 0x00, 0x05, 0x00, 0x0d, 0x00, 0x00, 0x00, 0x4d, 0x27, 0x00, 0x00, 0x4b, 0x27, // ..W.......M'..K'
	0x00, 0x00, 0x66, 0x26, 0x00, 0x00, 0x51, 0x00, 0x05, 0x00, 0x07, 0x00, 0x00, 0x00, 0x35, 0x27, // ..f&..Q.......5'
	0x00, 0x00, 0x4d, 0x27, 0x00, 0x00, 0x00, 0x00, 0x00, 0x00, 0xf9, 0x00, 0x02, 0x00, 0x43, 0x27, // ..M'..........C'
	0x00, 0x00, 0xf8, 0x00, 0x02, 0x00, 0x36, 0x27, 0x00, 0x00, 0xf7, 0x00, 0x03, 0x00, 0x3e, 0x27, // ......6'......>'
	0x00, 0x00, 0x00, 0x00, 0x00, 0x00, 0xfa, 0x00, 0x04, 0x00, 0x12, 0x15, 0x00, 0x00, 0x39, 0x27, // ..............9'
	0x00, 0x00, 0x3e, 0x27, 0x00, 0x00, 0xf8, 0x00, 0x02, 0x00, 0x39, 0x27, 0x00, 0x00, 0x56, 0x00, // ..>'......9'..V.
	0x05, 0x00, 0x2e, 0x01, 0x00, 0x00, 0x54, 0x27, 0x00, 0x00, 0xfe, 0x00, 0x00, 0x00, 0xfc, 0x00, // ......T'........
	0x00, 0x00, 0x57, 0x00, 0x05, 0x00, 0x0d, 0x00, 0x00, 0x00, 0x56, 0x27, 0x00, 0x00, 0x54, 0x27, // ..W.......V'..T'
	0x00, 0x00, 0x66, 0x26, 0x00, 0x00, 0x51, 0x00, 0x05, 0x00, 0x07, 0x00, 0x00, 0x00, 0x3d, 0x27, // ..f&..Q.......='
	0x00, 0x00, 0x56, 0x27, 0x00, 0x00, 0x00, 0x00, 0x00, 0x00, 0xf9, 0x00, 0x02, 0x00, 0x43, 0x27, // ..V'..........C'
	0x00, 0x00, 0xf8, 0x00, 0x02, 0x00, 0x3e, 0x27, 0x00, 0x00, 0x56, 0x00, 0x05, 0x00, 0x2e, 0x01, // ......>'..V.....
	0x00, 0x00, 0x5d, 0x27, 0x00, 0x00, 0x04, 0x01, 0x00, 0x00, 0x02, 0x01, 0x00, 0x00, 0x57, 0x00, // ..]'..........W.
	0x05, 0x00, 0x0d, 0x00, 0x00, 0x00, 0x5f, 0x27, 0x00, 0x00, 0x5d, 0x27, 0x00, 0x00, 0x66, 0x26, // ......_'..]'..f&
	0x00, 0x00, 0x51, 0x00, 0x05, 0x00, 0x07, 0x00, 0x00, 0x00, 0x42, 0x27, 0x00, 0x00, 0x5f, 0x27, // ..Q.......B'.._'
	0x00, 0x00, 0x00, 0x00, 0x00, 0x00, 0xf9, 0x00, 0x02, 0x00, 0x43, 0x27, 0x00, 0x00, 0xf8, 0x00, // ..........C'....
	0x02, 0x00, 0x43, 0x27, 0x00, 0x00, 0xf5, 0x00, 0x09, 0x00, 0x07, 0x00, 0x00, 0x00, 0x60, 0x5e, // ..C'..........`^
	0x00, 0x00, 0x35, 0x27, 0x00, 0x00, 0x31, 0x27, 0x00, 0x00, 0x3d, 0x27, 0x00, 0x00, 0x39, 0x27, // ..5'..1'..='..9'
	0x00, 0x00, 0x42, 0x27, 0x00, 0x00, 0x3e, 0x27, 0x00, 0x00, 0xbe, 0x00, 0x05, 0x00, 0x97, 0x01, // ..B'..>'........
	0x00, 0x00, 0x97, 0x26, 0x00, 0x00, 0x60, 0x5e, 0x00, 0x00, 0x7f, 0x26, 0x00, 0x00, 0xa9, 0x00, // ...&..`^...&....
	0x06, 0x00, 0x07, 0x00, 0x00, 0x00, 0x98, 0x26, 0x00, 0x00, 0x97, 0x26, 0x00, 0x00, 0xa1, 0x01, // .......&...&....
	0x00, 0x00, 0x73, 0x01, 0x00, 0x00, 0xf7, 0x00, 0x03, 0x00, 0x7f, 0x27, 0x00, 0x00, 0x00, 0x00, // ..s........'....
	0x00, 0x00, 0xfb, 0x00, 0x03, 0x00, 0xcc, 0x01, 0x00, 0x00, 0x6a, 0x27, 0x00, 0x00, 0xf8, 0x00, // ..........j'....
	0x02, 0x00, 0x6a, 0x27, 0x00, 0x00, 0xf7, 0x00, 0x03, 0x00, 0x72, 0x27, 0x00, 0x00, 0x00, 0x00, // ..j'......r'....
	0x00, 0x00, 0xfa, 0x00, 0x04, 0x00, 0x0e, 0x15, 0x00, 0x00, 0x6d, 0x27, 0x00, 0x00, 0x72, 0x27, // ..........m'..r'
	0x00, 0x00, 0xf8, 0x00, 0x02, 0x00, 0x6d, 0x27, 0x00, 0x00, 0x56, 0x00, 0x05, 0x00, 0x2e, 0x01, // ......m'..V.....
	0x00, 0x00, 0x87, 0x27, 0x00, 0x00, 0xf8, 0x00, 0x00, 0x00, 0xf6, 0x00, 0x00, 0x00, 0x57, 0x00, // ...'..........W.
	0x05, 0x00, 0x0d, 0x00, 0x00, 0x00, 0x89, 0x27, 0x00, 0x00, 0x87, 0x27, 0x00, 0x00, 0x6a, 0x26, // .......'...'..j&
	0x00, 0x00, 0x51, 0x00, 0x05, 0x00, 0x07, 0x00, 0x00, 0x00, 0x71, 0x27, 0x00, 0x00, 0x89, 0x27, // ..Q.......q'...'
	0x00, 0x00, 0x00, 0x00, 0x00, 0x00, 0xf9, 0x00, 0x02, 0x00, 0x7f, 0x27, 0x00, 0x00, 0xf8, 0x00, // ...........'....
	0x02, 0x00, 0x72, 0x27, 0x00, 0x00, 0xf7, 0x00, 0x03, 0x00, 0x7a, 0x27, 0x00, 0x00, 0x00, 0x00, // ..r'......z'....
	0x00, 0x00, 0xfa, 0x00, 0x04, 0x00, 0x12, 0x15, 0x00, 0x00, 0x75, 0x27, 0x00, 0x00, 0x7a, 0x27, // ..........u'..z'
	0x00, 0x00, 0xf8, 0x00, 0x02, 0x00, 0x75, 0x27, 0x00, 0x00, 0x56, 0x00, 0x05, 0x00, 0x2e, 0x01, // ......u'..V.....
	0x00, 0x00, 0x90, 0x27, 0x00, 0x00, 0xfe, 0x00, 0x00, 0x00, 0xfc, 0x00, 0x00, 0x00, 0x57, 0x00, // ...'..........W.
	0x05, 0x00, 0x0d, 0x00, 0x00, 0x00, 0x92, 0x27, 0x00, 0x00, 0x90, 0x27, 0x00, 0x00, 0x6a, 0x26, // .......'...'..j&
	0x00, 0x00, 0x51, 0x00, 0x05, 0x00, 0x07, 0x00, 0x00, 0x00, 0x79, 0x27, 0x00, 0x00, 0x92, 0x27, // ..Q.......y'...'
	0x00, 0x00, 0x00, 0x00, 0x00, 0x00, 0xf9, 0x00, 0x02, 0x00, 0x7f, 0x27, 0x00, 0x00, 0xf8, 0x00, // ...........'....
	0x02, 0x00, 0x7a, 0x27, 0x00, 0x00, 0x56, 0x00, 0x05, 0x00, 0x2e, 0x01, 0x00, 0x00, 0x99, 0x27, // ..z'..V........'
	0x00, 0x00, 0x04, 0x01, 0x00, 0x00, 0x02, 0x01, 0x00, 0x00, 0x57, 0x00, 0x05, 0x00, 0x0d, 0x00, // ..........W.....
	0x00, 0x00, 0x9b, 0x27, 0x00, 0x00, 0x99, 0x27, 0x00, 0x00, 0x6a, 0x26, 0x00, 0x00, 0x51, 0x00, // ...'...'..j&..Q.
	0x05, 0x00, 0x07, 0x00, 0x00, 0x00, 0x7e, 0x27, 0x00, 0x00, 0x9b, 0x27, 0x00, 0x00, 0x00, 0x00, // ......~'...'....
	0x00, 0x00, 0xf9, 0x00, 0x02, 0x00, 0x7f, 0x27, 0x00, 0x00, 0xf8, 0x00, 0x02, 0x00, 0x7f, 0x27, // .......'.......'
	0x00, 0x00, 0xf5, 0x00, 0x09, 0x00, 0x07, 0x00, 0x00, 0x00, 0x61, 0x5e, 0x00, 0x00, 0x71, 0x27, // ..........a^..q'
	0x00, 0x00, 0x6d, 0x27, 0x00, 0x00, 0x79, 0x27, 0x00, 0x00, 0x75, 0x27, 0x00, 0x00, 0x7e, 0x27, // ..m'..y'..u'..~'
	0x00, 0x00, 0x7a, 0x27, 0x00, 0x00, 0xbe, 0x00, 0x05, 0x00, 0x97, 0x01, 0x00, 0x00, 0x9d, 0x26, // ..z'...........&
	0x00, 0x00, 0x61, 0x5e, 0x00, 0x00, 0x86, 0x26, 0x00, 0x00, 0xa9, 0x00, 0x06, 0x00, 0x07, 0x00, // ..a^...&........
	0x00, 0x00, 0x9e, 0x26, 0x00, 0x00, 0x9d, 0x26, 0x00, 0x00, 0xa1, 0x01, 0x00, 0x00, 0x73, 0x01, // ...&...&......s.
	0x00, 0x00, 0x51, 0x00, 0x05, 0x00, 0x07, 0x00, 0x00, 0x00, 0xa2, 0x26, 0x00, 0x00, 0x58, 0x26, // ..Q........&..X&
	0x00, 0x00, 0x00, 0x00, 0x00, 0x00, 0x0c, 0x00, 0x08, 0x00, 0x07, 0x00, 0x00, 0x00, 0xa1, 0x27, // ...............'
	0x00, 0x00, 0x01, 0x00, 0x00, 0x00, 0x2e, 0x00, 0x00, 0x00, 0x8c, 0x26, 0x00, 0x00, 0x92, 0x26, // ...........&...&
	0x00, 0x00, 0xa2, 0x26, 0x00, 0x00, 0x0c, 0x00, 0x08, 0x00, 0x07, 0x00, 0x00, 0x00, 0xa7, 0x27, // ...&...........'
	0x00, 0x00, 0x01, 0x00, 0x00, 0x00, 0x2e, 0x00, 0x00, 0x00, 0x98, 0x26, 0x00, 0x00, 0x9e, 0x26, // ...........&...&
	0x00, 0x00, 0xa2, 0x26, 0x00, 0x00, 0x51, 0x00, 0x05, 0x00, 0x07, 0x00, 0x00, 0x00, 0xaa, 0x26, // ...&..Q........&
	0x00, 0x00, 0x58, 0x26, 0x00, 0x00, 0x01, 0x00, 0x00, 0x00, 0x0c, 0x00, 0x08, 0x00, 0x07, 0x00, // ..X&............
	0x00, 0x00, 0xad, 0x27, 0x00, 0x00, 0x01, 0x00, 0x00, 0x00, 0x2e, 0x00, 0x00, 0x00, 0xa1, 0x27, // ...'...........'
	0x00, 0x00, 0xa7, 0x27, 0x00, 0x00, 0xaa, 0x26, 0x00, 0x00, 0x81, 0x00, 0x05, 0x00, 0x07, 0x00, // ...'...&........
	0x00, 0x00, 0x97, 0x17, 0x00, 0x00, 0x86, 0x17, 0x00, 0x00, 0xad, 0x27, 0x00, 0x00, 0x8e, 0x00, // ...........'....
	0x05, 0x00, 0x0b, 0x00, 0x00, 0x00, 0x9a, 0x17, 0x00, 0x00, 0x97, 0x03, 0x00, 0x00, 0xed, 0x16, // ................
	0x00, 0x00, 0x81, 0x00, 0x05, 0x00, 0x0b, 0x00, 0x00, 0x00, 0x9d, 0x17, 0x00, 0x00, 0xc2, 0x5c, // ................
	0x00, 0x00, 0x9a, 0x17, 0x00, 0x00, 0x94, 0x00, 0x05, 0x00, 0x07, 0x00, 0x00, 0x00, 0xa1, 0x17, // ................
	0x00, 0x00, 0xc5, 0x5d, 0x00, 0x00, 0x9a, 0x17, 0x00, 0x00, 0x81, 0x00, 0x05, 0x00, 0x07, 0x00, // ...]............
	0x00, 0x00, 0xa2, 0x17, 0x00, 0x00, 0xf7, 0x15, 0x00, 0x00, 0xa1, 0x17, 0x00, 0x00, 0x88, 0x00, // ................
	0x05, 0x00, 0x0b, 0x00, 0x00, 0x00, 0xd4, 0x27, 0x00, 0x00, 0x9d, 0x17, 0x00, 0x00, 0x38, 0x1a, // .......'......8.
	0x00, 0x00, 0x83, 0x00, 0x05, 0x00, 0x0b, 0x00, 0x00, 0x00, 0xd6, 0x27, 0x00, 0x00, 0xd4, 0x27, // ...........'...'
	0x00, 0x00, 0xa4, 0x5d, 0x00, 0x00, 0x0c, 0x00, 0x06, 0x00, 0x0b, 0x00, 0x00, 0x00, 0xd8, 0x27, // ...]...........'
	0x00, 0x00, 0x01, 0x00, 0x00, 0x00, 0x08, 0x00, 0x00, 0x00, 0xd6, 0x27, 0x00, 0x00, 0x83, 0x00, // ...........'....
	0x05, 0x00, 0x0b, 0x00, 0x00, 0x00, 0xdb, 0x27, 0x00, 0x00, 0xd6, 0x27, 0x00, 0x00, 0xd8, 0x27, // .......'...'...'
	0x00, 0x00, 0x81, 0x00, 0x05, 0x00, 0x0b, 0x00, 0x00, 0x00, 0xde, 0x27, 0x00, 0x00, 0xd8, 0x27, // ...........'...'
	0x00, 0x00, 0xa4, 0x5d, 0x00, 0x00, 0x8e, 0x00, 0x05, 0x00, 0x0b, 0x00, 0x00, 0x00, 0xe0, 0x27, // ...]...........'
	0x00, 0x00, 0xde, 0x27, 0x00, 0x00, 0xee, 0x15, 0x00, 0x00, 0x81, 0x00, 0x05, 0x00, 0x0b, 0x00, // ...'............
	0x00, 0x00, 0xe5, 0x27, 0x00, 0x00, 0xe0, 0x27, 0x00, 0x00, 0x49, 0x1a, 0x00, 0x00, 0x81, 0x00, // ...'...'..I.....
	0x05, 0x00, 0x0b, 0x00, 0x00, 0x00, 0xe9, 0x27, 0x00, 0x00, 0xe0, 0x27, 0x00, 0x00, 0x4d, 0x1a, // .......'...'..M.
	0x00, 0x00, 0x81, 0x00, 0x05, 0x00, 0x0b, 0x00, 0x00, 0x00, 0xed, 0x27, 0x00, 0x00, 0xe0, 0x27, // ...........'...'
	0x00, 0x00, 0x38, 0x1a, 0x00, 0x00, 0x83, 0x00, 0x05, 0x00, 0x0b, 0x00, 0x00, 0x00, 0xf2, 0x27, // ..8............'
	0x00, 0x00, 0xe0, 0x27, 0x00, 0x00, 0x9d, 0x17, 0x00, 0x00, 0x94, 0x00, 0x05, 0x00, 0x07, 0x00, // ...'............
	0x00, 0x00, 0xf3, 0x27, 0x00, 0x00, 0xc5, 0x5d, 0x00, 0x00, 0xf2, 0x27, 0x00, 0x00, 0x81, 0x00, // ...'...]...'....
	0x05, 0x00, 0x07, 0x00, 0x00, 0x00, 0xf4, 0x27, 0x00, 0x00, 0xa2, 0x17, 0x00, 0x00, 0xf3, 0x27, // .......'.......'
	0x00, 0x00, 0x83, 0x00, 0x05, 0x00, 0x0b, 0x00, 0x00, 0x00, 0xf9, 0x27, 0x00, 0x00, 0xe5, 0x27, // ...........'...'
	0x00, 0x00, 0x9d, 0x17, 0x00, 0x00, 0x94, 0x00, 0x05, 0x00, 0x07, 0x00, 0x00, 0x00, 0xfa, 0x27, // ...............'
	0x00, 0x00, 0xc5, 0x5d, 0x00, 0x00, 0xf9, 0x27, 0x00, 0x00, 0x81, 0x00, 0x05, 0x00, 0x07, 0x00, // ...]...'........
	0x00, 0x00, 0xfb, 0x27, 0x00, 0x00, 0xa2, 0x17, 0x00, 0x00, 0xfa, 0x27, 0x00, 0x00, 0x83, 0x00, // ...'.......'....
	0x05, 0x00, 0x0b, 0x00, 0x00, 0x00, 0x00, 0x28, 0x00, 0x00, 0xe9, 0x27, 0x00, 0x00, 0x9d, 0x17, // .......(...'....
	0x00, 0x00, 0x94, 0x00, 0x05, 0x00, 0x07, 0x00, 0x00, 0x00, 0x01, 0x28, 0x00, 0x00, 0xc5, 0x5d, // ...........(...]
	0x00, 0x00, 0x00, 0x28, 0x00, 0x00, 0x81, 0x00, 0x05, 0x00, 0x07, 0x00, 0x00, 0x00, 0x02, 0x28, // ...(...........(
	0x00, 0x00, 0xa2, 0x17, 0x00, 0x00, 0x01, 0x28, 0x00, 0x00, 0x83, 0x00, 0x05, 0x00, 0x0b, 0x00, // .......(........
	0x00, 0x00, 0x07, 0x28, 0x00, 0x00, 0xed, 0x27, 0x00, 0x00, 0x9d, 0x17, 0x00, 0x00, 0x94, 0x00, // ...(...'........
	0x05, 0x00, 0x07, 0x00, 0x00, 0x00, 0x08, 0x28, 0x00, 0x00, 0xc5, 0x5d, 0x00, 0x00, 0x07, 0x28, // .......(...]...(
	0x00, 0x00, 0x81, 0x00, 0x05, 0x00, 0x07, 0x00, 0x00, 0x00, 0x09, 0x28, 0x00, 0x00, 0xa2, 0x17, // ...........(....
	0x00, 0x00, 0x08, 0x28, 0x00, 0x00, 0xf7, 0x00, 0x03, 0x00, 0x4e, 0x28, 0x00, 0x00, 0x00, 0x00, // ...(......N(....
	0x00, 0x00, 0xfb, 0x00, 0x03, 0x00, 0xcc, 0x01, 0x00, 0x00, 0x39, 0x28, 0x00, 0x00, 0xf8, 0x00, // ..........9(....
	0x02, 0x00, 0x39, 0x28, 0x00, 0x00, 0xf7, 0x00, 0x03, 0x00, 0x41, 0x28, 0x00, 0x00, 0x00, 0x00, // ..9(......A(....
	0x00, 0x00, 0xfa, 0x00, 0x04, 0x00, 0x0e, 0x15, 0x00, 0x00, 0x3c, 0x28, 0x00, 0x00, 0x41, 0x28, // ..........<(..A(
	0x00, 0x00, 0xf8, 0x00, 0x02, 0x00, 0x3c, 0x28, 0x00, 0x00, 0x56, 0x00, 0x05, 0x00, 0x2e, 0x01, // ......<(..V.....
	0x00, 0x00, 0x56, 0x28, 0x00, 0x00, 0xf8, 0x00, 0x00, 0x00, 0xf6, 0x00, 0x00, 0x00, 0x57, 0x00, // ..V(..........W.
	0x05, 0x00, 0x0d, 0x00, 0x00, 0x00, 0x58, 0x28, 0x00, 0x00, 0x56, 0x28, 0x00, 0x00, 0xe0, 0x27, // ......X(..V(...'
	0x00, 0x00, 0x51, 0x00, 0x05, 0x00, 0x07, 0x00, 0x00, 0x00, 0x40, 0x28, 0x00, 0x00, 0x58, 0x28, // ..Q.......@(..X(
	0x00, 0x00, 0x00, 0x00, 0x00, 0x00, 0xf9, 0x00, 0x02, 0x00, 0x4e, 0x28, 0x00, 0x00, 0xf8, 0x00, // ..........N(....
	0x02, 0x00, 0x41, 0x28, 0x00, 0x00, 0xf7, 0x00, 0x03, 0x00, 0x49, 0x28, 0x00, 0x00, 0x00, 0x00, // ..A(......I(....
	0x00, 0x00, 0xfa, 0x00, 0x04, 0x00, 0x12, 0x15, 0x00, 0x00, 0x44, 0x28, 0x00, 0x00, 0x49, 0x28, // ..........D(..I(
	0x00, 0x00, 0xf8, 0x00, 0x02, 0x00, 0x44, 0x28, 0x00, 0x00, 0x56, 0x00, 0x05, 0x00, 0x2e, 0x01, // ......D(..V.....
	0x00, 0x00, 0x5f, 0x28, 0x00, 0x00, 0xfe, 0x00, 0x00, 0x00, 0xfc, 0x00, 0x00, 0x00, 0x57, 0x00, // .._(..........W.
	0x05, 0x00, 0x0d, 0x00, 0x00, 0x00, 0x61, 0x28, 0x00, 0x00, 0x5f, 0x28, 0x00, 0x00, 0xe0, 0x27, // ......a(.._(...'
	0x00, 0x00, 0x51, 0x00, 0x05, 0x00, 0x07, 0x00, 0x00, 0x00, 0x48, 0x28, 0x00, 0x00, 0x61, 0x28, // ..Q.......H(..a(
	0x00, 0x00, 0x00, 0x00, 0x00, 0x00, 0xf9, 0x00, 0x02, 0x00, 0x4e, 0x28, 0x00, 0x00, 0xf8, 0x00, // ..........N(....
	0x02, 0x00, 0x49, 0x28, 0x00, 0x00, 0x56, 0x00, 0x05, 0x00, 0x2e, 0x01, 0x00, 0x00, 0x68, 0x28, // ..I(..V.......h(
	0x00, 0x00, 0x04, 0x01, 0x00, 0x00, 0x02, 0x01, 0x00, 0x00, 0x57, 0x00, 0x05, 0x00, 0x0d, 0x00, // ..........W.....
	0x00, 0x00, 0x6a, 0x28, 0x00, 0x00, 0x68, 0x28, 0x00, 0x00, 0xe0, 0x27, 0x00, 0x00, 0x51, 0x00, // ..j(..h(...'..Q.
	0x05, 0x00, 0x07, 0x00, 0x00, 0x00, 0x4d, 0x28, 0x00, 0x00, 0x6a, 0x28, 0x00, 0x00, 0x00, 0x00, // ......M(..j(....
	0x00, 0x00, 0xf9, 0x00, 0x02, 0x00, 0x4e, 0x28, 0x00, 0x00, 0xf8, 0x00, 0x02, 0x00, 0x4e, 0x28, // ......N(......N(
	0x00, 0x00, 0xf5, 0x00, 0x09, 0x00, 0x07, 0x00, 0x00, 0x00, 0x6a, 0x5e, 0x00, 0x00, 0x40, 0x28, // ..........j^..@(
	0x00, 0x00, 0x3c, 0x28, 0x00, 0x00, 0x48, 0x28, 0x00, 0x00, 0x44, 0x28, 0x00, 0x00, 0x4d, 0x28, // ..<(..H(..D(..M(
	0x00, 0x00, 0x49, 0x28, 0x00, 0x00, 0xbe, 0x00, 0x05, 0x00, 0x97, 0x01, 0x00, 0x00, 0x0e, 0x28, // ..I(...........(
	0x00, 0x00, 0x6a, 0x5e, 0x00, 0x00, 0xf4, 0x27, 0x00, 0x00, 0xa9, 0x00, 0x06, 0x00, 0x07, 0x00, // ..j^...'........
	0x00, 0x00, 0x0f, 0x28, 0x00, 0x00, 0x0e, 0x28, 0x00, 0x00, 0xa1, 0x01, 0x00, 0x00, 0x73, 0x01, // ...(...(......s.
	0x00, 0x00, 0xf7, 0x00, 0x03, 0x00, 0x8a, 0x28, 0x00, 0x00, 0x00, 0x00, 0x00, 0x00, 0xfb, 0x00, // .......(........
	0x03, 0x00, 0xcc, 0x01, 0x00, 0x00, 0x75, 0x28, 0x00, 0x00, 0xf8, 0x00, 0x02, 0x00, 0x75, 0x28, // ......u(......u(
	0x00, 0x00, 0xf7, 0x00, 0x03, 0x00, 0x7d, 0x28, 0x00, 0x00, 0x00, 0x00, 0x00, 0x00, 0xfa, 0x00, // ......}(........
	0x04, 0x00, 0x0e, 0x15, 0x00, 0x00, 0x78, 0x28, 0x00, 0x00, 0x7d, 0x28, 0x00, 0x00, 0xf8, 0x00, // ......x(..}(....
	0x02, 0x00, 0x78, 0x28, 0x00, 0x00, 0x56, 0x00, 0x05, 0x00, 0x2e, 0x01, 0x00, 0x00, 0x92, 0x28, // ..x(..V........(
	0x00, 0x00, 0xf8, 0x00, 0x00, 0x00, 0xf6, 0x00, 0x00, 0x00, 0x57, 0x00, 0x05, 0x00, 0x0d, 0x00, // ..........W.....
	0x00, 0x00, 0x94, 0x28, 0x00, 0x00, 0x92, 0x28, 0x00, 0x00, 0xe5, 0x27, 0x00, 0x00, 0x51, 0x00, // ...(...(...'..Q.
	0x05, 0x00, 0x07, 0x00, 0x00, 0x00, 0x7c, 0x28, 0x00, 0x00, 0x94, 0x28, 0x00, 0x00, 0x00, 0x00, // ......|(...(....
	0x00, 0x00, 0xf9, 0x00, 0x02, 0x00, 0x8a, 0x28, 0x00, 0x00, 0xf8, 0x00, 0x02, 0x00, 0x7d, 0x28, // .......(......}(
	0x00, 0x00, 0xf7, 0x00, 0x03, 0x00, 0x85, 0x28, 0x00, 0x00, 0x00, 0x00, 0x00, 0x00, 0xfa, 0x00, // .......(........
	0x04, 0x00, 0x12, 0x15, 0x00, 0x00, 0x80, 0x28, 0x00, 0x00, 0x85, 0x28, 0x00, 0x00, 0xf8, 0x00, // .......(...(....
	0x02, 0x00, 0x80, 0x28, 0x00, 0x00, 0x56, 0x00, 0x05, 0x00, 0x2e, 0x01, 0x00, 0x00, 0x9b, 0x28, // ...(..V........(
	0x00, 0x00, 0xfe, 0x00, 0x00, 0x00, 0xfc, 0x00, 0x00, 0x00, 0x57, 0x00, 0x05, 0x00, 0x0d, 0x00, // ..........W.....
	0x00, 0x00, 0x9d, 0x28, 0x00, 0x00, 0x9b, 0x28, 0x00, 0x00, 0xe5, 0x27, 0x00, 0x00, 0x51, 0x00, // ...(...(...'..Q.
	0x05, 0x00, 0x07, 0x00, 0x00, 0x00, 0x84, 0x28, 0x00, 0x00, 0x9d, 0x28, 0x00, 0x00, 0x00, 0x00, // .......(...(....
	0x00, 0x00, 0xf9, 0x00, 0x02, 0x00, 0x8a, 0x28, 0x00, 0x00, 0xf8, 0x00, 0x02, 0x00, 0x85, 0x28, // .......(.......(
	0x00, 0x00, 0x56, 0x00, 0x05, 0x00, 0x2e, 0x01, 0x00, 0x00, 0xa4, 0x28, 0x00, 0x00, 0x04, 0x01, // ..V........(....
	0x00, 0x00, 0x02, 0x01, 0x00, 0x00, 0x57, 0x00, 0x05, 0x00, 0x0d, 0x00, 0x00, 0x00, 0xa6, 0x28, // ......W........(
	0x00, 0x00, 0xa4, 0x28, 0x00, 0x00, 0xe5, 0x27, 0x00, 0x00, 0x51, 0x00, 0x05, 0x00, 0x07, 0x00, // ...(...'..Q.....
	0x00, 0x00, 0x89, 0x28, 0x00, 0x00, 0xa6, 0x28, 0x00, 0x00, 0x00, 0x00, 0x00, 0x00, 0xf9, 0x00, // ...(...(........
	0x02, 0x00, 0x8a, 0x28, 0x00, 0x00, 0xf8, 0x00, 0x02, 0x00, 0x8a, 0x28, 0x00, 0x00, 0xf5, 0x00, // ...(.......(....
	0x09, 0x00, 0x07, 0x00, 0x00, 0x00, 0x6b, 0x5e, 0x00, 0x00, 0x7c, 0x28, 0x00, 0x00, 0x78, 0x28, // ......k^..|(..x(
	0x00, 0x00, 0x84, 0x28, 0x00, 0x00, 0x80, 0x28, 0x00, 0x00, 0x89, 0x28, 0x00, 0x00, 0x85, 0x28, // ...(...(...(...(
	0x00, 0x00, 0xbe, 0x00, 0x05, 0x00, 0x97, 0x01, 0x00, 0x00, 0x14, 0x28, 0x00, 0x00, 0x6b, 0x5e, // ...........(..k^
	0x00, 0x00, 0xfb, 0x27, 0x00, 0x00, 0xa9, 0x00, 0x06, 0x00, 0x07, 0x00, 0x00, 0x00, 0x15, 0x28, // ...'...........(
	0x00, 0x00, 0x14, 0x28, 0x00, 0x00, 0xa1, 0x01, 0x00, 0x00, 0x73, 0x01, 0x00, 0x00, 0xf7, 0x00, // ...(......s.....
	0x03, 0x00, 0xc6, 0x28, 0x00, 0x00, 0x00, 0x00, 0x00, 0x00, 0xfb, 0x00, 0x03, 0x00, 0xcc, 0x01, // ...(............
	0x00, 0x00, 0xb1, 0x28, 0x00, 0x00, 0xf8, 0x00, 0x02, 0x00, 0xb1, 0x28, 0x00, 0x00, 0xf7, 0x00, // ...(.......(....
	0x03, 0x00, 0xb9, 0x28, 0x00, 0x00, 0x00, 0x00, 0x00, 0x00, 0xfa, 0x00, 0x04, 0x00, 0x0e, 0x15, // ...(............
	0x00, 0x00, 0xb4, 0x28, 0x00, 0x00, 0xb9, 0x28, 0x00, 0x00, 0xf8, 0x00, 0x02, 0x00, 0xb4, 0x28, // ...(...(.......(
	0x00, 0x00, 0x56, 0x00, 0x05, 0x00, 0x2e, 0x01, 0x00, 0x00, 0xce, 0x28, 0x00, 0x00, 0xf8, 0x00, // ..V........(....
	0x00, 0x00, 0xf6, 0x00, 0x00, 0x00, 0x57, 0x00, 0x05, 0x00, 0x0d, 0x00, 0x00, 0x00, 0xd0, 0x28, // ......W........(
	0x00, 0x00, 0xce, 0x28, 0x00, 0x00, 0xe9, 0x27, 0x00, 0x00, 0x51, 0x00, 0x05, 0x00, 0x07, 0x00, // ...(...'..Q.....
	0x00, 0x00, 0xb8, 0x28, 0x00, 0x00, 0xd0, 0x28, 0x00, 0x00, 0x00, 0x00, 0x00, 0x00, 0xf9, 0x00, // ...(...(........
	0x02, 0x00, 0xc6, 0x28, 0x00, 0x00, 0xf8, 0x00, 0x02, 0x00, 0xb9, 0x28, 0x00, 0x00, 0xf7, 0x00, // ...(.......(....
	0x03, 0x00, 0xc1, 0x28, 0x00, 0x00, 0x00, 0x00, 0x00, 0x00, 0xfa, 0x00, 0x04, 0x00, 0x12, 0x15, // ...(............
	0x00, 0x00, 0xbc, 0x28, 0x00, 0x00, 0xc1, 0x28, 0x00, 0x00, 0xf8, 0x00, 0x02, 0x00, 0xbc, 0x28, // ...(...(.......(
	0x00, 0x00, 0x56, 0x00, 0x05, 0x00, 0x2e, 0x01, 0x00, 0x00, 0xd7, 0x28, 0x00, 0x00, 0xfe, 0x00, // ..V........(....
	0x00, 0x00, 0xfc, 0x00, 0x00, 0x00, 0x57, 0x00, 0x05, 0x00, 0x0d, 0x00, 0x00, 0x00, 0xd9, 0x28, // ......W........(
	0x00, 0x00, 0xd7, 0x28, 0x00, 0x00, 0xe9, 0x27, 0x00, 0x00, 0x51, 0x00, 0x05, 0x00, 0x07, 0x00, // ...(...'..Q.....
	0x00, 0x00, 0xc0, 0x28, 0x00, 0x00, 0xd9, 0x28, 0x00, 0x00, 0x00, 0x00, 0x00, 0x00, 0xf9, 0x00, // ...(...(........
	0x02, 0x00, 0xc6, 0x28, 0x00, 0x00, 0xf8, 0x00, 0x02, 0x00, 0xc1, 0x28, 0x00, 0x00, 0x56, 0x00, // ...(.......(..V.
	0x05, 0x00, 0x2e, 0x01, 0x00, 0x00, 0xe0, 0x28, 0x00, 0x00, 0x04, 0x01, 0x00, 0x00, 0x02, 0x01, // .......(........
	0x00, 0x00, 0x57, 0x00, 0x05, 0x00, 0x0d, 0x00, 0x00, 0x00, 0xe2, 0x28, 0x00, 0x00, 0xe0, 0x28, // ..W........(...(
	0x00, 0x00, 0xe9, 0x27, 0x00, 0x00, 0x51, 0x00, 0x05, 0x00, 0x07, 0x00, 0x00, 0x00, 0xc5, 0x28, // ...'..Q........(
	0x00, 0x00, 0xe2, 0x28, 0x00, 0x00, 0x00, 0x00, 0x00, 0x00, 0xf9, 0x00, 0x02, 0x00, 0xc6, 0x28, // ...(...........(
	0x00, 0x00, 0xf8, 0x00, 0x02, 0x00, 0xc6, 0x28, 0x00, 0x00, 0xf5, 0x00, 0x09, 0x00, 0x07, 0x00, // .......(........
	0x00, 0x00, 0x6c, 0x5e, 0x00, 0x00, 0xb8, 0x28, 0x00, 0x00, 0xb4, 0x28, 0x00, 0x00, 0xc0, 0x28, // ..l^...(...(...(
	0x00, 0x00, 0xbc, 0x28, 0x00, 0x00, 0xc5, 0x28, 0x00, 0x00, 0xc1, 0x28, 0x00, 0x00, 0xbe, 0x00, // ...(...(...(....
	0x05, 0x00, 0x97, 0x01, 0x00, 0x00, 0x1a, 0x28, 0x00, 0x00, 0x6c, 0x5e, 0x00, 0x00, 0x02, 0x28, // .......(..l^...(
	0x00, 0x00, 0xa9, 0x00, 0x06, 0x00, 0x07, 0x00, 0x00, 0x00, 0x1b, 0x28, 0x00, 0x00, 0x1a, 0x28, // ...........(...(
	0x00, 0x00, 0xa1, 0x01, 0x00, 0x00, 0x73, 0x01, 0x00, 0x00, 0xf7, 0x00, 0x03, 0x00, 0x02, 0x29, // ......s........)
	0x00, 0x00, 0x00, 0x00, 0x00, 0x00, 0xfb, 0x00, 0x03, 0x00, 0xcc, 0x01, 0x00, 0x00, 0xed, 0x28, // ...............(
	0x00, 0x00, 0xf8, 0x00, 0x02, 0x00, 0xed, 0x28, 0x00, 0x00, 0xf7, 0x00, 0x03, 0x00, 0xf5, 0x28, // .......(.......(
	0x00, 0x00, 0x00, 0x00, 0x00, 0x00, 0xfa, 0x00, 0x04, 0x00, 0x0e, 0x15, 0x00, 0x00, 0xf0, 0x28, // ...............(
	0x00, 0x00, 0xf5, 0x28, 0x00, 0x00, 0xf8, 0x00, 0x02, 0x00, 0xf0, 0x28, 0x00, 0x00, 0x56, 0x00, // ...(.......(..V.
	0x05, 0x00, 0x2e, 0x01, 0x00, 0x00, 0x0a, 0x29, 0x00, 0x00, 0xf8, 0x00, 0x00, 0x00, 0xf6, 0x00, // .......)........
	0x00, 0x00, 0x57, 0x00, 0x05, 0x00, 0x0d, 0x00, 0x00, 0x00, 0x0c, 0x29, 0x00, 0x00, 0x0a, 0x29, // ..W........)...)
	0x00, 0x00, 0xed, 0x27, 0x00, 0x00, 0x51, 0x00, 0x05, 0x00, 0x07, 0x00, 0x00, 0x00, 0xf4, 0x28, // ...'..Q........(
	0x00, 0x00, 0x0c, 0x29, 0x00, 0x00, 0x00, 0x00, 0x00, 0x00, 0xf9, 0x00, 0x02, 0x00, 0x02, 0x29, // ...)...........)
	0x00, 0x00, 0xf8, 0x00, 0x02, 0x00, 0xf5, 0x28, 0x00, 0x00, 0xf7, 0x00, 0x03, 0x00, 0xfd, 0x28, // .......(.......(
	0x00, 0x00, 0x00, 0x00, 0x00, 0x00, 0xfa, 0x00, 0x04, 0x00, 0x12, 0x15, 0x00, 0x00, 0xf8, 0x28, // ...............(
	0x00, 0x00, 0xfd, 0x28, 0x00, 0x00, 0xf8, 0x00, 0x02, 0x00, 0xf8, 0x28, 0x00, 0x00, 0x56, 0x00, // ...(.......(..V.
	0x05, 0x00, 0x2e, 0x01, 0x00, 0x00, 0x13, 0x29, 0x00, 0x00, 0xfe, 0x00, 0x00, 0x00, 0xfc, 0x00, // .......)........
	0x00, 0x00, 0x57, 0x00, 0x05, 0x00, 0x0d, 0x00, 0x00, 0x00, 0x15, 0x29, 0x00, 0x00, 0x13, 0x29, // ..W........)...)
	0x00, 0x00, 0xed, 0x27, 0x00, 0x00, 0x51, 0x00, 0x05, 0x00, 0x07, 0x00, 0x00, 0x00, 0xfc, 0x28, // ...'..Q........(
	0x00, 0x00, 0x15, 0x29, 0x00, 0x00, 0x00, 0x00, 0x00, 0x00, 0xf9, 0x00, 0x02, 0x00, 0x02, 0x29, // ...)...........)
	0x00, 0x00, 0xf8, 0x00, 0x02, 0x00, 0xfd, 0x28, 0x00, 0x00, 0x56, 0x00, 0x05, 0x00, 0x2e, 0x01, // .......(..V.....
	0x00, 0x00, 0x1c, 0x29, 0x00, 0x00, 0x04, 0x01, 0x00, 0x00, 0x02, 0x01, 0x00, 0x00, 0x57, 0x00, // ...)..........W.
	0x05, 0x00, 0x0d, 0x00, 0x00, 0x00, 0x1e, 0x29, 0x00, 0x00, 0x1c, 0x29, 0x00, 0x00, 0xed, 0x27, // .......)...)...'
	0x00, 0x00, 0x51, 0x00, 0x05, 0x00, 0x07, 0x00, 0x00, 0x00, 0x01, 0x29, 0x00, 0x00, 0x1e, 0x29, // ..Q........)...)
	0x00, 0x00, 0x00, 0x00, 0x00, 0x00, 0xf9, 0x00, 0x02, 0x00, 0x02, 0x29, 0x00, 0x00, 0xf8, 0x00, // ...........)....
	0x02, 0x00, 0x02, 0x29, 0x00, 0x00, 0xf5, 0x00, 0x09, 0x00, 0x07, 0x00, 0x00, 0x00, 0x6d, 0x5e, // ...)..........m^
	0x00, 0x00, 0xf4, 0x28, 0x00, 0x00, 0xf0, 0x28, 0x00, 0x00, 0xfc, 0x28, 0x00, 0x00, 0xf8, 0x28, // ...(...(...(...(
	0x00, 0x00, 0x01, 0x29, 0x00, 0x00, 0xfd, 0x28, 0x00, 0x00, 0xbe, 0x00, 0x05, 0x00, 0x97, 0x01, // ...)...(........
	0x00, 0x00, 0x20, 0x28, 0x00, 0x00, 0x6d, 0x5e, 0x00, 0x00, 0x09, 0x28, 0x00, 0x00, 0xa9, 0x00, // .. (..m^...(....
	0x06, 0x00, 0x07, 0x00, 0x00, 0x00, 0x21, 0x28, 0x00, 0x00, 0x20, 0x28, 0x00, 0x00, 0xa1, 0x01, // ......!(.. (....
	0x00, 0x00, 0x73, 0x01, 0x00, 0x00, 0x51, 0x00, 0x05, 0x00, 0x07, 0x00, 0x00, 0x00, 0x25, 0x28, // ..s...Q.......%(
	0x00, 0x00, 0xdb, 0x27, 0x00, 0x00, 0x00, 0x00, 0x00, 0x00, 0x0c, 0x00, 0x08, 0x00, 0x07, 0x00, // ...'............
	0x00, 0x00, 0x24, 0x29, 0x00, 0x00, 0x01, 0x00, 0x00, 0x00, 0x2e, 0x00, 0x00, 0x00, 0x0f, 0x28, // ..$)...........(
	0x00, 0x00, 0x15, 0x28, 0x00, 0x00, 0x25, 0x28, 0x00, 0x00, 0x0c, 0x00, 0x08, 0x00, 0x07, 0x00, // ...(..%(........
	0x00, 0x00, 0x2a, 0x29, 0x00, 0x00, 0x01, 0x00, 0x00, 0x00, 0x2e, 0x00, 0x00, 0x00, 0x1b, 0x28, // ..*)...........(
	0x00, 0x00, 0x21, 0x28, 0x00, 0x00, 0x25, 0x28, 0x00, 0x00, 0x51, 0x00, 0x05, 0x00, 0x07, 0x00, // ..!(..%(..Q.....
	0x00, 0x00, 0x2d, 0x28, 0x00, 0x00, 0xdb, 0x27, 0x00, 0x00, 0x01, 0x00, 0x00, 0x00, 0x0c, 0x00, // ..-(...'........
	0x08, 0x00, 0x07, 0x00, 0x00, 0x00, 0x30, 0x29, 0x00, 0x00, 0x01, 0x00, 0x00, 0x00, 0x2e, 0x00, // ......0)........
	0x00, 0x00, 0x24, 0x29, 0x00, 0x00, 0x2a, 0x29, 0x00, 0x00, 0x2d, 0x28, 0x00, 0x00, 0x81, 0x00, // ..$)..*)..-(....
	0x05, 0x00, 0x07, 0x00, 0x00, 0x00, 0xa8, 0x17, 0x00, 0x00, 0x97, 0x17, 0x00, 0x00, 0x30, 0x29, // ..............0)
	0x00, 0x00, 0x8e, 0x00, 0x05, 0x00, 0x0b, 0x00, 0x00, 0x00, 0xab, 0x17, 0x00, 0x00, 0x99, 0x03, // ................
	0x00, 0x00, 0xed, 0x16, 0x00, 0x00, 0x81, 0x00, 0x05, 0x00, 0x0b, 0x00, 0x00, 0x00, 0xae, 0x17, // ................
	0x00, 0x00, 0xc2, 0x5c, 0x00, 0x00, 0xab, 0x17, 0x00, 0x00, 0x94, 0x00, 0x05, 0x00, 0x07, 0x00, // ................
	0x00, 0x00, 0xb2, 0x17, 0x00, 0x00, 0xc5, 0x5d, 0x00, 0x00, 0xab, 0x17, 0x00, 0x00, 0x81, 0x00, // .......]........
	0x05, 0x00, 0x07, 0x00, 0x00, 0x00, 0xb3, 0x17, 0x00, 0x00, 0xf7, 0x15, 0x00, 0x00, 0xb2, 0x17, // ................
	0x00, 0x00, 0x88, 0x00, 0x05, 0x00, 0x0b, 0x00, 0x00, 0x00, 0x57, 0x29, 0x00, 0x00, 0xae, 0x17, // ..........W)....
	0x00, 0x00, 0x38, 0x1a, 0x00, 0x00, 0x83, 0x00, 0x05, 0x00, 0x0b, 0x00, 0x00, 0x00, 0x59, 0x29, // ..8...........Y)
	0x00, 0x00, 0x57, 0x29, 0x00, 0x00, 0xa4, 0x5d, 0x00, 0x00, 0x0c, 0x00, 0x06, 0x00, 0x0b, 0x00, // ..W)...]........
	0x00, 0x00, 0x5b, 0x29, 0x00, 0x00, 0x01, 0x00, 0x00, 0x00, 0x08, 0x00, 0x00, 0x00, 0x59, 0x29, // ..[)..........Y)
	0x00, 0x00, 0x83, 0x00, 0x05, 0x00, 0x0b, 0x00, 0x00, 0x00, 0x5e, 0x29, 0x00, 0x00, 0x59, 0x29, // ..........^)..Y)
	0x00, 0x00, 0x5b, 0x29, 0x00, 0x00, 0x81, 0x00, 0x05, 0x00, 0x0b, 0x00, 0x00, 0x00, 0x61, 0x29, // ..[)..........a)
	0x00, 0x00, 0x5b, 0x29, 0x00, 0x00, 0xa4, 0x5d, 0x00, 0x00, 0x8e, 0x00, 0x05, 0x00, 0x0b, 0x00, // ..[)...]........
	0x00, 0x00, 0x63, 0x29, 0x00, 0x00, 0x61, 0x29, 0x00, 0x00, 0xee, 0x15, 0x00, 0x00, 0x81, 0x00, // ..c)..a)........
	0x05, 0x00, 0x0b, 0x00, 0x00, 0x00, 0x68, 0x29, 0x00, 0x00, 0x63, 0x29, 0x00, 0x00, 0x49, 0x1a, // ......h)..c)..I.
	0x00, 0x00, 0x81, 0x00, 0x05, 0x00, 0x0b, 0x00, 0x00, 0x00, 0x6c, 0x29, 0x00, 0x00, 0x63, 0x29, // ..........l)..c)
	0x00, 0x00, 0x4d, 0x1a, 0x00, 0x00, 0x81, 0x00, 0x05, 0x00, 0x0b, 0x00, 0x00, 0x00, 0x70, 0x29, // ..M...........p)
	0x00, 0x00, 0x63, 0x29, 0x00, 0x00, 0x38, 0x1a, 0x00, 0x00, 0x83, 0x00, 0x05, 0x00, 0x0b, 0x00, // ..c)..8.........
	0x00, 0x00, 0x75, 0x29, 0x00, 0x00, 0x63, 0x29, 0x00, 0x00, 0xae, 0x17, 0x00, 0x00, 0x94, 0x00, // ..u)..c)........
	0x05, 0x00, 0x07, 0x00, 0x00, 0x00, 0x76, 0x29, 0x00, 0x00, 0xc5, 0x5d, 0x00, 0x00, 0x75, 0x29, // ......v)...]..u)
	0x00, 0x00, 0x81, 0x00, 0x05, 0x00, 0x07, 0x00, 0x00, 0x00, 0x77, 0x29, 0x00, 0x00, 0xb3, 0x17, // ..........w)....
	0x00, 0x00, 0x76, 0x29, 0x00, 0x00, 0x83, 0x00, 0x05, 0x00, 0x0b, 0x00, 0x00, 0x00, 0x7c, 0x29, // ..v)..........|)
	0x00, 0x00, 0x68, 0x29, 0x00, 0x00, 0xae, 0x17, 0x00, 0x00, 0x94, 0x00, 0x05, 0x00, 0x07, 0x00, // ..h)............
	0x00, 0x00, 0x7d, 0x29, 0x00, 0x00, 0xc5, 0x5d, 0x00, 0x00, 0x7c, 0x29, 0x00, 0x00, 0x81, 0x00, // ..})...]..|)....
	0x05, 0x00, 0x07, 0x00, 0x00, 0x00, 0x7e, 0x29, 0x00, 0x00, 0xb3, 0x17, 0x00, 0x00, 0x7d, 0x29, // ......~)......})
	0x00, 0x00, 0x83, 0x00, 0x05, 0x00, 0x0b, 0x00, 0x00, 0x00, 0x83, 0x29, 0x00, 0x00, 0x6c, 0x29, // ...........)..l)
	0x00, 0x00, 0xae, 0x17, 0x00, 0x00, 0x94, 0x00, 0x05, 0x00, 0x07, 0x00, 0x00, 0x00, 0x84, 0x29, // ...............)
	0x00, 0x00, 0xc5, 0x5d, 0x00, 0x00, 0x83, 0x29, 0x00, 0x00, 0x81, 0x00, 0x05, 0x00, 0x07, 0x00, // ...]...)........
	0x00, 0x00, 0x85, 0x29, 0x00, 0x00, 0xb3, 0x17, 0x00, 0x00, 0x84, 0x29, 0x00, 0x00, 0x83, 0x00, // ...).......)....
	0x05, 0x00, 0x0b, 0x00, 0x00, 0x00, 0x8a, 0x29, 0x00, 0x00, 0x70, 0x29, 0x00, 0x00, 0xae, 0x17, // .......)..p)....
	0x00, 0x00, 0x94, 0x00, 0x05, 0x00, 0x07, 0x00, 0x00, 0x00, 0x8b, 0x29, 0x00, 0x00, 0xc5, 0x5d, // ...........)...]
	0x00, 0x00, 0x8a, 0x29, 0x00, 0x00, 0x81, 0x00, 0x05, 0x00, 0x07, 0x00, 0x00, 0x00, 0x8c, 0x29, // ...)...........)
	0x00, 0x00, 0xb3, 0x17, 0x00, 0x00, 0x8b, 0x29, 0x00, 0x00, 0xf7, 0x00, 0x03, 0x00, 0xd1, 0x29, // .......).......)
	0x00, 0x00, 0x00, 0x00, 0x00, 0x00, 0xfb, 0x00, 0x03, 0x00, 0xcc, 0x01, 0x00, 0x00, 0xbc, 0x29, // ...............)
	0x00, 0x00, 0xf8, 0x00, 0x02, 0x00, 0xbc, 0x29, 0x00, 0x00, 0xf7, 0x00, 0x03, 0x00, 0xc4, 0x29, // .......).......)
	0x00, 0x00, 0x00, 0x00, 0x00, 0x00, 0xfa, 0x00, 0x04, 0x00, 0x0e, 0x15, 0x00, 0x00, 0xbf, 0x29, // ...............)
	0x00, 0x00, 0xc4, 0x29, 0x00, 0x00, 0xf8, 0x00, 0x02, 0x00, 0xbf, 0x29, 0x00, 0x00, 0x56, 0x00, // ...).......)..V.
	0x05, 0x00, 0x2e, 0x01, 0x00, 0x00, 0xd9, 0x29, 0x00, 0x00, 0xf8, 0x00, 0x00, 0x00, 0xf6, 0x00, // .......)........
	0x00, 0x00, 0x57, 0x00, 0x05, 0x00, 0x0d, 0x00, 0x00, 0x00, 0xdb, 0x29, 0x00, 0x00, 0xd9, 0x29, // ..W........)...)
	0x00, 0x00, 0x63, 0x29, 0x00, 0x00, 0x51, 0x00, 0x05, 0x00, 0x07, 0x00, 0x00, 0x00, 0xc3, 0x29, // ..c)..Q........)
	0x00, 0x00, 0xdb, 0x29, 0x00, 0x00, 0x00, 0x00, 0x00, 0x00, 0xf9, 0x00, 0x02, 0x00, 0xd1, 0x29, // ...)...........)
	0x00, 0x00, 0xf8, 0x00, 0x02, 0x00, 0xc4, 0x29, 0x00, 0x00, 0xf7, 0x00, 0x03, 0x00, 0xcc, 0x29, // .......).......)
	0x00, 0x00, 0x00, 0x00, 0x00, 0x00, 0xfa, 0x00, 0x04, 0x00, 0x12, 0x15, 0x00, 0x00, 0xc7, 0x29, // ...............)
	0x00, 0x00, 0xcc, 0x29, 0x00, 0x00, 0xf8, 0x00, 0x02, 0x00, 0xc7, 0x29, 0x00, 0x00, 0x56, 0x00, // ...).......)..V.
	0x05, 0x00, 0x2e, 0x01, 0x00, 0x00, 0xe2, 0x29, 0x00, 0x00, 0xfe, 0x00, 0x00, 0x00, 0xfc, 0x00, // .......)........
	0x00, 0x00, 0x57, 0x00, 0x05, 0x00, 0x0d, 0x00, 0x00, 0x00, 0xe4, 0x29, 0x00, 0x00, 0xe2, 0x29, // ..W........)...)
	0x00, 0x00, 0x63, 0x29, 0x00, 0x00, 0x51, 0x00, 0x05, 0x00, 0x07, 0x00, 0x00, 0x00, 0xcb, 0x29, // ..c)..Q........)
	0x00, 0x00, 0xe4, 0x29, 0x00, 0x00, 0x00, 0x00, 0x00, 0x00, 0xf9, 0x00, 0x02, 0x00, 0xd1, 0x29, // ...)...........)
	0x00, 0x00, 0xf8, 0x00, 0x02, 0x00, 0xcc, 0x29, 0x00, 0x00, 0x56, 0x00, 0x05, 0x00, 0x2e, 0x01, // .......)..V.....
	0x00, 0x00, 0xeb, 0x29, 0x00, 0x00, 0x04, 0x01, 0x00, 0x00, 0x02, 0x01, 0x00, 0x00, 0x57, 0x00, // ...)..........W.
	0x05, 0x00, 0x0d, 0x00, 0x00, 0x00, 0xed, 0x29, 0x00, 0x00, 0xeb, 0x29, 0x00, 0x00, 0x63, 0x29, // .......)...)..c)
	0x00, 0x00, 0x51, 0x00, 0x05, 0x00, 0x07, 0x00, 0x00, 0x00, 0xd0, 0x29, 0x00, 0x00, 0xed, 0x29, // ..Q........)...)
	0x00, 0x00, 0x00, 0x00, 0x00, 0x00, 0xf9, 0x00, 0x02, 0x00, 0xd1, 0x29, 0x00, 0x00, 0xf8, 0x00, // ...........)....
	0x02, 0x00, 0xd1, 0x29, 0x00, 0x00, 0xf5, 0x00, 0x09, 0x00, 0x07, 0x00, 0x00, 0x00, 0x76, 0x5e, // ...)..........v^
	0x00, 0x00, 0xc3, 0x29, 0x00, 0x00, 0xbf, 0x29, 0x00, 0x00, 0xcb, 0x29, 0x00, 0x00, 0xc7, 0x29, // ...)...)...)...)
	0x00, 0x00, 0xd0, 0x29, 0x00, 0x00, 0xcc, 0x29, 0x00, 0x00, 0xbe, 0x00, 0x05, 0x00, 0x97, 0x01, // ...)...)........
	0x00, 0x00, 0x91, 0x29, 0x00, 0x00, 0x76, 0x5e, 0x00, 0x00, 0x77, 0x29, 0x00, 0x00, 0xa9, 0x00, // ...)..v^..w)....
	0x06, 0x00, 0x07, 0x00, 0x00, 0x00, 0x92, 0x29, 0x00, 0x00, 0x91, 0x29, 0x00, 0x00, 0xa1, 0x01, // .......)...)....
	0x00, 0x00, 0x73, 0x01, 0x00, 0x00, 0xf7, 0x00, 0x03, 0x00, 0x0d, 0x2a, 0x00, 0x00, 0x00, 0x00, // ..s........*....
	0x00, 0x00, 0xfb, 0x00, 0x03, 0x00, 0xcc, 0x01, 0x00, 0x00, 0xf8, 0x29, 0x00, 0x00, 0xf8, 0x00, // ...........)....
	0x02, 0x00, 0xf8, 0x29, 0x00, 0x00, 0xf7, 0x00, 0x03, 0x00, 0x00, 0x2a, 0x00, 0x00, 0x00, 0x00, // ...).......*....
	0x00, 0x00, 0xfa, 0x00, 0x04, 0x00, 0x0e, 0x15, 0x00, 0x00, 0xfb, 0x29, 0x00, 0x00, 0x00, 0x2a, // ...........)...*
	0x00, 0x00, 0xf8, 0x00, 0x02, 0x00, 0xfb, 0x29, 0x00, 0x00, 0x56, 0x00, 0x05, 0x00, 0x2e, 0x01, // .......)..V.....
	0x00, 0x00, 0x15, 0x2a, 0x00, 0x00, 0xf8, 0x00, 0x00, 0x00, 0xf6, 0x00, 0x00, 0x00, 0x57, 0x00, // ...*..........W.
	0x05, 0x00, 0x0d, 0x00, 0x00, 0x00, 0x17, 0x2a, 0x00, 0x00, 0x15, 0x2a, 0x00, 0x00, 0x68, 0x29, // .......*...*..h)
	0x00, 0x00, 0x51, 0x00, 0x05, 0x00, 0x07, 0x00, 0x00, 0x00, 0xff, 0x29, 0x00, 0x00, 0x17, 0x2a, // ..Q........)...*
	0x00, 0x00, 0x00, 0x00, 0x00, 0x00, 0xf9, 0x00, 0x02, 0x00, 0x0d, 0x2a, 0x00, 0x00, 0xf8, 0x00, // ...........*....
	0x02, 0x00, 0x00, 0x2a, 0x00, 0x00, 0xf7, 0x00, 0x03, 0x00, 0x08, 0x2a, 0x00, 0x00, 0x00, 0x00, // ...*.......*....
	0x00, 0x00, 0xfa, 0x00, 0x04, 0x00, 0x12, 0x15, 0x00, 0x00, 0x03, 0x2a, 0x00, 0x00, 0x08, 0x2a, // ...........*...*
	0x00, 0x00, 0xf8, 0x00, 0x02, 0x00, 0x03, 0x2a, 0x00, 0x00, 0x56, 0x00, 0x05, 0x00, 0x2e, 0x01, // .......*..V.....
	0x00, 0x00, 0x1e, 0x2a, 0x00, 0x00, 0xfe, 0x00, 0x00, 0x00, 0xfc, 0x00, 0x00, 0x00, 0x57, 0x00, // ...*..........W.
	0x05, 0x00, 0x0d, 0x00, 0x00, 0x00, 0x20, 0x2a, 0x00, 0x00, 0x1e, 0x2a, 0x00, 0x00, 0x68, 0x29, // ...... *...*..h)
	0x00, 0x00, 0x51, 0x00, 0x05, 0x00, 0x07, 0x00, 0x00, 0x00, 0x07, 0x2a, 0x00, 0x00, 0x20, 0x2a, // ..Q........*.. *
	0x00, 0x00, 0x00, 0x00, 0x00, 0x00, 0xf9, 0x00, 0x02, 0x00, 0x0d, 0x2a, 0x00, 0x00, 0xf8, 0x00, // ...........*....
	0x02, 0x00, 0x08, 0x2a, 0x00, 0x00, 0x56, 0x00, 0x05, 0x00, 0x2e, 0x01, 0x00, 0x00, 0x27, 0x2a, // ...*..V.......'*
	0x00, 0x00, 0x04, 0x01, 0x00, 0x00, 0x02, 0x01, 0x00, 0x00, 0x57, 0x00, 0x05, 0x00, 0x0d, 0x00, // ..........W.....
	0x00, 0x00, 0x29, 0x2a, 0x00, 0x00, 0x27, 0x2a, 0x00, 0x00, 0x68, 0x29, 0x00, 0x00, 0x51, 0x00, // ..)*..'*..h)..Q.
	0x05, 0x00, 0x07, 0x00, 0x00, 0x00, 0x0c, 0x2a, 0x00, 0x00, 0x29, 0x2a, 0x00, 0x00, 0x00, 0x00, // .......*..)*....
	0x00, 0x00, 0xf9, 0x00, 0x02, 0x00, 0x0d, 0x2a, 0x00, 0x00, 0xf8, 0x00, 0x02, 0x00, 0x0d, 0x2a, // .......*.......*
	0x00, 0x00, 0xf5, 0x00, 0x09, 0x00, 0x07, 0x00, 0x00, 0x00, 0x77, 0x5e, 0x00, 0x00, 0xff, 0x29, // ..........w^...)
	0x00, 0x00, 0xfb, 0x29, 0x00, 0x00, 0x07, 0x2a, 0x00, 0x00, 0x03, 0x2a, 0x00, 0x00, 0x0c, 0x2a, // ...)...*...*...*
	0x00, 0x00, 0x08, 0x2a, 0x00, 0x00, 0xbe, 0x00, 0x05, 0x00, 0x97, 0x01, 0x00, 0x00, 0x97, 0x29, // ...*...........)
	0x00, 0x00, 0x77, 0x5e, 0x00, 0x00, 0x7e, 0x29, 0x00, 0x00, 0xa9, 0x00, 0x06, 0x00, 0x07, 0x00, // ..w^..~)........
	0x00, 0x00, 0x98, 0x29, 0x00, 0x00, 0x97, 0x29, 0x00, 0x00, 0xa1, 0x01, 0x00, 0x00, 0x73, 0x01, // ...)...)......s.
	0x00, 0x00, 0xf7, 0x00, 0x03, 0x00, 0x49, 0x2a, 0x00, 0x00, 0x00, 0x00, 0x00, 0x00, 0xfb, 0x00, // ......I*........
	0x03, 0x00, 0xcc, 0x01, 0x00, 0x00, 0x34, 0x2a, 0x00, 0x00, 0xf8, 0x00, 0x02, 0x00, 0x34, 0x2a, // ......4*......4*
	0x00, 0x00, 0xf7, 0x00, 0x03, 0x00, 0x3c, 0x2a, 0x00, 0x00, 0x00, 0x00, 0x00, 0x00, 0xfa, 0x00, // ......<*........
	0x04, 0x00, 0x0e, 0x15, 0x00, 0x00, 0x37, 0x2a, 0x00, 0x00, 0x3c, 0x2a, 0x00, 0x00, 0xf8, 0x00, // ......7*..<*....
	0x02, 0x00, 0x37, 0x2a, 0x00, 0x00, 0x56, 0x00, 0x05, 0x00, 0x2e, 0x01, 0x00, 0x00, 0x51, 0x2a, // ..7*..V.......Q*
	0x00, 0x00, 0xf8, 0x00, 0x00, 0x00, 0xf6, 0x00, 0x00, 0x00, 0x57, 0x00, 0x05, 0x00, 0x0d, 0x00, // ..........W.....
	0x00, 0x00, 0x53, 0x2a, 0x00, 0x00, 0x51, 0x2a, 0x00, 0x00, 0x6c, 0x29, 0x00, 0x00, 0x51, 0x00, // ..S*..Q*..l)..Q.
	0x05, 0x00, 0x07, 0x00, 0x00, 0x00, 0x3b, 0x2a, 0x00, 0x00, 0x53, 0x2a, 0x00, 0x00, 0x00, 0x00, // ......;*..S*....
	0x00, 0x00, 0xf9, 0x00, 0x02, 0x00, 0x49, 0x2a, 0x00, 0x00, 0xf8, 0x00, 0x02, 0x00, 0x3c, 0x2a, // ......I*......<*
	0x00, 0x00, 0xf7, 0x00, 0x03, 0x00, 0x44, 0x2a, 0x00, 0x00, 0x00, 0x00, 0x00, 0x00, 0xfa, 0x00, // ......D*........
	0x04, 0x00, 0x12, 0x15, 0x00, 0x00, 0x3f, 0x2a, 0x00, 0x00, 0x44, 0x2a, 0x00, 0x00, 0xf8, 0x00, // ......?*..D*....
	0x02, 0x00, 0x3f, 0x2a, 0x00, 0x00, 0x56, 0x00, 0x05, 0x00, 0x2e, 0x01, 0x00, 0x00, 0x5a, 0x2a, // ..?*..V.......Z*
	0x00, 0x00, 0xfe, 0x00, 0x00, 0x00, 0xfc, 0x00, 0x00, 0x00, 0x57, 0x00, 0x05, 0x00, 0x0d, 0x00, // ..........W.....
	0x00, 0x00, 0x5c, 0x2a, 0x00, 0x00, 0x5a, 0x2a, 0x00, 0x00, 0x6c, 0x29, 0x00, 0x00, 0x51, 0x00, // ...*..Z*..l)..Q.
	0x05, 0x00, 0x07, 0x00, 0x00, 0x00, 0x43, 0x2a, 0x00, 0x00, 0x5c, 0x2a, 0x00, 0x00, 0x00, 0x00, // ......C*...*....
	0x00, 0x00, 0xf9, 0x00, 0x02, 0x00, 0x49, 0x2a, 0x00, 0x00, 0xf8, 0x00, 0x02, 0x00, 0x44, 0x2a, // ......I*......D*
	0x00, 0x00, 0x56, 0x00, 0x05, 0x00, 0x2e, 0x01, 0x00, 0x00, 0x63, 0x2a, 0x00, 0x00, 0x04, 0x01, // ..V.......c*....
	0x00, 0x00, 0x02, 0x01, 0x00, 0x00, 0x57, 0x00, 0x05, 0x00, 0x0d, 0x00, 0x00, 0x00, 0x65, 0x2a, // ......W.......e*
	0x00, 0x00, 0x63, 0x2a, 0x00, 0x00, 0x6c, 0x29, 0x00, 0x00, 0x51, 0x00, 0x05, 0x00, 0x07, 0x00, // ..c*..l)..Q.....
	0x00, 0x00, 0x48, 0x2a, 0x00, 0x00, 0x65, 0x2a, 0x00, 0x00, 0x00, 0x00, 0x00, 0x00, 0xf9, 0x00, // ..H*..e*........
	0x02, 0x00, 0x49, 0x2a, 0x00, 0x00, 0xf8, 0x00, 0x02, 0x00, 0x49, 0x2a, 0x00, 0x00, 0xf5, 0x00, // ..I*......I*....
	0x09, 0x00, 0x07, 0x00, 0x00, 0x00, 0x78, 0x5e, 0x00, 0x00, 0x3b, 0x2a, 0x00, 0x00, 0x37, 0x2a, // ......x^..;*..7*
	0x00, 0x00, 0x43, 0x2a, 0x00, 0x00, 0x3f, 0x2a, 0x00, 0x00, 0x48, 0x2a, 0x00, 0x00, 0x44, 0x2a, // ..C*..?*..H*..D*
	0x00, 0x00, 0xbe, 0x00, 0x05, 0x00, 0x97, 0x01, 0x00, 0x00, 0x9d, 0x29, 0x00, 0x00, 0x78, 0x5e, // ...........)..x^
	0x00, 0x00, 0x85, 0x29, 0x00, 0x00, 0xa9, 0x00, 0x06, 0x00, 0x07, 0x00, 0x00, 0x00, 0x9e, 0x29, // ...)...........)
	0x00, 0x00, 0x9d, 0x29, 0x00, 0x00, 0xa1, 0x01, 0x00, 0x00, 0x73, 0x01, 0x00, 0x00, 0xf7, 0x00, // ...)......s.....
	0x03, 0x00, 0x85, 0x2a, 0x00, 0x00, 0x00, 0x00, 0x00, 0x00, 0xfb, 0x00, 0x03, 0x00, 0xcc, 0x01, // ...*............
	0x00, 0x00, 0x70, 0x2a, 0x00, 0x00, 0xf8, 0x00, 0x02, 0x00, 0x70, 0x2a, 0x00, 0x00, 0xf7, 0x00, // ..p*......p*....
	0x03, 0x00, 0x78, 0x2a, 0x00, 0x00, 0x00, 0x00, 0x00, 0x00, 0xfa, 0x00, 0x04, 0x00, 0x0e, 0x15, // ..x*............
	0x00, 0x00, 0x73, 0x2a, 0x00, 0x00, 0x78, 0x2a, 0x00, 0x00, 0xf8, 0x00, 0x02, 0x00, 0x73, 0x2a, // ..s*..x*......s*
	0x00, 0x00, 0x56, 0x00, 0x05, 0x00, 0x2e, 0x01, 0x00, 0x00, 0x8d, 0x2a, 0x00, 0x00, 0xf8, 0x00, // ..V........*....
	0x00, 0x00, 0xf6, 0x00, 0x00, 0x00, 0x57, 0x00, 0x05, 0x00, 0x0d, 0x00, 0x00, 0x00, 0x8f, 0x2a, // ......W........*
	0x00, 0x00, 0x8d, 0x2a, 0x00, 0x00, 0x70, 0x29, 0x00, 0x00, 0x51, 0x00, 0x05, 0x00, 0x07, 0x00, // ...*..p)..Q.....
	0x00, 0x00, 0x77, 0x2a, 0x00, 0x00, 0x8f, 0x2a, 0x00, 0x00, 0x00, 0x00, 0x00, 0x00, 0xf9, 0x00, // ..w*...*........
	0x02, 0x00, 0x85, 0x2a, 0x00, 0x00, 0xf8, 0x00, 0x02, 0x00, 0x78, 0x2a, 0x00, 0x00, 0xf7, 0x00, // ...*......x*....
	0x03, 0x00, 0x80, 0x2a, 0x00, 0x00, 0x00, 0x00, 0x00, 0x00, 0xfa, 0x00, 0x04, 0x00, 0x12, 0x15, // ...*............
	0x00, 0x00, 0x7b, 0x2a, 0x00, 0x00, 0x80, 0x2a, 0x00, 0x00, 0xf8, 0x00, 0x02, 0x00, 0x7b, 0x2a, // ..{*...*......{*
	0x00, 0x00, 0x56, 0x00, 0x05, 0x00, 0x2e, 0x01, 0x00, 0x00, 0x96, 0x2a, 0x00, 0x00, 0xfe, 0x00, // ..V........*....
	0x00, 0x00, 0xfc, 0x00, 0x00, 0x00, 0x57, 0x00, 0x05, 0x00, 0x0d, 0x00, 0x00, 0x00, 0x98, 0x2a, // ......W........*
	0x00, 0x00, 0x96, 0x2a, 0x00, 0x00, 0x70, 0x29, 0x00, 0x00, 0x51, 0x00, 0x05, 0x00, 0x07, 0x00, // ...*..p)..Q.....
	0x00, 0x00, 0x7f, 0x2a, 0x00, 0x00, 0x98, 0x2a, 0x00, 0x00, 0x00, 0x00, 0x00, 0x00, 0xf9, 0x00, // ...*...*........
	0x02, 0x00, 0x85, 0x2a, 0x00, 0x00, 0xf8, 0x00, 0x02, 0x00, 0x80, 0x2a, 0x00, 0x00, 0x56, 0x00, // ...*.......*..V.
	0x05, 0x00, 0x2e, 0x01, 0x00, 0x00, 0x9f, 0x2a, 0x00, 0x00, 0x04, 0x01, 0x00, 0x00, 0x02, 0x01, // .......*........
	0x00, 0x00, 0x57, 0x00, 0x05, 0x00, 0x0d, 0x00, 0x00, 0x00, 0xa1, 0x2a, 0x00, 0x00, 0x9f, 0x2a, // ..W........*...*
	0x00, 0x00, 0x70, 0x29, 0x00, 0x00, 0x51, 0x00, 0x05, 0x00, 0x07, 0x00, 0x00, 0x00, 0x84, 0x2a, // ..p)..Q........*
	0x00, 0x00, 0xa1, 0x2a, 0x00, 0x00, 0x00, 0x00, 0x00, 0x00, 0xf9, 0x00, 0x02, 0x00, 0x85, 0x2a, // ...*...........*
	0x00, 0x00, 0xf8, 0x00, 0x02, 0x00, 0x85, 0x2a, 0x00, 0x00, 0xf5, 0x00, 0x09, 0x00, 0x07, 0x00, // .......*........
	0x00, 0x00, 0x79, 0x5e, 0x00, 0x00, 0x77, 0x2a, 0x00, 0x00, 0x73, 0x2a, 0x00, 0x00, 0x7f, 0x2a, // ..y^..w*..s*...*
	0x00, 0x00, 0x7b, 0x2a, 0x00, 0x00, 0x84, 0x2a, 0x00, 0x00, 0x80, 0x2a, 0x00, 0x00, 0xbe, 0x00, // ..{*...*...*....
	0x05, 0x00, 0x97, 0x01, 0x00, 0x00, 0xa3, 0x29, 0x00, 0x00, 0x79, 0x5e, 0x00, 0x00, 0x8c, 0x29, // .......)..y^...)
	0x00, 0x00, 0xa9, 0x00, 0x06, 0x00, 0x07, 0x00, 0x00, 0x00, 0xa4, 0x29, 0x00, 0x00, 0xa3, 0x29, // ...........)...)
	0x00, 0x00, 0xa1, 0x01, 0x00, 0x00, 0x73, 0x01, 0x00, 0x00, 0x51, 0x00, 0x05, 0x00, 0x07, 0x00, // ......s...Q.....
	0x00, 0x00, 0xa8, 0x29, 0x00, 0x00, 0x5e, 0x29, 0x00, 0x00, 0x00, 0x00, 0x00, 0x00, 0x0c, 0x00, // ...)..^)........
	0x08, 0x00, 0x07, 0x00, 0x00, 0x00, 0xa7, 0x2a, 0x00, 0x00, 0x01, 0x00, 0x00, 0x00, 0x2e, 0x00, // .......*........
	0x00, 0x00, 0x92, 0x29, 0x00, 0x00, 0x98, 0x29, 0x00, 0x00, 0xa8, 0x29, 0x00, 0x00, 0x0c, 0x00, // ...)...)...)....
	0x08, 0x00, 0x07, 0x00, 0x00, 0x00, 0xad, 0x2a, 0x00, 0x00, 0x01, 0x00, 0x00, 0x00, 0x2e, 0x00, // .......*........
	0x00, 0x00, 0x9e, 0x29, 0x00, 0x00, 0xa4, 0x29, 0x00, 0x00, 0xa8, 0x29, 0x00, 0x00, 0x51, 0x00, // ...)...)...)..Q.
	0x05, 0x00, 0x07, 0x00, 0x00, 0x00, 0xb0, 0x29, 0x00, 0x00, 0x5e, 0x29, 0x00, 0x00, 0x01, 0x00, // .......)..^)....
	0x00, 0x00, 0x0c, 0x00, 0x08, 0x00, 0x07, 0x00, 0x00, 0x00, 0xb3, 0x2a, 0x00, 0x00, 0x01, 0x00, // ...........*....
	0x00, 0x00, 0x2e, 0x00, 0x00, 0x00, 0xa7, 0x2a, 0x00, 0x00, 0xad, 0x2a, 0x00, 0x00, 0xb0, 0x29, // .......*...*...)
	0x00, 0x00, 0x81, 0x00, 0x05, 0x00, 0x07, 0x00, 0x00, 0x00, 0xb9, 0x17, 0x00, 0x00, 0xa8, 0x17, // ................
	0x00, 0x00, 0xb3, 0x2a, 0x00, 0x00, 0x8e, 0x00, 0x05, 0x00, 0x0b, 0x00, 0x00, 0x00, 0xbc, 0x17, // ...*............
	0x00, 0x00, 0x9b, 0x03, 0x00, 0x00, 0xed, 0x16, 0x00, 0x00, 0x81, 0x00, 0x05, 0x00, 0x0b, 0x00, // ................
	0x00, 0x00, 0xbf, 0x17, 0x00, 0x00, 0xc2, 0x5c, 0x00, 0x00, 0xbc, 0x17, 0x00, 0x00, 0x94, 0x00, // ................
	0x05, 0x00, 0x07, 0x00, 0x00, 0x00, 0xc3, 0x17, 0x00, 0x00, 0xc5, 0x5d, 0x00, 0x00, 0xbc, 0x17, // ...........]....
	0x00, 0x00, 0x81, 0x00, 0x05, 0x00, 0x07, 0x00, 0x00, 0x00, 0xc4, 0x17, 0x00, 0x00, 0xf7, 0x15, // ................
	0x00, 0x00, 0xc3, 0x17, 0x00, 0x00, 0x88, 0x00, 0x05, 0x00, 0x0b, 0x00, 0x00, 0x00, 0xda, 0x2a, // ...............*
	0x00, 0x00, 0xbf, 0x17, 0x00, 0x00, 0x38, 0x1a, 0x00, 0x00, 0x83, 0x00, 0x05, 0x00, 0x0b, 0x00, // ......8.........
	0x00, 0x00, 0xdc, 0x2a, 0x00, 0x00, 0xda, 0x2a, 0x00, 0x00, 0xa4, 0x5d, 0x00, 0x00, 0x0c, 0x00, // ...*...*...]....
	0x06, 0x00, 0x0b, 0x00, 0x00, 0x00, 0xde, 0x2a, 0x00, 0x00, 0x01, 0x00, 0x00, 0x00, 0x08, 0x00, // .......*........
	0x00, 0x00, 0xdc, 0x2a, 0x00, 0x00, 0x83, 0x00, 0x05, 0x00, 0x0b, 0x00, 0x00, 0x00, 0xe1, 0x2a, // ...*...........*
	0x00, 0x00, 0xdc, 0x2a, 0x00, 0x00, 0xde, 0x2a, 0x00, 0x00, 0x81, 0x00, 0x05, 0x00, 0x0b, 0x00, // ...*...*........
	0x00, 0x00, 0xe4, 0x2a, 0x00, 0x00, 0xde, 0x2a, 0x00, 0x00, 0xa4, 0x5d, 0x00, 0x00, 0x8e, 0x00, // ...*...*...]....
	0x05, 0x00, 0x0b, 0x00, 0x00, 0x00, 0xe6, 0x2a, 0x00, 0x00, 0xe4, 0x2a, 0x00, 0x00, 0xee, 0x15, // .......*...*....
	0x00, 0x00, 0x81, 0x00, 0x05, 0x00, 0x0b, 0x00, 0x00, 0x00, 0xeb, 0x2a, 0x00, 0x00, 0xe6, 0x2a, // ...........*...*
	0x00, 0x00, 0x49, 0x1a, 0x00, 0x00, 0x81, 0x00, 0x05, 0x00, 0x0b, 0x00, 0x00, 0x00, 0xef, 0x2a, // ..I............*
	0x00, 0x00, 0xe6, 0x2a, 0x00, 0x00, 0x4d, 0x1a, 0x00, 0x00, 0x81, 0x00, 0x05, 0x00, 0x0b, 0x00, // ...*..M.........
	0x00, 0x00, 0xf3, 0x2a, 0x00, 0x00, 0xe6, 0x2a, 0x00, 0x00, 0x38, 0x1a, 0x00, 0x00, 0x83, 0x00, // ...*...*..8.....
	0x05, 0x00, 0x0b, 0x00, 0x00, 0x00, 0xf8, 0x2a, 0x00, 0x00, 0xe6, 0x2a, 0x00, 0x00, 0xbf, 0x17, // .......*...*....
	0x00, 0x00, 0x94, 0x00, 0x05, 0x00, 0x07, 0x00, 0x00, 0x00, 0xf9, 0x2a, 0x00, 0x00, 0xc5, 0x5d, // ...........*...]
	0x00, 0x00, 0xf8, 0x2a, 0x00, 0x00, 0x81, 0x00, 0x05, 0x00, 0x07, 0x00, 0x00, 0x00, 0xfa, 0x2a, // ...*...........*
	0x00, 0x00, 0xc4, 0x17, 0x00, 0x00, 0xf9, 0x2a, 0x00, 0x00, 0x83, 0x00, 0x05, 0x00, 0x0b, 0x00, // .......*........
	0x00, 0x00, 0xff, 0x2a, 0x00, 0x00, 0xeb, 0x2a, 0x00, 0x00, 0xbf, 0x17, 0x00, 0x00, 0x94, 0x00, // ...*...*........
	0x05, 0x00, 0x07, 0x00, 0x00, 0x00, 0x00, 0x2b, 0x00, 0x00, 0xc5, 0x5d, 0x00, 0x00, 0xff, 0x2a, // .......+...]...*
	0x00, 0x00, 0x81, 0x00, 0x05, 0x00, 0x07, 0x00, 0x00, 0x00, 0x01, 0x2b, 0x00, 0x00, 0xc4, 0x17, // ...........+....
	0x00, 0x00, 0x00, 0x2b, 0x00, 0x00, 0x83, 0x00, 0x05, 0x00, 0x0b, 0x00, 0x00, 0x00, 0x06, 0x2b, // ...+...........+
	0x00, 0x00, 0xef, 0x2a, 0x00, 0x00, 0xbf, 0x17, 0x00, 0x00, 0x94, 0x00, 0x05, 0x00, 0x07, 0x00, // ...*............
	0x00, 0x00, 0x07, 0x2b, 0x00, 0x00, 0xc5, 0x5d, 0x00, 0x00, 0x06, 0x2b, 0x00, 0x00, 0x81, 0x00, // ...+...]...+....
	0x05, 0x00, 0x07, 0x00, 0x00, 0x00, 0x08, 0x2b, 0x00, 0x00, 0xc4, 0x17, 0x00, 0x00, 0x07, 0x2b, // .......+.......+
	0x00, 0x00, 0x83, 0x00, 0x05, 0x00, 0x0b, 0x00, 0x00, 0x00, 0x0d, 0x2b, 0x00, 0x00, 0xf3, 0x2a, // ...........+...*
	0x00, 0x00, 0xbf, 0x17, 0x00, 0x00, 0x94, 0x00, 0x05, 0x00, 0x07, 0x00, 0x00, 0x00, 0x0e, 0x2b, // ...............+
	0x00, 0x00, 0xc5, 0x5d, 0x00, 0x00, 0x0d, 0x2b, 0x00, 0x00, 0x81, 0x00, 0x05, 0x00, 0x07, 0x00, // ...]...+........
	0x00, 0x00, 0x0f, 0x2b, 0x00, 0x00, 0xc4, 0x17, 0x00, 0x00, 0x0e, 0x2b, 0x00, 0x00, 0xf7, 0x00, // ...+.......+....
	0x03, 0x00, 0x54, 0x2b, 0x00, 0x00, 0x00, 0x00, 0x00, 0x00, 0xfb, 0x00, 0x03, 0x00, 0xcc, 0x01, // ..T+............
	0x00, 0x00, 0x3f, 0x2b, 0x00, 0x00, 0xf8, 0x00, 0x02, 0x00, 0x3f, 0x2b, 0x00, 0x00, 0xf7, 0x00, // ..?+......?+....
	0x03, 0x00, 0x47, 0x2b, 0x00, 0x00, 0x00, 0x00, 0x00, 0x00, 0xfa, 0x00, 0x04, 0x00, 0x0e, 0x15, // ..G+............
	0x00, 0x00, 0x42, 0x2b, 0x00, 0x00, 0x47, 0x2b, 0x00, 0x00, 0xf8, 0x00, 0x02, 0x00, 0x42, 0x2b, // ..B+..G+......B+
	0x00, 0x00, 0x56, 0x00, 0x05, 0x00, 0x2e, 0x01, 0x00, 0x00, 0x5c, 0x2b, 0x00, 0x00, 0xf8, 0x00, // ..V........+....
	0x00, 0x00, 0xf6, 0x00, 0x00, 0x00, 0x57, 0x00, 0x05, 0x00, 0x0d, 0x00, 0x00, 0x00, 0x5e, 0x2b, // ......W.......^+
	0x00, 0x00, 0x5c, 0x2b, 0x00, 0x00, 0xe6, 0x2a, 0x00, 0x00, 0x51, 0x00, 0x05, 0x00, 0x07, 0x00, // ...+...*..Q.....
	0x00, 0x00, 0x46, 0x2b, 0x00, 0x00, 0x5e, 0x2b, 0x00, 0x00, 0x00, 0x00, 0x00, 0x00, 0xf9, 0x00, // ..F+..^+........
	0x02, 0x00, 0x54, 0x2b, 0x00, 0x00, 0xf8, 0x00, 0x02, 0x00, 0x47, 0x2b, 0x00, 0x00, 0xf7, 0x00, // ..T+......G+....
	0x03, 0x00, 0x4f, 0x2b, 0x00, 0x00, 0x00, 0x00, 0x00, 0x00, 0xfa, 0x00, 0x04, 0x00, 0x12, 0x15, // ..O+............
	0x00, 0x00, 0x4a, 0x2b, 0x00, 0x00, 0x4f, 0x2b, 0x00, 0x00, 0xf8, 0x00, 0x02, 0x00, 0x4a, 0x2b, // ..J+..O+......J+
	0x00, 0x00, 0x56, 0x00, 0x05, 0x00, 0x2e, 0x01, 0x00, 0x00, 0x65, 0x2b, 0x00, 0x00, 0xfe, 0x00, // ..V.......e+....
	0x00, 0x00, 0xfc, 0x00, 0x00, 0x00, 0x57, 0x00, 0x05, 0x00, 0x0d, 0x00, 0x00, 0x00, 0x67, 0x2b, // ......W.......g+
	0x00, 0x00, 0x65, 0x2b, 0x00, 0x00, 0xe6, 0x2a, 0x00, 0x00, 0x51, 0x00, 0x05, 0x00, 0x07, 0x00, // ..e+...*..Q.....
	0x00, 0x00, 0x4e, 0x2b, 0x00, 0x00, 0x67, 0x2b, 0x00, 0x00, 0x00, 0x00, 0x00, 0x00, 0xf9, 0x00, // ..N+..g+........
	0x02, 0x00, 0x54, 0x2b, 0x00, 0x00, 0xf8, 0x00, 0x02, 0x00, 0x4f, 0x2b, 0x00, 0x00, 0x56, 0x00, // ..T+......O+..V.
	0x05, 0x00, 0x2e, 0x01, 0x00, 0x00, 0x6e, 0x2b, 0x00, 0x00, 0x04, 0x01, 0x00, 0x00, 0x02, 0x01, // ......n+........
	0x00, 0x00, 0x57, 0x00, 0x05, 0x00, 0x0d, 0x00, 0x00, 0x00, 0x70, 0x2b, 0x00, 0x00, 0x6e, 0x2b, // ..W.......p+..n+
	0x00, 0x00, 0xe6, 0x2a, 0x00, 0x00, 0x51, 0x00, 0x05, 0x00, 0x07, 0x00, 0x00, 0x00, 0x53, 0x2b, // ...*..Q.......S+
	0x00, 0x00, 0x70, 0x2b, 0x00, 0x00, 0x00, 0x00, 0x00, 0x00, 0xf9, 0x00, 0x02, 0x00, 0x54, 0x2b, // ..p+..........T+
	0x00, 0x00, 0xf8, 0x00, 0x02, 0x00, 0x54, 0x2b, 0x00, 0x00, 0xf5, 0x00, 0x09, 0x00, 0x07, 0x00, // ......T+........
	0x00, 0x00, 0x82, 0x5e, 0x00, 0x00, 0x46, 0x2b, 0x00, 0x00, 0x42, 0x2b, 0x00, 0x00, 0x4e, 0x2b, // ...^..F+..B+..N+
	0x00, 0x00, 0x4a, 0x2b, 0x00, 0x00, 0x53, 0x2b, 0x00, 0x00, 0x4f, 0x2b, 0x00, 0x00, 0xbe, 0x00, // ..J+..S+..O+....
	0x05, 0x00, 0x97, 0x01, 0x00, 0x00, 0x14, 0x2b, 0x00, 0x00, 0x82, 0x5e, 0x00, 0x00, 0xfa, 0x2a, // .......+...^...*
	0x00, 0x00, 0xa9, 0x00, 0x06, 0x00, 0x07, 0x00, 0x00, 0x00, 0x15, 0x2b, 0x00, 0x00, 0x14, 0x2b, // ...........+...+
	0x00, 0x00, 0xa1, 0x01, 0x00, 0x00, 0x73, 0x01, 0x00, 0x00, 0xf7, 0x00, 0x03, 0x00, 0x90, 0x2b, // ......s........+
	0x00, 0x00, 0x00, 0x00, 0x00, 0x00, 0xfb, 0x00, 0x03, 0x00, 0xcc, 0x01, 0x00, 0x00, 0x7b, 0x2b, // ..............{+
	0x00, 0x00, 0xf8, 0x00, 0x02, 0x00, 0x7b, 0x2b, 0x00, 0x00, 0xf7, 0x00, 0x03, 0x00, 0x83, 0x2b, // ......{+.......+
	0x00, 0x00, 0x00, 0x00, 0x00, 0x00, 0xfa, 0x00, 0x04, 0x00, 0x0e, 0x15, 0x00, 0x00, 0x7e, 0x2b, // ..............~+
	0x00, 0x00, 0x83, 0x2b, 0x00, 0x00, 0xf8, 0x00, 0x02, 0x00, 0x7e, 0x2b, 0x00, 0x00, 0x56, 0x00, // ...+......~+..V.
	0x05, 0x00, 0x2e, 0x01, 0x00, 0x00, 0x98, 0x2b, 0x00, 0x00, 0xf8, 0x00, 0x00, 0x00, 0xf6, 0x00, // .......+........
	0x00, 0x00, 0x57, 0x00, 0x05, 0x00, 0x0d, 0x00, 0x00, 0x00, 0x9a, 0x2b, 0x00, 0x00, 0x98, 0x2b, // ..W........+...+
	0x00, 0x00, 0xeb, 0x2a, 0x00, 0x00, 0x51, 0x00, 0x05, 0x00, 0x07, 0x00, 0x00, 0x00, 0x82, 0x2b, // ...*..Q........+
	0x00, 0x00, 0x9a, 0x2b, 0x00, 0x00, 0x00, 0x00, 0x00, 0x00, 0xf9, 0x00, 0x02, 0x00, 0x90, 0x2b, // ...+...........+
	0x00, 0x00, 0xf8, 0x00, 0x02, 0x00, 0x83, 0x2b, 0x00, 0x00, 0xf7, 0x00, 0x03, 0x00, 0x8b, 0x2b, // .......+.......+
	0x00, 0x00, 0x00, 0x00, 0x00, 0x00, 0xfa, 0x00, 0x04, 0x00, 0x12, 0x15, 0x00, 0x00, 0x86, 0x2b, // ...............+
	0x00, 0x00, 0x8b, 0x2b, 0x00, 0x00, 0xf8, 0x00, 0x02, 0x00, 0x86, 0x2b, 0x00, 0x00, 0x56, 0x00, // ...+.......+..V.
	0x05, 0x00, 0x2e, 0x01, 0x00, 0x00, 0xa1, 0x2b, 0x00, 0x00, 0xfe, 0x00, 0x00, 0x00, 0xfc, 0x00, // .......+........
	0x00, 0x00, 0x57, 0x00, 0x05, 0x00, 0x0d, 0x00, 0x00, 0x00, 0xa3, 0x2b, 0x00, 0x00, 0xa1, 0x2b, // ..W........+...+
	0x00, 0x00, 0xeb, 0x2a, 0x00, 0x00, 0x51, 0x00, 0x05, 0x00, 0x07, 0x00, 0x00, 0x00, 0x8a, 0x2b, // ...*..Q........+
	0x00, 0x00, 0xa3, 0x2b, 0x00, 0x00, 0x00, 0x00, 0x00, 0x00, 0xf9, 0x00, 0x02, 0x00, 0x90, 0x2b, // ...+...........+
	0x00, 0x00, 0xf8, 0x00, 0x02, 0x00, 0x8b, 0x2b, 0x00, 0x00, 0x56, 0x00, 0x05, 0x00, 0x2e, 0x01, // .......+..V.....
	0x00, 0x00, 0xaa, 0x2b, 0x00, 0x00, 0x04, 0x01, 0x00, 0x00, 0x02, 0x01, 0x00, 0x00, 0x57, 0x00, // ...+..........W.
	0x05, 0x00, 0x0d, 0x00, 0x00, 0x00, 0xac, 0x2b, 0x00, 0x00, 0xaa, 0x2b, 0x00, 0x00, 0xeb, 0x2a, // .......+...+...*
	0x00, 0x00, 0x51, 0x00, 0x05, 0x00, 0x07, 0x00, 0x00, 0x00, 0x8f, 0x2b, 0x00, 0x00, 0xac, 0x2b, // ..Q........+...+
	0x00, 0x00, 0x00, 0x00, 0x00, 0x00, 0xf9, 0x00, 0x02, 0x00, 0x90, 0x2b, 0x00, 0x00, 0xf8, 0x00, // ...........+....
	0x02, 0x00, 0x90, 0x2b, 0x00, 0x00, 0xf5, 0x00, 0x09, 0x00, 0x07, 0x00, 0x00, 0x00, 0x83, 0x5e, // ...+...........^
	0x00, 0x00, 0x82, 0x2b, 0x00, 0x00, 0x7e, 0x2b, 0x00, 0x00, 0x8a, 0x2b, 0x00, 0x00, 0x86, 0x2b, // ...+..~+...+...+
	0x00, 0x00, 0x8f, 0x2b, 0x00, 0x00, 0x8b, 0x2b, 0x00, 0x00, 0xbe, 0x00, 0x05, 0x00, 0x97, 0x01, // ...+...+........
	0x00, 0x00, 0x1a, 0x2b, 0x00, 0x00, 0x83, 0x5e, 0x00, 0x00, 0x01, 0x2b, 0x00, 0x00, 0xa9, 0x00, // ...+...^...+....
	0x06, 0x00, 0x07, 0x00, 0x00, 0x00, 0x1b, 0x2b, 0x00, 0x00, 0x1a, 0x2b, 0x00, 0x00, 0xa1, 0x01, // .......+...+....
	0x00, 0x00, 0x73, 0x01, 0x00, 0x00, 0xf7, 0x00, 0x03, 0x00, 0xcc, 0x2b, 0x00, 0x00, 0x00, 0x00, // ..s........+....
	0x00, 0x00, 0xfb, 0x00, 0x03, 0x00, 0xcc, 0x01, 0x00, 0x00, 0xb7, 0x2b, 0x00, 0x00, 0xf8, 0x00, // ...........+....
	0x02, 0x00, 0xb7, 0x2b, 0x00, 0x00, 0xf7, 0x00, 0x03, 0x00, 0xbf, 0x2b, 0x00, 0x00, 0x00, 0x00, // ...+.......+....
	0x00, 0x00, 0xfa, 0x00, 0x04, 0x00, 0x0e, 0x15, 0x00, 0x00, 0xba, 0x2b, 0x00, 0x00, 0xbf, 0x2b, // ...........+...+
	0x00, 0x00, 0xf8, 0x00, 0x02, 0x00, 0xba, 0x2b, 0x00, 0x00, 0x56, 0x00, 0x05, 0x00, 0x2e, 0x01, // .......+..V.....
	0x00, 0x00, 0xd4, 0x2b, 0x00, 0x00, 0xf8, 0x00, 0x00, 0x00, 0xf6, 0x00, 0x00, 0x00, 0x57, 0x00, // ...+..........W.
	0x05, 0x00, 0x0d, 0x00, 0x00, 0x00, 0xd6, 0x2b, 0x00, 0x00, 0xd4, 0x2b, 0x00, 0x00, 0xef, 0x2a, // .......+...+...*
	0x00, 0x00, 0x51, 0x00, 0x05, 0x00, 0x07, 0x00, 0x00, 0x00, 0xbe, 0x2b, 0x00, 0x00, 0xd6, 0x2b, // ..Q........+...+
	0x00, 0x00, 0x00, 0x00, 0x00, 0x00, 0xf9, 0x00, 0x02, 0x00, 0xcc, 0x2b, 0x00, 0x00, 0xf8, 0x00, // ...........+....
	0x02, 0x00, 0xbf, 0x2b, 0x00, 0x00, 0xf7, 0x00, 0x03, 0x00, 0xc7, 0x2b, 0x00, 0x00, 0x00, 0x00, // ...+.......+....
	0x00, 0x00, 0xfa, 0x00, 0x04, 0x00, 0x12, 0x15, 0x00, 0x00, 0xc2, 0x2b, 0x00, 0x00, 0xc7, 0x2b, // ...........+...+
	0x00, 0x00, 0xf8, 0x00, 0x02, 0x00, 0xc2, 0x2b, 0x00, 0x00, 0x56, 0x00, 0x05, 0x00, 0x2e, 0x01, // .......+..V.....
	0x00, 0x00, 0xdd, 0x2b, 0x00, 0x00, 0xfe, 0x00, 0x00, 0x00, 0xfc, 0x00, 0x00, 0x00, 0x57, 0x00, // ...+..........W.
	0x05, 0x00, 0x0d, 0x00, 0x00, 0x00, 0xdf, 0x2b, 0x00, 0x00, 0xdd, 0x2b, 0x00, 0x00, 0xef, 0x2a, // .......+...+...*
	0x00, 0x00, 0x51, 0x00, 0x05, 0x00, 0x07, 0x00, 0x00, 0x00, 0xc6, 0x2b, 0x00, 0x00, 0xdf, 0x2b, // ..Q........+...+
	0x00, 0x00, 0x00, 0x00, 0x00, 0x00, 0xf9, 0x00, 0x02, 0x00, 0xcc, 0x2b, 0x00, 0x00, 0xf8, 0x00, // ...........+....
	0x02, 0x00, 0xc7, 0x2b, 0x00, 0x00, 0x56, 0x00, 0x05, 0x00, 0x2e, 0x01, 0x00, 0x00, 0xe6, 0x2b, // ...+..V........+
	0x00, 0x00, 0x04, 0x01, 0x00, 0x00, 0x02, 0x01, 0x00, 0x00, 0x57, 0x00, 0x05, 0x00, 0x0d, 0x00, // ..........W.....
	0x00, 0x00, 0xe8, 0x2b, 0x00, 0x00, 0xe6, 0x2b, 0x00, 0x00, 0xef, 0x2a, 0x00, 0x00, 0x51, 0x00, // ...+...+...*..Q.
	0x05, 0x00, 0x07, 0x00, 0x00, 0x00, 0xcb, 0x2b, 0x00, 0x00, 0xe8, 0x2b, 0x00, 0x00, 0x00, 0x00, // .......+...+....
	0x00, 0x00, 0xf9, 0x00, 0x02, 0x00, 0xcc, 0x2b, 0x00, 0x00, 0xf8, 0x00, 0x02, 0x00, 0xcc, 0x2b, // .......+.......+
	0x00, 0x00, 0xf5, 0x00, 0x09, 0x00, 0x07, 0x00, 0x00, 0x00, 0x84, 0x5e, 0x00, 0x00, 0xbe, 0x2b, // ...........^...+
	0x00, 0x00, 0xba, 0x2b, 0x00, 0x00, 0xc6, 0x2b, 0x00, 0x00, 0xc2, 0x2b, 0x00, 0x00, 0xcb, 0x2b, // ...+...+...+...+
	0x00, 0x00, 0xc7, 0x2b, 0x00, 0x00, 0xbe, 0x00, 0x05, 0x00, 0x97, 0x01, 0x00, 0x00, 0x20, 0x2b, // ...+.......... +
	0x00, 0x00, 0x84, 0x5e, 0x00, 0x00, 0x08, 0x2b, 0x00, 0x00, 0xa9, 0x00, 0x06, 0x00, 0x07, 0x00, // ...^...+........
	0x00, 0x00, 0x21, 0x2b, 0x00, 0x00, 0x20, 0x2b, 0x00, 0x00, 0xa1, 0x01, 0x00, 0x00, 0x73, 0x01, // ..!+.. +......s.
	0x00, 0x00, 0xf7, 0x00, 0x03, 0x00, 0x08, 0x2c, 0x00, 0x00, 0x00, 0x00, 0x00, 0x00, 0xfb, 0x00, // .......,........
	0x03, 0x00, 0xcc, 0x01, 0x00, 0x00, 0xf3, 0x2b, 0x00, 0x00, 0xf8, 0x00, 0x02, 0x00, 0xf3, 0x2b, // .......+.......+
	0x00, 0x00, 0xf7, 0x00, 0x03, 0x00, 0xfb, 0x2b, 0x00, 0x00, 0x00, 0x00, 0x00, 0x00, 0xfa, 0x00, // .......+........
	0x04, 0x00, 0x0e, 0x15, 0x00, 0x00, 0xf6, 0x2b, 0x00, 0x00, 0xfb, 0x2b, 0x00, 0x00, 0xf8, 0x00, // .......+...+....
	0x02, 0x00, 0xf6, 0x2b, 0x00, 0x00, 0x56, 0x00, 0x05, 0x00, 0x2e, 0x01, 0x00, 0x00, 0x10, 0x2c, // ...+..V........,
	0x00, 0x00, 0xf8, 0x00, 0x00, 0x00, 0xf6, 0x00, 0x00, 0x00, 0x57, 0x00, 0x05, 0x00, 0x0d, 0x00, // ..........W.....
	0x00, 0x00, 0x12, 0x2c, 0x00, 0x00, 0x10, 0x2c, 0x00, 0x00, 0xf3, 0x2a, 0x00, 0x00, 0x51, 0x00, // ...,...,...*..Q.
	0x05, 0x00, 0x07, 0x00, 0x00, 0x00, 0xfa, 0x2b, 0x00, 0x00, 0x12, 0x2c, 0x00, 0x00, 0x00, 0x00, // .......+...,....
	0x00, 0x00, 0xf9, 0x00, 0x02, 0x00, 0x08, 0x2c, 0x00, 0x00, 0xf8, 0x00, 0x02, 0x00, 0xfb, 0x2b, // .......,.......+
	0x00, 0x00, 0xf7, 0x00, 0x03, 0x00, 0x03, 0x2c, 0x00, 0x00, 0x00, 0x00, 0x00, 0x00, 0xfa, 0x00, // .......,........
	0x04, 0x00, 0x12, 0x15, 0x00, 0x00, 0xfe, 0x2b, 0x00, 0x00, 0x03, 0x2c, 0x00, 0x00, 0xf8, 0x00, // .......+...,....
	0x02, 0x00, 0xfe, 0x2b, 0x00, 0x00, 0x56, 0x00, 0x05, 0x00, 0x2e, 0x01, 0x00, 0x00, 0x19, 0x2c, // ...+..V........,
	0x00, 0x00, 0xfe, 0x00, 0x00, 0x00, 0xfc, 0x00, 0x00, 0x00, 0x57, 0x00, 0x05, 0x00, 0x0d, 0x00, // ..........W.....
	0x00, 0x00, 0x1b, 0x2c, 0x00, 0x00, 0x19, 0x2c, 0x00, 0x00, 0xf3, 0x2a, 0x00, 0x00, 0x51, 0x00, // ...,...,...*..Q.
	0x05, 0x00, 0x07, 0x00, 0x00, 0x00, 0x02, 0x2c, 0x00, 0x00, 0x1b, 0x2c, 0x00, 0x00, 0x00, 0x00, // .......,...,....
	0x00, 0x00, 0xf9, 0x00, 0x02, 0x00, 0x08, 0x2c, 0x00, 0x00, 0xf8, 0x00, 0x02, 0x00, 0x03, 0x2c, // .......,.......,
	0x00, 0x00, 0x56, 0x00, 0x05, 0x00, 0x2e, 0x01, 0x00, 0x00, 0x22, 0x2c, 0x00, 0x00, 0x04, 0x01, // ..V.......",....
	0x00, 0x00, 0x02, 0x01, 0x00, 0x00, 0x57, 0x00, 0x05, 0x00, 0x0d, 0x00, 0x00, 0x00, 0x24, 0x2c, // ......W.......$,
	0x00, 0x00, 0x22, 0x2c, 0x00, 0x00, 0xf3, 0x2a, 0x00, 0x00, 0x51, 0x00, 0x05, 0x00, 0x07, 0x00, // ..",...*..Q.....
	0x00, 0x00, 0x07, 0x2c, 0x00, 0x00, 0x24, 0x2c, 0x00, 0x00, 0x00, 0x00, 0x00, 0x00, 0xf9, 0x00, // ...,..$,........
	0x02, 0x00, 0x08, 0x2c, 0x00, 0x00, 0xf8, 0x00, 0x02, 0x00, 0x08, 0x2c, 0x00, 0x00, 0xf5, 0x00, // ...,.......,....
	0x09, 0x00, 0x07, 0x00, 0x00, 0x00, 0x85, 0x5e, 0x00, 0x00, 0xfa, 0x2b, 0x00, 0x00, 0xf6, 0x2b, // .......^...+...+
	0x00, 0x00, 0x02, 0x2c, 0x00, 0x00, 0xfe, 0x2b, 0x00, 0x00, 0x07, 0x2c, 0x00, 0x00, 0x03, 0x2c, // ...,...+...,...,
	0x00, 0x00, 0xbe, 0x00, 0x05, 0x00, 0x97, 0x01, 0x00, 0x00, 0x26, 0x2b, 0x00, 0x00, 0x85, 0x5e, // ..........&+...^
	0x00, 0x00, 0x0f, 0x2b, 0x00, 0x00, 0xa9, 0x00, 0x06, 0x00, 0x07, 0x00, 0x00, 0x00, 0x27, 0x2b, // ...+..........'+
	0x00, 0x00, 0x26, 0x2b, 0x00, 0x00, 0xa1, 0x01, 0x00, 0x00, 0x73, 0x01, 0x00, 0x00, 0x51, 0x00, // ..&+......s...Q.
	0x05, 0x00, 0x07, 0x00, 0x00, 0x00, 0x2b, 0x2b, 0x00, 0x00, 0xe1, 0x2a, 0x00, 0x00, 0x00, 0x00, // ......++...*....
	0x00, 0x00, 0x0c, 0x00, 0x08, 0x00, 0x07, 0x00, 0x00, 0x00, 0x2a, 0x2c, 0x00, 0x00, 0x01, 0x00, // ..........*,....
	0x00, 0x00, 0x2e, 0x00, 0x00, 0x00, 0x15, 0x2b, 0x00, 0x00, 0x1b, 0x2b, 0x00, 0x00, 0x2b, 0x2b, // .......+...+..++
	0x00, 0x00, 0x0c, 0x00, 0x08, 0x00, 0x07, 0x00, 0x00, 0x00, 0x30, 0x2c, 0x00, 0x00, 0x01, 0x00, // ..........0,....
	0x00, 0x00, 0x2e, 0x00, 0x00, 0x00, 0x21, 0x2b, 0x00, 0x00, 0x27, 0x2b, 0x00, 0x00, 0x2b, 0x2b, // ......!+..'+..++
	0x00, 0x00, 0x51, 0x00, 0x05, 0x00, 0x07, 0x00, 0x00, 0x00, 0x33, 0x2b, 0x00, 0x00, 0xe1, 0x2a, // ..Q.......3+...*
	0x00, 0x00, 0x01, 0x00, 0x00, 0x00, 0x0c, 0x00, 0x08, 0x00, 0x07, 0x00, 0x00, 0x00, 0x36, 0x2c, // ..............6,
	0x00, 0x00, 0x01, 0x00, 0x00, 0x00, 0x2e, 0x00, 0x00, 0x00, 0x2a, 0x2c, 0x00, 0x00, 0x30, 0x2c, // ..........*,..0,
	0x00, 0x00, 0x33, 0x2b, 0x00, 0x00, 0x81, 0x00, 0x05, 0x00, 0x07, 0x00, 0x00, 0x00, 0xca, 0x17, // ..3+............
	0x00, 0x00, 0xb9, 0x17, 0x00, 0x00, 0x36, 0x2c, 0x00, 0x00, 0x8e, 0x00, 0x05, 0x00, 0x0b, 0x00, // ......6,........
	0x00, 0x00, 0xcd, 0x17, 0x00, 0x00, 0x9c, 0x03, 0x00, 0x00, 0xed, 0x16, 0x00, 0x00, 0x81, 0x00, // ................
	0x05, 0x00, 0x0b, 0x00, 0x00, 0x00, 0xd0, 0x17, 0x00, 0x00, 0xc2, 0x5c, 0x00, 0x00, 0xcd, 0x17, // ................
	0x00, 0x00, 0x94, 0x00, 0x05, 0x00, 0x07, 0x00, 0x00, 0x00, 0xd4, 0x17, 0x00, 0x00, 0xc5, 0x5d, // ...............]
	0x00, 0x00, 0xcd, 0x17, 0x00, 0x00, 0x81, 0x00, 0x05, 0x00, 0x07, 0x00, 0x00, 0x00, 0xd5, 0x17, // ................
	0x00, 0x00, 0xf7, 0x15, 0x00, 0x00, 0xd4, 0x17, 0x00, 0x00, 0x88, 0x00, 0x05, 0x00, 0x0b, 0x00, // ................
	0x00, 0x00, 0x5d, 0x2c, 0x00, 0x00, 0xd0, 0x17, 0x00, 0x00, 0x38, 0x1a, 0x00, 0x00, 0x83, 0x00, // ..],......8.....
	0x05, 0x00, 0x0b, 0x00, 0x00, 0x00, 0x5f, 0x2c, 0x00, 0x00, 0x5d, 0x2c, 0x00, 0x00, 0xa4, 0x5d, // ......_,..],...]
	0x00, 0x00, 0x0c, 0x00, 0x06, 0x00, 0x0b, 0x00, 0x00, 0x00, 0x61, 0x2c, 0x00, 0x00, 0x01, 0x00, // ..........a,....
	0x00, 0x00, 0x08, 0x00, 0x00, 0x00, 0x5f, 0x2c, 0x00, 0x00, 0x83, 0x00, 0x05, 0x00, 0x0b, 0x00, // ......_,........
	0x00, 0x00, 0x64, 0x2c, 0x00, 0x00, 0x5f, 0x2c, 0x00, 0x00, 0x61, 0x2c, 0x00, 0x00, 0x81, 0x00, // ..d,.._,..a,....
	0x05, 0x00, 0x0b, 0x00, 0x00, 0x00, 0x67, 0x2c, 0x00, 0x00, 0x61, 0x2c, 0x00, 0x00, 0xa4, 0x5d, // ......g,..a,...]
	0x00, 0x00, 0x8e, 0x00, 0x05, 0x00, 0x0b, 0x00, 0x00, 0x00, 0x69, 0x2c, 0x00, 0x00, 0x67, 0x2c, // ..........i,..g,
	0x00, 0x00, 0xee, 0x15, 0x00, 0x00, 0x81, 0x00, 0x05, 0x00, 0x0b, 0x00, 0x00, 0x00, 0x6e, 0x2c, // ..............n,
	0x00, 0x00, 0x69, 0x2c, 0x00, 0x00, 0x49, 0x1a, 0x00, 0x00, 0x81, 0x00, 0x05, 0x00, 0x0b, 0x00, // ..i,..I.........
	0x00, 0x00, 0x72, 0x2c, 0x00, 0x00, 0x69, 0x2c, 0x00, 0x00, 0x4d, 0x1a, 0x00, 0x00, 0x81, 0x00, // ..r,..i,..M.....
	0x05, 0x00, 0x0b, 0x00, 0x00, 0x00, 0x76, 0x2c, 0x00, 0x00, 0x69, 0x2c, 0x00, 0x00, 0x38, 0x1a, // ......v,..i,..8.
	0x00, 0x00, 0x83, 0x00, 0x05, 0x00, 0x0b, 0x00, 0x00, 0x00, 0x7b, 0x2c, 0x00, 0x00, 0x69, 0x2c, // ..........{,..i,
	0x00, 0x00, 0xd0, 0x17, 0x00, 0x00, 0x94, 0x00, 0x05, 0x00, 0x07, 0x00, 0x00, 0x00, 0x7c, 0x2c, // ..............|,
	0x00, 0x00, 0xc5, 0x5d, 0x00, 0x00, 0x7b, 0x2c, 0x00, 0x00, 0x81, 0x00, 0x05, 0x00, 0x07, 0x00, // ...]..{,........
	0x00, 0x00, 0x7d, 0x2c, 0x00, 0x00, 0xd5, 0x17, 0x00, 0x00, 0x7c, 0x2c, 0x00, 0x00, 0x83, 0x00, // ..},......|,....
	0x05, 0x00, 0x0b, 0x00, 0x00, 0x00, 0x82, 0x2c, 0x00, 0x00, 0x6e, 0x2c, 0x00, 0x00, 0xd0, 0x17, // .......,..n,....
	0x00, 0x00, 0x94, 0x00, 0x05, 0x00, 0x07, 0x00, 0x00, 0x00, 0x83, 0x2c, 0x00, 0x00, 0xc5, 0x5d, // ...........,...]
	0x00, 0x00, 0x82, 0x2c, 0x00, 0x00, 0x81, 0x00, 0x05, 0x00, 0x07, 0x00, 0x00, 0x00, 0x84, 0x2c, // ...,...........,
	0x00, 0x00, 0xd5, 0x17, 0x00, 0x00, 0x83, 0x2c, 0x00, 0x00, 0x83, 0x00, 0x05, 0x00, 0x0b, 0x00, // .......,........
	0x00, 0x00, 0x89, 0x2c, 0x00, 0x00, 0x72, 0x2c, 0x00, 0x00, 0xd0, 0x17, 0x00, 0x00, 0x94, 0x00, // ...,..r,........
	0x05, 0x00, 0x07, 0x00, 0x00, 0x00, 0x8a, 0x2c, 0x00, 0x00, 0xc5, 0x5d, 0x00, 0x00, 0x89, 0x2c, // .......,...]...,
	0x00, 0x00, 0x81, 0x00, 0x05, 0x00, 0x07, 0x00, 0x00, 0x00, 0x8b, 0x2c, 0x00, 0x00, 0xd5, 0x17, // ...........,....
	0x00, 0x00, 0x8a, 0x2c, 0x00, 0x00, 0x83, 0x00, 0x05, 0x00, 0x0b, 0x00, 0x00, 0x00, 0x90, 0x2c, // ...,...........,
	0x00, 0x00, 0x76, 0x2c, 0x00, 0x00, 0xd0, 0x17, 0x00, 0x00, 0x94, 0x00, 0x05, 0x00, 0x07, 0x00, // ..v,............
	0x00, 0x00, 0x91, 0x2c, 0x00, 0x00, 0xc5, 0x5d, 0x00, 0x00, 0x90, 0x2c, 0x00, 0x00, 0x81, 0x00, // ...,...]...,....
	0x05, 0x00, 0x07, 0x00, 0x00, 0x00, 0x92, 0x2c, 0x00, 0x00, 0xd5, 0x17, 0x00, 0x00, 0x91, 0x2c, // .......,.......,
	0x00, 0x00, 0xf7, 0x00, 0x03, 0x00, 0xd7, 0x2c, 0x00, 0x00, 0x00, 0x00, 0x00, 0x00, 0xfb, 0x00, // .......,........
	0x03, 0x00, 0xcc, 0x01, 0x00, 0x00, 0xc2, 0x2c, 0x00, 0x00, 0xf8, 0x00, 0x02, 0x00, 0xc2, 0x2c, // .......,.......,
	0x00, 0x00, 0xf7, 0x00, 0x03, 0x00, 0xca, 0x2c, 0x00, 0x00, 0x00, 0x00, 0x00, 0x00, 0xfa, 0x00, // .......,........
	0x04, 0x00, 0x0e, 0x15, 0x00, 0x00, 0xc5, 0x2c, 0x00, 0x00, 0xca, 0x2c, 0x00, 0x00, 0xf8, 0x00, // .......,...,....
	0x02, 0x00, 0xc5, 0x2c, 0x00, 0x00, 0x56, 0x00, 0x05, 0x00, 0x2e, 0x01, 0x00, 0x00, 0xdf, 0x2c, // ...,..V........,
	0x00, 0x00, 0xf8, 0x00, 0x00, 0x00, 0xf6, 0x00, 0x00, 0x00, 0x57, 0x00, 0x05, 0x00, 0x0d, 0x00, // ..........W.....
	0x00, 0x00, 0xe1, 0x2c, 0x00, 0x00, 0xdf, 0x2c, 0x00, 0x00, 0x69, 0x2c, 0x00, 0x00, 0x51, 0x00, // ...,...,..i,..Q.
	0x05, 0x00, 0x07, 0x00, 0x00, 0x00, 0xc9, 0x2c, 0x00, 0x00, 0xe1, 0x2c, 0x00, 0x00, 0x00, 0x00, // .......,...,....
	0x00, 0x00, 0xf9, 0x00, 0x02, 0x00, 0xd7, 0x2c, 0x00, 0x00, 0xf8, 0x00, 0x02, 0x00, 0xca, 0x2c, // .......,.......,
	0x00, 0x00, 0xf7, 0x00, 0x03, 0x00, 0xd2, 0x2c, 0x00, 0x00, 0x00, 0x00, 0x00, 0x00, 0xfa, 0x00, // .......,........
	0x04, 0x00, 0x12, 0x15, 0x00, 0x00, 0xcd, 0x2c, 0x00, 0x00, 0xd2, 0x2c, 0x00, 0x00, 0xf8, 0x00, // .......,...,....
	0x02, 0x00, 0xcd, 0x2c, 0x00, 0x00, 0x56, 0x00, 0x05, 0x00, 0x2e, 0x01, 0x00, 0x00, 0xe8, 0x2c, // ...,..V........,
	0x00, 0x00, 0xfe, 0x00, 0x00, 0x00, 0xfc, 0x00, 0x00, 0x00, 0x57, 0x00, 0x05, 0x00, 0x0d, 0x00, // ..........W.....
	0x00, 0x00, 0xea, 0x2c, 0x00, 0x00, 0xe8, 0x2c, 0x00, 0x00, 0x69, 0x2c, 0x00, 0x00, 0x51, 0x00, // ...,...,..i,..Q.
	0x05, 0x00, 0x07, 0x00, 0x00, 0x00, 0xd1, 0x2c, 0x00, 0x00, 0xea, 0x2c, 0x00, 0x00, 0x00, 0x00, // .......,...,....
	0x00, 0x00, 0xf9, 0x00, 0x02, 0x00, 0xd7, 0x2c, 0x00, 0x00, 0xf8, 0x00, 0x02, 0x00, 0xd2, 0x2c, // .......,.......,
	0x00, 0x00, 0x56, 0x00, 0x05, 0x00, 0x2e, 0x01, 0x00, 0x00, 0xf1, 0x2c, 0x00, 0x00, 0x04, 0x01, // ..V........,....
	0x00, 0x00, 0x02, 0x01, 0x00, 0x00, 0x57, 0x00, 0x05, 0x00, 0x0d, 0x00, 0x00, 0x00, 0xf3, 0x2c, // ......W........,
	0x00, 0x00, 0xf1, 0x2c, 0x00, 0x00, 0x69, 0x2c, 0x00, 0x00, 0x51, 0x00, 0x05, 0x00, 0x07, 0x00, // ...,..i,..Q.....
	0x00, 0x00, 0xd6, 0x2c, 0x00, 0x00, 0xf3, 0x2c, 0x00, 0x00, 0x00, 0x00, 0x00, 0x00, 0xf9, 0x00, // ...,...,........
	0x02, 0x00, 0xd7, 0x2c, 0x00, 0x00, 0xf8, 0x00, 0x02, 0x00, 0xd7, 0x2c, 0x00, 0x00, 0xf5, 0x00, // ...,.......,....
	0x09, 0x00, 0x07, 0x00, 0x00, 0x00, 0x8e, 0x5e, 0x00, 0x00, 0xc9, 0x2c, 0x00, 0x00, 0xc5, 0x2c, // .......^...,...,
	0x00, 0x00, 0xd1, 0x2c, 0x00, 0x00, 0xcd, 0x2c, 0x00, 0x00, 0xd6, 0x2c, 0x00, 0x00, 0xd2, 0x2c, // ...,...,...,...,
	0x00, 0x00, 0xbe, 0x00, 0x05, 0x00, 0x97, 0x01, 0x00, 0x00, 0x97, 0x2c, 0x00, 0x00, 0x8e, 0x5e, // ...........,...^
	0x00, 0x00, 0x7d, 0x2c, 0x00, 0x00, 0xa9, 0x00, 0x06, 0x00, 0x07, 0x00, 0x00, 0x00, 0x98, 0x2c, // ..},...........,
	0x00, 0x00, 0x97, 0x2c, 0x00, 0x00, 0xa1, 0x01, 0x00, 0x00, 0x73, 0x01, 0x00, 0x00, 0xf7, 0x00, // ...,......s.....
	0x03, 0x00, 0x13, 0x2d, 0x00, 0x00, 0x00, 0x00, 0x00, 0x00, 0xfb, 0x00, 0x03, 0x00, 0xcc, 0x01, // ...-............
	0x00, 0x00, 0xfe, 0x2c, 0x00, 0x00, 0xf8, 0x00, 0x02, 0x00, 0xfe, 0x2c, 0x00, 0x00, 0xf7, 0x00, // ...,.......,....
	0x03, 0x00, 0x06, 0x2d, 0x00, 0x00, 0x00, 0x00, 0x00, 0x00, 0xfa, 0x00, 0x04, 0x00, 0x0e, 0x15, // ...-............
	0x00, 0x00, 0x01, 0x2d, 0x00, 0x00, 0x06, 0x2d, 0x00, 0x00, 0xf8, 0x00, 0x02, 0x00, 0x01, 0x2d, // ...-...-.......-
	0x00, 0x00, 0x56, 0x00, 0x05, 0x00, 0x2e, 0x01, 0x00, 0x00, 0x1b, 0x2d, 0x00, 0x00, 0xf8, 0x00, // ..V........-....
	0x00, 0x00, 0xf6, 0x00, 0x00, 0x00, 0x57, 0x00, 0x05, 0x00, 0x0d, 0x00, 0x00, 0x00, 0x1d, 0x2d, // ......W........-
	0x00, 0x00, 0x1b, 0x2d, 0x00, 0x00, 0x6e, 0x2c, 0x00, 0x00, 0x51, 0x00, 0x05, 0x00, 0x07, 0x00, // ...-..n,..Q.....
	0x00, 0x00, 0x05, 0x2d, 0x00, 0x00, 0x1d, 0x2d, 0x00, 0x00, 0x00, 0x00, 0x00, 0x00, 0xf9, 0x00, // ...-...-........
	0x02, 0x00, 0x13, 0x2d, 0x00, 0x00, 0xf8, 0x00, 0x02, 0x00, 0x06, 0x2d, 0x00, 0x00, 0xf7, 0x00, // ...-.......-....
	0x03, 0x00, 0x0e, 0x2d, 0x00, 0x00, 0x00, 0x00, 0x00, 0x00, 0xfa, 0x00, 0x04, 0x00, 0x12, 0x15, // ...-............
	0x00, 0x00, 0x09, 0x2d, 0x00, 0x00, 0x0e, 0x2d, 0x00, 0x00, 0xf8, 0x00, 0x02, 0x00, 0x09, 0x2d, // ...-...-.......-
	0x00, 0x00, 0x56, 0x00, 0x05, 0x00, 0x2e, 0x01, 0x00, 0x00, 0x24, 0x2d, 0x00, 0x00, 0xfe, 0x00, // ..V.......$-....
	0x00, 0x00, 0xfc, 0x00, 0x00, 0x00, 0x57, 0x00, 0x05, 0x00, 0x0d, 0x00, 0x00, 0x00, 0x26, 0x2d, // ......W.......&-
	0x00, 0x00, 0x24, 0x2d, 0x00, 0x00, 0x6e, 0x2c, 0x00, 0x00, 0x51, 0x00, 0x05, 0x00, 0x07, 0x00, // ..$-..n,..Q.....
	0x00, 0x00, 0x0d, 0x2d, 0x00, 0x00, 0x26, 0x2d, 0x00, 0x00, 0x00, 0x00, 0x00, 0x00, 0xf9, 0x00, // ...-..&-........
	0x02, 0x00, 0x13, 0x2d, 0x00, 0x00, 0xf8, 0x00, 0x02, 0x00, 0x0e, 0x2d, 0x00, 0x00, 0x56, 0x00, // ...-.......-..V.
	0x05, 0x00, 0x2e, 0x01, 0x00, 0x00, 0x2d, 0x2d, 0x00, 0x00, 0x04, 0x01, 0x00, 0x00, 0x02, 0x01, // ......--........
	0x00, 0x00, 0x57, 0x00, 0x05, 0x00, 0x0d, 0x00, 0x00, 0x00, 0x2f, 0x2d, 0x00, 0x00, 0x2d, 0x2d, // ..W......./-..--
	0x00, 0x00, 0x6e, 0x2c, 0x00, 0x00, 0x51, 0x00, 0x05, 0x00, 0x07, 0x00, 0x00, 0x00, 0x12, 0x2d, // ..n,..Q........-
	0x00, 0x00, 0x2f, 0x2d, 0x00, 0x00, 0x00, 0x00, 0x00, 0x00, 0xf9, 0x00, 0x02, 0x00, 0x13, 0x2d, // ../-...........-
	0x00, 0x00, 0xf8, 0x00, 0x02, 0x00, 0x13, 0x2d, 0x00, 0x00, 0xf5, 0x00, 0x09, 0x00, 0x07, 0x00, // .......-........
	0x00, 0x00, 0x8f, 0x5e, 0x00, 0x00, 0x05, 0x2d, 0x00, 0x00, 0x01, 0x2d, 0x00, 0x00, 0x0d, 0x2d, // ...^...-...-...-
	0x00, 0x00, 0x09, 0x2d, 0x00, 0x00, 0x12, 0x2d, 0x00, 0x00, 0x0e, 0x2d, 0x00, 0x00, 0xbe, 0x00, // ...-...-...-....
	0x05, 0x00, 0x97, 0x01, 0x00, 0x00, 0x9d, 0x2c, 0x00, 0x00, 0x8f, 0x5e, 0x00, 0x00, 0x84, 0x2c, // .......,...^...,
	0x00, 0x00, 0xa9, 0x00, 0x06, 0x00, 0x07, 0x00, 0x00, 0x00, 0x9e, 0x2c, 0x00, 0x00, 0x9d, 0x2c, // ...........,...,
	0x00, 0x00, 0xa1, 0x01, 0x00, 0x00, 0x73, 0x01, 0x00, 0x00, 0xf7, 0x00, 0x03, 0x00, 0x4f, 0x2d, // ......s.......O-
	0x00, 0x00, 0x00, 0x00, 0x00, 0x00, 0xfb, 0x00, 0x03, 0x00, 0xcc, 0x01, 0x00, 0x00, 0x3a, 0x2d, // ..............:-
	0x00, 0x00, 0xf8, 0x00, 0x02, 0x00, 0x3a, 0x2d, 0x00, 0x00, 0xf7, 0x00, 0x03, 0x00, 0x42, 0x2d, // ......:-......B-
	0x00, 0x00, 0x00, 0x00, 0x00, 0x00, 0xfa, 0x00, 0x04, 0x00, 0x0e, 0x15, 0x00, 0x00, 0x3d, 0x2d, // ..............=-
	0x00, 0x00, 0x42, 0x2d, 0x00, 0x00, 0xf8, 0x00, 0x02, 0x00, 0x3d, 0x2d, 0x00, 0x00, 0x56, 0x00, // ..B-......=-..V.
	0x05, 0x00, 0x2e, 0x01, 0x00, 0x00, 0x57, 0x2d, 0x00, 0x00, 0xf8, 0x00, 0x00, 0x00, 0xf6, 0x00, // ......W-........
	0x00, 0x00, 0x57, 0x00, 0x05, 0x00, 0x0d, 0x00, 0x00, 0x00, 0x59, 0x2d, 0x00, 0x00, 0x57, 0x2d, // ..W.......Y-..W-
	0x00, 0x00, 0x72, 0x2c, 0x00, 0x00, 0x51, 0x00, 0x05, 0x00, 0x07, 0x00, 0x00, 0x00, 0x41, 0x2d, // ..r,..Q.......A-
	0x00, 0x00, 0x59, 0x2d, 0x00, 0x00, 0x00, 0x00, 0x00, 0x00, 0xf9, 0x00, 0x02, 0x00, 0x4f, 0x2d, // ..Y-..........O-
	0x00, 0x00, 0xf8, 0x00, 0x02, 0x00, 0x42, 0x2d, 0x00, 0x00, 0xf7, 0x00, 0x03, 0x00, 0x4a, 0x2d, // ......B-......J-
	0x00, 0x00, 0x00, 0x00, 0x00, 0x00, 0xfa, 0x00, 0x04, 0x00, 0x12, 0x15, 0x00, 0x00, 0x45, 0x2d, // ..............E-
	0x00, 0x00, 0x4a, 0x2d, 0x00, 0x00, 0xf8, 0x00, 0x02, 0x00, 0x45, 0x2d, 0x00, 0x00, 0x56, 0x00, // ..J-......E-..V.
	0x05, 0x00, 0x2e, 0x01, 0x00, 0x00, 0x60, 0x2d, 0x00, 0x00, 0xfe, 0x00, 0x00, 0x00, 0xfc, 0x00, // ......`-........
	0x00, 0x00, 0x57, 0x00, 0x05, 0x00, 0x0d, 0x00, 0x00, 0x00, 0x62, 0x2d, 0x00, 0x00, 0x60, 0x2d, // ..W.......b-..`-
	0x00, 0x00, 0x72, 0x2c, 0x00, 0x00, 0x51, 0x00, 0x05, 0x00, 0x07, 0x00, 0x00, 0x00, 0x49, 0x2d, // ..r,..Q.......I-
	0x00, 0x00, 0x62, 0x2d, 0x00, 0x00, 0x00, 0x00, 0x00, 0x00, 0xf9, 0x00, 0x02, 0x00, 0x4f, 0x2d, // ..b-..........O-
	0x00, 0x00, 0xf8, 0x00, 0x02, 0x00, 0x4a, 0x2d, 0x00, 0x00, 0x56, 0x00, 0x05, 0x00, 0x2e, 0x01, // ......J-..V.....
	0x00, 0x00, 0x69, 0x2d, 0x00, 0x00, 0x04, 0x01, 0x00, 0x00, 0x02, 0x01, 0x00, 0x00, 0x57, 0x00, // ..i-..........W.
	0x05, 0x00, 0x0d, 0x00, 0x00, 0x00, 0x6b, 0x2d, 0x00, 0x00, 0x69, 0x2d, 0x00, 0x00, 0x72, 0x2c, // ......k-..i-..r,
	0x00, 0x00, 0x51, 0x00, 0x05, 0x00, 0x07, 0x00, 0x00, 0x00, 0x4e, 0x2d, 0x00, 0x00, 0x6b, 0x2d, // ..Q.......N-..k-
	0x00, 0x00, 0x00, 0x00, 0x00, 0x00, 0xf9, 0x00, 0x02, 0x00, 0x4f, 0x2d, 0x00, 0x00, 0xf8, 0x00, // ..........O-....
	0x02, 0x00, 0x4f, 0x2d, 0x00, 0x00, 0xf5, 0x00, 0x09, 0x00, 0x07, 0x00, 0x00, 0x00, 0x90, 0x5e, // ..O-...........^
	0x00, 0x00, 0x41, 0x2d, 0x00, 0x00, 0x3d, 0x2d, 0x00, 0x00, 0x49, 0x2d, 0x00, 0x00, 0x45, 0x2d, // ..A-..=-..I-..E-
	0x00, 0x00, 0x4e, 0x2d, 0x00, 0x00, 0x4a, 0x2d, 0x00, 0x00, 0xbe, 0x00, 0x05, 0x00, 0x97, 0x01, // ..N-..J-........
	0x00, 0x00, 0xa3, 0x2c, 0x00, 0x00, 0x90, 0x5e, 0x00, 0x00, 0x8b, 0x2c, 0x00, 0x00, 0xa9, 0x00, // ...,...^...,....
	0x06, 0x00, 0x07, 0x00, 0x00, 0x00, 0xa4, 0x2c, 0x00, 0x00, 0xa3, 0x2c, 0x00, 0x00, 0xa1, 0x01, // .......,...,....
	0x00, 0x00, 0x73, 0x01, 0x00, 0x00, 0xf7, 0x00, 0x03, 0x00, 0x8b, 0x2d, 0x00, 0x00, 0x00, 0x00, // ..s........-....
	0x00, 0x00, 0xfb, 0x00, 0x03, 0x00, 0xcc, 0x01, 0x00, 0x00, 0x76, 0x2d, 0x00, 0x00, 0xf8, 0x00, // ..........v-....
	0x02, 0x00, 0x76, 0x2d, 0x00, 0x00, 0xf7, 0x00, 0x03, 0x00, 0x7e, 0x2d, 0x00, 0x00, 0x00, 0x00, // ..v-......~-....
	0x00, 0x00, 0xfa, 0x00, 0x04, 0x00, 0x0e, 0x15, 0x00, 0x00, 0x79, 0x2d, 0x00, 0x00, 0x7e, 0x2d, // ..........y-..~-
	0x00, 0x00, 0xf8, 0x00, 0x02, 0x00, 0x79, 0x2d, 0x00, 0x00, 0x56, 0x00, 0x05, 0x00, 0x2e, 0x01, // ......y-..V.....
	0x00, 0x00, 0x93, 0x2d, 0x00, 0x00, 0xf8, 0x00, 0x00, 0x00, 0xf6, 0x00, 0x00, 0x00, 0x57, 0x00, // ...-..........W.
	0x05, 0x00, 0x0d, 0x00, 0x00, 0x00, 0x95, 0x2d, 0x00, 0x00, 0x93, 0x2d, 0x00, 0x00, 0x76, 0x2c, // .......-...-..v,
	0x00, 0x00, 0x51, 0x00, 0x05, 0x00, 0x07, 0x00, 0x00, 0x00, 0x7d, 0x2d, 0x00, 0x00, 0x95, 0x2d, // ..Q.......}-...-
	0x00, 0x00, 0x00, 0x00, 0x00, 0x00, 0xf9, 0x00, 0x02, 0x00, 0x8b, 0x2d, 0x00, 0x00, 0xf8, 0x00, // ...........-....
	0x02, 0x00, 0x7e, 0x2d, 0x00, 0x00, 0xf7, 0x00, 0x03, 0x00, 0x86, 0x2d, 0x00, 0x00, 0x00, 0x00, // ..~-.......-....
	0x00, 0x00, 0xfa, 0x00, 0x04, 0x00, 0x12, 0x15, 0x00, 0x00, 0x81, 0x2d, 0x00, 0x00, 0x86, 0x2d, // ...........-...-
	0x00, 0x00, 0xf8, 0x00, 0x02, 0x00, 0x81, 0x2d, 0x00, 0x00, 0x56, 0x00, 0x05, 0x00, 0x2e, 0x01, // .......-..V.....
	0x00, 0x00, 0x9c, 0x2d, 0x00, 0x00, 0xfe, 0x00, 0x00, 0x00, 0xfc, 0x00, 0x00, 0x00, 0x57, 0x00, // ...-..........W.
	0x05, 0x00, 0x0d, 0x00, 0x00, 0x00, 0x9e, 0x2d, 0x00, 0x00, 0x9c, 0x2d, 0x00, 0x00, 0x76, 0x2c, // .......-...-..v,
	0x00, 0x00, 0x51, 0x00, 0x05, 0x00, 0x07, 0x00, 0x00, 0x00, 0x85, 0x2d, 0x00, 0x00, 0x9e, 0x2d, // ..Q........-...-
	0x00, 0x00, 0x00, 0x00, 0x00, 0x00, 0xf9, 0x00, 0x02, 0x00, 0x8b, 0x2d, 0x00, 0x00, 0xf8, 0x00, // ...........-....
	0x02, 0x00, 0x86, 0x2d, 0x00, 0x00, 0x56, 0x00, 0x05, 0x00, 0x2e, 0x01, 0x00, 0x00, 0xa5, 0x2d, // ...-..V........-
	0x00, 0x00, 0x04, 0x01, 0x00, 0x00, 0x02, 0x01, 0x00, 0x00, 0x57, 0x00, 0x05, 0x00, 0x0d, 0x00, // ..........W.....
	0x00, 0x00, 0xa7, 0x2d, 0x00, 0x00, 0xa5, 0x2d, 0x00, 0x00, 0x76, 0x2c, 0x00, 0x00, 0x51, 0x00, // ...-...-..v,..Q.
	0x05, 0x00, 0x07, 0x00, 0x00, 0x00, 0x8a, 0x2d, 0x00, 0x00, 0xa7, 0x2d, 0x00, 0x00, 0x00, 0x00, // .......-...-....
	0x00, 0x00, 0xf9, 0x00, 0x02, 0x00, 0x8b, 0x2d, 0x00, 0x00, 0xf8, 0x00, 0x02, 0x00, 0x8b, 0x2d, // .......-.......-
	0x00, 0x00, 0xf5, 0x00, 0x09, 0x00, 0x07, 0x00, 0x00, 0x00, 0x91, 0x5e, 0x00, 0x00, 0x7d, 0x2d, // ...........^..}-
	0x00, 0x00, 0x79, 0x2d, 0x00, 0x00, 0x85, 0x2d, 0x00, 0x00, 0x81, 0x2d, 0x00, 0x00, 0x8a, 0x2d, // ..y-...-...-...-
	0x00, 0x00, 0x86, 0x2d, 0x00, 0x00, 0xbe, 0x00, 0x05, 0x00, 0x97, 0x01, 0x00, 0x00, 0xa9, 0x2c, // ...-...........,
	0x00, 0x00, 0x91, 0x5e, 0x00, 0x00, 0x92, 0x2c, 0x00, 0x00, 0xa9, 0x00, 0x06, 0x00, 0x07, 0x00, // ...^...,........
	0x00, 0x00, 0xaa, 0x2c, 0x00, 0x00, 0xa9, 0x2c, 0x00, 0x00, 0xa1, 0x01, 0x00, 0x00, 0x73, 0x01, // ...,...,......s.
	0x00, 0x00, 0x51, 0x00, 0x05, 0x00, 0x07, 0x00, 0x00, 0x00, 0xae, 0x2c, 0x00, 0x00, 0x64, 0x2c, // ..Q........,..d,
	0x00, 0x00, 0x00, 0x00, 0x00, 0x00, 0x0c, 0x00, 0x08, 0x00, 0x07, 0x00, 0x00, 0x00, 0xad, 0x2d, // ...............-
	0x00, 0x00, 0x01, 0x00, 0x00, 0x00, 0x2e, 0x00, 0x00, 0x00, 0x98, 0x2c, 0x00, 0x00, 0x9e, 0x2c, // ...........,...,
	0x00, 0x00, 0xae, 0x2c, 0x00, 0x00, 0x0c, 0x00, 0x08, 0x00, 0x07, 0x00, 0x00, 0x00, 0xb3, 0x2d, // ...,...........-
	0x00, 0x00, 0x01, 0x00, 0x00, 0x00, 0x2e, 0x00, 0x00, 0x00, 0xa4, 0x2c, 0x00, 0x00, 0xaa, 0x2c, // ...........,...,
	0x00, 0x00, 0xae, 0x2c, 0x00, 0x00, 0x51, 0x00, 0x05, 0x00, 0x07, 0x00, 0x00, 0x00, 0xb6, 0x2c, // ...,..Q........,
	0x00, 0x00, 0x64, 0x2c, 0x00, 0x00, 0x01, 0x00, 0x00, 0x00, 0x0c, 0x00, 0x08, 0x00, 0x07, 0x00, // ..d,............
	0x00, 0x00, 0xb9, 0x2d, 0x00, 0x00, 0x01, 0x00, 0x00, 0x00, 0x2e, 0x00, 0x00, 0x00, 0xad, 0x2d, // ...-...........-
	0x00, 0x00, 0xb3, 0x2d, 0x00, 0x00, 0xb6, 0x2c, 0x00, 0x00, 0x81, 0x00, 0x05, 0x00, 0x07, 0x00, // ...-...,........
	0x00, 0x00, 0xdb, 0x17, 0x00, 0x00, 0xca, 0x17, 0x00, 0x00, 0xb9, 0x2d, 0x00, 0x00, 0x8e, 0x00, // ...........-....
	0x05, 0x00, 0x0b, 0x00, 0x00, 0x00, 0xde, 0x17, 0x00, 0x00, 0x9d, 0x03, 0x00, 0x00, 0xed, 0x16, // ................
	0x00, 0x00, 0x81, 0x00, 0x05, 0x00, 0x0b, 0x00, 0x00, 0x00, 0xe1, 0x17, 0x00, 0x00, 0xc2, 0x5c, // ................
	0x00, 0x00, 0xde, 0x17, 0x00, 0x00, 0x94, 0x00, 0x05, 0x00, 0x07, 0x00, 0x00, 0x00, 0xe5, 0x17, // ................
	0x00, 0x00, 0xc5, 0x5d, 0x00, 0x00, 0xde, 0x17, 0x00, 0x00, 0x81, 0x00, 0x05, 0x00, 0x07, 0x00, // ...]............
	0x00, 0x00, 0xe6, 0x17, 0x00, 0x00, 0xf7, 0x15, 0x00, 0x00, 0xe5, 0x17, 0x00, 0x00, 0x88, 0x00, // ................
	0x05, 0x00, 0x0b, 0x00, 0x00, 0x00, 0xe0, 0x2d, 0x00, 0x00, 0xe1, 0x17, 0x00, 0x00, 0x38, 0x1a, // .......-......8.
	0x00, 0x00, 0x83, 0x00, 0x05, 0x00, 0x0b, 0x00, 0x00, 0x00, 0xe2, 0x2d, 0x00, 0x00, 0xe0, 0x2d, // ...........-...-
	0x00, 0x00, 0xa4, 0x5d, 0x00, 0x00, 0x0c, 0x00, 0x06, 0x00, 0x0b, 0x00, 0x00, 0x00, 0xe4, 0x2d, // ...]...........-
	0x00, 0x00, 0x01, 0x00, 0x00, 0x00, 0x08, 0x00, 0x00, 0x00, 0xe2, 0x2d, 0x00, 0x00, 0x83, 0x00, // ...........-....
	0x05, 0x00, 0x0b, 0x00, 0x00, 0x00, 0xe7, 0x2d, 0x00, 0x00, 0xe2, 0x2d, 0x00, 0x00, 0xe4, 0x2d, // .......-...-...-
	0x00, 0x00, 0x81, 0x00, 0x05, 0x00, 0x0b, 0x00, 0x00, 0x00, 0xea, 0x2d, 0x00, 0x00, 0xe4, 0x2d, // ...........-...-
	0x00, 0x00, 0xa4, 0x5d, 0x00, 0x00, 0x8e, 0x00, 0x05, 0x00, 0x0b, 0x00, 0x00, 0x00, 0xec, 0x2d, // ...]...........-
	0x00, 0x00, 0xea, 0x2d, 0x00, 0x00, 0xee, 0x15, 0x00, 0x00, 0x81, 0x00, 0x05, 0x00, 0x0b, 0x00, // ...-............
	0x00, 0x00, 0xf1, 0x2d, 0x00, 0x00, 0xec, 0x2d, 0x00, 0x00, 0x49, 0x1a, 0x00, 0x00, 0x81, 0x00, // ...-...-..I.....
	0x05, 0x00, 0x0b, 0x00, 0x00, 0x00, 0xf5, 0x2d, 0x00, 0x00, 0xec, 0x2d, 0x00, 0x00, 0x4d, 0x1a, // .......-...-..M.
	0x00, 0x00, 0x81, 0x00, 0x05, 0x00, 0x0b, 0x00, 0x00, 0x00, 0xf9, 0x2d, 0x00, 0x00, 0xec, 0x2d, // ...........-...-
	0x00, 0x00, 0x38, 0x1a, 0x00, 0x00, 0x83, 0x00, 0x05, 0x00, 0x0b, 0x00, 0x00, 0x00, 0xfe, 0x2d, // ..8............-
	0x00, 0x00, 0xec, 0x2d, 0x00, 0x00, 0xe1, 0x17, 0x00, 0x00, 0x94, 0x00, 0x05, 0x00, 0x07, 0x00, // ...-............
	0x00, 0x00, 0xff, 0x2d, 0x00, 0x00, 0xc5, 0x5d, 0x00, 0x00, 0xfe, 0x2d, 0x00, 0x00, 0x81, 0x00, // ...-...]...-....
	0x05, 0x00, 0x07, 0x00, 0x00, 0x00, 0x00, 0x2e, 0x00, 0x00, 0xe6, 0x17, 0x00, 0x00, 0xff, 0x2d, // ...............-
	0x00, 0x00, 0x83, 0x00, 0x05, 0x00, 0x0b, 0x00, 0x00, 0x00, 0x05, 0x2e, 0x00, 0x00, 0xf1, 0x2d, // ...............-
	0x00, 0x00, 0xe1, 0x17, 0x00, 0x00, 0x94, 0x00, 0x05, 0x00, 0x07, 0x00, 0x00, 0x00, 0x06, 0x2e, // ................
	0x00, 0x00, 0xc5, 0x5d, 0x00, 0x00, 0x05, 0x2e, 0x00, 0x00, 0x81, 0x00, 0x05, 0x00, 0x07, 0x00, // ...]............
	0x00, 0x00, 0x07, 0x2e, 0x00, 0x00, 0xe6, 0x17, 0x00, 0x00, 0x06, 0x2e, 0x00, 0x00, 0x83, 0x00, // ................
	0x05, 0x00, 0x0b, 0x00, 0x00, 0x00, 0x0c, 0x2e, 0x00, 0x00, 0xf5, 0x2d, 0x00, 0x00, 0xe1, 0x17, // ...........-....
	0x00, 0x00, 0x94, 0x00, 0x05, 0x00, 0x07, 0x00, 0x00, 0x00, 0x0d, 0x2e, 0x00, 0x00, 0xc5, 0x5d, // ...............]
	0x00, 0x00, 0x0c, 0x2e, 0x00, 0x00, 0x81, 0x00, 0x05, 0x00, 0x07, 0x00, 0x00, 0x00, 0x0e, 0x2e, // ................
	0x00, 0x00, 0xe6, 0x17, 0x00, 0x00, 0x0d, 0x2e, 0x00, 0x00, 0x83, 0x00, 0x05, 0x00, 0x0b, 0x00, // ................
	0x00, 0x00, 0x13, 0x2e, 0x00, 0x00, 0xf9, 0x2d, 0x00, 0x00, 0xe1, 0x17, 0x00, 0x00, 0x94, 0x00, // .......-........
	0x05, 0x00, 0x07, 0x00, 0x00, 0x00, 0x14, 0x2e, 0x00, 0x00, 0xc5, 0x5d, 0x00, 0x00, 0x13, 0x2e, // ...........]....
	0x00, 0x00, 0x81, 0x00, 0x05, 0x00, 0x07, 0x00, 0x00, 0x00, 0x15, 0x2e, 0x00, 0x00, 0xe6, 0x17, // ................
	0x00, 0x00, 0x14, 0x2e, 0x00, 0x00, 0xf7, 0x00, 0x03, 0x00, 0x5a, 0x2e, 0x00, 0x00, 0x00, 0x00, // ..........Z.....
	0x00, 0x00, 0xfb, 0x00, 0x03, 0x00, 0xcc, 0x01, 0x00, 0x00, 0x45, 0x2e, 0x00, 0x00, 0xf8, 0x00, // ..........E.....
	0x02, 0x00, 0x45, 0x2e, 0x00, 0x00, 0xf7, 0x00, 0x03, 0x00, 0x4d, 0x2e, 0x00, 0x00, 0x00, 0x00, // ..E.......M.....
	0x00, 0x00, 0xfa, 0x00, 0x04, 0x00, 0x0e, 0x15, 0x00, 0x00, 0x48, 0x2e, 0x00, 0x00, 0x4d, 0x2e, // ..........H...M.
	0x00, 0x00, 0xf8, 0x00, 0x02, 0x00, 0x48, 0x2e, 0x00, 0x00, 0x56, 0x00, 0x05, 0x00, 0x2e, 0x01, // ......H...V.....
	0x00, 0x00, 0x62, 0x2e, 0x00, 0x00, 0xf8, 0x00, 0x00, 0x00, 0xf6, 0x00, 0x00, 0x00, 0x57, 0x00, // ..b...........W.
	0x05, 0x00, 0x0d, 0x00, 0x00, 0x00, 0x64, 0x2e, 0x00, 0x00, 0x62, 0x2e, 0x00, 0x00, 0xec, 0x2d, // ......d...b....-
	0x00, 0x00, 0x51, 0x00, 0x05, 0x00, 0x07, 0x00, 0x00, 0x00, 0x4c, 0x2e, 0x00, 0x00, 0x64, 0x2e, // ..Q.......L...d.
	0x00, 0x00, 0x00, 0x00, 0x00, 0x00, 0xf9, 0x00, 0x02, 0x00, 0x5a, 0x2e, 0x00, 0x00, 0xf8, 0x00, // ..........Z.....
	0x02, 0x00, 0x4d, 0x2e, 0x00, 0x00, 0xf7, 0x00, 0x03, 0x00, 0x55, 0x2e, 0x00, 0x00, 0x00, 0x00, // ..M.......U.....
	0x00, 0x00, 0xfa, 0x00, 0x04, 0x00, 0x12, 0x15, 0x00, 0x00, 0x50, 0x2e, 0x00, 0x00, 0x55, 0x2e, // ..........P...U.
	0x00, 0x00, 0xf8, 0x00, 0x02, 0x00, 0x50, 0x2e, 0x00, 0x00, 0x56, 0x00, 0x05, 0x00, 0x2e, 0x01, // ......P...V.....
	0x00, 0x00, 0x6b, 0x2e, 0x00, 0x00, 0xfe, 0x00, 0x00, 0x00, 0xfc, 0x00, 0x00, 0x00, 0x57, 0x00, // ..k...........W.
	0x05, 0x00, 0x0d, 0x00, 0x00, 0x00, 0x6d, 0x2e, 0x00, 0x00, 0x6b, 0x2e, 0x00, 0x00, 0xec, 0x2d, // ......m...k....-
	0x00, 0x00, 0x51, 0x00, 0x05, 0x00, 0x07, 0x00, 0x00, 0x00, 0x54, 0x2e, 0x00, 0x00, 0x6d, 0x2e, // ..Q.......T...m.
	0x00, 0x00, 0x00, 0x00, 0x00, 0x00, 0xf9, 0x00, 0x02, 0x00, 0x5a, 0x2e, 0x00, 0x00, 0xf8, 0x00, // ..........Z.....
	0x02, 0x00, 0x55, 0x2e, 0x00, 0x00, 0x56, 0x00, 0x05, 0x00, 0x2e, 0x01, 0x00, 0x00, 0x74, 0x2e, // ..U...V.......t.
	0x00, 0x00, 0x04, 0x01, 0x00, 0x00, 0x02, 0x01, 0x00, 0x00, 0x57, 0x00, 0x05, 0x00, 0x0d, 0x00, // ..........W.....
	0x00, 0x00, 0x76, 0x2e, 0x00, 0x00, 0x74, 0x2e, 0x00, 0x00, 0xec, 0x2d, 0x00, 0x00, 0x51, 0x00, // ..v...t....-..Q.
	0x05, 0x00, 0x07, 0x00, 0x00, 0x00, 0x59, 0x2e, 0x00, 0x00, 0x76, 0x2e, 0x00, 0x00, 0x00, 0x00, // ......Y...v.....
	0x00, 0x00, 0xf9, 0x00, 0x02, 0x00, 0x5a, 0x2e, 0x00, 0x00, 0xf8, 0x00, 0x02, 0x00, 0x5a, 0x2e, // ......Z.......Z.
	0x00, 0x00, 0xf5, 0x00, 0x09, 0x00, 0x07, 0x00, 0x00, 0x00, 0x9a, 0x5e, 0x00, 0x00, 0x4c, 0x2e, // ...........^..L.
	0x00, 0x00, 0x48, 0x2e, 0x00, 0x00, 0x54, 0x2e, 0x00, 0x00, 0x50, 0x2e, 0x00, 0x00, 0x59, 0x2e, // ..H...T...P...Y.
	0x00, 0x00, 0x55, 0x2e, 0x00, 0x00, 0xbe, 0x00, 0x05, 0x00, 0x97, 0x01, 0x00, 0x00, 0x1a, 0x2e, // ..U.............
	0x00, 0x00, 0x9a, 0x5e, 0x00, 0x00, 0x00, 0x2e, 0x00, 0x00, 0xa9, 0x00, 0x06, 0x00, 0x07, 0x00, // ...^............
	0x00, 0x00, 0x1b, 0x2e, 0x00, 0x00, 0x1a, 0x2e, 0x00, 0x00, 0xa1, 0x01, 0x00, 0x00, 0x73, 0x01, // ..............s.
	0x00, 0x00, 0xf7, 0x00, 0x03, 0x00, 0x96, 0x2e, 0x00, 0x00, 0x00, 0x00, 0x00, 0x00, 0xfb, 0x00, // ................
	0x03, 0x00, 0xcc, 0x01, 0x00, 0x00, 0x81, 0x2e, 0x00, 0x00, 0xf8, 0x00, 0x02, 0x00, 0x81, 0x2e, // ................
	0x00, 0x00, 0xf7, 0x00, 0x03, 0x00, 0x89, 0x2e, 0x00, 0x00, 0x00, 0x00, 0x00, 0x00, 0xfa, 0x00, // ................
	0x04, 0x00, 0x0e, 0x15, 0x00, 0x00, 0x84, 0x2e, 0x00, 0x00, 0x89, 0x2e, 0x00, 0x00, 0xf8, 0x00, // ................
	0x02, 0x00, 0x84, 0x2e, 0x00, 0x00, 0x56, 0x00, 0x05, 0x00, 0x2e, 0x01, 0x00, 0x00, 0x9e, 0x2e, // ......V.........
	0x00, 0x00, 0xf8, 0x00, 0x00, 0x00, 0xf6, 0x00, 0x00, 0x00, 0x57, 0x00, 0x05, 0x00, 0x0d, 0x00, // ..........W.....
	0x00, 0x00, 0xa0, 0x2e, 0x00, 0x00, 0x9e, 0x2e, 0x00, 0x00, 0xf1, 0x2d, 0x00, 0x00, 0x51, 0x00, // ...........-..Q.
	0x05, 0x00, 0x07, 0x00, 0x00, 0x00, 0x88, 0x2e, 0x00, 0x00, 0xa0, 0x2e, 0x00, 0x00, 0x00, 0x00, // ................
	0x00, 0x00, 0xf9, 0x00, 0x02, 0x00, 0x96, 0x2e, 0x00, 0x00, 0xf8, 0x00, 0x02, 0x00, 0x89, 0x2e, // ................
	0x00, 0x00, 0xf7, 0x00, 0x03, 0x00, 0x91, 0x2e, 0x00, 0x00, 0x00, 0x00, 0x00, 0x00, 0xfa, 0x00, // ................
	0x04, 0x00, 0x12, 0x15, 0x00, 0x00, 0x8c, 0x2e, 0x00, 0x00, 0x91, 0x2e, 0x00, 0x00, 0xf8, 0x00, // ................
	0x02, 0x00, 0x8c, 0x2e, 0x00, 0x00, 0x56, 0x00, 0x05, 0x00, 0x2e, 0x01, 0x00, 0x00, 0xa7, 0x2e, // ......V.........
	0x00, 0x00, 0xfe, 0x00, 0x00, 0x00, 0xfc, 0x00, 0x00, 0x00, 0x57, 0x00, 0x05, 0x00, 0x0d, 0x00, // ..........W.....
	0x00, 0x00, 0xa9, 0x2e, 0x00, 0x00, 0xa7, 0x2e, 0x00, 0x00, 0xf1, 0x2d, 0x00, 0x00, 0x51, 0x00, // ...........-..Q.
	0x05, 0x00, 0x07, 0x00, 0x00, 0x00, 0x90, 0x2e, 0x00, 0x00, 0xa9, 0x2e, 0x00, 0x00, 0x00, 0x00, // ................
	0x00, 0x00, 0xf9, 0x00, 0x02, 0x00, 0x96, 0x2e, 0x00, 0x00, 0xf8, 0x00, 0x02, 0x00, 0x91, 0x2e, // ................
	0x00, 0x00, 0x56, 0x00, 0x05, 0x00, 0x2e, 0x01, 0x00, 0x00, 0xb0, 0x2e, 0x00, 0x00, 0x04, 0x01, // ..V.............
	0x00, 0x00, 0x02, 0x01, 0x00, 0x00, 0x57, 0x00, 0x05, 0x00, 0x0d, 0x00, 0x00, 0x00, 0xb2, 0x2e, // ......W.........
	0x00, 0x00, 0xb0, 0x2e, 0x00, 0x00, 0xf1, 0x2d, 0x00, 0x00, 0x51, 0x00, 0x05, 0x00, 0x07, 0x00, // .......-..Q.....
	0x00, 0x00, 0x95, 0x2e, 0x00, 0x00, 0xb2, 0x2e, 0x00, 0x00, 0x00, 0x00, 0x00, 0x00, 0xf9, 0x00, // ................
	0x02, 0x00, 0x96, 0x2e, 0x00, 0x00, 0xf8, 0x00, 0x02, 0x00, 0x96, 0x2e, 0x00, 0x00, 0xf5, 0x00, // ................
	0x09, 0x00, 0x07, 0x00, 0x00, 0x00, 0x9b, 0x5e, 0x00, 0x00, 0x88, 0x2e, 0x00, 0x00, 0x84, 0x2e, // .......^........
	0x00, 0x00, 0x90, 0x2e, 0x00, 0x00, 0x8c, 0x2e, 0x00, 0x00, 0x95, 0x2e, 0x00, 0x00, 0x91, 0x2e, // ................
	0x00, 0x00, 0xbe, 0x00, 0x05, 0x00, 0x97, 0x01, 0x00, 0x00, 0x20, 0x2e, 0x00, 0x00, 0x9b, 0x5e, // .......... ....^
	0x00, 0x00, 0x07, 0x2e, 0x00, 0x00, 0xa9, 0x00, 0x06, 0x00, 0x07, 0x00, 0x00, 0x00, 0x21, 0x2e, // ..............!.
	0x00, 0x00, 0x20, 0x2e, 0x00, 0x00, 0xa1, 0x01, 0x00, 0x00, 0x73, 0x01, 0x00, 0x00, 0xf7, 0x00, // .. .......s.....
	0x03, 0x00, 0xd2, 0x2e, 0x00, 0x00, 0x00, 0x00, 0x00, 0x00, 0xfb, 0x00, 0x03, 0x00, 0xcc, 0x01, // ................
	0x00, 0x00, 0xbd, 0x2e, 0x00, 0x00, 0xf8, 0x00, 0x02, 0x00, 0xbd, 0x2e, 0x00, 0x00, 0xf7, 0x00, // ................
	0x03, 0x00, 0xc5, 0x2e, 0x00, 0x00, 0x00, 0x00, 0x00, 0x00, 0xfa, 0x00, 0x04, 0x00, 0x0e, 0x15, // ................
	0x00, 0x00, 0xc0, 0x2e, 0x00, 0x00, 0xc5, 0x2e, 0x00, 0x00, 0xf8, 0x00, 0x02, 0x00, 0xc0, 0x2e, // ................
	0x00, 0x00, 0x56, 0x00, 0x05, 0x00, 0x2e, 0x01, 0x00, 0x00, 0xda, 0x2e, 0x00, 0x00, 0xf8, 0x00, // ..V.............
	0x00, 0x00, 0xf6, 0x00, 0x00, 0x00, 0x57, 0x00, 0x05, 0x00, 0x0d, 0x00, 0x00, 0x00, 0xdc, 0x2e, // ......W.........
	0x00, 0x00, 0xda, 0x2e, 0x00, 0x00, 0xf5, 0x2d, 0x00, 0x00, 0x51, 0x00, 0x05, 0x00, 0x07, 0x00, // .......-..Q.....
	0x00, 0x00, 0xc4, 0x2e, 0x00, 0x00, 0xdc, 0x2e, 0x00, 0x00, 0x00, 0x00, 0x00, 0x00, 0xf9, 0x00, // ................
	0x02, 0x00, 0xd2, 0x2e, 0x00, 0x00, 0xf8, 0x00, 0x02, 0x00, 0xc5, 0x2e, 0x00, 0x00, 0xf7, 0x00, // ................
	0x03, 0x00, 0xcd, 0x2e, 0x00, 0x00, 0x00, 0x00, 0x00, 0x00, 0xfa, 0x00, 0x04, 0x00, 0x12, 0x15, // ................
	0x00, 0x00, 0xc8, 0x2e, 0x00, 0x00, 0xcd, 0x2e, 0x00, 0x00, 0xf8, 0x00, 0x02, 0x00, 0xc8, 0x2e, // ................
	0x00, 0x00, 0x56, 0x00, 0x05, 0x00, 0x2e, 0x01, 0x00, 0x00, 0xe3, 0x2e, 0x00, 0x00, 0xfe, 0x00, // ..V.............
	0x00, 0x00, 0xfc, 0x00, 0x00, 0x00, 0x57, 0x00, 0x05, 0x00, 0x0d, 0x00, 0x00, 0x00, 0xe5, 0x2e, // ......W.........
	0x00, 0x00, 0xe3, 0x2e, 0x00, 0x00, 0xf5, 0x2d, 0x00, 0x00, 0x51, 0x00, 0x05, 0x00, 0x07, 0x00, // .......-..Q.....
	0x00, 0x00, 0xcc, 0x2e, 0x00, 0x00, 0xe5, 0x2e, 0x00, 0x00, 0x00, 0x00, 0x00, 0x00, 0xf9, 0x00, // ................
	0x02, 0x00, 0xd2, 0x2e, 0x00, 0x00, 0xf8, 0x00, 0x02, 0x00, 0xcd, 0x2e, 0x00, 0x00, 0x56, 0x00, // ..............V.
	0x05, 0x00, 0x2e, 0x01, 0x00, 0x00, 0xec, 0x2e, 0x00, 0x00, 0x04, 0x01, 0x00, 0x00, 0x02, 0x01, // ................
	0x00, 0x00, 0x57, 0x00, 0x05, 0x00, 0x0d, 0x00, 0x00, 0x00, 0xee, 0x2e, 0x00, 0x00, 0xec, 0x2e, // ..W.............
	0x00, 0x00, 0xf5, 0x2d, 0x00, 0x00, 0x51, 0x00, 0x05, 0x00, 0x07, 0x00, 0x00, 0x00, 0xd1, 0x2e, // ...-..Q.........
	0x00, 0x00, 0xee, 0x2e, 0x00, 0x00, 0x00, 0x00, 0x00, 0x00, 0xf9, 0x00, 0x02, 0x00, 0xd2, 0x2e, // ................
	0x00, 0x00, 0xf8, 0x00, 0x02, 0x00, 0xd2, 0x2e, 0x00, 0x00, 0xf5, 0x00, 0x09, 0x00, 0x07, 0x00, // ................
	0x00, 0x00, 0x9c, 0x5e, 0x00, 0x00, 0xc4, 0x2e, 0x00, 0x00, 0xc0, 0x2e, 0x00, 0x00, 0xcc, 0x2e, // ...^............
	0x00, 0x00, 0xc8, 0x2e, 0x00, 0x00, 0xd1, 0x2e, 0x00, 0x00, 0xcd, 0x2e, 0x00, 0x00, 0xbe, 0x00, // ................
	0x05, 0x00, 0x97, 0x01, 0x00, 0x00, 0x26, 0x2e, 0x00, 0x00, 0x9c, 0x5e, 0x00, 0x00, 0x0e, 0x2e, // ......&....^....
	0x00, 0x00, 0xa9, 0x00, 0x06, 0x00, 0x07, 0x00, 0x00, 0x00, 0x27, 0x2e, 0x00, 0x00, 0x26, 0x2e, // ..........'...&.
	0x00, 0x00, 0xa1, 0x01, 0x00, 0x00, 0x73, 0x01, 0x00, 0x00, 0xf7, 0x00, 0x03, 0x00, 0x0e, 0x2f, // ......s......../
	0x00, 0x00, 0x00, 0x00, 0x00, 0x00, 0xfb, 0x00, 0x03, 0x00, 0xcc, 0x01, 0x00, 0x00, 0xf9, 0x2e, // ................
	0x00, 0x00, 0xf8, 0x00, 0x02, 0x00, 0xf9, 0x2e, 0x00, 0x00, 0xf7, 0x00, 0x03, 0x00, 0x01, 0x2f, // .............../
	0x00, 0x00, 0x00, 0x00, 0x00, 0x00, 0xfa, 0x00, 0x04, 0x00, 0x0e, 0x15, 0x00, 0x00, 0xfc, 0x2e, // ................
	0x00, 0x00, 0x01, 0x2f, 0x00, 0x00, 0xf8, 0x00, 0x02, 0x00, 0xfc, 0x2e, 0x00, 0x00, 0x56, 0x00, // .../..........V.
	0x05, 0x00, 0x2e, 0x01, 0x00, 0x00, 0x16, 0x2f, 0x00, 0x00, 0xf8, 0x00, 0x00, 0x00, 0xf6, 0x00, // ......./........
	0x00, 0x00, 0x57, 0x00, 0x05, 0x00, 0x0d, 0x00, 0x00, 0x00, 0x18, 0x2f, 0x00, 0x00, 0x16, 0x2f, // ..W......../.../
	0x00, 0x00, 0xf9, 0x2d, 0x00, 0x00, 0x51, 0x00, 0x05, 0x00, 0x07, 0x00, 0x00, 0x00, 0x00, 0x2f, // ...-..Q......../
	0x00, 0x00, 0x18, 0x2f, 0x00, 0x00, 0x00, 0x00, 0x00, 0x00, 0xf9, 0x00, 0x02, 0x00, 0x0e, 0x2f, // .../.........../
	0x00, 0x00, 0xf8, 0x00, 0x02, 0x00, 0x01, 0x2f, 0x00, 0x00, 0xf7, 0x00, 0x03, 0x00, 0x09, 0x2f, // ......./......./
	0x00, 0x00, 0x00, 0x00, 0x00, 0x00, 0xfa, 0x00, 0x04, 0x00, 0x12, 0x15, 0x00, 0x00, 0x04, 0x2f, // .............../
	0x00, 0x00, 0x09, 0x2f, 0x00, 0x00, 0xf8, 0x00, 0x02, 0x00, 0x04, 0x2f, 0x00, 0x00, 0x56, 0x00, // .../......./..V.
	0x05, 0x00, 0x2e, 0x01, 0x00, 0x00, 0x1f, 0x2f, 0x00, 0x00, 0xfe, 0x00, 0x00, 0x00, 0xfc, 0x00, // ......./........
	0x00, 0x00, 0x57, 0x00, 0x05, 0x00, 0x0d, 0x00, 0x00, 0x00, 0x21, 0x2f, 0x00, 0x00, 0x1f, 0x2f, // ..W.......!/.../
	0x00, 0x00, 0xf9, 0x2d, 0x00, 0x00, 0x51, 0x00, 0x05, 0x00, 0x07, 0x00, 0x00, 0x00, 0x08, 0x2f, // ...-..Q......../
	0x00, 0x00, 0x21, 0x2f, 0x00, 0x00, 0x00, 0x00, 0x00, 0x00, 0xf9, 0x00, 0x02, 0x00, 0x0e, 0x2f, // ..!/.........../
	0x00, 0x00, 0xf8, 0x00, 0x02, 0x00, 0x09, 0x2f, 0x00, 0x00, 0x56, 0x00, 0x05, 0x00, 0x2e, 0x01, // ......./..V.....
	0x00, 0x00, 0x28, 0x2f, 0x00, 0x00, 0x04, 0x01, 0x00, 0x00, 0x02, 0x01, 0x00, 0x00, 0x57, 0x00, // ..(/..........W.
	0x05, 0x00, 0x0d, 0x00, 0x00, 0x00, 0x2a, 0x2f, 0x00, 0x00, 0x28, 0x2f, 0x00, 0x00, 0xf9, 0x2d, // ......*/..(/...-
	0x00, 0x00, 0x51, 0x00, 0x05, 0x00, 0x07, 0x00, 0x00, 0x00, 0x0d, 0x2f, 0x00, 0x00, 0x2a, 0x2f, // ..Q......../..*/
	0x00, 0x00, 0x00, 0x00, 0x00, 0x00, 0xf9, 0x00, 0x02, 0x00, 0x0e, 0x2f, 0x00, 0x00, 0xf8, 0x00, // .........../....
	0x02, 0x00, 0x0e, 0x2f, 0x00, 0x00, 0xf5, 0x00, 0x09, 0x00, 0x07, 0x00, 0x00, 0x00, 0x9d, 0x5e, // .../...........^
	0x00, 0x00, 0x00, 0x2f, 0x00, 0x00, 0xfc, 0x2e, 0x00, 0x00, 0x08, 0x2f, 0x00, 0x00, 0x04, 0x2f, // .../......./.../
	0x00, 0x00, 0x0d, 0x2f, 0x00, 0x00, 0x09, 0x2f, 0x00, 0x00, 0xbe, 0x00, 0x05, 0x00, 0x97, 0x01, // .../.../........
	0x00, 0x00, 0x2c, 0x2e, 0x00, 0x00, 0x9d, 0x5e, 0x00, 0x00, 0x15, 0x2e, 0x00, 0x00, 0xa9, 0x00, // ..,....^........
	0x06, 0x00, 0x07, 0x00, 0x00, 0x00, 0x2d, 0x2e, 0x00, 0x00, 0x2c, 0x2e, 0x00, 0x00, 0xa1, 0x01, // ......-...,.....
	0x00, 0x00, 0x73, 0x01, 0x00, 0x00, 0x51, 0x00, 0x05, 0x00, 0x07, 0x00, 0x00, 0x00, 0x31, 0x2e, // ..s...Q.......1.
	0x00, 0x00, 0xe7, 0x2d, 0x00, 0x00, 0x00, 0x00, 0x00, 0x00, 0x0c, 0x00, 0x08, 0x00, 0x07, 0x00, // ...-............
	0x00, 0x00, 0x30, 0x2f, 0x00, 0x00, 0x01, 0x00, 0x00, 0x00, 0x2e, 0x00, 0x00, 0x00, 0x1b, 0x2e, // ..0/............
	0x00, 0x00, 0x21, 0x2e, 0x00, 0x00, 0x31, 0x2e, 0x00, 0x00, 0x0c, 0x00, 0x08, 0x00, 0x07, 0x00, // ..!...1.........
	0x00, 0x00, 0x36, 0x2f, 0x00, 0x00, 0x01, 0x00, 0x00, 0x00, 0x2e, 0x00, 0x00, 0x00, 0x27, 0x2e, // ..6/..........'.
	0x00, 0x00, 0x2d, 0x2e, 0x00, 0x00, 0x31, 0x2e, 0x00, 0x00, 0x51, 0x00, 0x05, 0x00, 0x07, 0x00, // ..-...1...Q.....
	0x00, 0x00, 0x39, 0x2e, 0x00, 0x00, 0xe7, 0x2d, 0x00, 0x00, 0x01, 0x00, 0x00, 0x00, 0x0c, 0x00, // ..9....-........
	0x08, 0x00, 0x07, 0x00, 0x00, 0x00, 0x3c, 0x2f, 0x00, 0x00, 0x01, 0x00, 0x00, 0x00, 0x2e, 0x00, // ......</........
	0x00, 0x00, 0x30, 0x2f, 0x00, 0x00, 0x36, 0x2f, 0x00, 0x00, 0x39, 0x2e, 0x00, 0x00, 0x81, 0x00, // ..0/..6/..9.....
	0x05, 0x00, 0x07, 0x00, 0x00, 0x00, 0xec, 0x17, 0x00, 0x00, 0xdb, 0x17, 0x00, 0x00, 0x3c, 0x2f, // ..............</
	0x00, 0x00, 0x8e, 0x00, 0x05, 0x00, 0x0b, 0x00, 0x00, 0x00, 0xef, 0x17, 0x00, 0x00, 0x9e, 0x03, // ................
	0x00, 0x00, 0xed, 0x16, 0x00, 0x00, 0x81, 0x00, 0x05, 0x00, 0x0b, 0x00, 0x00, 0x00, 0xf2, 0x17, // ................
	0x00, 0x00, 0xc2, 0x5c, 0x00, 0x00, 0xef, 0x17, 0x00, 0x00, 0x94, 0x00, 0x05, 0x00, 0x07, 0x00, // ................
	0x00, 0x00, 0xf6, 0x17, 0x00, 0x00, 0xc5, 0x5d, 0x00, 0x00, 0xef, 0x17, 0x00, 0x00, 0x81, 0x00, // .......]........
	0x05, 0x00, 0x07, 0x00, 0x00, 0x00, 0xf7, 0x17, 0x00, 0x00, 0xf7, 0x15, 0x00, 0x00, 0xf6, 0x17, // ................
	0x00, 0x00, 0x88, 0x00, 0x05, 0x00, 0x0b, 0x00, 0x00, 0x00, 0x63, 0x2f, 0x00, 0x00, 0xf2, 0x17, // ..........c/....
	0x00, 0x00, 0x38, 0x1a, 0x00, 0x00, 0x83, 0x00, 0x05, 0x00, 0x0b, 0x00, 0x00, 0x00, 0x65, 0x2f, // ..8...........e/
	0x00, 0x00, 0x63, 0x2f, 0x00, 0x00, 0xa4, 0x5d, 0x00, 0x00, 0x0c, 0x00, 0x06, 0x00, 0x0b, 0x00, // ..c/...]........
	0x00, 0x00, 0x67, 0x2f, 0x00, 0x00, 0x01, 0x00, 0x00, 0x00, 0x08, 0x00, 0x00, 0x00, 0x65, 0x2f, // ..g/..........e/
	0x00, 0x00, 0x83, 0x00, 0x05, 0x00, 0x0b, 0x00, 0x00, 0x00, 0x6a, 0x2f, 0x00, 0x00, 0x65, 0x2f, // ..........j/..e/
	0x00, 0x00, 0x67, 0x2f, 0x00, 0x00, 0x81, 0x00, 0x05, 0x00, 0x0b, 0x00, 0x00, 0x00, 0x6d, 0x2f, // ..g/..........m/
	0x00, 0x00, 0x67, 0x2f, 0x00, 0x00, 0xa4, 0x5d, 0x00, 0x00, 0x8e, 0x00, 0x05, 0x00, 0x0b, 0x00, // ..g/...]........
	0x00, 0x00, 0x6f, 0x2f, 0x00, 0x00, 0x6d, 0x2f, 0x00, 0x00, 0xee, 0x15, 0x00, 0x00, 0x81, 0x00, // ..o/..m/........
	0x05, 0x00, 0x0b, 0x00, 0x00, 0x00, 0x74, 0x2f, 0x00, 0x00, 0x6f, 0x2f, 0x00, 0x00, 0x49, 0x1a, // ......t/..o/..I.
	0x00, 0x00, 0x81, 0x00, 0x05, 0x00, 0x0b, 0x00, 0x00, 0x00, 0x78, 0x2f, 0x00, 0x00, 0x6f, 0x2f, // ..........x/..o/
	0x00, 0x00, 0x4d, 0x1a, 0x00, 0x00, 0x81, 0x00, 0x05, 0x00, 0x0b, 0x00, 0x00, 0x00, 0x7c, 0x2f, // ..M...........|/
	0x00, 0x00, 0x6f, 0x2f, 0x00, 0x00, 0x38, 0x1a, 0x00, 0x00, 0x83, 0x00, 0x05, 0x00, 0x0b, 0x00, // ..o/..8.........
	0x00, 0x00, 0x81, 0x2f, 0x00, 0x00, 0x6f, 0x2f, 0x00, 0x00, 0xf2, 0x17, 0x00, 0x00, 0x94, 0x00, // .../..o/........
	0x05, 0x00, 0x07, 0x00, 0x00, 0x00, 0x82, 0x2f, 0x00, 0x00, 0xc5, 0x5d, 0x00, 0x00, 0x81, 0x2f, // ......./...].../
	0x00, 0x00, 0x81, 0x00, 0x05, 0x00, 0x07, 0x00, 0x00, 0x00, 0x83, 0x2f, 0x00, 0x00, 0xf7, 0x17, // .........../....
	0x00, 0x00, 0x82, 0x2f, 0x00, 0x00, 0x83, 0x00, 0x05, 0x00, 0x0b, 0x00, 0x00, 0x00, 0x88, 0x2f, // .../.........../
	0x00, 0x00, 0x74, 0x2f, 0x00, 0x00, 0xf2, 0x17, 0x00, 0x00, 0x94, 0x00, 0x05, 0x00, 0x07, 0x00, // ..t/............
	0x00, 0x00, 0x89, 0x2f, 0x00, 0x00, 0xc5, 0x5d, 0x00, 0x00, 0x88, 0x2f, 0x00, 0x00, 0x81, 0x00, // .../...].../....
	0x05, 0x00, 0x07, 0x00, 0x00, 0x00, 0x8a, 0x2f, 0x00, 0x00, 0xf7, 0x17, 0x00, 0x00, 0x89, 0x2f, // ......./......./
	0x00, 0x00, 0x83, 0x00, 0x05, 0x00, 0x0b, 0x00, 0x00, 0x00, 0x8f, 0x2f, 0x00, 0x00, 0x78, 0x2f, // .........../..x/
	0x00, 0x00, 0xf2, 0x17, 0x00, 0x00, 0x94, 0x00, 0x05, 0x00, 0x07, 0x00, 0x00, 0x00, 0x90, 0x2f, // .............../
	0x00, 0x00, 0xc5, 0x5d, 0x00, 0x00, 0x8f, 0x2f, 0x00, 0x00, 0x81, 0x00, 0x05, 0x00, 0x07, 0x00, // ...].../........
	0x00, 0x00, 0x91, 0x2f, 0x00, 0x00, 0xf7, 0x17, 0x00, 0x00, 0x90, 0x2f, 0x00, 0x00, 0x83, 0x00, // .../......./....
	0x05, 0x00, 0x0b, 0x00, 0x00, 0x00, 0x96, 0x2f, 0x00, 0x00, 0x7c, 0x2f, 0x00, 0x00, 0xf2, 0x17, // ......./..|/....
	0x00, 0x00, 0x94, 0x00, 0x05, 0x00, 0x07, 0x00, 0x00, 0x00, 0x97, 0x2f, 0x00, 0x00, 0xc5, 0x5d, // .........../...]
	0x00, 0x00, 0x96, 0x2f, 0x00, 0x00, 0x81, 0x00, 0x05, 0x00, 0x07, 0x00, 0x00, 0x00, 0x98, 0x2f, // .../.........../
	0x00, 0x00, 0xf7, 0x17, 0x00, 0x00, 0x97, 0x2f, 0x00, 0x00, 0xf7, 0x00, 0x03, 0x00, 0xdd, 0x2f, // ......./......./
	0x00, 0x00, 0x00, 0x00, 0x00, 0x00, 0xfb, 0x00, 0x03, 0x00, 0xcc, 0x01, 0x00, 0x00, 0xc8, 0x2f, // .............../
	0x00, 0x00, 0xf8, 0x00, 0x02, 0x00, 0xc8, 0x2f, 0x00, 0x00, 0xf7, 0x00, 0x03, 0x00, 0xd0, 0x2f, // ......./......./
	0x00, 0x00, 0x00, 0x00, 0x00, 0x00, 0xfa, 0x00, 0x04, 0x00, 0x0e, 0x15, 0x00, 0x00, 0xcb, 0x2f, // .............../
	0x00, 0x00, 0xd0, 0x2f, 0x00, 0x00, 0xf8, 0x00, 0x02, 0x00, 0xcb, 0x2f, 0x00, 0x00, 0x56, 0x00, // .../......./..V.
	0x05, 0x00, 0x2e, 0x01, 0x00, 0x00, 0xe5, 0x2f, 0x00, 0x00, 0xf8, 0x00, 0x00, 0x00, 0xf6, 0x00, // ......./........
	0x00, 0x00, 0x57, 0x00, 0x05, 0x00, 0x0d, 0x00, 0x00, 0x00, 0xe7, 0x2f, 0x00, 0x00, 0xe5, 0x2f, // ..W......../.../
	0x00, 0x00, 0x6f, 0x2f, 0x00, 0x00, 0x51, 0x00, 0x05, 0x00, 0x07, 0x00, 0x00, 0x00, 0xcf, 0x2f, // ..o/..Q......../
	0x00, 0x00, 0xe7, 0x2f, 0x00, 0x00, 0x00, 0x00, 0x00, 0x00, 0xf9, 0x00, 0x02, 0x00, 0xdd, 0x2f, // .../.........../
	0x00, 0x00, 0xf8, 0x00, 0x02, 0x00, 0xd0, 0x2f, 0x00, 0x00, 0xf7, 0x00, 0x03, 0x00, 0xd8, 0x2f, // ......./......./
	0x00, 0x00, 0x00, 0x00, 0x00, 0x00, 0xfa, 0x00, 0x04, 0x00, 0x12, 0x15, 0x00, 0x00, 0xd3, 0x2f, // .............../
	0x00, 0x00, 0xd8, 0x2f, 0x00, 0x00, 0xf8, 0x00, 0x02, 0x00, 0xd3, 0x2f, 0x00, 0x00, 0x56, 0x00, // .../......./..V.
	0x05, 0x00, 0x2e, 0x01, 0x00, 0x00, 0xee, 0x2f, 0x00, 0x00, 0xfe, 0x00, 0x00, 0x00, 0xfc, 0x00, // ......./........
	0x00, 0x00, 0x57, 0x00, 0x05, 0x00, 0x0d, 0x00, 0x00, 0x00, 0xf0, 0x2f, 0x00, 0x00, 0xee, 0x2f, // ..W......../.../
	0x00, 0x00, 0x6f, 0x2f, 0x00, 0x00, 0x51, 0x00, 0x05, 0x00, 0x07, 0x00, 0x00, 0x00, 0xd7, 0x2f, // ..o/..Q......../
	0x00, 0x00, 0xf0, 0x2f, 0x00, 0x00, 0x00, 0x00, 0x00, 0x00, 0xf9, 0x00, 0x02, 0x00, 0xdd, 0x2f, // .../.........../
	0x00, 0x00, 0xf8, 0x00, 0x02, 0x00, 0xd8, 0x2f, 0x00, 0x00, 0x56, 0x00, 0x05, 0x00, 0x2e, 0x01, // ......./..V.....
	0x00, 0x00, 0xf7, 0x2f, 0x00, 0x00, 0x04, 0x01, 0x00, 0x00, 0x02, 0x01, 0x00, 0x00, 0x57, 0x00, // .../..........W.
	0x05, 0x00, 0x0d, 0x00, 0x00, 0x00, 0xf9, 0x2f, 0x00, 0x00, 0xf7, 0x2f, 0x00, 0x00, 0x6f, 0x2f, // ......./.../..o/
	0x00, 0x00, 0x51, 0x00, 0x05, 0x00, 0x07, 0x00, 0x00, 0x00, 0xdc, 0x2f, 0x00, 0x00, 0xf9, 0x2f, // ..Q......../.../
	0x00, 0x00, 0x00, 0x00, 0x00, 0x00, 0xf9, 0x00, 0x02, 0x00, 0xdd, 0x2f, 0x00, 0x00, 0xf8, 0x00, // .........../....
	0x02, 0x00, 0xdd, 0x2f, 0x00, 0x00, 0xf5, 0x00, 0x09, 0x00, 0x07, 0x00, 0x00, 0x00, 0xa6, 0x5e, // .../...........^
	0x00, 0x00, 0xcf, 0x2f, 0x00, 0x00, 0xcb, 0x2f, 0x00, 0x00, 0xd7, 0x2f, 0x00, 0x00, 0xd3, 0x2f, // .../.../.../.../
	0x00, 0x00, 0xdc, 0x2f, 0x00, 0x00, 0xd8, 0x2f, 0x00, 0x00, 0xbe, 0x00, 0x05, 0x00, 0x97, 0x01, // .../.../........
	0x00, 0x00, 0x9d, 0x2f, 0x00, 0x00, 0xa6, 0x5e, 0x00, 0x00, 0x83, 0x2f, 0x00, 0x00, 0xa9, 0x00, // .../...^.../....
	0x06, 0x00, 0x07, 0x00, 0x00, 0x00, 0x9e, 0x2f, 0x00, 0x00, 0x9d, 0x2f, 0x00, 0x00, 0xa1, 0x01, // ......./.../....
	0x00, 0x00, 0x73, 0x01, 0x00, 0x00, 0xf7, 0x00, 0x03, 0x00, 0x19, 0x30, 0x00, 0x00, 0x00, 0x00, // ..s........0....
	0x00, 0x00, 0xfb, 0x00, 0x03, 0x00, 0xcc, 0x01, 0x00, 0x00, 0x04, 0x30, 0x00, 0x00, 0xf8, 0x00, // ...........0....
	0x02, 0x00, 0x04, 0x30, 0x00, 0x00, 0xf7, 0x00, 0x03, 0x00, 0x0c, 0x30, 0x00, 0x00, 0x00, 0x00, // ...0.......0....
	0x00, 0x00, 0xfa, 0x00, 0x04, 0x00, 0x0e, 0x15, 0x00, 0x00, 0x07, 0x30, 0x00, 0x00, 0x0c, 0x30, // ...........0...0
	0x00, 0x00, 0xf8, 0x00, 0x02, 0x00, 0x07, 0x30, 0x00, 0x00, 0x56, 0x00, 0x05, 0x00, 0x2e, 0x01, // .......0..V.....
	0x00, 0x00, 0x21, 0x30, 0x00, 0x00, 0xf8, 0x00, 0x00, 0x00, 0xf6, 0x00, 0x00, 0x00, 0x57, 0x00, // ..!0..........W.
	0x05, 0x00, 0x0d, 0x00, 0x00, 0x00, 0x23, 0x30, 0x00, 0x00, 0x21, 0x30, 0x00, 0x00, 0x74, 0x2f, // ......#0..!0..t/
	0x00, 0x00, 0x51, 0x00, 0x05, 0x00, 0x07, 0x00, 0x00, 0x00, 0x0b, 0x30, 0x00, 0x00, 0x23, 0x30, // ..Q........0..#0
	0x00, 0x00, 0x00, 0x00, 0x00, 0x00, 0xf9, 0x00, 0x02, 0x00, 0x19, 0x30, 0x00, 0x00, 0xf8, 0x00, // ...........0....
	0x02, 0x00, 0x0c, 0x30, 0x00, 0x00, 0xf7, 0x00, 0x03, 0x00, 0x14, 0x30, 0x00, 0x00, 0x00, 0x00, // ...0.......0....
	0x00, 0x00, 0xfa, 0x00, 0x04, 0x00, 0x12, 0x15, 0x00, 0x00, 0x0f, 0x30, 0x00, 0x00, 0x14, 0x30, // ...........0...0
	0x00, 0x00, 0xf8, 0x00, 0x02, 0x00, 0x0f, 0x30, 0x00, 0x00, 0x56, 0x00, 0x05, 0x00, 0x2e, 0x01, // .......0..V.....
	0x00, 0x00, 0x2a, 0x30, 0x00, 0x00, 0xfe, 0x00, 0x00, 0x00, 0xfc, 0x00, 0x00, 0x00, 0x57, 0x00, // ..*0..........W.
	0x05, 0x00, 0x0d, 0x00, 0x00, 0x00, 0x2c, 0x30, 0x00, 0x00, 0x2a, 0x30, 0x00, 0x00, 0x74, 0x2f, // ......,0..*0..t/
	0x00, 0x00, 0x51, 0x00, 0x05, 0x00, 0x07, 0x00, 0x00, 0x00, 0x13, 0x30, 0x00, 0x00, 0x2c, 0x30, // ..Q........0..,0
	0x00, 0x00, 0x00, 0x00, 0x00, 0x00, 0xf9, 0x00, 0x02, 0x00, 0x19, 0x30, 0x00, 0x00, 0xf8, 0x00, // ...........0....
	0x02, 0x00, 0x14, 0x30, 0x00, 0x00, 0x56, 0x00, 0x05, 0x00, 0x2e, 0x01, 0x00, 0x00, 0x33, 0x30, // ...0..V.......30
	0x00, 0x00, 0x04, 0x01, 0x00, 0x00, 0x02, 0x01, 0x00, 0x00, 0x57, 0x00, 0x05, 0x00, 0x0d, 0x00, // ..........W.....
	0x00, 0x00, 0x35, 0x30, 0x00, 0x00, 0x33, 0x30, 0x00, 0x00, 0x74, 0x2f, 0x00, 0x00, 0x51, 0x00, // ..50..30..t/..Q.
	0x05, 0x00, 0x07, 0x00, 0x00, 0x00, 0x18, 0x30, 0x00, 0x00, 0x35, 0x30, 0x00, 0x00, 0x00, 0x00, // .......0..50....
	0x00, 0x00, 0xf9, 0x00, 0x02, 0x00, 0x19, 0x30, 0x00, 0x00, 0xf8, 0x00, 0x02, 0x00, 0x19, 0x30, // .......0.......0
	0x00, 0x00, 0xf5, 0x00, 0x09, 0x00, 0x07, 0x00, 0x00, 0x00, 0xa7, 0x5e, 0x00, 0x00, 0x0b, 0x30, // ...........^...0
	0x00, 0x00, 0x07, 0x30, 0x00, 0x00, 0x13, 0x30, 0x00, 0x00, 0x0f, 0x30, 0x00, 0x00, 0x18, 0x30, // ...0...0...0...0
	0x00, 0x00, 0x14, 0x30, 0x00, 0x00, 0xbe, 0x00, 0x05, 0x00, 0x97, 0x01, 0x00, 0x00, 0xa3, 0x2f, // ...0.........../
	0x00, 0x00, 0xa7, 0x5e, 0x00, 0x00, 0x8a, 0x2f, 0x00, 0x00, 0xa9, 0x00, 0x06, 0x00, 0x07, 0x00, // ...^.../........
	0x00, 0x00, 0xa4, 0x2f, 0x00, 0x00, 0xa3, 0x2f, 0x00, 0x00, 0xa1, 0x01, 0x00, 0x00, 0x73, 0x01, // .../.../......s.
	0x00, 0x00, 0xf7, 0x00, 0x03, 0x00, 0x55, 0x30, 0x00, 0x00, 0x00, 0x00, 0x00, 0x00, 0xfb, 0x00, // ......U0........
	0x03, 0x00, 0xcc, 0x01, 0x00, 0x00, 0x40, 0x30, 0x00, 0x00, 0xf8, 0x00, 0x02, 0x00, 0x40, 0x30, // ......@0......@0
	0x00, 0x00, 0xf7, 0x00, 0x03, 0x00, 0x48, 0x30, 0x00, 0x00, 0x00, 0x00, 0x00, 0x00, 0xfa, 0x00, // ......H0........
	0x04, 0x00, 0x0e, 0x15, 0x00, 0x00, 0x43, 0x30, 0x00, 0x00, 0x48, 0x30, 0x00, 0x00, 0xf8, 0x00, // ......C0..H0....
	0x02, 0x00, 0x43, 0x30, 0x00, 0x00, 0x56, 0x00, 0x05, 0x00, 0x2e, 0x01, 0x00, 0x00, 0x5d, 0x30, // ..C0..V.......]0
	0x00, 0x00, 0xf8, 0x00, 0x00, 0x00, 0xf6, 0x00, 0x00, 0x00, 0x57, 0x00, 0x05, 0x00, 0x0d, 0x00, // ..........W.....
	0x00, 0x00, 0x5f, 0x30, 0x00, 0x00, 0x5d, 0x30, 0x00, 0x00, 0x78, 0x2f, 0x00, 0x00, 0x51, 0x00, // .._0..]0..x/..Q.
	0x05, 0x00, 0x07, 0x00, 0x00, 0x00, 0x47, 0x30, 0x00, 0x00, 0x5f, 0x30, 0x00, 0x00, 0x00, 0x00, // ......G0.._0....
	0x00, 0x00, 0xf9, 0x00, 0x02, 0x00, 0x55, 0x30, 0x00, 0x00, 0xf8, 0x00, 0x02, 0x00, 0x48, 0x30, // ......U0......H0
	0x00, 0x00, 0xf7, 0x00, 0x03, 0x00, 0x50, 0x30, 0x00, 0x00, 0x00, 0x00, 0x00, 0x00, 0xfa, 0x00, // ......P0........
	0x04, 0x00, 0x12, 0x15, 0x00, 0x00, 0x4b, 0x30, 0x00, 0x00, 0x50, 0x30, 0x00, 0x00, 0xf8, 0x00, // ......K0..P0....
	0x02, 0x00, 0x4b, 0x30, 0x00, 0x00, 0x56, 0x00, 0x05, 0x00, 0x2e, 0x01, 0x00, 0x00, 0x66, 0x30, // ..K0..V.......f0
	0x00, 0x00, 0xfe, 0x00, 0x00, 0x00, 0xfc, 0x00, 0x00, 0x00, 0x57, 0x00, 0x05, 0x00, 0x0d, 0x00, // ..........W.....
	0x00, 0x00, 0x68, 0x30, 0x00, 0x00, 0x66, 0x30, 0x00, 0x00, 0x78, 0x2f, 0x00, 0x00, 0x51, 0x00, // ..h0..f0..x/..Q.
	0x05, 0x00, 0x07, 0x00, 0x00, 0x00, 0x4f, 0x30, 0x00, 0x00, 0x68, 0x30, 0x00, 0x00, 0x00, 0x00, // ......O0..h0....
	0x00, 0x00, 0xf9, 0x00, 0x02, 0x00, 0x55, 0x30, 0x00, 0x00, 0xf8, 0x00, 0x02, 0x00, 0x50, 0x30, // ......U0......P0
	0x00, 0x00, 0x56, 0x00, 0x05, 0x00, 0x2e, 0x01, 0x00, 0x00, 0x6f, 0x30, 0x00, 0x00, 0x04, 0x01, // ..V.......o0....
	0x00, 0x00, 0x02, 0x01, 0x00, 0x00, 0x57, 0x00, 0x05, 0x00, 0x0d, 0x00, 0x00, 0x00, 0x71, 0x30, // ......W.......q0
	0x00, 0x00, 0x6f, 0x30, 0x00, 0x00, 0x78, 0x2f, 0x00, 0x00, 0x51, 0x00, 0x05, 0x00, 0x07, 0x00, // ..o0..x/..Q.....
	0x00, 0x00, 0x54, 0x30, 0x00, 0x00, 0x71, 0x30, 0x00, 0x00, 0x00, 0x00, 0x00, 0x00, 0xf9, 0x00, // ..T0..q0........
	0x02, 0x00, 0x55, 0x30, 0x00, 0x00, 0xf8, 0x00, 0x02, 0x00, 0x55, 0x30, 0x00, 0x00, 0xf5, 0x00, // ..U0......U0....
	0x09, 0x00, 0x07, 0x00, 0x00, 0x00, 0xa8, 0x5e, 0x00, 0x00, 0x47, 0x30, 0x00, 0x00, 0x43, 0x30, // .......^..G0..C0
	0x00, 0x00, 0x4f, 0x30, 0x00, 0x00, 0x4b, 0x30, 0x00, 0x00, 0x54, 0x30, 0x00, 0x00, 0x50, 0x30, // ..O0..K0..T0..P0
	0x00, 0x00, 0xbe, 0x00, 0x05, 0x00, 0x97, 0x01, 0x00, 0x00, 0xa9, 0x2f, 0x00, 0x00, 0xa8, 0x5e, // .........../...^
	0x00, 0x00, 0x91, 0x2f, 0x00, 0x00, 0xa9, 0x00, 0x06, 0x00, 0x07, 0x00, 0x00, 0x00, 0xaa, 0x2f, // .../.........../
	0x00, 0x00, 0xa9, 0x2f, 0x00, 0x00, 0xa1, 0x01, 0x00, 0x00, 0x73, 0x01, 0x00, 0x00, 0xf7, 0x00, // .../......s.....
	0x03, 0x00, 0x91, 0x30, 0x00, 0x00, 0x00, 0x00, 0x00, 0x00, 0xfb, 0x00, 0x03, 0x00, 0xcc, 0x01, // ...0............
	0x00, 0x00, 0x7c, 0x30, 0x00, 0x00, 0xf8, 0x00, 0x02, 0x00, 0x7c, 0x30, 0x00, 0x00, 0xf7, 0x00, // ..|0......|0....
	0x03, 0x00, 0x84, 0x30, 0x00, 0x00, 0x00, 0x00, 0x00, 0x00, 0xfa, 0x00, 0x04, 0x00, 0x0e, 0x15, // ...0............
	0x00, 0x00, 0x7f, 0x30, 0x00, 0x00, 0x84, 0x30, 0x00, 0x00, 0xf8, 0x00, 0x02, 0x00, 0x7f, 0x30, // ...0...0.......0
	0x00, 0x00, 0x56, 0x00, 0x05, 0x00, 0x2e, 0x01, 0x00, 0x00, 0x99, 0x30, 0x00, 0x00, 0xf8, 0x00, // ..V........0....
	0x00, 0x00, 0xf6, 0x00, 0x00, 0x00, 0x57, 0x00, 0x05, 0x00, 0x0d, 0x00, 0x00, 0x00, 0x9b, 0x30, // ......W........0
	0x00, 0x00, 0x99, 0x30, 0x00, 0x00, 0x7c, 0x2f, 0x00, 0x00, 0x51, 0x00, 0x05, 0x00, 0x07, 0x00, // ...0..|/..Q.....
	0x00, 0x00, 0x83, 0x30, 0x00, 0x00, 0x9b, 0x30, 0x00, 0x00, 0x00, 0x00, 0x00, 0x00, 0xf9, 0x00, // ...0...0........
	0x02, 0x00, 0x91, 0x30, 0x00, 0x00, 0xf8, 0x00, 0x02, 0x00, 0x84, 0x30, 0x00, 0x00, 0xf7, 0x00, // ...0.......0....
	0x03, 0x00, 0x8c, 0x30, 0x00, 0x00, 0x00, 0x00, 0x00, 0x00, 0xfa, 0x00, 0x04, 0x00, 0x12, 0x15, // ...0............
	0x00, 0x00, 0x87, 0x30, 0x00, 0x00, 0x8c, 0x30, 0x00, 0x00, 0xf8, 0x00, 0x02, 0x00, 0x87, 0x30, // ...0...0.......0
	0x00, 0x00, 0x56, 0x00, 0x05, 0x00, 0x2e, 0x01, 0x00, 0x00, 0xa2, 0x30, 0x00, 0x00, 0xfe, 0x00, // ..V........0....
	0x00, 0x00, 0xfc, 0x00, 0x00, 0x00, 0x57, 0x00, 0x05, 0x00, 0x0d, 0x00, 0x00, 0x00, 0xa4, 0x30, // ......W........0
	0x00, 0x00, 0xa2, 0x30, 0x00, 0x00, 0x7c, 0x2f, 0x00, 0x00, 0x51, 0x00, 0x05, 0x00, 0x07, 0x00, // ...0..|/..Q.....
	0x00, 0x00, 0x8b, 0x30, 0x00, 0x00, 0xa4, 0x30, 0x00, 0x00, 0x00, 0x00, 0x00, 0x00, 0xf9, 0x00, // ...0...0........
	0x02, 0x00, 0x91, 0x30, 0x00, 0x00, 0xf8, 0x00, 0x02, 0x00, 0x8c, 0x30, 0x00, 0x00, 0x56, 0x00, // ...0.......0..V.
	0x05, 0x00, 0x2e, 0x01, 0x00, 0x00, 0xab, 0x30, 0x00, 0x00, 0x04, 0x01, 0x00, 0x00, 0x02, 0x01, // .......0........
	0x00, 0x00, 0x57, 0x00, 0x05, 0x00, 0x0d, 0x00, 0x00, 0x00, 0xad, 0x30, 0x00, 0x00, 0xab, 0x30, // ..W........0...0
	0x00, 0x00, 0x7c, 0x2f, 0x00, 0x00, 0x51, 0x00, 0x05, 0x00, 0x07, 0x00, 0x00, 0x00, 0x90, 0x30, // ..|/..Q........0
	0x00, 0x00, 0xad, 0x30, 0x00, 0x00, 0x00, 0x00, 0x00, 0x00, 0xf9, 0x00, 0x02, 0x00, 0x91, 0x30, // ...0...........0
	0x00, 0x00, 0xf8, 0x00, 0x02, 0x00, 0x91, 0x30, 0x00, 0x00, 0xf5, 0x00, 0x09, 0x00, 0x07, 0x00, // .......0........
	0x00, 0x00, 0xa9, 0x5e, 0x00, 0x00, 0x83, 0x30, 0x00, 0x00, 0x7f, 0x30, 0x00, 0x00, 0x8b, 0x30, // ...^...0...0...0
	0x00, 0x00, 0x87, 0x30, 0x00, 0x00, 0x90, 0x30, 0x00, 0x00, 0x8c, 0x30, 0x00, 0x00, 0xbe, 0x00, // ...0...0...0....
	0x05, 0x00, 0x97, 0x01, 0x00, 0x00, 0xaf, 0x2f, 0x00, 0x00, 0xa9, 0x5e, 0x00, 0x00, 0x98, 0x2f, // ......./...^.../
	0x00, 0x00, 0xa9, 0x00, 0x06, 0x00, 0x07, 0x00, 0x00, 0x00, 0xb0, 0x2f, 0x00, 0x00, 0xaf, 0x2f, // .........../.../
	0x00, 0x00, 0xa1, 0x01, 0x00, 0x00, 0x73, 0x01, 0x00, 0x00, 0x51, 0x00, 0x05, 0x00, 0x07, 0x00, // ......s...Q.....
	0x00, 0x00, 0xb4, 0x2f, 0x00, 0x00, 0x6a, 0x2f, 0x00, 0x00, 0x00, 0x00, 0x00, 0x00, 0x0c, 0x00, // .../..j/........
	0x08, 0x00, 0x07, 0x00, 0x00, 0x00, 0xb3, 0x30, 0x00, 0x00, 0x01, 0x00, 0x00, 0x00, 0x2e, 0x00, // .......0........
	0x00, 0x00, 0x9e, 0x2f, 0x00, 0x00, 0xa4, 0x2f, 0x00, 0x00, 0xb4, 0x2f, 0x00, 0x00, 0x0c, 0x00, // .../.../.../....
	0x08, 0x00, 0x07, 0x00, 0x00, 0x00, 0xb9, 0x30, 0x00, 0x00, 0x01, 0x00, 0x00, 0x00, 0x2e, 0x00, // .......0........
	0x00, 0x00, 0xaa, 0x2f, 0x00, 0x00, 0xb0, 0x2f, 0x00, 0x00, 0xb4, 0x2f, 0x00, 0x00, 0x51, 0x00, // .../.../.../..Q.
	0x05, 0x00, 0x07, 0x00, 0x00, 0x00, 0xbc, 0x2f, 0x00, 0x00, 0x6a, 0x2f, 0x00, 0x00, 0x01, 0x00, // ......./..j/....
	0x00, 0x00, 0x0c, 0x00, 0x08, 0x00, 0x07, 0x00, 0x00, 0x00, 0xbf, 0x30, 0x00, 0x00, 0x01, 0x00, // ...........0....
	0x00, 0x00, 0x2e, 0x00, 0x00, 0x00, 0xb3, 0x30, 0x00, 0x00, 0xb9, 0x30, 0x00, 0x00, 0xbc, 0x2f, // .......0...0.../
	0x00, 0x00, 0x81, 0x00, 0x05, 0x00, 0x07, 0x00, 0x00, 0x00, 0xfd, 0x17, 0x00, 0x00, 0xec, 0x17, // ................
	0x00, 0x00, 0xbf, 0x30, 0x00, 0x00, 0x8e, 0x00, 0x05, 0x00, 0x0b, 0x00, 0x00, 0x00, 0x00, 0x18, // ...0............
	0x00, 0x00, 0x9f, 0x03, 0x00, 0x00, 0xed, 0x16, 0x00, 0x00, 0x81, 0x00, 0x05, 0x00, 0x0b, 0x00, // ................
	0x00, 0x00, 0x03, 0x18, 0x00, 0x00, 0xc2, 0x5c, 0x00, 0x00, 0x00, 0x18, 0x00, 0x00, 0x94, 0x00, // ................
	0x05, 0x00, 0x07, 0x00, 0x00, 0x00, 0x07, 0x18, 0x00, 0x00, 0xc5, 0x5d, 0x00, 0x00, 0x00, 0x18, // ...........]....
	0x00, 0x00, 0x81, 0x00, 0x05, 0x00, 0x07, 0x00, 0x00, 0x00, 0x08, 0x18, 0x00, 0x00, 0xf7, 0x15, // ................
	0x00, 0x00, 0x07, 0x18, 0x00, 0x00, 0x88, 0x00, 0x05, 0x00, 0x0b, 0x00, 0x00, 0x00, 0xe6, 0x30, // ...............0
	0x00, 0x00, 0x03, 0x18, 0x00, 0x00, 0x38, 0x1a, 0x00, 0x00, 0x83, 0x00, 0x05, 0x00, 0x0b, 0x00, // ......8.........
	0x00, 0x00, 0xe8, 0x30, 0x00, 0x00, 0xe6, 0x30, 0x00, 0x00, 0xa4, 0x5d, 0x00, 0x00, 0x0c, 0x00, // ...0...0...]....
	0x06, 0x00, 0x0b, 0x00, 0x00, 0x00, 0xea, 0x30, 0x00, 0x00, 0x01, 0x00, 0x00, 0x00, 0x08, 0x00, // .......0........
	0x00, 0x00, 0xe8, 0x30, 0x00, 0x00, 0x83, 0x00, 0x05, 0x00, 0x0b, 0x00, 0x00, 0x00, 0xed, 0x30, // ...0...........0
	0x00, 0x00, 0xe8, 0x30, 0x00, 0x00, 0xea, 0x30, 0x00, 0x00, 0x81, 0x00, 0x05, 0x00, 0x0b, 0x00, // ...0...0........
	0x00, 0x00, 0xf0, 0x30, 0x00, 0x00, 0xea, 0x30, 0x00, 0x00, 0xa4, 0x5d, 0x00, 0x00, 0x8e, 0x00, // ...0...0...]....
	0x05, 0x00, 0x0b, 0x00, 0x00, 0x00, 0xf2, 0x30, 0x00, 0x00, 0xf0, 0x30, 0x00, 0x00, 0xee, 0x15, // .......0...0....
	0x00, 0x00, 0x81, 0x00, 0x05, 0x00, 0x0b, 0x00, 0x00, 0x00, 0xf7, 0x30, 0x00, 0x00, 0xf2, 0x30, // ...........0...0
	0x00, 0x00, 0x49, 0x1a, 0x00, 0x00, 0x81, 0x00, 0x05, 0x00, 0x0b, 0x00, 0x00, 0x00, 0xfb, 0x30, // ..I............0
	0x00, 0x00, 0xf2, 0x30, 0x00, 0x00, 0x4d, 0x1a, 0x00, 0x00, 0x81, 0x00, 0x05, 0x00, 0x0b, 0x00, // ...0..M.........
	0x00, 0x00, 0xff, 0x30, 0x00, 0x00, 0xf2, 0x30, 0x00, 0x00, 0x38, 0x1a, 0x00, 0x00, 0x83, 0x00, // ...0...0..8.....
	0x05, 0x00, 0x0b, 0x00, 0x00, 0x00, 0x04, 0x31, 0x00, 0x00, 0xf2, 0x30, 0x00, 0x00, 0x03, 0x18, // .......1...0....
	0x00, 0x00, 0x94, 0x00, 0x05, 0x00, 0x07, 0x00, 0x00, 0x00, 0x05, 0x31, 0x00, 0x00, 0xc5, 0x5d, // ...........1...]
	0x00, 0x00, 0x04, 0x31, 0x00, 0x00, 0x81, 0x00, 0x05, 0x00, 0x07, 0x00, 0x00, 0x00, 0x06, 0x31, // ...1...........1
	0x00, 0x00, 0x08, 0x18, 0x00, 0x00, 0x05, 0x31, 0x00, 0x00, 0x83, 0x00, 0x05, 0x00, 0x0b, 0x00, // .......1........
	0x00, 0x00, 0x0b, 0x31, 0x00, 0x00, 0xf7, 0x30, 0x00, 0x00, 0x03, 0x18, 0x00, 0x00, 0x94, 0x00, // ...1...0........
	0x05, 0x00, 0x07, 0x00, 0x00, 0x00, 0x0c, 0x31, 0x00, 0x00, 0xc5, 0x5d, 0x00, 0x00, 0x0b, 0x31, // .......1...]...1
	0x00, 0x00, 0x81, 0x00, 0x05, 0x00, 0x07, 0x00, 0x00, 0x00, 0x0d, 0x31, 0x00, 0x00, 0x08, 0x18, // ...........1....
	0x00, 0x00, 0x0c, 0x31, 0x00, 0x00, 0x83, 0x00, 0x05, 0x00, 0x0b, 0x00, 0x00, 0x00, 0x12, 0x31, // ...1...........1
	0x00, 0x00, 0xfb, 0x30, 0x00, 0x00, 0x03, 0x18, 0x00, 0x00, 0x94, 0x00, 0x05, 0x00, 0x07, 0x00, // ...0............
	0x00, 0x00, 0x13, 0x31, 0x00, 0x00, 0xc5, 0x5d, 0x00, 0x00, 0x12, 0x31, 0x00, 0x00, 0x81, 0x00, // ...1...]...1....
	0x05, 0x00, 0x07, 0x00, 0x00, 0x00, 0x14, 0x31, 0x00, 0x00, 0x08, 0x18, 0x00, 0x00, 0x13, 0x31, // .......1.......1
	0x00, 0x00, 0x83, 0x00, 0x05, 0x00, 0x0b, 0x00, 0x00, 0x00, 0x19, 0x31, 0x00, 0x00, 0xff, 0x30, // ...........1...0
	0x00, 0x00, 0x03, 0x18, 0x00, 0x00, 0x94, 0x00, 0x05, 0x00, 0x07, 0x00, 0x00, 0x00, 0x1a, 0x31, // ...............1
	0x00, 0x00, 0xc5, 0x5d, 0x00, 0x00, 0x19, 0x31, 0x00, 0x00, 0x81, 0x00, 0x05, 0x00, 0x07, 0x00, // ...]...1........
	0x00, 0x00, 0x1b, 0x31, 0x00, 0x00, 0x08, 0x18, 0x00, 0x00, 0x1a, 0x31, 0x00, 0x00, 0xf7, 0x00, // ...1.......1....
	0x03, 0x00, 0x60, 0x31, 0x00, 0x00, 0x00, 0x00, 0x00, 0x00, 0xfb, 0x00, 0x03, 0x00, 0xcc, 0x01, // ..`1............
	0x00, 0x00, 0x4b, 0x31, 0x00, 0x00, 0xf8, 0x00, 0x02, 0x00, 0x4b, 0x31, 0x00, 0x00, 0xf7, 0x00, // ..K1......K1....
	0x03, 0x00, 0x53, 0x31, 0x00, 0x00, 0x00, 0x00, 0x00, 0x00, 0xfa, 0x00, 0x04, 0x00, 0x0e, 0x15, // ..S1............
	0x00, 0x00, 0x4e, 0x31, 0x00, 0x00, 0x53, 0x31, 0x00, 0x00, 0xf8, 0x00, 0x02, 0x00, 0x4e, 0x31, // ..N1..S1......N1
	0x00, 0x00, 0x56, 0x00, 0x05, 0x00, 0x2e, 0x01, 0x00, 0x00, 0x68, 0x31, 0x00, 0x00, 0xf8, 0x00, // ..V.......h1....
	0x00, 0x00, 0xf6, 0x00, 0x00, 0x00, 0x57, 0x00, 0x05, 0x00, 0x0d, 0x00, 0x00, 0x00, 0x6a, 0x31, // ......W.......j1
	0x00, 0x00, 0x68, 0x31, 0x00, 0x00, 0xf2, 0x30, 0x00, 0x00, 0x51, 0x00, 0x05, 0x00, 0x07, 0x00, // ..h1...0..Q.....
	0x00, 0x00, 0x52, 0x31, 0x00, 0x00, 0x6a, 0x31, 0x00, 0x00, 0x00, 0x00, 0x00, 0x00, 0xf9, 0x00, // ..R1..j1........
	0x02, 0x00, 0x60, 0x31, 0x00, 0x00, 0xf8, 0x00, 0x02, 0x00, 0x53, 0x31, 0x00, 0x00, 0xf7, 0x00, // ..`1......S1....
	0x03, 0x00, 0x5b, 0x31, 0x00, 0x00, 0x00, 0x00, 0x00, 0x00, 0xfa, 0x00, 0x04, 0x00, 0x12, 0x15, // ..[1............
	0x00, 0x00, 0x56, 0x31, 0x00, 0x00, 0x5b, 0x31, 0x00, 0x00, 0xf8, 0x00, 0x02, 0x00, 0x56, 0x31, // ..V1..[1......V1
	0x00, 0x00, 0x56, 0x00, 0x05, 0x00, 0x2e, 0x01, 0x00, 0x00, 0x71, 0x31, 0x00, 0x00, 0xfe, 0x00, // ..V.......q1....
	0x00, 0x00, 0xfc, 0x00, 0x00, 0x00, 0x57, 0x00, 0x05, 0x00, 0x0d, 0x00, 0x00, 0x00, 0x73, 0x31, // ......W.......s1
	0x00, 0x00, 0x71, 0x31, 0x00, 0x00, 0xf2, 0x30, 0x00, 0x00, 0x51, 0x00, 0x05, 0x00, 0x07, 0x00, // ..q1...0..Q.....
	0x00, 0x00, 0x5a, 0x31, 0x00, 0x00, 0x73, 0x31, 0x00, 0x00, 0x00, 0x00, 0x00, 0x00, 0xf9, 0x00, // ..Z1..s1........
	0x02, 0x00, 0x60, 0x31, 0x00, 0x00, 0xf8, 0x00, 0x02, 0x00, 0x5b, 0x31, 0x00, 0x00, 0x56, 0x00, // ..`1......[1..V.
	0x05, 0x00, 0x2e, 0x01, 0x00, 0x00, 0x7a, 0x31, 0x00, 0x00, 0x04, 0x01, 0x00, 0x00, 0x02, 0x01, // ......z1........
	0x00, 0x00, 0x57, 0x00, 0x05, 0x00, 0x0d, 0x00, 0x00, 0x00, 0x7c, 0x31, 0x00, 0x00, 0x7a, 0x31, // ..W.......|1..z1
	0x00, 0x00, 0xf2, 0x30, 0x00, 0x00, 0x51, 0x00, 0x05, 0x00, 0x07, 0x00, 0x00, 0x00, 0x5f, 0x31, // ...0..Q......._1
	0x00, 0x00, 0x7c, 0x31, 0x00, 0x00, 0x00, 0x00, 0x00, 0x00, 0xf9, 0x00, 0x02, 0x00, 0x60, 0x31, // ..|1..........`1
	0x00, 0x00, 0xf8, 0x00, 0x02, 0x00, 0x60, 0x31, 0x00, 0x00, 0xf5, 0x00, 0x09, 0x00, 0x07, 0x00, // ......`1........
	0x00, 0x00, 0xb2, 0x5e, 0x00, 0x00, 0x52, 0x31, 0x00, 0x00, 0x4e, 0x31, 0x00, 0x00, 0x5a, 0x31, // ...^..R1..N1..Z1
	0x00, 0x00, 0x56, 0x31, 0x00, 0x00, 0x5f, 0x31, 0x00, 0x00, 0x5b, 0x31, 0x00, 0x00, 0xbe, 0x00, // ..V1.._1..[1....
	0x05, 0x00, 0x97, 0x01, 0x00, 0x00, 0x20, 0x31, 0x00, 0x00, 0xb2, 0x5e, 0x00, 0x00, 0x06, 0x31, // ...... 1...^...1
	0x00, 0x00, 0xa9, 0x00, 0x06, 0x00, 0x07, 0x00, 0x00, 0x00, 0x21, 0x31, 0x00, 0x00, 0x20, 0x31, // ..........!1.. 1
	0x00, 0x00, 0xa1, 0x01, 0x00, 0x00, 0x73, 0x01, 0x00, 0x00, 0xf7, 0x00, 0x03, 0x00, 0x9c, 0x31, // ......s........1
	0x00, 0x00, 0x00, 0x00, 0x00, 0x00, 0xfb, 0x00, 0x03, 0x00, 0xcc, 0x01, 0x00, 0x00, 0x87, 0x31, // ...............1
	0x00, 0x00, 0xf8, 0x00, 0x02, 0x00, 0x87, 0x31, 0x00, 0x00, 0xf7, 0x00, 0x03, 0x00, 0x8f, 0x31, // .......1.......1
	0x00, 0x00, 0x00, 0x00, 0x00, 0x00, 0xfa, 0x00, 0x04, 0x00, 0x0e, 0x15, 0x00, 0x00, 0x8a, 0x31, // ...............1
	0x00, 0x00, 0x8f, 0x31, 0x00, 0x00, 0xf8, 0x00, 0x02, 0x00, 0x8a, 0x31, 0x00, 0x00, 0x56, 0x00, // ...1.......1..V.
	0x05, 0x00, 0x2e, 0x01, 0x00, 0x00, 0xa4, 0x31, 0x00, 0x00, 0xf8, 0x00, 0x00, 0x00, 0xf6, 0x00, // .......1........
	0x00, 0x00, 0x57, 0x00, 0x05, 0x00, 0x0d, 0x00, 0x00, 0x00, 0xa6, 0x31, 0x00, 0x00, 0xa4, 0x31, // ..W........1...1
	0x00, 0x00, 0xf7, 0x30, 0x00, 0x00, 0x51, 0x00, 0x05, 0x00, 0x07, 0x00, 0x00, 0x00, 0x8e, 0x31, // ...0..Q........1
	0x00, 0x00, 0xa6, 0x31, 0x00, 0x00, 0x00, 0x00, 0x00, 0x00, 0xf9, 0x00, 0x02, 0x00, 0x9c, 0x31, // ...1...........1
	0x00, 0x00, 0xf8, 0x00, 0x02, 0x00, 0x8f, 0x31, 0x00, 0x00, 0xf7, 0x00, 0x03, 0x00, 0x97, 0x31, // .......1.......1
	0x00, 0x00, 0x00, 0x00, 0x00, 0x00, 0xfa, 0x00, 0x04, 0x00, 0x12, 0x15, 0x00, 0x00, 0x92, 0x31, // ...............1
	0x00, 0x00, 0x97, 0x31, 0x00, 0x00, 0xf8, 0x00, 0x02, 0x00, 0x92, 0x31, 0x00, 0x00, 0x56, 0x00, // ...1.......1..V.
	0x05, 0x00, 0x2e, 0x01, 0x00, 0x00, 0xad, 0x31, 0x00, 0x00, 0xfe, 0x00, 0x00, 0x00, 0xfc, 0x00, // .......1........
	0x00, 0x00, 0x57, 0x00, 0x05, 0x00, 0x0d, 0x00, 0x00, 0x00, 0xaf, 0x31, 0x00, 0x00, 0xad, 0x31, // ..W........1...1
	0x00, 0x00, 0xf7, 0x30, 0x00, 0x00, 0x51, 0x00, 0x05, 0x00, 0x07, 0x00, 0x00, 0x00, 0x96, 0x31, // ...0..Q........1
	0x00, 0x00, 0xaf, 0x31, 0x00, 0x00, 0x00, 0x00, 0x00, 0x00, 0xf9, 0x00, 0x02, 0x00, 0x9c, 0x31, // ...1...........1
	0x00, 0x00, 0xf8, 0x00, 0x02, 0x00, 0x97, 0x31, 0x00, 0x00, 0x56, 0x00, 0x05, 0x00, 0x2e, 0x01, // .......1..V.....
	0x00, 0x00, 0xb6, 0x31, 0x00, 0x00, 0x04, 0x01, 0x00, 0x00, 0x02, 0x01, 0x00, 0x00, 0x57, 0x00, // ...1..........W.
	0x05, 0x00, 0x0d, 0x00, 0x00, 0x00, 0xb8, 0x31, 0x00, 0x00, 0xb6, 0x31, 0x00, 0x00, 0xf7, 0x30, // .......1...1...0
	0x00, 0x00, 0x51, 0x00, 0x05, 0x00, 0x07, 0x00, 0x00, 0x00, 0x9b, 0x31, 0x00, 0x00, 0xb8, 0x31, // ..Q........1...1
	0x00, 0x00, 0x00, 0x00, 0x00, 0x00, 0xf9, 0x00, 0x02, 0x00, 0x9c, 0x31, 0x00, 0x00, 0xf8, 0x00, // ...........1....
	0x02, 0x00, 0x9c, 0x31, 0x00, 0x00, 0xf5, 0x00, 0x09, 0x00, 0x07, 0x00, 0x00, 0x00, 0xb3, 0x5e, // ...1...........^
	0x00, 0x00, 0x8e, 0x31, 0x00, 0x00, 0x8a, 0x31, 0x00, 0x00, 0x96, 0x31, 0x00, 0x00, 0x92, 0x31, // ...1...1...1...1
	0x00, 0x00, 0x9b, 0x31, 0x00, 0x00, 0x97, 0x31, 0x00, 0x00, 0xbe, 0x00, 0x05, 0x00, 0x97, 0x01, // ...1...1........
	0x00, 0x00, 0x26, 0x31, 0x00, 0x00, 0xb3, 0x5e, 0x00, 0x00, 0x0d, 0x31, 0x00, 0x00, 0xa9, 0x00, // ..&1...^...1....
	0x06, 0x00, 0x07, 0x00, 0x00, 0x00, 0x27, 0x31, 0x00, 0x00, 0x26, 0x31, 0x00, 0x00, 0xa1, 0x01, // ......'1..&1....
	0x00, 0x00, 0x73, 0x01, 0x00, 0x00, 0xf7, 0x00, 0x03, 0x00, 0xd8, 0x31, 0x00, 0x00, 0x00, 0x00, // ..s........1....
	0x00, 0x00, 0xfb, 0x00, 0x03, 0x00, 0xcc, 0x01, 0x00, 0x00, 0xc3, 0x31, 0x00, 0x00, 0xf8, 0x00, // ...........1....
	0x02, 0x00, 0xc3, 0x31, 0x00, 0x00, 0xf7, 0x00, 0x03, 0x00, 0xcb, 0x31, 0x00, 0x00, 0x00, 0x00, // ...1.......1....
	0x00, 0x00, 0xfa, 0x00, 0x04, 0x00, 0x0e, 0x15, 0x00, 0x00, 0xc6, 0x31, 0x00, 0x00, 0xcb, 0x31, // ...........1...1
	0x00, 0x00, 0xf8, 0x00, 0x02, 0x00, 0xc6, 0x31, 0x00, 0x00, 0x56, 0x00, 0x05, 0x00, 0x2e, 0x01, // .......1..V.....
	0x00, 0x00, 0xe0, 0x31, 0x00, 0x00, 0xf8, 0x00, 0x00, 0x00, 0xf6, 0x00, 0x00, 0x00, 0x57, 0x00, // ...1..........W.
	0x05, 0x00, 0x0d, 0x00, 0x00, 0x00, 0xe2, 0x31, 0x00, 0x00, 0xe0, 0x31, 0x00, 0x00, 0xfb, 0x30, // .......1...1...0
	0x00, 0x00, 0x51, 0x00, 0x05, 0x00, 0x07, 0x00, 0x00, 0x00, 0xca, 0x31, 0x00, 0x00, 0xe2, 0x31, // ..Q........1...1
	0x00, 0x00, 0x00, 0x00, 0x00, 0x00, 0xf9, 0x00, 0x02, 0x00, 0xd8, 0x31, 0x00, 0x00, 0xf8, 0x00, // ...........1....
	0x02, 0x00, 0xcb, 0x31, 0x00, 0x00, 0xf7, 0x00, 0x03, 0x00, 0xd3, 0x31, 0x00, 0x00, 0x00, 0x00, // ...1.......1....
	0x00, 0x00, 0xfa, 0x00, 0x04, 0x00, 0x12, 0x15, 0x00, 0x00, 0xce, 0x31, 0x00, 0x00, 0xd3, 0x31, // ...........1...1
	0x00, 0x00, 0xf8, 0x00, 0x02, 0x00, 0xce, 0x31, 0x00, 0x00, 0x56, 0x00, 0x05, 0x00, 0x2e, 0x01, // .......1..V.....
	0x00, 0x00, 0xe9, 0x31, 0x00, 0x00, 0xfe, 0x00, 0x00, 0x00, 0xfc, 0x00, 0x00, 0x00, 0x57, 0x00, // ...1..........W.
	0x05, 0x00, 0x0d, 0x00, 0x00, 0x00, 0xeb, 0x31, 0x00, 0x00, 0xe9, 0x31, 0x00, 0x00, 0xfb, 0x30, // .......1...1...0
	0x00, 0x00, 0x51, 0x00, 0x05, 0x00, 0x07, 0x00, 0x00, 0x00, 0xd2, 0x31, 0x00, 0x00, 0xeb, 0x31, // ..Q........1...1
	0x00, 0x00, 0x00, 0x00, 0x00, 0x00, 0xf9, 0x00, 0x02, 0x00, 0xd8, 0x31, 0x00, 0x00, 0xf8, 0x00, // ...........1....
	0x02, 0x00, 0xd3, 0x31, 0x00, 0x00, 0x56, 0x00, 0x05, 0x00, 0x2e, 0x01, 0x00, 0x00, 0xf2, 0x31, // ...1..V........1
	0x00, 0x00, 0x04, 0x01, 0x00, 0x00, 0x02, 0x01, 0x00, 0x00, 0x57, 0x00, 0x05, 0x00, 0x0d, 0x00, // ..........W.....
	0x00, 0x00, 0xf4, 0x31, 0x00, 0x00, 0xf2, 0x31, 0x00, 0x00, 0xfb, 0x30, 0x00, 0x00, 0x51, 0x00, // ...1...1...0..Q.
	0x05, 0x00, 0x07, 0x00, 0x00, 0x00, 0xd7, 0x31, 0x00, 0x00, 0xf4, 0x31, 0x00, 0x00, 0x00, 0x00, // .......1...1....
	0x00, 0x00, 0xf9, 0x00, 0x02, 0x00, 0xd8, 0x31, 0x00, 0x00, 0xf8, 0x00, 0x02, 0x00, 0xd8, 0x31, // .......1.......1
	0x00, 0x00, 0xf5, 0x00, 0x09, 0x00, 0x07, 0x00, 0x00, 0x00, 0xb4, 0x5e, 0x00, 0x00, 0xca, 0x31, // ...........^...1
	0x00, 0x00, 0xc6, 0x31, 0x00, 0x00, 0xd2, 0x31, 0x00, 0x00, 0xce, 0x31, 0x00, 0x00, 0xd7, 0x31, // ...1...1...1...1
	0x00, 0x00, 0xd3, 0x31, 0x00, 0x00, 0xbe, 0x00, 0x05, 0x00, 0x97, 0x01, 0x00, 0x00, 0x2c, 0x31, // ...1..........,1
	0x00, 0x00, 0xb4, 0x5e, 0x00, 0x00, 0x14, 0x31, 0x00, 0x00, 0xa9, 0x00, 0x06, 0x00, 0x07, 0x00, // ...^...1........
	0x00, 0x00, 0x2d, 0x31, 0x00, 0x00, 0x2c, 0x31, 0x00, 0x00, 0xa1, 0x01, 0x00, 0x00, 0x73, 0x01, // ..-1..,1......s.
	0x00, 0x00, 0xf7, 0x00, 0x03, 0x00, 0x14, 0x32, 0x00, 0x00, 0x00, 0x00, 0x00, 0x00, 0xfb, 0x00, // .......2........
	0x03, 0x00, 0xcc, 0x01, 0x00, 0x00, 0xff, 0x31, 0x00, 0x00, 0xf8, 0x00, 0x02, 0x00, 0xff, 0x31, // .......1.......1
	0x00, 0x00, 0xf7, 0x00, 0x03, 0x00, 0x07, 0x32, 0x00, 0x00, 0x00, 0x00, 0x00, 0x00, 0xfa, 0x00, // .......2........
	0x04, 0x00, 0x0e, 0x15, 0x00, 0x00, 0x02, 0x32, 0x00, 0x00, 0x07, 0x32, 0x00, 0x00, 0xf8, 0x00, // .......2...2....
	0x02, 0x00, 0x02, 0x32, 0x00, 0x00, 0x56, 0x00, 0x05, 0x00, 0x2e, 0x01, 0x00, 0x00, 0x1c, 0x32, // ...2..V........2
	0x00, 0x00, 0xf8, 0x00, 0x00, 0x00, 0xf6, 0x00, 0x00, 0x00, 0x57, 0x00, 0x05, 0x00, 0x0d, 0x00, // ..........W.....
	0x00, 0x00, 0x1e, 0x32, 0x00, 0x00, 0x1c, 0x32, 0x00, 0x00, 0xff, 0x30, 0x00, 0x00, 0x51, 0x00, // ...2...2...0..Q.
	0x05, 0x00, 0x07, 0x00, 0x00, 0x00, 0x06, 0x32, 0x00, 0x00, 0x1e, 0x32, 0x00, 0x00, 0x00, 0x00, // .......2...2....
	0x00, 0x00, 0xf9, 0x00, 0x02, 0x00, 0x14, 0x32, 0x00, 0x00, 0xf8, 0x00, 0x02, 0x00, 0x07, 0x32, // .......2.......2
	0x00, 0x00, 0xf7, 0x00, 0x03, 0x00, 0x0f, 0x32, 0x00, 0x00, 0x00, 0x00, 0x00, 0x00, 0xfa, 0x00, // .......2........
	0x04, 0x00, 0x12, 0x15, 0x00, 0x00, 0x0a, 0x32, 0x00, 0x00, 0x0f, 0x32, 0x00, 0x00, 0xf8, 0x00, // .......2...2....
	0x02, 0x00, 0x0a, 0x32, 0x00, 0x00, 0x56, 0x00, 0x05, 0x00, 0x2e, 0x01, 0x00, 0x00, 0x25, 0x32, // ...2..V.......%2
	0x00, 0x00, 0xfe, 0x00, 0x00, 0x00, 0xfc, 0x00, 0x00, 0x00, 0x57, 0x00, 0x05, 0x00, 0x0d, 0x00, // ..........W.....
	0x00, 0x00, 0x27, 0x32, 0x00, 0x00, 0x25, 0x32, 0x00, 0x00, 0xff, 0x30, 0x00, 0x00, 0x51, 0x00, // ..'2..%2...0..Q.
	0x05, 0x00, 0x07, 0x00, 0x00, 0x00, 0x0e, 0x32, 0x00, 0x00, 0x27, 0x32, 0x00, 0x00, 0x00, 0x00, // .......2..'2....
	0x00, 0x00, 0xf9, 0x00, 0x02, 0x00, 0x14, 0x32, 0x00, 0x00, 0xf8, 0x00, 0x02, 0x00, 0x0f, 0x32, // .......2.......2
	0x00, 0x00, 0x56, 0x00, 0x05, 0x00, 0x2e, 0x01, 0x00, 0x00, 0x2e, 0x32, 0x00, 0x00, 0x04, 0x01, // ..V........2....
	0x00, 0x00, 0x02, 0x01, 0x00, 0x00, 0x57, 0x00, 0x05, 0x00, 0x0d, 0x00, 0x00, 0x00, 0x30, 0x32, // ......W.......02
	0x00, 0x00, 0x2e, 0x32, 0x00, 0x00, 0xff, 0x30, 0x00, 0x00, 0x51, 0x00, 0x05, 0x00, 0x07, 0x00, // ...2...0..Q.....
	0x00, 0x00, 0x13, 0x32, 0x00, 0x00, 0x30, 0x32, 0x00, 0x00, 0x00, 0x00, 0x00, 0x00, 0xf9, 0x00, // ...2..02........
	0x02, 0x00, 0x14, 0x32, 0x00, 0x00, 0xf8, 0x00, 0x02, 0x00, 0x14, 0x32, 0x00, 0x00, 0xf5, 0x00, // ...2.......2....
	0x09, 0x00, 0x07, 0x00, 0x00, 0x00, 0xb5, 0x5e, 0x00, 0x00, 0x06, 0x32, 0x00, 0x00, 0x02, 0x32, // .......^...2...2
	0x00, 0x00, 0x0e, 0x32, 0x00, 0x00, 0x0a, 0x32, 0x00, 0x00, 0x13, 0x32, 0x00, 0x00, 0x0f, 0x32, // ...2...2...2...2
	0x00, 0x00, 0xbe, 0x00, 0x05, 0x00, 0x97, 0x01, 0x00, 0x00, 0x32, 0x31, 0x00, 0x00, 0xb5, 0x5e, // ..........21...^
	0x00, 0x00, 0x1b, 0x31, 0x00, 0x00, 0xa9, 0x00, 0x06, 0x00, 0x07, 0x00, 0x00, 0x00, 0x33, 0x31, // ...1..........31
	0x00, 0x00, 0x32, 0x31, 0x00, 0x00, 0xa1, 0x01, 0x00, 0x00, 0x73, 0x01, 0x00, 0x00, 0x51, 0x00, // ..21......s...Q.
	0x05, 0x00, 0x07, 0x00, 0x00, 0x00, 0x37, 0x31, 0x00, 0x00, 0xed, 0x30, 0x00, 0x00, 0x00, 0x00, // ......71...0....
	0x00, 0x00, 0x0c, 0x00, 0x08, 0x00, 0x07, 0x00, 0x00, 0x00, 0x36, 0x32, 0x00, 0x00, 0x01, 0x00, // ..........62....
	0x00, 0x00, 0x2e, 0x00, 0x00, 0x00, 0x21, 0x31, 0x00, 0x00, 0x27, 0x31, 0x00, 0x00, 0x37, 0x31, // ......!1..'1..71
	0x00, 0x00, 0x0c, 0x00, 0x08, 0x00, 0x07, 0x00, 0x00, 0x00, 0x3c, 0x32, 0x00, 0x00, 0x01, 0x00, // ..........<2....
	0x00, 0x00, 0x2e, 0x00, 0x00, 0x00, 0x2d, 0x31, 0x00, 0x00, 0x33, 0x31, 0x00, 0x00, 0x37, 0x31, // ......-1..31..71
	0x00, 0x00, 0x51, 0x00, 0x05, 0x00, 0x07, 0x00, 0x00, 0x00, 0x3f, 0x31, 0x00, 0x00, 0xed, 0x30, // ..Q.......?1...0
	0x00, 0x00, 0x01, 0x00, 0x00, 0x00, 0x0c, 0x00, 0x08, 0x00, 0x07, 0x00, 0x00, 0x00, 0x42, 0x32, // ..............B2
	0x00, 0x00, 0x01, 0x00, 0x00, 0x00, 0x2e, 0x00, 0x00, 0x00, 0x36, 0x32, 0x00, 0x00, 0x3c, 0x32, // ..........62..<2
	0x00, 0x00, 0x3f, 0x31, 0x00, 0x00, 0x81, 0x00, 0x05, 0x00, 0x07, 0x00, 0x00, 0x00, 0x0e, 0x18, // ..?1............
	0x00, 0x00, 0xfd, 0x17, 0x00, 0x00, 0x42, 0x32, 0x00, 0x00, 0x85, 0x00, 0x05, 0x00, 0x07, 0x00, // ......B2........
	0x00, 0x00, 0x10, 0x18, 0x00, 0x00, 0x0e, 0x18, 0x00, 0x00, 0x7e, 0x07, 0x00, 0x00, 0xf9, 0x00, // ..........~.....
	0x02, 0x00, 0x11, 0x18, 0x00, 0x00, 0xf8, 0x00, 0x02, 0x00, 0x11, 0x18, 0x00, 0x00, 0xf5, 0x00, // ................
	0x09, 0x00, 0x07, 0x00, 0x00, 0x00, 0xba, 0x5e, 0x00, 0x00, 0xa1, 0x01, 0x00, 0x00, 0x94, 0x15, // .......^........
	0x00, 0x00, 0xa1, 0x01, 0x00, 0x00, 0xcf, 0x16, 0x00, 0x00, 0x10, 0x18, 0x00, 0x00, 0x14, 0x32, // ...............2
	0x00, 0x00, 0xb1, 0x00, 0x05, 0x00, 0x97, 0x01, 0x00, 0x00, 0xf1, 0x13, 0x00, 0x00, 0xe8, 0x13, // ................
	0x00, 0x00, 0xc1, 0x07, 0x00, 0x00, 0xf7, 0x00, 0x03, 0x00, 0x38, 0x14, 0x00, 0x00, 0x00, 0x00, // ..........8.....
	0x00, 0x00, 0xfa, 0x00, 0x04, 0x00, 0xf1, 0x13, 0x00, 0x00, 0xf2, 0x13, 0x00, 0x00, 0x21, 0x14, // ..............!.
	0x00, 0x00, 0xf8, 0x00, 0x02, 0x00, 0xf2, 0x13, 0x00, 0x00, 0xa9, 0x00, 0x06, 0x00, 0x07, 0x00, // ................
	0x00, 0x00, 0xf9, 0x13, 0x00, 0x00, 0x0e, 0x15, 0x00, 0x00, 0xe1, 0x13, 0x00, 0x00, 0xe5, 0x13, // ................
	0x00, 0x00, 0x41, 0x00, 0x06, 0x00, 0x93, 0x01, 0x00, 0x00, 0xfc, 0x13, 0x00, 0x00, 0x91, 0x01, // ..A.............
	0x00, 0x00, 0xe1, 0x07, 0x00, 0x00, 0xcc, 0x01, 0x00, 0x00, 0x3d, 0x00, 0x04, 0x00, 0x07, 0x00, // ..........=.....
	0x00, 0x00, 0xfd, 0x13, 0x00, 0x00, 0xfc, 0x13, 0x00, 0x00, 0x41, 0x00, 0x06, 0x00, 0x93, 0x01, // ..........A.....
	0x00, 0x00, 0xfe, 0x13, 0x00, 0x00, 0x91, 0x01, 0x00, 0x00, 0xe1, 0x07, 0x00, 0x00, 0xcf, 0x01, // ................
	0x00, 0x00, 0x3d, 0x00, 0x04, 0x00, 0x07, 0x00, 0x00, 0x00, 0xff, 0x13, 0x00, 0x00, 0xfe, 0x13, // ..=.............
	0x00, 0x00, 0xa9, 0x00, 0x06, 0x00, 0x07, 0x00, 0x00, 0x00, 0x00, 0x14, 0x00, 0x00, 0x0e, 0x15, // ................
	0x00, 0x00, 0xfd, 0x13, 0x00, 0x00, 0xff, 0x13, 0x00, 0x00, 0x83, 0x00, 0x05, 0x00, 0x07, 0x00, // ................
	0x00, 0x00, 0x04, 0x14, 0x00, 0x00, 0xf9, 0x13, 0x00, 0x00, 0x00, 0x14, 0x00, 0x00, 0x83, 0x00, // ................
	0x05, 0x00, 0x07, 0x00, 0x00, 0x00, 0x05, 0x14, 0x00, 0x00, 0xd5, 0x13, 0x00, 0x00, 0x04, 0x14, // ................
	0x00, 0x00, 0x0c, 0x00, 0x07, 0x00, 0x07, 0x00, 0x00, 0x00, 0x07, 0x14, 0x00, 0x00, 0x01, 0x00, // ................
	0x00, 0x00, 0x28, 0x00, 0x00, 0x00, 0x00, 0x14, 0x00, 0x00, 0xb0, 0x01, 0x00, 0x00, 0x88, 0x00, // ..(.............
	0x05, 0x00, 0x07, 0x00, 0x00, 0x00, 0x08, 0x14, 0x00, 0x00, 0x05, 0x14, 0x00, 0x00, 0x07, 0x14, // ................
	0x00, 0x00, 0x0c, 0x00, 0x08, 0x00, 0x07, 0x00, 0x00, 0x00, 0x09, 0x14, 0x00, 0x00, 0x01, 0x00, // ................
	0x00, 0x00, 0x2b, 0x00, 0x00, 0x00, 0x08, 0x14, 0x00, 0x00, 0x73, 0x01, 0x00, 0x00, 0xa1, 0x01, // ..+.......s.....
	0x00, 0x00, 0xba, 0x00, 0x05, 0x00, 0x97, 0x01, 0x00, 0x00, 0x0b, 0x14, 0x00, 0x00, 0x09, 0x14, // ................
	0x00, 0x00, 0x73, 0x01, 0x00, 0x00, 0xf7, 0x00, 0x03, 0x00, 0x20, 0x14, 0x00, 0x00, 0x00, 0x00, // ..s....... .....
	0x00, 0x00, 0xfa, 0x00, 0x04, 0x00, 0x0b, 0x14, 0x00, 0x00, 0x0c, 0x14, 0x00, 0x00, 0x20, 0x14, // .............. .
	0x00, 0x00, 0xf8, 0x00, 0x02, 0x00, 0x0c, 0x14, 0x00, 0x00, 0x80, 0x00, 0x05, 0x00, 0x1f, 0x00, // ................
	0x00, 0x00, 0x0e, 0x14, 0x00, 0x00, 0xe8, 0x13, 0x00, 0x00, 0x26, 0x01, 0x00, 0x00, 0xf7, 0x00, // ..........&.....
	0x03, 0x00, 0x18, 0x36, 0x00, 0x00, 0x00, 0x00, 0x00, 0x00, 0xfb, 0x00, 0x03, 0x00, 0xcc, 0x01, // ...6............
	0x00, 0x00, 0x0f, 0x33, 0x00, 0x00, 0xf8, 0x00, 0x02, 0x00, 0x0f, 0x33, 0x00, 0x00, 0xaa, 0x00, // ...3.......3....
	0x05, 0x00, 0x97, 0x01, 0x00, 0x00, 0x15, 0x33, 0x00, 0x00, 0x0e, 0x14, 0x00, 0x00, 0x2a, 0x01, // .......3......*.
	0x00, 0x00, 0xaa, 0x00, 0x05, 0x00, 0x97, 0x01, 0x00, 0x00, 0x19, 0x33, 0x00, 0x00, 0x0e, 0x14, // ...........3....
	0x00, 0x00, 0x26, 0x01, 0x00, 0x00, 0xa9, 0x00, 0x06, 0x00, 0x07, 0x00, 0x00, 0x00, 0x1e, 0x33, // ..&............3
	0x00, 0x00, 0x19, 0x33, 0x00, 0x00, 0x14, 0x15, 0x00, 0x00, 0x16, 0x15, 0x00, 0x00, 0xa9, 0x00, // ...3............
	0x06, 0x00, 0x07, 0x00, 0x00, 0x00, 0x1f, 0x33, 0x00, 0x00, 0x15, 0x33, 0x00, 0x00, 0x10, 0x15, // .......3...3....
	0x00, 0x00, 0x1e, 0x33, 0x00, 0x00, 0x8e, 0x00, 0x05, 0x00, 0x16, 0x00, 0x00, 0x00, 0x22, 0x33, // ...3.........."3
	0x00, 0x00, 0xe1, 0x0f, 0x00, 0x00, 0x1f, 0x33, 0x00, 0x00, 0x8e, 0x00, 0x05, 0x00, 0x16, 0x00, // .......3........
	0x00, 0x00, 0x28, 0x33, 0x00, 0x00, 0x22, 0x33, 0x00, 0x00, 0x20, 0x15, 0x00, 0x00, 0x81, 0x00, // ..(3.."3.. .....
	0x05, 0x00, 0x16, 0x00, 0x00, 0x00, 0x2b, 0x33, 0x00, 0x00, 0xec, 0x0d, 0x00, 0x00, 0x28, 0x33, // ......+3......(3
	0x00, 0x00, 0x51, 0x00, 0x05, 0x00, 0x07, 0x00, 0x00, 0x00, 0x2d, 0x33, 0x00, 0x00, 0x2b, 0x33, // ..Q.......-3..+3
	0x00, 0x00, 0x00, 0x00, 0x00, 0x00, 0x51, 0x00, 0x05, 0x00, 0x07, 0x00, 0x00, 0x00, 0x2e, 0x33, // ......Q........3
	0x00, 0x00, 0x2b, 0x33, 0x00, 0x00, 0x01, 0x00, 0x00, 0x00, 0x51, 0x00, 0x05, 0x00, 0x07, 0x00, // ..+3......Q.....
	0x00, 0x00, 0x2f, 0x33, 0x00, 0x00, 0x2b, 0x33, 0x00, 0x00, 0x02, 0x00, 0x00, 0x00, 0x50, 0x00, // ../3..+3......P.
	0x07, 0x00, 0x0d, 0x00, 0x00, 0x00, 0x30, 0x33, 0x00, 0x00, 0x2d, 0x33, 0x00, 0x00, 0x2e, 0x33, // ......03..-3...3
	0x00, 0x00, 0x2f, 0x33, 0x00, 0x00, 0xa1, 0x01, 0x00, 0x00, 0x41, 0x00, 0x06, 0x00, 0xca, 0x03, // ../3......A.....
	0x00, 0x00, 0x32, 0x33, 0x00, 0x00, 0x91, 0x01, 0x00, 0x00, 0xc8, 0x03, 0x00, 0x00, 0x0e, 0x14, // ..23............
	0x00, 0x00, 0x3d, 0x00, 0x04, 0x00, 0x87, 0x01, 0x00, 0x00, 0x33, 0x33, 0x00, 0x00, 0x32, 0x33, // ..=.......33..23
	0x00, 0x00, 0x90, 0x00, 0x05, 0x00, 0x0d, 0x00, 0x00, 0x00, 0x34, 0x33, 0x00, 0x00, 0x30, 0x33, // ..........43..03
	0x00, 0x00, 0x33, 0x33, 0x00, 0x00, 0x90, 0x00, 0x05, 0x00, 0x0d, 0x00, 0x00, 0x00, 0x3d, 0x33, // ..33..........=3
	0x00, 0x00, 0x32, 0x15, 0x00, 0x00, 0x33, 0x33, 0x00, 0x00, 0x90, 0x00, 0x05, 0x00, 0x0d, 0x00, // ..2...33........
	0x00, 0x00, 0x46, 0x33, 0x00, 0x00, 0x3b, 0x15, 0x00, 0x00, 0x33, 0x33, 0x00, 0x00, 0x51, 0x00, // ..F3..;...33..Q.
	0x05, 0x00, 0x07, 0x00, 0x00, 0x00, 0x48, 0x33, 0x00, 0x00, 0x34, 0x33, 0x00, 0x00, 0x03, 0x00, // ......H3..43....
	0x00, 0x00, 0x85, 0x00, 0x05, 0x00, 0x07, 0x00, 0x00, 0x00, 0x4b, 0x33, 0x00, 0x00, 0x48, 0x33, // ..........K3..H3
	0x00, 0x00, 0x48, 0x33, 0x00, 0x00, 0x0c, 0x00, 0x07, 0x00, 0x07, 0x00, 0x00, 0x00, 0x4c, 0x33, // ..H3..........L3
	0x00, 0x00, 0x01, 0x00, 0x00, 0x00, 0x28, 0x00, 0x00, 0x00, 0x4b, 0x33, 0x00, 0x00, 0xe8, 0x03, // ......(...K3....
	0x00, 0x00, 0x88, 0x00, 0x05, 0x00, 0x07, 0x00, 0x00, 0x00, 0x4d, 0x33, 0x00, 0x00, 0xa1, 0x01, // ..........M3....
	0x00, 0x00, 0x4c, 0x33, 0x00, 0x00, 0x4f, 0x00, 0x08, 0x00, 0x16, 0x00, 0x00, 0x00, 0x4f, 0x33, // ..L3..O.......O3
	0x00, 0x00, 0x3d, 0x33, 0x00, 0x00, 0x3d, 0x33, 0x00, 0x00, 0x00, 0x00, 0x00, 0x00, 0x01, 0x00, // ..=3..=3........
	0x00, 0x00, 0x02, 0x00, 0x00, 0x00, 0x8e, 0x00, 0x05, 0x00, 0x16, 0x00, 0x00, 0x00, 0x52, 0x33, // ..............R3
	0x00, 0x00, 0x4f, 0x33, 0x00, 0x00, 0x48, 0x33, 0x00, 0x00, 0x4f, 0x00, 0x08, 0x00, 0x16, 0x00, // ..O3..H3..O.....
	0x00, 0x00, 0x54, 0x33, 0x00, 0x00, 0x34, 0x33, 0x00, 0x00, 0x34, 0x33, 0x00, 0x00, 0x00, 0x00, // ..T3..43..43....
	0x00, 0x00, 0x01, 0x00, 0x00, 0x00, 0x02, 0x00, 0x00, 0x00, 0x51, 0x00, 0x05, 0x00, 0x07, 0x00, // ..........Q.....
	0x00, 0x00, 0x56, 0x33, 0x00, 0x00, 0x3d, 0x33, 0x00, 0x00, 0x03, 0x00, 0x00, 0x00, 0x8e, 0x00, // ..V3..=3........
	0x05, 0x00, 0x16, 0x00, 0x00, 0x00, 0x57, 0x33, 0x00, 0x00, 0x54, 0x33, 0x00, 0x00, 0x56, 0x33, // ......W3..T3..V3
	0x00, 0x00, 0x83, 0x00, 0x05, 0x00, 0x16, 0x00, 0x00, 0x00, 0x58, 0x33, 0x00, 0x00, 0x52, 0x33, // ..........X3..R3
	0x00, 0x00, 0x57, 0x33, 0x00, 0x00, 0x8e, 0x00, 0x05, 0x00, 0x16, 0x00, 0x00, 0x00, 0x5a, 0x33, // ..W3..........Z3
	0x00, 0x00, 0x58, 0x33, 0x00, 0x00, 0x4d, 0x33, 0x00, 0x00, 0x4f, 0x00, 0x08, 0x00, 0x16, 0x00, // ..X3..M3..O.....
	0x00, 0x00, 0x5c, 0x33, 0x00, 0x00, 0x46, 0x33, 0x00, 0x00, 0x46, 0x33, 0x00, 0x00, 0x00, 0x00, // ...3..F3..F3....
	0x00, 0x00, 0x01, 0x00, 0x00, 0x00, 0x02, 0x00, 0x00, 0x00, 0x8e, 0x00, 0x05, 0x00, 0x16, 0x00, // ................
	0x00, 0x00, 0x5f, 0x33, 0x00, 0x00, 0x5c, 0x33, 0x00, 0x00, 0x48, 0x33, 0x00, 0x00, 0x51, 0x00, // .._3...3..H3..Q.
	0x05, 0x00, 0x07, 0x00, 0x00, 0x00, 0x63, 0x33, 0x00, 0x00, 0x46, 0x33, 0x00, 0x00, 0x03, 0x00, // ......c3..F3....
	0x00, 0x00, 0x8e, 0x00, 0x05, 0x00, 0x16, 0x00, 0x00, 0x00, 0x64, 0x33, 0x00, 0x00, 0x54, 0x33, // ..........d3..T3
	0x00, 0x00, 0x63, 0x33, 0x00, 0x00, 0x83, 0x00, 0x05, 0x00, 0x16, 0x00, 0x00, 0x00, 0x65, 0x33, // ..c3..........e3
	0x00, 0x00, 0x5f, 0x33, 0x00, 0x00, 0x64, 0x33, 0x00, 0x00, 0x8e, 0x00, 0x05, 0x00, 0x16, 0x00, // .._3..d3........
	0x00, 0x00, 0x67, 0x33, 0x00, 0x00, 0x65, 0x33, 0x00, 0x00, 0x4d, 0x33, 0x00, 0x00, 0x50, 0x00, // ..g3..e3..M3..P.
	0x06, 0x00, 0x16, 0x00, 0x00, 0x00, 0x6c, 0x33, 0x00, 0x00, 0x48, 0x33, 0x00, 0x00, 0x48, 0x33, // ......l3..H3..H3
	0x00, 0x00, 0x48, 0x33, 0x00, 0x00, 0x88, 0x00, 0x05, 0x00, 0x16, 0x00, 0x00, 0x00, 0x6d, 0x33, // ..H3..........m3
	0x00, 0x00, 0x54, 0x33, 0x00, 0x00, 0x6c, 0x33, 0x00, 0x00, 0x51, 0x00, 0x05, 0x00, 0x07, 0x00, // ..T3..l3..Q.....
	0x00, 0x00, 0x6e, 0x33, 0x00, 0x00, 0x6d, 0x33, 0x00, 0x00, 0x00, 0x00, 0x00, 0x00, 0x51, 0x00, // ..n3..m3......Q.
	0x05, 0x00, 0x07, 0x00, 0x00, 0x00, 0x6f, 0x33, 0x00, 0x00, 0x6d, 0x33, 0x00, 0x00, 0x01, 0x00, // ......o3..m3....
	0x00, 0x00, 0x51, 0x00, 0x05, 0x00, 0x07, 0x00, 0x00, 0x00, 0x70, 0x33, 0x00, 0x00, 0x6d, 0x33, // ..Q.......p3..m3
	0x00, 0x00, 0x02, 0x00, 0x00, 0x00, 0x50, 0x00, 0x07, 0x00, 0x0d, 0x00, 0x00, 0x00, 0x71, 0x33, // ......P.......q3
	0x00, 0x00, 0x6e, 0x33, 0x00, 0x00, 0x6f, 0x33, 0x00, 0x00, 0x70, 0x33, 0x00, 0x00, 0xa1, 0x01, // ..n3..o3..p3....
	0x00, 0x00, 0xf7, 0x00, 0x03, 0x00, 0x83, 0x33, 0x00, 0x00, 0x00, 0x00, 0x00, 0x00, 0xfa, 0x00, // .......3........
	0x04, 0x00, 0x6d, 0x15, 0x00, 0x00, 0x75, 0x33, 0x00, 0x00, 0x83, 0x33, 0x00, 0x00, 0xf8, 0x00, // ..m...u3...3....
	0x02, 0x00, 0x75, 0x33, 0x00, 0x00, 0x85, 0x00, 0x05, 0x00, 0x07, 0x00, 0x00, 0x00, 0x78, 0x33, // ..u3..........x3
	0x00, 0x00, 0x70, 0x33, 0x00, 0x00, 0x96, 0x01, 0x00, 0x00, 0x81, 0x00, 0x05, 0x00, 0x07, 0x00, // ..p3............
	0x00, 0x00, 0x79, 0x33, 0x00, 0x00, 0x78, 0x33, 0x00, 0x00, 0x96, 0x01, 0x00, 0x00, 0x52, 0x00, // ..y3..x3......R.
	0x06, 0x00, 0x0d, 0x00, 0x00, 0x00, 0x15, 0x5d, 0x00, 0x00, 0x79, 0x33, 0x00, 0x00, 0x71, 0x33, // .......]..y3..q3
	0x00, 0x00, 0x02, 0x00, 0x00, 0x00, 0x51, 0x00, 0x05, 0x00, 0x07, 0x00, 0x00, 0x00, 0x7c, 0x33, // ......Q.......|3
	0x00, 0x00, 0x5a, 0x33, 0x00, 0x00, 0x02, 0x00, 0x00, 0x00, 0x85, 0x00, 0x05, 0x00, 0x07, 0x00, // ..Z3............
	0x00, 0x00, 0x7d, 0x33, 0x00, 0x00, 0x7c, 0x33, 0x00, 0x00, 0x96, 0x01, 0x00, 0x00, 0x52, 0x00, // ..}3..|3......R.
	0x06, 0x00, 0x16, 0x00, 0x00, 0x00, 0x18, 0x5d, 0x00, 0x00, 0x7d, 0x33, 0x00, 0x00, 0x5a, 0x33, // .......]..}3..Z3
	0x00, 0x00, 0x02, 0x00, 0x00, 0x00, 0x51, 0x00, 0x05, 0x00, 0x07, 0x00, 0x00, 0x00, 0x80, 0x33, // ......Q........3
	0x00, 0x00, 0x67, 0x33, 0x00, 0x00, 0x02, 0x00, 0x00, 0x00, 0x85, 0x00, 0x05, 0x00, 0x07, 0x00, // ..g3............
	0x00, 0x00, 0x81, 0x33, 0x00, 0x00, 0x80, 0x33, 0x00, 0x00, 0x96, 0x01, 0x00, 0x00, 0x52, 0x00, // ...3...3......R.
	0x06, 0x00, 0x16, 0x00, 0x00, 0x00, 0x1b, 0x5d, 0x00, 0x00, 0x81, 0x33, 0x00, 0x00, 0x67, 0x33, // .......]...3..g3
	0x00, 0x00, 0x02, 0x00, 0x00, 0x00, 0xf9, 0x00, 0x02, 0x00, 0x83, 0x33, 0x00, 0x00, 0xf8, 0x00, // ...........3....
	0x02, 0x00, 0x83, 0x33, 0x00, 0x00, 0xf5, 0x00, 0x07, 0x00, 0x16, 0x00, 0x00, 0x00, 0xbd, 0x5e, // ...3...........^
	0x00, 0x00, 0x67, 0x33, 0x00, 0x00, 0x0f, 0x33, 0x00, 0x00, 0x1b, 0x5d, 0x00, 0x00, 0x75, 0x33, // ..g3...3...]..u3
	0x00, 0x00, 0xf5, 0x00, 0x07, 0x00, 0x16, 0x00, 0x00, 0x00, 0xbc, 0x5e, 0x00, 0x00, 0x5a, 0x33, // ...........^..Z3
	0x00, 0x00, 0x0f, 0x33, 0x00, 0x00, 0x18, 0x5d, 0x00, 0x00, 0x75, 0x33, 0x00, 0x00, 0xf5, 0x00, // ...3...]..u3....
	0x07, 0x00, 0x0d, 0x00, 0x00, 0x00, 0xbb, 0x5e, 0x00, 0x00, 0x71, 0x33, 0x00, 0x00, 0x0f, 0x33, // .......^..q3...3
	0x00, 0x00, 0x15, 0x5d, 0x00, 0x00, 0x75, 0x33, 0x00, 0x00, 0x51, 0x00, 0x05, 0x00, 0x07, 0x00, // ...]..u3..Q.....
	0x00, 0x00, 0x85, 0x33, 0x00, 0x00, 0xbb, 0x5e, 0x00, 0x00, 0x00, 0x00, 0x00, 0x00, 0xb8, 0x00, // ...3...^........
	0x05, 0x00, 0x97, 0x01, 0x00, 0x00, 0x86, 0x33, 0x00, 0x00, 0x85, 0x33, 0x00, 0x00, 0x9e, 0x01, // .......3...3....
	0x00, 0x00, 0xba, 0x00, 0x05, 0x00, 0x97, 0x01, 0x00, 0x00, 0x89, 0x33, 0x00, 0x00, 0x85, 0x33, // ...........3...3
	0x00, 0x00, 0xa1, 0x01, 0x00, 0x00, 0xa6, 0x00, 0x05, 0x00, 0x97, 0x01, 0x00, 0x00, 0x8a, 0x33, // ...............3
	0x00, 0x00, 0x86, 0x33, 0x00, 0x00, 0x89, 0x33, 0x00, 0x00, 0x51, 0x00, 0x05, 0x00, 0x07, 0x00, // ...3...3..Q.....
	0x00, 0x00, 0x8c, 0x33, 0x00, 0x00, 0xbb, 0x5e, 0x00, 0x00, 0x01, 0x00, 0x00, 0x00, 0xb8, 0x00, // ...3...^........
	0x05, 0x00, 0x97, 0x01, 0x00, 0x00, 0x8d, 0x33, 0x00, 0x00, 0x8c, 0x33, 0x00, 0x00, 0x9e, 0x01, // .......3...3....
	0x00, 0x00, 0xa6, 0x00, 0x05, 0x00, 0x97, 0x01, 0x00, 0x00, 0x8e, 0x33, 0x00, 0x00, 0x8a, 0x33, // ...........3...3
	0x00, 0x00, 0x8d, 0x33, 0x00, 0x00, 0xba, 0x00, 0x05, 0x00, 0x97, 0x01, 0x00, 0x00, 0x91, 0x33, // ...3...........3
	0x00, 0x00, 0x8c, 0x33, 0x00, 0x00, 0xa1, 0x01, 0x00, 0x00, 0xa6, 0x00, 0x05, 0x00, 0x97, 0x01, // ...3............
	0x00, 0x00, 0x92, 0x33, 0x00, 0x00, 0x8e, 0x33, 0x00, 0x00, 0x91, 0x33, 0x00, 0x00, 0x51, 0x00, // ...3...3...3..Q.
	0x05, 0x00, 0x07, 0x00, 0x00, 0x00, 0x94, 0x33, 0x00, 0x00, 0xbb, 0x5e, 0x00, 0x00, 0x02, 0x00, // .......3...^....
	0x00, 0x00, 0xb8, 0x00, 0x05, 0x00, 0x97, 0x01, 0x00, 0x00, 0x95, 0x33, 0x00, 0x00, 0x94, 0x33, // ...........3...3
	0x00, 0x00, 0x73, 0x01, 0x00, 0x00, 0xa6, 0x00, 0x05, 0x00, 0x97, 0x01, 0x00, 0x00, 0x96, 0x33, // ..s............3
	0x00, 0x00, 0x92, 0x33, 0x00, 0x00, 0x95, 0x33, 0x00, 0x00, 0xba, 0x00, 0x05, 0x00, 0x97, 0x01, // ...3...3........
	0x00, 0x00, 0x99, 0x33, 0x00, 0x00, 0x94, 0x33, 0x00, 0x00, 0xa1, 0x01, 0x00, 0x00, 0xa6, 0x00, // ...3...3........
	0x05, 0x00, 0x97, 0x01, 0x00, 0x00, 0x9a, 0x33, 0x00, 0x00, 0x96, 0x33, 0x00, 0x00, 0x99, 0x33, // .......3...3...3
	0x00, 0x00, 0xf7, 0x00, 0x03, 0x00, 0x9c, 0x33, 0x00, 0x00, 0x00, 0x00, 0x00, 0x00, 0xfa, 0x00, // .......3........
	0x04, 0x00, 0x9a, 0x33, 0x00, 0x00, 0x9b, 0x33, 0x00, 0x00, 0x9c, 0x33, 0x00, 0x00, 0xf8, 0x00, // ...3...3...3....
	0x02, 0x00, 0x9b, 0x33, 0x00, 0x00, 0xf9, 0x00, 0x02, 0x00, 0x18, 0x36, 0x00, 0x00, 0xf8, 0x00, // ...3.......6....
	0x02, 0x00, 0x9c, 0x33, 0x00, 0x00, 0x4f, 0x00, 0x07, 0x00, 0x0b, 0x00, 0x00, 0x00, 0x9e, 0x33, // ...3..O........3
	0x00, 0x00, 0xbb, 0x5e, 0x00, 0x00, 0xbb, 0x5e, 0x00, 0x00, 0x00, 0x00, 0x00, 0x00, 0x01, 0x00, // ...^...^........
	0x00, 0x00, 0x8e, 0x00, 0x05, 0x00, 0x0b, 0x00, 0x00, 0x00, 0x9f, 0x33, 0x00, 0x00, 0x9e, 0x33, // ...........3...3
	0x00, 0x00, 0x96, 0x01, 0x00, 0x00, 0x81, 0x00, 0x05, 0x00, 0x0b, 0x00, 0x00, 0x00, 0xa1, 0x33, // ...............3
	0x00, 0x00, 0x9f, 0x33, 0x00, 0x00, 0xa4, 0x5d, 0x00, 0x00, 0x51, 0x00, 0x05, 0x00, 0x07, 0x00, // ...3...]..Q.....
	0x00, 0x00, 0xa3, 0x33, 0x00, 0x00, 0xa1, 0x33, 0x00, 0x00, 0x01, 0x00, 0x00, 0x00, 0x83, 0x00, // ...3...3........
	0x05, 0x00, 0x07, 0x00, 0x00, 0x00, 0xa4, 0x33, 0x00, 0x00, 0xa1, 0x01, 0x00, 0x00, 0xa3, 0x33, // .......3.......3
	0x00, 0x00, 0x41, 0x00, 0x06, 0x00, 0x93, 0x01, 0x00, 0x00, 0xa7, 0x33, 0x00, 0x00, 0x91, 0x01, // ..A........3....
	0x00, 0x00, 0x48, 0x04, 0x00, 0x00, 0xcf, 0x01, 0x00, 0x00, 0x3d, 0x00, 0x04, 0x00, 0x07, 0x00, // ..H.......=.....
	0x00, 0x00, 0xa8, 0x33, 0x00, 0x00, 0xa7, 0x33, 0x00, 0x00, 0x0c, 0x00, 0x08, 0x00, 0x07, 0x00, // ...3...3........
	0x00, 0x00, 0x1f, 0x36, 0x00, 0x00, 0x01, 0x00, 0x00, 0x00, 0x2e, 0x00, 0x00, 0x00, 0xa3, 0x33, // ...6...........3
	0x00, 0x00, 0xa4, 0x33, 0x00, 0x00, 0xa8, 0x33, 0x00, 0x00, 0x52, 0x00, 0x06, 0x00, 0x0b, 0x00, // ...3...3..R.....
	0x00, 0x00, 0x25, 0x5d, 0x00, 0x00, 0x1f, 0x36, 0x00, 0x00, 0xa1, 0x33, 0x00, 0x00, 0x01, 0x00, // ..%]...6...3....
	0x00, 0x00, 0x4f, 0x00, 0x07, 0x00, 0x0b, 0x00, 0x00, 0x00, 0xac, 0x33, 0x00, 0x00, 0xbc, 0x5e, // ..O........3...^
	0x00, 0x00, 0xbc, 0x5e, 0x00, 0x00, 0x00, 0x00, 0x00, 0x00, 0x01, 0x00, 0x00, 0x00, 0x8e, 0x00, // ...^............
	0x05, 0x00, 0x0b, 0x00, 0x00, 0x00, 0xad, 0x33, 0x00, 0x00, 0xac, 0x33, 0x00, 0x00, 0x96, 0x01, // .......3...3....
	0x00, 0x00, 0x4f, 0x00, 0x07, 0x00, 0x0b, 0x00, 0x00, 0x00, 0xaf, 0x33, 0x00, 0x00, 0xbd, 0x5e, // ..O........3...^
	0x00, 0x00, 0xbd, 0x5e, 0x00, 0x00, 0x00, 0x00, 0x00, 0x00, 0x01, 0x00, 0x00, 0x00, 0x8e, 0x00, // ...^............
	0x05, 0x00, 0x0b, 0x00, 0x00, 0x00, 0xb0, 0x33, 0x00, 0x00, 0xaf, 0x33, 0x00, 0x00, 0x96, 0x01, // .......3...3....
	0x00, 0x00, 0x51, 0x00, 0x05, 0x00, 0x07, 0x00, 0x00, 0x00, 0xb2, 0x33, 0x00, 0x00, 0xad, 0x33, // ..Q........3...3
	0x00, 0x00, 0x01, 0x00, 0x00, 0x00, 0x7f, 0x00, 0x04, 0x00, 0x07, 0x00, 0x00, 0x00, 0xb3, 0x33, // ...............3
	0x00, 0x00, 0xb2, 0x33, 0x00, 0x00, 0x0c, 0x00, 0x08, 0x00, 0x07, 0x00, 0x00, 0x00, 0x25, 0x36, // ...3..........%6
	0x00, 0x00, 0x01, 0x00, 0x00, 0x00, 0x2e, 0x00, 0x00, 0x00, 0xb2, 0x33, 0x00, 0x00, 0xb3, 0x33, // ...........3...3
	0x00, 0x00, 0xa8, 0x33, 0x00, 0x00, 0x51, 0x00, 0x05, 0x00, 0x07, 0x00, 0x00, 0x00, 0xbb, 0x33, // ...3..Q........3
	0x00, 0x00, 0xb0, 0x33, 0x00, 0x00, 0x01, 0x00, 0x00, 0x00, 0x7f, 0x00, 0x04, 0x00, 0x07, 0x00, // ...3............
	0x00, 0x00, 0xbc, 0x33, 0x00, 0x00, 0xbb, 0x33, 0x00, 0x00, 0x0c, 0x00, 0x08, 0x00, 0x07, 0x00, // ...3...3........
	0x00, 0x00, 0x2b, 0x36, 0x00, 0x00, 0x01, 0x00, 0x00, 0x00, 0x2e, 0x00, 0x00, 0x00, 0xbb, 0x33, // ..+6...........3
	0x00, 0x00, 0xbc, 0x33, 0x00, 0x00, 0xa8, 0x33, 0x00, 0x00, 0x51, 0x00, 0x05, 0x00, 0x07, 0x00, // ...3...3..Q.....
	0x00, 0x00, 0xc4, 0x33, 0x00, 0x00, 0xad, 0x33, 0x00, 0x00, 0x00, 0x00, 0x00, 0x00, 0x85, 0x00, // ...3...3........
	0x05, 0x00, 0x07, 0x00, 0x00, 0x00, 0xc7, 0x33, 0x00, 0x00, 0xc4, 0x33, 0x00, 0x00, 0x2b, 0x36, // .......3...3..+6
	0x00, 0x00, 0x51, 0x00, 0x05, 0x00, 0x07, 0x00, 0x00, 0x00, 0xcb, 0x33, 0x00, 0x00, 0xb0, 0x33, // ..Q........3...3
	0x00, 0x00, 0x00, 0x00, 0x00, 0x00, 0x85, 0x00, 0x05, 0x00, 0x07, 0x00, 0x00, 0x00, 0xcc, 0x33, // ...............3
	0x00, 0x00, 0x25, 0x36, 0x00, 0x00, 0xcb, 0x33, 0x00, 0x00, 0x83, 0x00, 0x05, 0x00, 0x07, 0x00, // ..%6...3........
	0x00, 0x00, 0xcd, 0x33, 0x00, 0x00, 0xc7, 0x33, 0x00, 0x00, 0xcc, 0x33, 0x00, 0x00, 0x0c, 0x00, // ...3...3...3....
	0x06, 0x00, 0x07, 0x00, 0x00, 0x00, 0xd0, 0x33, 0x00, 0x00, 0x01, 0x00, 0x00, 0x00, 0x04, 0x00, // .......3........
	0x00, 0x00, 0xcd, 0x33, 0x00, 0x00, 0xba, 0x00, 0x05, 0x00, 0x97, 0x01, 0x00, 0x00, 0xd1, 0x33, // ...3...........3
	0x00, 0x00, 0xd0, 0x33, 0x00, 0x00, 0x83, 0x04, 0x00, 0x00, 0xf7, 0x00, 0x03, 0x00, 0xf3, 0x33, // ...3...........3
	0x00, 0x00, 0x00, 0x00, 0x00, 0x00, 0xfa, 0x00, 0x04, 0x00, 0xd1, 0x33, 0x00, 0x00, 0xd2, 0x33, // ...........3...3
	0x00, 0x00, 0xf3, 0x33, 0x00, 0x00, 0xf8, 0x00, 0x02, 0x00, 0xd2, 0x33, 0x00, 0x00, 0x51, 0x00, // ...3.......3..Q.
	0x05, 0x00, 0x07, 0x00, 0x00, 0x00, 0xd4, 0x33, 0x00, 0x00, 0xbc, 0x5e, 0x00, 0x00, 0x02, 0x00, // .......3...^....
	0x00, 0x00, 0x85, 0x00, 0x05, 0x00, 0x07, 0x00, 0x00, 0x00, 0xd7, 0x33, 0x00, 0x00, 0xd4, 0x33, // ...........3...3
	0x00, 0x00, 0x2b, 0x36, 0x00, 0x00, 0x51, 0x00, 0x05, 0x00, 0x07, 0x00, 0x00, 0x00, 0xd9, 0x33, // ..+6..Q........3
	0x00, 0x00, 0xbd, 0x5e, 0x00, 0x00, 0x02, 0x00, 0x00, 0x00, 0x85, 0x00, 0x05, 0x00, 0x07, 0x00, // ...^............
	0x00, 0x00, 0xdc, 0x33, 0x00, 0x00, 0xd9, 0x33, 0x00, 0x00, 0x25, 0x36, 0x00, 0x00, 0x83, 0x00, // ...3...3..%6....
	0x05, 0x00, 0x07, 0x00, 0x00, 0x00, 0xdd, 0x33, 0x00, 0x00, 0xd7, 0x33, 0x00, 0x00, 0xdc, 0x33, // .......3...3...3
	0x00, 0x00, 0x88, 0x00, 0x05, 0x00, 0x07, 0x00, 0x00, 0x00, 0xdf, 0x33, 0x00, 0x00, 0xdd, 0x33, // ...........3...3
	0x00, 0x00, 0xcd, 0x33, 0x00, 0x00, 0x85, 0x00, 0x05, 0x00, 0x07, 0x00, 0x00, 0x00, 0xe5, 0x33, // ...3...........3
	0x00, 0x00, 0xc4, 0x33, 0x00, 0x00, 0xd9, 0x33, 0x00, 0x00, 0x85, 0x00, 0x05, 0x00, 0x07, 0x00, // ...3...3........
	0x00, 0x00, 0xea, 0x33, 0x00, 0x00, 0xcb, 0x33, 0x00, 0x00, 0xd4, 0x33, 0x00, 0x00, 0x83, 0x00, // ...3...3...3....
	0x05, 0x00, 0x07, 0x00, 0x00, 0x00, 0xeb, 0x33, 0x00, 0x00, 0xe5, 0x33, 0x00, 0x00, 0xea, 0x33, // .......3...3...3
	0x00, 0x00, 0x88, 0x00, 0x05, 0x00, 0x07, 0x00, 0x00, 0x00, 0xed, 0x33, 0x00, 0x00, 0xeb, 0x33, // ...........3...3
	0x00, 0x00, 0xcd, 0x33, 0x00, 0x00, 0x50, 0x00, 0x05, 0x00, 0x0b, 0x00, 0x00, 0x00, 0xaa, 0x5d, // ...3..P........]
	0x00, 0x00, 0xdf, 0x33, 0x00, 0x00, 0xed, 0x33, 0x00, 0x00, 0x0c, 0x00, 0x08, 0x00, 0x0b, 0x00, // ...3...3........
	0x00, 0x00, 0xf2, 0x33, 0x00, 0x00, 0x01, 0x00, 0x00, 0x00, 0x2b, 0x00, 0x00, 0x00, 0xaa, 0x5d, // ...3......+....]
	0x00, 0x00, 0xa8, 0x5d, 0x00, 0x00, 0xa9, 0x5d, 0x00, 0x00, 0xf9, 0x00, 0x02, 0x00, 0xf3, 0x33, // ...]...].......3
	0x00, 0x00, 0xf8, 0x00, 0x02, 0x00, 0xf3, 0x33, 0x00, 0x00, 0xf5, 0x00, 0x07, 0x00, 0x0b, 0x00, // .......3........
	0x00, 0x00, 0xbf, 0x5e, 0x00, 0x00, 0xa6, 0x5d, 0x00, 0x00, 0x9c, 0x33, 0x00, 0x00, 0xf2, 0x33, // ...^...]...3...3
	0x00, 0x00, 0xd2, 0x33, 0x00, 0x00, 0x41, 0x00, 0x06, 0x00, 0x93, 0x01, 0x00, 0x00, 0xf4, 0x33, // ...3..A........3
	0x00, 0x00, 0x91, 0x01, 0x00, 0x00, 0xac, 0x04, 0x00, 0x00, 0x4f, 0x01, 0x00, 0x00, 0x3d, 0x00, // ..........O...=.
	0x04, 0x00, 0x07, 0x00, 0x00, 0x00, 0xf5, 0x33, 0x00, 0x00, 0xf4, 0x33, 0x00, 0x00, 0x41, 0x00, // .......3...3..A.
	0x06, 0x00, 0x93, 0x01, 0x00, 0x00, 0xf8, 0x33, 0x00, 0x00, 0x91, 0x01, 0x00, 0x00, 0xac, 0x04, // .......3........
	0x00, 0x00, 0xcc, 0x01, 0x00, 0x00, 0x3d, 0x00, 0x04, 0x00, 0x07, 0x00, 0x00, 0x00, 0xf9, 0x33, // ......=........3
	0x00, 0x00, 0xf8, 0x33, 0x00, 0x00, 0x85, 0x00, 0x05, 0x00, 0x07, 0x00, 0x00, 0x00, 0xfb, 0x33, // ...3...........3
	0x00, 0x00, 0x6e, 0x03, 0x00, 0x00, 0xcc, 0x13, 0x00, 0x00, 0x81, 0x00, 0x05, 0x00, 0x07, 0x00, // ..n.............
	0x00, 0x00, 0xfc, 0x33, 0x00, 0x00, 0xa1, 0x01, 0x00, 0x00, 0xfb, 0x33, 0x00, 0x00, 0x85, 0x00, // ...3.......3....
	0x05, 0x00, 0x07, 0x00, 0x00, 0x00, 0xfd, 0x33, 0x00, 0x00, 0xf9, 0x33, 0x00, 0x00, 0xfc, 0x33, // .......3...3...3
	0x00, 0x00, 0x83, 0x00, 0x05, 0x00, 0x07, 0x00, 0x00, 0x00, 0xfe, 0x33, 0x00, 0x00, 0x94, 0x33, // ...........3...3
	0x00, 0x00, 0xfd, 0x33, 0x00, 0x00, 0x41, 0x00, 0x06, 0x00, 0x93, 0x01, 0x00, 0x00, 0x08, 0x34, // ...3..A........4
	0x00, 0x00, 0x91, 0x01, 0x00, 0x00, 0xd3, 0x04, 0x00, 0x00, 0xcc, 0x01, 0x00, 0x00, 0x3d, 0x00, // ..............=.
	0x04, 0x00, 0x07, 0x00, 0x00, 0x00, 0x09, 0x34, 0x00, 0x00, 0x08, 0x34, 0x00, 0x00, 0x85, 0x00, // .......4...4....
	0x05, 0x00, 0x07, 0x00, 0x00, 0x00, 0x0b, 0x34, 0x00, 0x00, 0x09, 0x34, 0x00, 0x00, 0xf5, 0x33, // .......4...4...3
	0x00, 0x00, 0x8e, 0x00, 0x05, 0x00, 0x0b, 0x00, 0x00, 0x00, 0x0e, 0x34, 0x00, 0x00, 0x7e, 0x03, // ...........4..~.
	0x00, 0x00, 0x0b, 0x34, 0x00, 0x00, 0x94, 0x00, 0x05, 0x00, 0x07, 0x00, 0x00, 0x00, 0x12, 0x34, // ...4...........4
	0x00, 0x00, 0xbf, 0x5e, 0x00, 0x00, 0x0e, 0x34, 0x00, 0x00, 0x81, 0x00, 0x05, 0x00, 0x07, 0x00, // ...^...4........
	0x00, 0x00, 0x13, 0x34, 0x00, 0x00, 0xfe, 0x33, 0x00, 0x00, 0x12, 0x34, 0x00, 0x00, 0x81, 0x00, // ...4...3...4....
	0x05, 0x00, 0x0b, 0x00, 0x00, 0x00, 0x16, 0x34, 0x00, 0x00, 0x25, 0x5d, 0x00, 0x00, 0x0e, 0x34, // .......4..%]...4
	0x00, 0x00, 0xf7, 0x00, 0x03, 0x00, 0x58, 0x36, 0x00, 0x00, 0x00, 0x00, 0x00, 0x00, 0xfb, 0x00, // ......X6........
	0x03, 0x00, 0xcc, 0x01, 0x00, 0x00, 0x43, 0x36, 0x00, 0x00, 0xf8, 0x00, 0x02, 0x00, 0x43, 0x36, // ......C6......C6
	0x00, 0x00, 0xf7, 0x00, 0x03, 0x00, 0x4b, 0x36, 0x00, 0x00, 0x00, 0x00, 0x00, 0x00, 0xfa, 0x00, // ......K6........
	0x04, 0x00, 0x15, 0x33, 0x00, 0x00, 0x46, 0x36, 0x00, 0x00, 0x4b, 0x36, 0x00, 0x00, 0xf8, 0x00, // ...3..F6..K6....
	0x02, 0x00, 0x46, 0x36, 0x00, 0x00, 0x56, 0x00, 0x05, 0x00, 0x2e, 0x01, 0x00, 0x00, 0x60, 0x36, // ..F6..V.......`6
	0x00, 0x00, 0xf8, 0x00, 0x00, 0x00, 0xf6, 0x00, 0x00, 0x00, 0x57, 0x00, 0x05, 0x00, 0x0d, 0x00, // ..........W.....
	0x00, 0x00, 0x62, 0x36, 0x00, 0x00, 0x60, 0x36, 0x00, 0x00, 0x16, 0x34, 0x00, 0x00, 0x51, 0x00, // ..b6..`6...4..Q.
	0x05, 0x00, 0x07, 0x00, 0x00, 0x00, 0x4a, 0x36, 0x00, 0x00, 0x62, 0x36, 0x00, 0x00, 0x00, 0x00, // ......J6..b6....
	0x00, 0x00, 0xf9, 0x00, 0x02, 0x00, 0x58, 0x36, 0x00, 0x00, 0xf8, 0x00, 0x02, 0x00, 0x4b, 0x36, // ......X6......K6
	0x00, 0x00, 0xf7, 0x00, 0x03, 0x00, 0x53, 0x36, 0x00, 0x00, 0x00, 0x00, 0x00, 0x00, 0xfa, 0x00, // ......S6........
	0x04, 0x00, 0x19, 0x33, 0x00, 0x00, 0x4e, 0x36, 0x00, 0x00, 0x53, 0x36, 0x00, 0x00, 0xf8, 0x00, // ...3..N6..S6....
	0x02, 0x00, 0x4e, 0x36, 0x00, 0x00, 0x56, 0x00, 0x05, 0x00, 0x2e, 0x01, 0x00, 0x00, 0x69, 0x36, // ..N6..V.......i6
	0x00, 0x00, 0xfe, 0x00, 0x00, 0x00, 0xfc, 0x00, 0x00, 0x00, 0x57, 0x00, 0x05, 0x00, 0x0d, 0x00, // ..........W.....
	0x00, 0x00, 0x6b, 0x36, 0x00, 0x00, 0x69, 0x36, 0x00, 0x00, 0x16, 0x34, 0x00, 0x00, 0x51, 0x00, // ..k6..i6...4..Q.
	0x05, 0x00, 0x07, 0x00, 0x00, 0x00, 0x52, 0x36, 0x00, 0x00, 0x6b, 0x36, 0x00, 0x00, 0x00, 0x00, // ......R6..k6....
	0x00, 0x00, 0xf9, 0x00, 0x02, 0x00, 0x58, 0x36, 0x00, 0x00, 0xf8, 0x00, 0x02, 0x00, 0x53, 0x36, // ......X6......S6
	0x00, 0x00, 0x56, 0x00, 0x05, 0x00, 0x2e, 0x01, 0x00, 0x00, 0x72, 0x36, 0x00, 0x00, 0x04, 0x01, // ..V.......r6....
	0x00, 0x00, 0x02, 0x01, 0x00, 0x00, 0x57, 0x00, 0x05, 0x00, 0x0d, 0x00, 0x00, 0x00, 0x74, 0x36, // ......W.......t6
	0x00, 0x00, 0x72, 0x36, 0x00, 0x00, 0x16, 0x34, 0x00, 0x00, 0x51, 0x00, 0x05, 0x00, 0x07, 0x00, // ..r6...4..Q.....
	0x00, 0x00, 0x57, 0x36, 0x00, 0x00, 0x74, 0x36, 0x00, 0x00, 0x00, 0x00, 0x00, 0x00, 0xf9, 0x00, // ..W6..t6........
	0x02, 0x00, 0x58, 0x36, 0x00, 0x00, 0xf8, 0x00, 0x02, 0x00, 0x58, 0x36, 0x00, 0x00, 0xf5, 0x00, // ..X6......X6....
	0x09, 0x00, 0x07, 0x00, 0x00, 0x00, 0xc0, 0x5e, 0x00, 0x00, 0x4a, 0x36, 0x00, 0x00, 0x46, 0x36, // .......^..J6..F6
	0x00, 0x00, 0x52, 0x36, 0x00, 0x00, 0x4e, 0x36, 0x00, 0x00, 0x57, 0x36, 0x00, 0x00, 0x53, 0x36, // ..R6..N6..W6..S6
	0x00, 0x00, 0xb8, 0x00, 0x05, 0x00, 0x97, 0x01, 0x00, 0x00, 0x1b, 0x34, 0x00, 0x00, 0xc0, 0x5e, // ...........4...^
	0x00, 0x00, 0x13, 0x34, 0x00, 0x00, 0xf7, 0x00, 0x03, 0x00, 0x24, 0x34, 0x00, 0x00, 0x00, 0x00, // ...4......$4....
	0x00, 0x00, 0xfa, 0x00, 0x04, 0x00, 0x1b, 0x34, 0x00, 0x00, 0x1c, 0x34, 0x00, 0x00, 0x24, 0x34, // .......4...4..$4
	0x00, 0x00, 0xf8, 0x00, 0x02, 0x00, 0x1c, 0x34, 0x00, 0x00, 0x83, 0x00, 0x05, 0x00, 0x07, 0x00, // .......4........
	0x00, 0x00, 0x1f, 0x34, 0x00, 0x00, 0x13, 0x34, 0x00, 0x00, 0xc0, 0x5e, 0x00, 0x00, 0xf9, 0x00, // ...4...4...^....
	0x02, 0x00, 0x24, 0x34, 0x00, 0x00, 0xf8, 0x00, 0x02, 0x00, 0x24, 0x34, 0x00, 0x00, 0xf5, 0x00, // ..$4......$4....
	0x07, 0x00, 0x07, 0x00, 0x00, 0x00, 0xc7, 0x5e, 0x00, 0x00, 0x73, 0x01, 0x00, 0x00, 0x58, 0x36, // .......^..s...X6
	0x00, 0x00, 0x1f, 0x34, 0x00, 0x00, 0x1c, 0x34, 0x00, 0x00, 0xa9, 0x00, 0x06, 0x00, 0x07, 0x00, // ...4...4........
	0x00, 0x00, 0x5d, 0x65, 0x00, 0x00, 0x1b, 0x34, 0x00, 0x00, 0xa1, 0x01, 0x00, 0x00, 0x73, 0x01, // ..]e...4......s.
	0x00, 0x00, 0x8e, 0x00, 0x05, 0x00, 0x0b, 0x00, 0x00, 0x00, 0x27, 0x34, 0x00, 0x00, 0x7f, 0x03, // ..........'4....
	0x00, 0x00, 0x0b, 0x34, 0x00, 0x00, 0x94, 0x00, 0x05, 0x00, 0x07, 0x00, 0x00, 0x00, 0x2b, 0x34, // ...4..........+4
	0x00, 0x00, 0xbf, 0x5e, 0x00, 0x00, 0x27, 0x34, 0x00, 0x00, 0x81, 0x00, 0x05, 0x00, 0x07, 0x00, // ...^..'4........
	0x00, 0x00, 0x2c, 0x34, 0x00, 0x00, 0xfe, 0x33, 0x00, 0x00, 0x2b, 0x34, 0x00, 0x00, 0x81, 0x00, // ..,4...3..+4....
	0x05, 0x00, 0x0b, 0x00, 0x00, 0x00, 0x2f, 0x34, 0x00, 0x00, 0x25, 0x5d, 0x00, 0x00, 0x27, 0x34, // ....../4..%]..'4
	0x00, 0x00, 0xf7, 0x00, 0x03, 0x00, 0x94, 0x36, 0x00, 0x00, 0x00, 0x00, 0x00, 0x00, 0xfb, 0x00, // .......6........
	0x03, 0x00, 0xcc, 0x01, 0x00, 0x00, 0x7f, 0x36, 0x00, 0x00, 0xf8, 0x00, 0x02, 0x00, 0x7f, 0x36, // .......6.......6
	0x00, 0x00, 0xf7, 0x00, 0x03, 0x00, 0x87, 0x36, 0x00, 0x00, 0x00, 0x00, 0x00, 0x00, 0xfa, 0x00, // .......6........
	0x04, 0x00, 0x15, 0x33, 0x00, 0x00, 0x82, 0x36, 0x00, 0x00, 0x87, 0x36, 0x00, 0x00, 0xf8, 0x00, // ...3...6...6....
	0x02, 0x00, 0x82, 0x36, 0x00, 0x00, 0x56, 0x00, 0x05, 0x00, 0x2e, 0x01, 0x00, 0x00, 0x9c, 0x36, // ...6..V........6
	0x00, 0x00, 0xf8, 0x00, 0x00, 0x00, 0xf6, 0x00, 0x00, 0x00, 0x57, 0x00, 0x05, 0x00, 0x0d, 0x00, // ..........W.....
	0x00, 0x00, 0x9e, 0x36, 0x00, 0x00, 0x9c, 0x36, 0x00, 0x00, 0x2f, 0x34, 0x00, 0x00, 0x51, 0x00, // ...6...6../4..Q.
	0x05, 0x00, 0x07, 0x00, 0x00, 0x00, 0x86, 0x36, 0x00, 0x00, 0x9e, 0x36, 0x00, 0x00, 0x00, 0x00, // .......6...6....
	0x00, 0x00, 0xf9, 0x00, 0x02, 0x00, 0x94, 0x36, 0x00, 0x00, 0xf8, 0x00, 0x02, 0x00, 0x87, 0x36, // .......6.......6
	0x00, 0x00, 0xf7, 0x00, 0x03, 0x00, 0x8f, 0x36, 0x00, 0x00, 0x00, 0x00, 0x00, 0x00, 0xfa, 0x00, // .......6........
	0x04, 0x00, 0x19, 0x33, 0x00, 0x00, 0x8a, 0x36, 0x00, 0x00, 0x8f, 0x36, 0x00, 0x00, 0xf8, 0x00, // ...3...6...6....
	0x02, 0x00, 0x8a, 0x36, 0x00, 0x00, 0x56, 0x00, 0x05, 0x00, 0x2e, 0x01, 0x00, 0x00, 0xa5, 0x36, // ...6..V........6
	0x00, 0x00, 0xfe, 0x00, 0x00, 0x00, 0xfc, 0x00, 0x00, 0x00, 0x57, 0x00, 0x05, 0x00, 0x0d, 0x00, // ..........W.....
	0x00, 0x00, 0xa7, 0x36, 0x00, 0x00, 0xa5, 0x36, 0x00, 0x00, 0x2f, 0x34, 0x00, 0x00, 0x51, 0x00, // ...6...6../4..Q.
	0x05, 0x00, 0x07, 0x00, 0x00, 0x00, 0x8e, 0x36, 0x00, 0x00, 0xa7, 0x36, 0x00, 0x00, 0x00, 0x00, // .......6...6....
	0x00, 0x00, 0xf9, 0x00, 0x02, 0x00, 0x94, 0x36, 0x00, 0x00, 0xf8, 0x00, 0x02, 0x00, 0x8f, 0x36, // .......6.......6
	0x00, 0x00, 0x56, 0x00, 0x05, 0x00, 0x2e, 0x01, 0x00, 0x00, 0xae, 0x36, 0x00, 0x00, 0x04, 0x01, // ..V........6....
	0x00, 0x00, 0x02, 0x01, 0x00, 0x00, 0x57, 0x00, 0x05, 0x00, 0x0d, 0x00, 0x00, 0x00, 0xb0, 0x36, // ......W........6
	0x00, 0x00, 0xae, 0x36, 0x00, 0x00, 0x2f, 0x34, 0x00, 0x00, 0x51, 0x00, 0x05, 0x00, 0x07, 0x00, // ...6../4..Q.....
	0x00, 0x00, 0x93, 0x36, 0x00, 0x00, 0xb0, 0x36, 0x00, 0x00, 0x00, 0x00, 0x00, 0x00, 0xf9, 0x00, // ...6...6........
	0x02, 0x00, 0x94, 0x36, 0x00, 0x00, 0xf8, 0x00, 0x02, 0x00, 0x94, 0x36, 0x00, 0x00, 0xf5, 0x00, // ...6.......6....
	0x09, 0x00, 0x07, 0x00, 0x00, 0x00, 0xc5, 0x5e, 0x00, 0x00, 0x86, 0x36, 0x00, 0x00, 0x82, 0x36, // .......^...6...6
	0x00, 0x00, 0x8e, 0x36, 0x00, 0x00, 0x8a, 0x36, 0x00, 0x00, 0x93, 0x36, 0x00, 0x00, 0x8f, 0x36, // ...6...6...6...6
	0x00, 0x00, 0xb8, 0x00, 0x05, 0x00, 0x97, 0x01, 0x00, 0x00, 0x34, 0x34, 0x00, 0x00, 0xc5, 0x5e, // ..........44...^
	0x00, 0x00, 0x2c, 0x34, 0x00, 0x00, 0xf7, 0x00, 0x03, 0x00, 0x3d, 0x34, 0x00, 0x00, 0x00, 0x00, // ..,4......=4....
	0x00, 0x00, 0xfa, 0x00, 0x04, 0x00, 0x34, 0x34, 0x00, 0x00, 0x35, 0x34, 0x00, 0x00, 0x3d, 0x34, // ......44..54..=4
	0x00, 0x00, 0xf8, 0x00, 0x02, 0x00, 0x35, 0x34, 0x00, 0x00, 0x83, 0x00, 0x05, 0x00, 0x07, 0x00, // ......54........
	0x00, 0x00, 0x38, 0x34, 0x00, 0x00, 0x2c, 0x34, 0x00, 0x00, 0xc5, 0x5e, 0x00, 0x00, 0x81, 0x00, // ..84..,4...^....
	0x05, 0x00, 0x07, 0x00, 0x00, 0x00, 0x3a, 0x34, 0x00, 0x00, 0xc7, 0x5e, 0x00, 0x00, 0x38, 0x34, // ......:4...^..84
	0x00, 0x00, 0x53, 0x00, 0x04, 0x00, 0x07, 0x00, 0x00, 0x00, 0x60, 0x65, 0x00, 0x00, 0x6f, 0x03, // ..S.......`e..o.
	0x00, 0x00, 0x53, 0x00, 0x04, 0x00, 0x07, 0x00, 0x00, 0x00, 0x61, 0x65, 0x00, 0x00, 0xa1, 0x01, // ..S.......ae....
	0x00, 0x00, 0xa9, 0x00, 0x06, 0x00, 0x07, 0x00, 0x00, 0x00, 0x3c, 0x34, 0x00, 0x00, 0x1b, 0x34, // ..........<4...4
	0x00, 0x00, 0x6f, 0x03, 0x00, 0x00, 0xa1, 0x01, 0x00, 0x00, 0xf9, 0x00, 0x02, 0x00, 0x3d, 0x34, // ..o...........=4
	0x00, 0x00, 0xf8, 0x00, 0x02, 0x00, 0x3d, 0x34, 0x00, 0x00, 0xf5, 0x00, 0x07, 0x00, 0x07, 0x00, // ......=4........
	0x00, 0x00, 0xd0, 0x5e, 0x00, 0x00, 0x5d, 0x65, 0x00, 0x00, 0x94, 0x36, 0x00, 0x00, 0x3c, 0x34, // ...^..]e...6..<4
	0x00, 0x00, 0x35, 0x34, 0x00, 0x00, 0xf5, 0x00, 0x07, 0x00, 0x07, 0x00, 0x00, 0x00, 0xce, 0x5e, // ..54...........^
	0x00, 0x00, 0xc7, 0x5e, 0x00, 0x00, 0x94, 0x36, 0x00, 0x00, 0x3a, 0x34, 0x00, 0x00, 0x35, 0x34, // ...^...6..:4..54
	0x00, 0x00, 0x8e, 0x00, 0x05, 0x00, 0x0b, 0x00, 0x00, 0x00, 0x40, 0x34, 0x00, 0x00, 0x81, 0x03, // ..........@4....
	0x00, 0x00, 0x0b, 0x34, 0x00, 0x00, 0x94, 0x00, 0x05, 0x00, 0x07, 0x00, 0x00, 0x00, 0x44, 0x34, // ...4..........D4
	0x00, 0x00, 0xbf, 0x5e, 0x00, 0x00, 0x40, 0x34, 0x00, 0x00, 0x81, 0x00, 0x05, 0x00, 0x07, 0x00, // ...^..@4........
	0x00, 0x00, 0x45, 0x34, 0x00, 0x00, 0xfe, 0x33, 0x00, 0x00, 0x44, 0x34, 0x00, 0x00, 0x81, 0x00, // ..E4...3..D4....
	0x05, 0x00, 0x0b, 0x00, 0x00, 0x00, 0x48, 0x34, 0x00, 0x00, 0x25, 0x5d, 0x00, 0x00, 0x40, 0x34, // ......H4..%]..@4
	0x00, 0x00, 0xf7, 0x00, 0x03, 0x00, 0xd0, 0x36, 0x00, 0x00, 0x00, 0x00, 0x00, 0x00, 0xfb, 0x00, // .......6........
	0x03, 0x00, 0xcc, 0x01, 0x00, 0x00, 0xbb, 0x36, 0x00, 0x00, 0xf8, 0x00, 0x02, 0x00, 0xbb, 0x36, // .......6.......6
	0x00, 0x00, 0xf7, 0x00, 0x03, 0x00, 0xc3, 0x36, 0x00, 0x00, 0x00, 0x00, 0x00, 0x00, 0xfa, 0x00, // .......6........
	0x04, 0x00, 0x15, 0x33, 0x00, 0x00, 0xbe, 0x36, 0x00, 0x00, 0xc3, 0x36, 0x00, 0x00, 0xf8, 0x00, // ...3...6...6....
	0x02, 0x00, 0xbe, 0x36, 0x00, 0x00, 0x56, 0x00, 0x05, 0x00, 0x2e, 0x01, 0x00, 0x00, 0xd8, 0x36, // ...6..V........6
	0x00, 0x00, 0xf8, 0x00, 0x00, 0x00, 0xf6, 0x00, 0x00, 0x00, 0x57, 0x00, 0x05, 0x00, 0x0d, 0x00, // ..........W.....
	0x00, 0x00, 0xda, 0x36, 0x00, 0x00, 0xd8, 0x36, 0x00, 0x00, 0x48, 0x34, 0x00, 0x00, 0x51, 0x00, // ...6...6..H4..Q.
	0x05, 0x00, 0x07, 0x00, 0x00, 0x00, 0xc2, 0x36, 0x00, 0x00, 0xda, 0x36, 0x00, 0x00, 0x00, 0x00, // .......6...6....
	0x00, 0x00, 0xf9, 0x00, 0x02, 0x00, 0xd0, 0x36, 0x00, 0x00, 0xf8, 0x00, 0x02, 0x00, 0xc3, 0x36, // .......6.......6
	0x00, 0x00, 0xf7, 0x00, 0x03, 0x00, 0xcb, 0x36, 0x00, 0x00, 0x00, 0x00, 0x00, 0x00, 0xfa, 0x00, // .......6........
	0x04, 0x00, 0x19, 0x33, 0x00, 0x00, 0xc6, 0x36, 0x00, 0x00, 0xcb, 0x36, 0x00, 0x00, 0xf8, 0x00, // ...3...6...6....
	0x02, 0x00, 0xc6, 0x36, 0x00, 0x00, 0x56, 0x00, 0x05, 0x00, 0x2e, 0x01, 0x00, 0x00, 0xe1, 0x36, // ...6..V........6
	0x00, 0x00, 0xfe, 0x00, 0x00, 0x00, 0xfc, 0x00, 0x00, 0x00, 0x57, 0x00, 0x05, 0x00, 0x0d, 0x00, // ..........W.....
	0x00, 0x00, 0xe3, 0x36, 0x00, 0x00, 0xe1, 0x36, 0x00, 0x00, 0x48, 0x34, 0x00, 0x00, 0x51, 0x00, // ...6...6..H4..Q.
	0x05, 0x00, 0x07, 0x00, 0x00, 0x00, 0xca, 0x36, 0x00, 0x00, 0xe3, 0x36, 0x00, 0x00, 0x00, 0x00, // .......6...6....
	0x00, 0x00, 0xf9, 0x00, 0x02, 0x00, 0xd0, 0x36, 0x00, 0x00, 0xf8, 0x00, 0x02, 0x00, 0xcb, 0x36, // .......6.......6
	0x00, 0x00, 0x56, 0x00, 0x05, 0x00, 0x2e, 0x01, 0x00, 0x00, 0xea, 0x36, 0x00, 0x00, 0x04, 0x01, // ..V........6....
	0x00, 0x00, 0x02, 0x01, 0x00, 0x00, 0x57, 0x00, 0x05, 0x00, 0x0d, 0x00, 0x00, 0x00, 0xec, 0x36, // ......W........6
	0x00, 0x00, 0xea, 0x36, 0x00, 0x00, 0x48, 0x34, 0x00, 0x00, 0x51, 0x00, 0x05, 0x00, 0x07, 0x00, // ...6..H4..Q.....
	0x00, 0x00, 0xcf, 0x36, 0x00, 0x00, 0xec, 0x36, 0x00, 0x00, 0x00, 0x00, 0x00, 0x00, 0xf9, 0x00, // ...6...6........
	0x02, 0x00, 0xd0, 0x36, 0x00, 0x00, 0xf8, 0x00, 0x02, 0x00, 0xd0, 0x36, 0x00, 0x00, 0xf5, 0x00, // ...6.......6....
	0x09, 0x00, 0x07, 0x00, 0x00, 0x00, 0xcc, 0x5e, 0x00, 0x00, 0xc2, 0x36, 0x00, 0x00, 0xbe, 0x36, // .......^...6...6
	0x00, 0x00, 0xca, 0x36, 0x00, 0x00, 0xc6, 0x36, 0x00, 0x00, 0xcf, 0x36, 0x00, 0x00, 0xcb, 0x36, // ...6...6...6...6
	0x00, 0x00, 0xb8, 0x00, 0x05, 0x00, 0x97, 0x01, 0x00, 0x00, 0x4d, 0x34, 0x00, 0x00, 0xcc, 0x5e, // ..........M4...^
	0x00, 0x00, 0x45, 0x34, 0x00, 0x00, 0xf7, 0x00, 0x03, 0x00, 0x56, 0x34, 0x00, 0x00, 0x00, 0x00, // ..E4......V4....
	0x00, 0x00, 0xfa, 0x00, 0x04, 0x00, 0x4d, 0x34, 0x00, 0x00, 0x4e, 0x34, 0x00, 0x00, 0x56, 0x34, // ......M4..N4..V4
	0x00, 0x00, 0xf8, 0x00, 0x02, 0x00, 0x4e, 0x34, 0x00, 0x00, 0x83, 0x00, 0x05, 0x00, 0x07, 0x00, // ......N4........
	0x00, 0x00, 0x51, 0x34, 0x00, 0x00, 0x45, 0x34, 0x00, 0x00, 0xcc, 0x5e, 0x00, 0x00, 0x81, 0x00, // ..Q4..E4...^....
	0x05, 0x00, 0x07, 0x00, 0x00, 0x00, 0x53, 0x34, 0x00, 0x00, 0xce, 0x5e, 0x00, 0x00, 0x51, 0x34, // ......S4...^..Q4
	0x00, 0x00, 0x81, 0x00, 0x05, 0x00, 0x07, 0x00, 0x00, 0x00, 0x55, 0x34, 0x00, 0x00, 0xd0, 0x5e, // ..........U4...^
	0x00, 0x00, 0xa1, 0x01, 0x00, 0x00, 0xf9, 0x00, 0x02, 0x00, 0x56, 0x34, 0x00, 0x00, 0xf8, 0x00, // ..........V4....
	0x02, 0x00, 0x56, 0x34, 0x00, 0x00, 0xf5, 0x00, 0x07, 0x00, 0x07, 0x00, 0x00, 0x00, 0xd7, 0x5e, // ..V4...........^
	0x00, 0x00, 0xd0, 0x5e, 0x00, 0x00, 0xd0, 0x36, 0x00, 0x00, 0x55, 0x34, 0x00, 0x00, 0x4e, 0x34, // ...^...6..U4..N4
	0x00, 0x00, 0xf5, 0x00, 0x07, 0x00, 0x07, 0x00, 0x00, 0x00, 0xd5, 0x5e, 0x00, 0x00, 0xce, 0x5e, // ...........^...^
	0x00, 0x00, 0xd0, 0x36, 0x00, 0x00, 0x53, 0x34, 0x00, 0x00, 0x4e, 0x34, 0x00, 0x00, 0x8e, 0x00, // ...6..S4..N4....
	0x05, 0x00, 0x0b, 0x00, 0x00, 0x00, 0x59, 0x34, 0x00, 0x00, 0x82, 0x03, 0x00, 0x00, 0x0b, 0x34, // ......Y4.......4
	0x00, 0x00, 0x94, 0x00, 0x05, 0x00, 0x07, 0x00, 0x00, 0x00, 0x5d, 0x34, 0x00, 0x00, 0xbf, 0x5e, // ..........]4...^
	0x00, 0x00, 0x59, 0x34, 0x00, 0x00, 0x81, 0x00, 0x05, 0x00, 0x07, 0x00, 0x00, 0x00, 0x5e, 0x34, // ..Y4..........^4
	0x00, 0x00, 0xfe, 0x33, 0x00, 0x00, 0x5d, 0x34, 0x00, 0x00, 0x81, 0x00, 0x05, 0x00, 0x0b, 0x00, // ...3..]4........
	0x00, 0x00, 0x61, 0x34, 0x00, 0x00, 0x25, 0x5d, 0x00, 0x00, 0x59, 0x34, 0x00, 0x00, 0xf7, 0x00, // ..a4..%]..Y4....
	0x03, 0x00, 0x0c, 0x37, 0x00, 0x00, 0x00, 0x00, 0x00, 0x00, 0xfb, 0x00, 0x03, 0x00, 0xcc, 0x01, // ...7............
	0x00, 0x00, 0xf7, 0x36, 0x00, 0x00, 0xf8, 0x00, 0x02, 0x00, 0xf7, 0x36, 0x00, 0x00, 0xf7, 0x00, // ...6.......6....
	0x03, 0x00, 0xff, 0x36, 0x00, 0x00, 0x00, 0x00, 0x00, 0x00, 0xfa, 0x00, 0x04, 0x00, 0x15, 0x33, // ...6...........3
	0x00, 0x00, 0xfa, 0x36, 0x00, 0x00, 0xff, 0x36, 0x00, 0x00, 0xf8, 0x00, 0x02, 0x00, 0xfa, 0x36, // ...6...6.......6
	0x00, 0x00, 0x56, 0x00, 0x05, 0x00, 0x2e, 0x01, 0x00, 0x00, 0x14, 0x37, 0x00, 0x00, 0xf8, 0x00, // ..V........7....
	0x00, 0x00, 0xf6, 0x00, 0x00, 0x00, 0x57, 0x00, 0x05, 0x00, 0x0d, 0x00, 0x00, 0x00, 0x16, 0x37, // ......W........7
	0x00, 0x00, 0x14, 0x37, 0x00, 0x00, 0x61, 0x34, 0x00, 0x00, 0x51, 0x00, 0x05, 0x00, 0x07, 0x00, // ...7..a4..Q.....
	0x00, 0x00, 0xfe, 0x36, 0x00, 0x00, 0x16, 0x37, 0x00, 0x00, 0x00, 0x00, 0x00, 0x00, 0xf9, 0x00, // ...6...7........
	0x02, 0x00, 0x0c, 0x37, 0x00, 0x00, 0xf8, 0x00, 0x02, 0x00, 0xff, 0x36, 0x00, 0x00, 0xf7, 0x00, // ...7.......6....
	0x03, 0x00, 0x07, 0x37, 0x00, 0x00, 0x00, 0x00, 0x00, 0x00, 0xfa, 0x00, 0x04, 0x00, 0x19, 0x33, // ...7...........3
	0x00, 0x00, 0x02, 0x37, 0x00, 0x00, 0x07, 0x37, 0x00, 0x00, 0xf8, 0x00, 0x02, 0x00, 0x02, 0x37, // ...7...7.......7
	0x00, 0x00, 0x56, 0x00, 0x05, 0x00, 0x2e, 0x01, 0x00, 0x00, 0x1d, 0x37, 0x00, 0x00, 0xfe, 0x00, // ..V........7....
	0x00, 0x00, 0xfc, 0x00, 0x00, 0x00, 0x57, 0x00, 0x05, 0x00, 0x0d, 0x00, 0x00, 0x00, 0x1f, 0x37, // ......W........7
	0x00, 0x00, 0x1d, 0x37, 0x00, 0x00, 0x61, 0x34, 0x00, 0x00, 0x51, 0x00, 0x05, 0x00, 0x07, 0x00, // ...7..a4..Q.....
	0x00, 0x00, 0x06, 0x37, 0x00, 0x00, 0x1f, 0x37, 0x00, 0x00, 0x00, 0x00, 0x00, 0x00, 0xf9, 0x00, // ...7...7........
	0x02, 0x00, 0x0c, 0x37, 0x00, 0x00, 0xf8, 0x00, 0x02, 0x00, 0x07, 0x37, 0x00, 0x00, 0x56, 0x00, // ...7.......7..V.
	0x05, 0x00, 0x2e, 0x01, 0x00, 0x00, 0x26, 0x37, 0x00, 0x00, 0x04, 0x01, 0x00, 0x00, 0x02, 0x01, // ......&7........
	0x00, 0x00, 0x57, 0x00, 0x05, 0x00, 0x0d, 0x00, 0x00, 0x00, 0x28, 0x37, 0x00, 0x00, 0x26, 0x37, // ..W.......(7..&7
	0x00, 0x00, 0x61, 0x34, 0x00, 0x00, 0x51, 0x00, 0x05, 0x00, 0x07, 0x00, 0x00, 0x00, 0x0b, 0x37, // ..a4..Q........7
	0x00, 0x00, 0x28, 0x37, 0x00, 0x00, 0x00, 0x00, 0x00, 0x00, 0xf9, 0x00, 0x02, 0x00, 0x0c, 0x37, // ..(7...........7
	0x00, 0x00, 0xf8, 0x00, 0x02, 0x00, 0x0c, 0x37, 0x00, 0x00, 0xf5, 0x00, 0x09, 0x00, 0x07, 0x00, // .......7........
	0x00, 0x00, 0xd3, 0x5e, 0x00, 0x00, 0xfe, 0x36, 0x00, 0x00, 0xfa, 0x36, 0x00, 0x00, 0x06, 0x37, // ...^...6...6...7
	0x00, 0x00, 0x02, 0x37, 0x00, 0x00, 0x0b, 0x37, 0x00, 0x00, 0x07, 0x37, 0x00, 0x00, 0xb8, 0x00, // ...7...7...7....
	0x05, 0x00, 0x97, 0x01, 0x00, 0x00, 0x66, 0x34, 0x00, 0x00, 0xd3, 0x5e, 0x00, 0x00, 0x5e, 0x34, // ......f4...^..^4
	0x00, 0x00, 0xf7, 0x00, 0x03, 0x00, 0x6f, 0x34, 0x00, 0x00, 0x00, 0x00, 0x00, 0x00, 0xfa, 0x00, // ......o4........
	0x04, 0x00, 0x66, 0x34, 0x00, 0x00, 0x67, 0x34, 0x00, 0x00, 0x6f, 0x34, 0x00, 0x00, 0xf8, 0x00, // ..f4..g4..o4....
	0x02, 0x00, 0x67, 0x34, 0x00, 0x00, 0x83, 0x00, 0x05, 0x00, 0x07, 0x00, 0x00, 0x00, 0x6a, 0x34, // ..g4..........j4
	0x00, 0x00, 0x5e, 0x34, 0x00, 0x00, 0xd3, 0x5e, 0x00, 0x00, 0x81, 0x00, 0x05, 0x00, 0x07, 0x00, // ..^4...^........
	0x00, 0x00, 0x6c, 0x34, 0x00, 0x00, 0xd5, 0x5e, 0x00, 0x00, 0x6a, 0x34, 0x00, 0x00, 0x81, 0x00, // ..l4...^..j4....
	0x05, 0x00, 0x07, 0x00, 0x00, 0x00, 0x6e, 0x34, 0x00, 0x00, 0xd7, 0x5e, 0x00, 0x00, 0xa1, 0x01, // ......n4...^....
	0x00, 0x00, 0xf9, 0x00, 0x02, 0x00, 0x6f, 0x34, 0x00, 0x00, 0xf8, 0x00, 0x02, 0x00, 0x6f, 0x34, // ......o4......o4
	0x00, 0x00, 0xf5, 0x00, 0x07, 0x00, 0x07, 0x00, 0x00, 0x00, 0xde, 0x5e, 0x00, 0x00, 0xd7, 0x5e, // ...........^...^
	0x00, 0x00, 0x0c, 0x37, 0x00, 0x00, 0x6e, 0x34, 0x00, 0x00, 0x67, 0x34, 0x00, 0x00, 0xf5, 0x00, // ...7..n4..g4....
	0x07, 0x00, 0x07, 0x00, 0x00, 0x00, 0xdc, 0x5e, 0x00, 0x00, 0xd5, 0x5e, 0x00, 0x00, 0x0c, 0x37, // .......^...^...7
	0x00, 0x00, 0x6c, 0x34, 0x00, 0x00, 0x67, 0x34, 0x00, 0x00, 0x8e, 0x00, 0x05, 0x00, 0x0b, 0x00, // ..l4..g4........
	0x00, 0x00, 0x72, 0x34, 0x00, 0x00, 0x84, 0x03, 0x00, 0x00, 0x0b, 0x34, 0x00, 0x00, 0x94, 0x00, // ..r4.......4....
	0x05, 0x00, 0x07, 0x00, 0x00, 0x00, 0x76, 0x34, 0x00, 0x00, 0xbf, 0x5e, 0x00, 0x00, 0x72, 0x34, // ......v4...^..r4
	0x00, 0x00, 0x81, 0x00, 0x05, 0x00, 0x07, 0x00, 0x00, 0x00, 0x77, 0x34, 0x00, 0x00, 0xfe, 0x33, // ..........w4...3
	0x00, 0x00, 0x76, 0x34, 0x00, 0x00, 0x81, 0x00, 0x05, 0x00, 0x0b, 0x00, 0x00, 0x00, 0x7a, 0x34, // ..v4..........z4
	0x00, 0x00, 0x25, 0x5d, 0x00, 0x00, 0x72, 0x34, 0x00, 0x00, 0xf7, 0x00, 0x03, 0x00, 0x48, 0x37, // ..%]..r4......H7
	0x00, 0x00, 0x00, 0x00, 0x00, 0x00, 0xfb, 0x00, 0x03, 0x00, 0xcc, 0x01, 0x00, 0x00, 0x33, 0x37, // ..............37
	0x00, 0x00, 0xf8, 0x00, 0x02, 0x00, 0x33, 0x37, 0x00, 0x00, 0xf7, 0x00, 0x03, 0x00, 0x3b, 0x37, // ......37......;7
	0x00, 0x00, 0x00, 0x00, 0x00, 0x00, 0xfa, 0x00, 0x04, 0x00, 0x15, 0x33, 0x00, 0x00, 0x36, 0x37, // ...........3..67
	0x00, 0x00, 0x3b, 0x37, 0x00, 0x00, 0xf8, 0x00, 0x02, 0x00, 0x36, 0x37, 0x00, 0x00, 0x56, 0x00, // ..;7......67..V.
	0x05, 0x00, 0x2e, 0x01, 0x00, 0x00, 0x50, 0x37, 0x00, 0x00, 0xf8, 0x00, 0x00, 0x00, 0xf6, 0x00, // ......P7........
	0x00, 0x00, 0x57, 0x00, 0x05, 0x00, 0x0d, 0x00, 0x00, 0x00, 0x52, 0x37, 0x00, 0x00, 0x50, 0x37, // ..W.......R7..P7
	0x00, 0x00, 0x7a, 0x34, 0x00, 0x00, 0x51, 0x00, 0x05, 0x00, 0x07, 0x00, 0x00, 0x00, 0x3a, 0x37, // ..z4..Q.......:7
	0x00, 0x00, 0x52, 0x37, 0x00, 0x00, 0x00, 0x00, 0x00, 0x00, 0xf9, 0x00, 0x02, 0x00, 0x48, 0x37, // ..R7..........H7
	0x00, 0x00, 0xf8, 0x00, 0x02, 0x00, 0x3b, 0x37, 0x00, 0x00, 0xf7, 0x00, 0x03, 0x00, 0x43, 0x37, // ......;7......C7
	0x00, 0x00, 0x00, 0x00, 0x00, 0x00, 0xfa, 0x00, 0x04, 0x00, 0x19, 0x33, 0x00, 0x00, 0x3e, 0x37, // ...........3..>7
	0x00, 0x00, 0x43, 0x37, 0x00, 0x00, 0xf8, 0x00, 0x02, 0x00, 0x3e, 0x37, 0x00, 0x00, 0x56, 0x00, // ..C7......>7..V.
	0x05, 0x00, 0x2e, 0x01, 0x00, 0x00, 0x59, 0x37, 0x00, 0x00, 0xfe, 0x00, 0x00, 0x00, 0xfc, 0x00, // ......Y7........
	0x00, 0x00, 0x57, 0x00, 0x05, 0x00, 0x0d, 0x00, 0x00, 0x00, 0x5b, 0x37, 0x00, 0x00, 0x59, 0x37, // ..W.......[7..Y7
	0x00, 0x00, 0x7a, 0x34, 0x00, 0x00, 0x51, 0x00, 0x05, 0x00, 0x07, 0x00, 0x00, 0x00, 0x42, 0x37, // ..z4..Q.......B7
	0x00, 0x00, 0x5b, 0x37, 0x00, 0x00, 0x00, 0x00, 0x00, 0x00, 0xf9, 0x00, 0x02, 0x00, 0x48, 0x37, // ..[7..........H7
	0x00, 0x00, 0xf8, 0x00, 0x02, 0x00, 0x43, 0x37, 0x00, 0x00, 0x56, 0x00, 0x05, 0x00, 0x2e, 0x01, // ......C7..V.....
	0x00, 0x00, 0x62, 0x37, 0x00, 0x00, 0x04, 0x01, 0x00, 0x00, 0x02, 0x01, 0x00, 0x00, 0x57, 0x00, // ..b7..........W.
	0x05, 0x00, 0x0d, 0x00, 0x00, 0x00, 0x64, 0x37, 0x00, 0x00, 0x62, 0x37, 0x00, 0x00, 0x7a, 0x34, // ......d7..b7..z4
	0x00, 0x00, 0x51, 0x00, 0x05, 0x00, 0x07, 0x00, 0x00, 0x00, 0x47, 0x37, 0x00, 0x00, 0x64, 0x37, // ..Q.......G7..d7
	0x00, 0x00, 0x00, 0x00, 0x00, 0x00, 0xf9, 0x00, 0x02, 0x00, 0x48, 0x37, 0x00, 0x00, 0xf8, 0x00, // ..........H7....
	0x02, 0x00, 0x48, 0x37, 0x00, 0x00, 0xf5, 0x00, 0x09, 0x00, 0x07, 0x00, 0x00, 0x00, 0xda, 0x5e, // ..H7...........^
	0x00, 0x00, 0x3a, 0x37, 0x00, 0x00, 0x36, 0x37, 0x00, 0x00, 0x42, 0x37, 0x00, 0x00, 0x3e, 0x37, // ..:7..67..B7..>7
	0x00, 0x00, 0x47, 0x37, 0x00, 0x00, 0x43, 0x37, 0x00, 0x00, 0xb8, 0x00, 0x05, 0x00, 0x97, 0x01, // ..G7..C7........
	0x00, 0x00, 0x7f, 0x34, 0x00, 0x00, 0xda, 0x5e, 0x00, 0x00, 0x77, 0x34, 0x00, 0x00, 0xf7, 0x00, // ...4...^..w4....
	0x03, 0x00, 0x88, 0x34, 0x00, 0x00, 0x00, 0x00, 0x00, 0x00, 0xfa, 0x00, 0x04, 0x00, 0x7f, 0x34, // ...4...........4
	0x00, 0x00, 0x80, 0x34, 0x00, 0x00, 0x88, 0x34, 0x00, 0x00, 0xf8, 0x00, 0x02, 0x00, 0x80, 0x34, // ...4...4.......4
	0x00, 0x00, 0x83, 0x00, 0x05, 0x00, 0x07, 0x00, 0x00, 0x00, 0x83, 0x34, 0x00, 0x00, 0x77, 0x34, // ...........4..w4
	0x00, 0x00, 0xda, 0x5e, 0x00, 0x00, 0x81, 0x00, 0x05, 0x00, 0x07, 0x00, 0x00, 0x00, 0x85, 0x34, // ...^...........4
	0x00, 0x00, 0xdc, 0x5e, 0x00, 0x00, 0x83, 0x34, 0x00, 0x00, 0x81, 0x00, 0x05, 0x00, 0x07, 0x00, // ...^...4........
	0x00, 0x00, 0x87, 0x34, 0x00, 0x00, 0xde, 0x5e, 0x00, 0x00, 0xa1, 0x01, 0x00, 0x00, 0xf9, 0x00, // ...4...^........
	0x02, 0x00, 0x88, 0x34, 0x00, 0x00, 0xf8, 0x00, 0x02, 0x00, 0x88, 0x34, 0x00, 0x00, 0xf5, 0x00, // ...4.......4....
	0x07, 0x00, 0x07, 0x00, 0x00, 0x00, 0xe5, 0x5e, 0x00, 0x00, 0xde, 0x5e, 0x00, 0x00, 0x48, 0x37, // .......^...^..H7
	0x00, 0x00, 0x87, 0x34, 0x00, 0x00, 0x80, 0x34, 0x00, 0x00, 0xf5, 0x00, 0x07, 0x00, 0x07, 0x00, // ...4...4........
	0x00, 0x00, 0xe3, 0x5e, 0x00, 0x00, 0xdc, 0x5e, 0x00, 0x00, 0x48, 0x37, 0x00, 0x00, 0x85, 0x34, // ...^...^..H7...4
	0x00, 0x00, 0x80, 0x34, 0x00, 0x00, 0x8e, 0x00, 0x05, 0x00, 0x0b, 0x00, 0x00, 0x00, 0x8b, 0x34, // ...4...........4
	0x00, 0x00, 0x86, 0x03, 0x00, 0x00, 0x0b, 0x34, 0x00, 0x00, 0x94, 0x00, 0x05, 0x00, 0x07, 0x00, // .......4........
	0x00, 0x00, 0x8f, 0x34, 0x00, 0x00, 0xbf, 0x5e, 0x00, 0x00, 0x8b, 0x34, 0x00, 0x00, 0x81, 0x00, // ...4...^...4....
	0x05, 0x00, 0x07, 0x00, 0x00, 0x00, 0x90, 0x34, 0x00, 0x00, 0xfe, 0x33, 0x00, 0x00, 0x8f, 0x34, // .......4...3...4
	0x00, 0x00, 0x81, 0x00, 0x05, 0x00, 0x0b, 0x00, 0x00, 0x00, 0x93, 0x34, 0x00, 0x00, 0x25, 0x5d, // ...........4..%]
	0x00, 0x00, 0x8b, 0x34, 0x00, 0x00, 0xf7, 0x00, 0x03, 0x00, 0x84, 0x37, 0x00, 0x00, 0x00, 0x00, // ...4.......7....
	0x00, 0x00, 0xfb, 0x00, 0x03, 0x00, 0xcc, 0x01, 0x00, 0x00, 0x6f, 0x37, 0x00, 0x00, 0xf8, 0x00, // ..........o7....
	0x02, 0x00, 0x6f, 0x37, 0x00, 0x00, 0xf7, 0x00, 0x03, 0x00, 0x77, 0x37, 0x00, 0x00, 0x00, 0x00, // ..o7......w7....
	0x00, 0x00, 0xfa, 0x00, 0x04, 0x00, 0x15, 0x33, 0x00, 0x00, 0x72, 0x37, 0x00, 0x00, 0x77, 0x37, // .......3..r7..w7
	0x00, 0x00, 0xf8, 0x00, 0x02, 0x00, 0x72, 0x37, 0x00, 0x00, 0x56, 0x00, 0x05, 0x00, 0x2e, 0x01, // ......r7..V.....
	0x00, 0x00, 0x8c, 0x37, 0x00, 0x00, 0xf8, 0x00, 0x00, 0x00, 0xf6, 0x00, 0x00, 0x00, 0x57, 0x00, // ...7..........W.
	0x05, 0x00, 0x0d, 0x00, 0x00, 0x00, 0x8e, 0x37, 0x00, 0x00, 0x8c, 0x37, 0x00, 0x00, 0x93, 0x34, // .......7...7...4
	0x00, 0x00, 0x51, 0x00, 0x05, 0x00, 0x07, 0x00, 0x00, 0x00, 0x76, 0x37, 0x00, 0x00, 0x8e, 0x37, // ..Q.......v7...7
	0x00, 0x00, 0x00, 0x00, 0x00, 0x00, 0xf9, 0x00, 0x02, 0x00, 0x84, 0x37, 0x00, 0x00, 0xf8, 0x00, // ...........7....
	0x02, 0x00, 0x77, 0x37, 0x00, 0x00, 0xf7, 0x00, 0x03, 0x00, 0x7f, 0x37, 0x00, 0x00, 0x00, 0x00, // ..w7.......7....
	0x00, 0x00, 0xfa, 0x00, 0x04, 0x00, 0x19, 0x33, 0x00, 0x00, 0x7a, 0x37, 0x00, 0x00, 0x7f, 0x37, // .......3..z7...7
	0x00, 0x00, 0xf8, 0x00, 0x02, 0x00, 0x7a, 0x37, 0x00, 0x00, 0x56, 0x00, 0x05, 0x00, 0x2e, 0x01, // ......z7..V.....
	0x00, 0x00, 0x95, 0x37, 0x00, 0x00, 0xfe, 0x00, 0x00, 0x00, 0xfc, 0x00, 0x00, 0x00, 0x57, 0x00, // ...7..........W.
	0x05, 0x00, 0x0d, 0x00, 0x00, 0x00, 0x97, 0x37, 0x00, 0x00, 0x95, 0x37, 0x00, 0x00, 0x93, 0x34, // .......7...7...4
	0x00, 0x00, 0x51, 0x00, 0x05, 0x00, 0x07, 0x00, 0x00, 0x00, 0x7e, 0x37, 0x00, 0x00, 0x97, 0x37, // ..Q.......~7...7
	0x00, 0x00, 0x00, 0x00, 0x00, 0x00, 0xf9, 0x00, 0x02, 0x00, 0x84, 0x37, 0x00, 0x00, 0xf8, 0x00, // ...........7....
	0x02, 0x00, 0x7f, 0x37, 0x00, 0x00, 0x56, 0x00, 0x05, 0x00, 0x2e, 0x01, 0x00, 0x00, 0x9e, 0x37, // ...7..V........7
	0x00, 0x00, 0x04, 0x01, 0x00, 0x00, 0x02, 0x01, 0x00, 0x00, 0x57, 0x00, 0x05, 0x00, 0x0d, 0x00, // ..........W.....
	0x00, 0x00, 0xa0, 0x37, 0x00, 0x00, 0x9e, 0x37, 0x00, 0x00, 0x93, 0x34, 0x00, 0x00, 0x51, 0x00, // ...7...7...4..Q.
	0x05, 0x00, 0x07, 0x00, 0x00, 0x00, 0x83, 0x37, 0x00, 0x00, 0xa0, 0x37, 0x00, 0x00, 0x00, 0x00, // .......7...7....
	0x00, 0x00, 0xf9, 0x00, 0x02, 0x00, 0x84, 0x37, 0x00, 0x00, 0xf8, 0x00, 0x02, 0x00, 0x84, 0x37, // .......7.......7
	0x00, 0x00, 0xf5, 0x00, 0x09, 0x00, 0x07, 0x00, 0x00, 0x00, 0xe1, 0x5e, 0x00, 0x00, 0x76, 0x37, // ...........^..v7
	0x00, 0x00, 0x72, 0x37, 0x00, 0x00, 0x7e, 0x37, 0x00, 0x00, 0x7a, 0x37, 0x00, 0x00, 0x83, 0x37, // ..r7..~7..z7...7
	0x00, 0x00, 0x7f, 0x37, 0x00, 0x00, 0xb8, 0x00, 0x05, 0x00, 0x97, 0x01, 0x00, 0x00, 0x98, 0x34, // ...7...........4
	0x00, 0x00, 0xe1, 0x5e, 0x00, 0x00, 0x90, 0x34, 0x00, 0x00, 0xf7, 0x00, 0x03, 0x00, 0xa1, 0x34, // ...^...4.......4
	0x00, 0x00, 0x00, 0x00, 0x00, 0x00, 0xfa, 0x00, 0x04, 0x00, 0x98, 0x34, 0x00, 0x00, 0x99, 0x34, // ...........4...4
	0x00, 0x00, 0xa1, 0x34, 0x00, 0x00, 0xf8, 0x00, 0x02, 0x00, 0x99, 0x34, 0x00, 0x00, 0x83, 0x00, // ...4.......4....
	0x05, 0x00, 0x07, 0x00, 0x00, 0x00, 0x9c, 0x34, 0x00, 0x00, 0x90, 0x34, 0x00, 0x00, 0xe1, 0x5e, // .......4...4...^
	0x00, 0x00, 0x81, 0x00, 0x05, 0x00, 0x07, 0x00, 0x00, 0x00, 0x9e, 0x34, 0x00, 0x00, 0xe3, 0x5e, // ...........4...^
	0x00, 0x00, 0x9c, 0x34, 0x00, 0x00, 0x81, 0x00, 0x05, 0x00, 0x07, 0x00, 0x00, 0x00, 0xa0, 0x34, // ...4...........4
	0x00, 0x00, 0xe5, 0x5e, 0x00, 0x00, 0xa1, 0x01, 0x00, 0x00, 0xf9, 0x00, 0x02, 0x00, 0xa1, 0x34, // ...^...........4
	0x00, 0x00, 0xf8, 0x00, 0x02, 0x00, 0xa1, 0x34, 0x00, 0x00, 0xf5, 0x00, 0x07, 0x00, 0x07, 0x00, // .......4........
	0x00, 0x00, 0xec, 0x5e, 0x00, 0x00, 0xe5, 0x5e, 0x00, 0x00, 0x84, 0x37, 0x00, 0x00, 0xa0, 0x34, // ...^...^...7...4
	0x00, 0x00, 0x99, 0x34, 0x00, 0x00, 0xf5, 0x00, 0x07, 0x00, 0x07, 0x00, 0x00, 0x00, 0xea, 0x5e, // ...4...........^
	0x00, 0x00, 0xe3, 0x5e, 0x00, 0x00, 0x84, 0x37, 0x00, 0x00, 0x9e, 0x34, 0x00, 0x00, 0x99, 0x34, // ...^...7...4...4
	0x00, 0x00, 0x8e, 0x00, 0x05, 0x00, 0x0b, 0x00, 0x00, 0x00, 0xa4, 0x34, 0x00, 0x00, 0x87, 0x03, // ...........4....
	0x00, 0x00, 0x0b, 0x34, 0x00, 0x00, 0x94, 0x00, 0x05, 0x00, 0x07, 0x00, 0x00, 0x00, 0xa8, 0x34, // ...4...........4
	0x00, 0x00, 0xbf, 0x5e, 0x00, 0x00, 0xa4, 0x34, 0x00, 0x00, 0x81, 0x00, 0x05, 0x00, 0x07, 0x00, // ...^...4........
	0x00, 0x00, 0xa9, 0x34, 0x00, 0x00, 0xfe, 0x33, 0x00, 0x00, 0xa8, 0x34, 0x00, 0x00, 0x81, 0x00, // ...4...3...4....
	0x05, 0x00, 0x0b, 0x00, 0x00, 0x00, 0xac, 0x34, 0x00, 0x00, 0x25, 0x5d, 0x00, 0x00, 0xa4, 0x34, // .......4..%]...4
	0x00, 0x00, 0xf7, 0x00, 0x03, 0x00, 0xc0, 0x37, 0x00, 0x00, 0x00, 0x00, 0x00, 0x00, 0xfb, 0x00, // .......7........
	0x03, 0x00, 0xcc, 0x01, 0x00, 0x00, 0xab, 0x37, 0x00, 0x00, 0xf8, 0x00, 0x02, 0x00, 0xab, 0x37, // .......7.......7
	0x00, 0x00, 0xf7, 0x00, 0x03, 0x00, 0xb3, 0x37, 0x00, 0x00, 0x00, 0x00, 0x00, 0x00, 0xfa, 0x00, // .......7........
	0x04, 0x00, 0x15, 0x33, 0x00, 0x00, 0xae, 0x37, 0x00, 0x00, 0xb3, 0x37, 0x00, 0x00, 0xf8, 0x00, // ...3...7...7....
	0x02, 0x00, 0xae, 0x37, 0x00, 0x00, 0x56, 0x00, 0x05, 0x00, 0x2e, 0x01, 0x00, 0x00, 0xc8, 0x37, // ...7..V........7
	0x00, 0x00, 0xf8, 0x00, 0x00, 0x00, 0xf6, 0x00, 0x00, 0x00, 0x57, 0x00, 0x05, 0x00, 0x0d, 0x00, // ..........W.....
	0x00, 0x00, 0xca, 0x37, 0x00, 0x00, 0xc8, 0x37, 0x00, 0x00, 0xac, 0x34, 0x00, 0x00, 0x51, 0x00, // ...7...7...4..Q.
	0x05, 0x00, 0x07, 0x00, 0x00, 0x00, 0xb2, 0x37, 0x00, 0x00, 0xca, 0x37, 0x00, 0x00, 0x00, 0x00, // .......7...7....
	0x00, 0x00, 0xf9, 0x00, 0x02, 0x00, 0xc0, 0x37, 0x00, 0x00, 0xf8, 0x00, 0x02, 0x00, 0xb3, 0x37, // .......7.......7
	0x00, 0x00, 0xf7, 0x00, 0x03, 0x00, 0xbb, 0x37, 0x00, 0x00, 0x00, 0x00, 0x00, 0x00, 0xfa, 0x00, // .......7........
	0x04, 0x00, 0x19, 0x33, 0x00, 0x00, 0xb6, 0x37, 0x00, 0x00, 0xbb, 0x37, 0x00, 0x00, 0xf8, 0x00, // ...3...7...7....
	0x02, 0x00, 0xb6, 0x37, 0x00, 0x00, 0x56, 0x00, 0x05, 0x00, 0x2e, 0x01, 0x00, 0x00, 0xd1, 0x37, // ...7..V........7
	0x00, 0x00, 0xfe, 0x00, 0x00, 0x00, 0xfc, 0x00, 0x00, 0x00, 0x57, 0x00, 0x05, 0x00, 0x0d, 0x00, // ..........W.....
	0x00, 0x00, 0xd3, 0x37, 0x00, 0x00, 0xd1, 0x37, 0x00, 0x00, 0xac, 0x34, 0x00, 0x00, 0x51, 0x00, // ...7...7...4..Q.
	0x05, 0x00, 0x07, 0x00, 0x00, 0x00, 0xba, 0x37, 0x00, 0x00, 0xd3, 0x37, 0x00, 0x00, 0x00, 0x00, // .......7...7....
	0x00, 0x00, 0xf9, 0x00, 0x02, 0x00, 0xc0, 0x37, 0x00, 0x00, 0xf8, 0x00, 0x02, 0x00, 0xbb, 0x37, // .......7.......7
	0x00, 0x00, 0x56, 0x00, 0x05, 0x00, 0x2e, 0x01, 0x00, 0x00, 0xda, 0x37, 0x00, 0x00, 0x04, 0x01, // ..V........7....
	0x00, 0x00, 0x02, 0x01, 0x00, 0x00, 0x57, 0x00, 0x05, 0x00, 0x0d, 0x00, 0x00, 0x00, 0xdc, 0x37, // ......W........7
	0x00, 0x00, 0xda, 0x37, 0x00, 0x00, 0xac, 0x34, 0x00, 0x00, 0x51, 0x00, 0x05, 0x00, 0x07, 0x00, // ...7...4..Q.....
	0x00, 0x00, 0xbf, 0x37, 0x00, 0x00, 0xdc, 0x37, 0x00, 0x00, 0x00, 0x00, 0x00, 0x00, 0xf9, 0x00, // ...7...7........
	0x02, 0x00, 0xc0, 0x37, 0x00, 0x00, 0xf8, 0x00, 0x02, 0x00, 0xc0, 0x37, 0x00, 0x00, 0xf5, 0x00, // ...7.......7....
	0x09, 0x00, 0x07, 0x00, 0x00, 0x00, 0xe8, 0x5e, 0x00, 0x00, 0xb2, 0x37, 0x00, 0x00, 0xae, 0x37, // .......^...7...7
	0x00, 0x00, 0xba, 0x37, 0x00, 0x00, 0xb6, 0x37, 0x00, 0x00, 0xbf, 0x37, 0x00, 0x00, 0xbb, 0x37, // ...7...7...7...7
	0x00, 0x00, 0xb8, 0x00, 0x05, 0x00, 0x97, 0x01, 0x00, 0x00, 0xb1, 0x34, 0x00, 0x00, 0xe8, 0x5e, // ...........4...^
	0x00, 0x00, 0xa9, 0x34, 0x00, 0x00, 0xf7, 0x00, 0x03, 0x00, 0xba, 0x34, 0x00, 0x00, 0x00, 0x00, // ...4.......4....
	0x00, 0x00, 0xfa, 0x00, 0x04, 0x00, 0xb1, 0x34, 0x00, 0x00, 0xb2, 0x34, 0x00, 0x00, 0xba, 0x34, // .......4...4...4
	0x00, 0x00, 0xf8, 0x00, 0x02, 0x00, 0xb2, 0x34, 0x00, 0x00, 0x83, 0x00, 0x05, 0x00, 0x07, 0x00, // .......4........
	0x00, 0x00, 0xb5, 0x34, 0x00, 0x00, 0xa9, 0x34, 0x00, 0x00, 0xe8, 0x5e, 0x00, 0x00, 0x81, 0x00, // ...4...4...^....
	0x05, 0x00, 0x07, 0x00, 0x00, 0x00, 0xb7, 0x34, 0x00, 0x00, 0xea, 0x5e, 0x00, 0x00, 0xb5, 0x34, // .......4...^...4
	0x00, 0x00, 0x81, 0x00, 0x05, 0x00, 0x07, 0x00, 0x00, 0x00, 0xb9, 0x34, 0x00, 0x00, 0xec, 0x5e, // ...........4...^
	0x00, 0x00, 0xa1, 0x01, 0x00, 0x00, 0xf9, 0x00, 0x02, 0x00, 0xba, 0x34, 0x00, 0x00, 0xf8, 0x00, // ...........4....
	0x02, 0x00, 0xba, 0x34, 0x00, 0x00, 0xf5, 0x00, 0x07, 0x00, 0x07, 0x00, 0x00, 0x00, 0xf3, 0x5e, // ...4...........^
	0x00, 0x00, 0xec, 0x5e, 0x00, 0x00, 0xc0, 0x37, 0x00, 0x00, 0xb9, 0x34, 0x00, 0x00, 0xb2, 0x34, // ...^...7...4...4
	0x00, 0x00, 0xf5, 0x00, 0x07, 0x00, 0x07, 0x00, 0x00, 0x00, 0xf1, 0x5e, 0x00, 0x00, 0xea, 0x5e, // ...........^...^
	0x00, 0x00, 0xc0, 0x37, 0x00, 0x00, 0xb7, 0x34, 0x00, 0x00, 0xb2, 0x34, 0x00, 0x00, 0x8e, 0x00, // ...7...4...4....
	0x05, 0x00, 0x0b, 0x00, 0x00, 0x00, 0xbd, 0x34, 0x00, 0x00, 0x88, 0x03, 0x00, 0x00, 0x0b, 0x34, // .......4.......4
	0x00, 0x00, 0x94, 0x00, 0x05, 0x00, 0x07, 0x00, 0x00, 0x00, 0xc1, 0x34, 0x00, 0x00, 0xbf, 0x5e, // ...........4...^
	0x00, 0x00, 0xbd, 0x34, 0x00, 0x00, 0x81, 0x00, 0x05, 0x00, 0x07, 0x00, 0x00, 0x00, 0xc2, 0x34, // ...4...........4
	0x00, 0x00, 0xfe, 0x33, 0x00, 0x00, 0xc1, 0x34, 0x00, 0x00, 0x81, 0x00, 0x05, 0x00, 0x0b, 0x00, // ...3...4........
	0x00, 0x00, 0xc5, 0x34, 0x00, 0x00, 0x25, 0x5d, 0x00, 0x00, 0xbd, 0x34, 0x00, 0x00, 0xf7, 0x00, // ...4..%]...4....
	0x03, 0x00, 0xfc, 0x37, 0x00, 0x00, 0x00, 0x00, 0x00, 0x00, 0xfb, 0x00, 0x03, 0x00, 0xcc, 0x01, // ...7............
	0x00, 0x00, 0xe7, 0x37, 0x00, 0x00, 0xf8, 0x00, 0x02, 0x00, 0xe7, 0x37, 0x00, 0x00, 0xf7, 0x00, // ...7.......7....
	0x03, 0x00, 0xef, 0x37, 0x00, 0x00, 0x00, 0x00, 0x00, 0x00, 0xfa, 0x00, 0x04, 0x00, 0x15, 0x33, // ...7...........3
	0x00, 0x00, 0xea, 0x37, 0x00, 0x00, 0xef, 0x37, 0x00, 0x00, 0xf8, 0x00, 0x02, 0x00, 0xea, 0x37, // ...7...7.......7
	0x00, 0x00, 0x56, 0x00, 0x05, 0x00, 0x2e, 0x01, 0x00, 0x00, 0x04, 0x38, 0x00, 0x00, 0xf8, 0x00, // ..V........8....
	0x00, 0x00, 0xf6, 0x00, 0x00, 0x00, 0x57, 0x00, 0x05, 0x00, 0x0d, 0x00, 0x00, 0x00, 0x06, 0x38, // ......W........8
	0x00, 0x00, 0x04, 0x38, 0x00, 0x00, 0xc5, 0x34, 0x00, 0x00, 0x51, 0x00, 0x05, 0x00, 0x07, 0x00, // ...8...4..Q.....
	0x00, 0x00, 0xee, 0x37, 0x00, 0x00, 0x06, 0x38, 0x00, 0x00, 0x00, 0x00, 0x00, 0x00, 0xf9, 0x00, // ...7...8........
	0x02, 0x00, 0xfc, 0x37, 0x00, 0x00, 0xf8, 0x00, 0x02, 0x00, 0xef, 0x37, 0x00, 0x00, 0xf7, 0x00, // ...7.......7....
	0x03, 0x00, 0xf7, 0x37, 0x00, 0x00, 0x00, 0x00, 0x00, 0x00, 0xfa, 0x00, 0x04, 0x00, 0x19, 0x33, // ...7...........3
	0x00, 0x00, 0xf2, 0x37, 0x00, 0x00, 0xf7, 0x37, 0x00, 0x00, 0xf8, 0x00, 0x02, 0x00, 0xf2, 0x37, // ...7...7.......7
	0x00, 0x00, 0x56, 0x00, 0x05, 0x00, 0x2e, 0x01, 0x00, 0x00, 0x0d, 0x38, 0x00, 0x00, 0xfe, 0x00, // ..V........8....
	0x00, 0x00, 0xfc, 0x00, 0x00, 0x00, 0x57, 0x00, 0x05, 0x00, 0x0d, 0x00, 0x00, 0x00, 0x0f, 0x38, // ......W........8
	0x00, 0x00, 0x0d, 0x38, 0x00, 0x00, 0xc5, 0x34, 0x00, 0x00, 0x51, 0x00, 0x05, 0x00, 0x07, 0x00, // ...8...4..Q.....
	0x00, 0x00, 0xf6, 0x37, 0x00, 0x00, 0x0f, 0x38, 0x00, 0x00, 0x00, 0x00, 0x00, 0x00, 0xf9, 0x00, // ...7...8........
	0x02, 0x00, 0xfc, 0x37, 0x00, 0x00, 0xf8, 0x00, 0x02, 0x00, 0xf7, 0x37, 0x00, 0x00, 0x56, 0x00, // ...7.......7..V.
	0x05, 0x00, 0x2e, 0x01, 0x00, 0x00, 0x16, 0x38, 0x00, 0x00, 0x04, 0x01, 0x00, 0x00, 0x02, 0x01, // .......8........
	0x00, 0x00, 0x57, 0x00, 0x05, 0x00, 0x0d, 0x00, 0x00, 0x00, 0x18, 0x38, 0x00, 0x00, 0x16, 0x38, // ..W........8...8
	0x00, 0x00, 0xc5, 0x34, 0x00, 0x00, 0x51, 0x00, 0x05, 0x00, 0x07, 0x00, 0x00, 0x00, 0xfb, 0x37, // ...4..Q........7
	0x00, 0x00, 0x18, 0x38, 0x00, 0x00, 0x00, 0x00, 0x00, 0x00, 0xf9, 0x00, 0x02, 0x00, 0xfc, 0x37, // ...8...........7
	0x00, 0x00, 0xf8, 0x00, 0x02, 0x00, 0xfc, 0x37, 0x00, 0x00, 0xf5, 0x00, 0x09, 0x00, 0x07, 0x00, // .......7........
	0x00, 0x00, 0xef, 0x5e, 0x00, 0x00, 0xee, 0x37, 0x00, 0x00, 0xea, 0x37, 0x00, 0x00, 0xf6, 0x37, // ...^...7...7...7
	0x00, 0x00, 0xf2, 0x37, 0x00, 0x00, 0xfb, 0x37, 0x00, 0x00, 0xf7, 0x37, 0x00, 0x00, 0xb8, 0x00, // ...7...7...7....
	0x05, 0x00, 0x97, 0x01, 0x00, 0x00, 0xca, 0x34, 0x00, 0x00, 0xef, 0x5e, 0x00, 0x00, 0xc2, 0x34, // .......4...^...4
	0x00, 0x00, 0xf7, 0x00, 0x03, 0x00, 0xd3, 0x34, 0x00, 0x00, 0x00, 0x00, 0x00, 0x00, 0xfa, 0x00, // .......4........
	0x04, 0x00, 0xca, 0x34, 0x00, 0x00, 0xcb, 0x34, 0x00, 0x00, 0xd3, 0x34, 0x00, 0x00, 0xf8, 0x00, // ...4...4...4....
	0x02, 0x00, 0xcb, 0x34, 0x00, 0x00, 0x83, 0x00, 0x05, 0x00, 0x07, 0x00, 0x00, 0x00, 0xce, 0x34, // ...4...........4
	0x00, 0x00, 0xc2, 0x34, 0x00, 0x00, 0xef, 0x5e, 0x00, 0x00, 0x81, 0x00, 0x05, 0x00, 0x07, 0x00, // ...4...^........
	0x00, 0x00, 0xd0, 0x34, 0x00, 0x00, 0xf1, 0x5e, 0x00, 0x00, 0xce, 0x34, 0x00, 0x00, 0x81, 0x00, // ...4...^...4....
	0x05, 0x00, 0x07, 0x00, 0x00, 0x00, 0xd2, 0x34, 0x00, 0x00, 0xf3, 0x5e, 0x00, 0x00, 0xa1, 0x01, // .......4...^....
	0x00, 0x00, 0xf9, 0x00, 0x02, 0x00, 0xd3, 0x34, 0x00, 0x00, 0xf8, 0x00, 0x02, 0x00, 0xd3, 0x34, // .......4.......4
	0x00, 0x00, 0xf5, 0x00, 0x07, 0x00, 0x07, 0x00, 0x00, 0x00, 0xf5, 0x5e, 0x00, 0x00, 0xf1, 0x5e, // ...........^...^
	0x00, 0x00, 0xfc, 0x37, 0x00, 0x00, 0xd0, 0x34, 0x00, 0x00, 0xcb, 0x34, 0x00, 0x00, 0xf5, 0x00, // ...7...4...4....
	0x07, 0x00, 0x07, 0x00, 0x00, 0x00, 0xf4, 0x5e, 0x00, 0x00, 0xf3, 0x5e, 0x00, 0x00, 0xfc, 0x37, // .......^...^...7
	0x00, 0x00, 0xd2, 0x34, 0x00, 0x00, 0xcb, 0x34, 0x00, 0x00, 0xb8, 0x00, 0x05, 0x00, 0x97, 0x01, // ...4...4........
	0x00, 0x00, 0xd5, 0x34, 0x00, 0x00, 0xf4, 0x5e, 0x00, 0x00, 0x96, 0x01, 0x00, 0x00, 0xf7, 0x00, // ...4...^........
	0x03, 0x00, 0xd7, 0x34, 0x00, 0x00, 0x00, 0x00, 0x00, 0x00, 0xfa, 0x00, 0x04, 0x00, 0xd5, 0x34, // ...4...........4
	0x00, 0x00, 0xd6, 0x34, 0x00, 0x00, 0xd7, 0x34, 0x00, 0x00, 0xf8, 0x00, 0x02, 0x00, 0xd6, 0x34, // ...4...4.......4
	0x00, 0x00, 0xf9, 0x00, 0x02, 0x00, 0x18, 0x36, 0x00, 0x00, 0xf8, 0x00, 0x02, 0x00, 0xd7, 0x34, // .......6.......4
	0x00, 0x00, 0x88, 0x00, 0x05, 0x00, 0x07, 0x00, 0x00, 0x00, 0xda, 0x34, 0x00, 0x00, 0xf5, 0x5e, // ...........4...^
	0x00, 0x00, 0xf4, 0x5e, 0x00, 0x00, 0x41, 0x00, 0x06, 0x00, 0x93, 0x01, 0x00, 0x00, 0xdd, 0x34, // ...^..A........4
	0x00, 0x00, 0x91, 0x01, 0x00, 0x00, 0xcf, 0x05, 0x00, 0x00, 0xcc, 0x01, 0x00, 0x00, 0x3d, 0x00, // ..............=.
	0x04, 0x00, 0x07, 0x00, 0x00, 0x00, 0xde, 0x34, 0x00, 0x00, 0xdd, 0x34, 0x00, 0x00, 0x41, 0x00, // .......4...4..A.
	0x06, 0x00, 0x93, 0x01, 0x00, 0x00, 0xe1, 0x34, 0x00, 0x00, 0x91, 0x01, 0x00, 0x00, 0xcf, 0x05, // .......4........
	0x00, 0x00, 0xcf, 0x01, 0x00, 0x00, 0x3d, 0x00, 0x04, 0x00, 0x07, 0x00, 0x00, 0x00, 0xe2, 0x34, // ......=........4
	0x00, 0x00, 0xe1, 0x34, 0x00, 0x00, 0x41, 0x00, 0x06, 0x00, 0x93, 0x01, 0x00, 0x00, 0xe3, 0x34, // ...4..A........4
	0x00, 0x00, 0x91, 0x01, 0x00, 0x00, 0xcf, 0x05, 0x00, 0x00, 0x4f, 0x01, 0x00, 0x00, 0x3d, 0x00, // ..........O...=.
	0x04, 0x00, 0x07, 0x00, 0x00, 0x00, 0xe4, 0x34, 0x00, 0x00, 0xe3, 0x34, 0x00, 0x00, 0xa9, 0x00, // .......4...4....
	0x06, 0x00, 0x07, 0x00, 0x00, 0x00, 0xe5, 0x34, 0x00, 0x00, 0x19, 0x33, 0x00, 0x00, 0xe2, 0x34, // .......4...3...4
	0x00, 0x00, 0xe4, 0x34, 0x00, 0x00, 0xa9, 0x00, 0x06, 0x00, 0x07, 0x00, 0x00, 0x00, 0xe6, 0x34, // ...4...........4
	0x00, 0x00, 0x15, 0x33, 0x00, 0x00, 0xde, 0x34, 0x00, 0x00, 0xe5, 0x34, 0x00, 0x00, 0x41, 0x00, // ...3...4...4..A.
	0x06, 0x00, 0x93, 0x01, 0x00, 0x00, 0xe7, 0x34, 0x00, 0x00, 0x91, 0x01, 0x00, 0x00, 0xd3, 0x04, // .......4........
	0x00, 0x00, 0xcf, 0x01, 0x00, 0x00, 0x3d, 0x00, 0x04, 0x00, 0x07, 0x00, 0x00, 0x00, 0xe8, 0x34, // ......=........4
	0x00, 0x00, 0xe7, 0x34, 0x00, 0x00, 0x85, 0x00, 0x05, 0x00, 0x07, 0x00, 0x00, 0x00, 0xeb, 0x34, // ...4...........4
	0x00, 0x00, 0xda, 0x34, 0x00, 0x00, 0xe6, 0x34, 0x00, 0x00, 0x81, 0x00, 0x05, 0x00, 0x07, 0x00, // ...4...4........
	0x00, 0x00, 0xec, 0x34, 0x00, 0x00, 0xe8, 0x34, 0x00, 0x00, 0xeb, 0x34, 0x00, 0x00, 0x41, 0x00, // ...4...4...4..A.
	0x06, 0x00, 0x93, 0x01, 0x00, 0x00, 0xef, 0x34, 0x00, 0x00, 0x91, 0x01, 0x00, 0x00, 0xd3, 0x04, // .......4........
	0x00, 0x00, 0x4f, 0x01, 0x00, 0x00, 0x3d, 0x00, 0x04, 0x00, 0x07, 0x00, 0x00, 0x00, 0xf0, 0x34, // ..O...=........4
	0x00, 0x00, 0xef, 0x34, 0x00, 0x00, 0x0c, 0x00, 0x08, 0x00, 0x07, 0x00, 0x00, 0x00, 0xf1, 0x34, // ...4...........4
	0x00, 0x00, 0x01, 0x00, 0x00, 0x00, 0x2b, 0x00, 0x00, 0x00, 0xec, 0x34, 0x00, 0x00, 0xe8, 0x34, // ......+....4...4
	0x00, 0x00, 0xf0, 0x34, 0x00, 0x00, 0x85, 0x00, 0x05, 0x00, 0x07, 0x00, 0x00, 0x00, 0xf4, 0x34, // ...4...........4
	0x00, 0x00, 0xf1, 0x34, 0x00, 0x00, 0xf5, 0x33, 0x00, 0x00, 0x8e, 0x00, 0x05, 0x00, 0x0b, 0x00, // ...4...3........
	0x00, 0x00, 0x08, 0x35, 0x00, 0x00, 0x89, 0x03, 0x00, 0x00, 0xf4, 0x34, 0x00, 0x00, 0x81, 0x00, // ...5.......4....
	0x05, 0x00, 0x0b, 0x00, 0x00, 0x00, 0x0b, 0x35, 0x00, 0x00, 0x25, 0x5d, 0x00, 0x00, 0x08, 0x35, // .......5..%]...5
	0x00, 0x00, 0x94, 0x00, 0x05, 0x00, 0x07, 0x00, 0x00, 0x00, 0x0f, 0x35, 0x00, 0x00, 0xbf, 0x5e, // ...........5...^
	0x00, 0x00, 0x08, 0x35, 0x00, 0x00, 0x81, 0x00, 0x05, 0x00, 0x07, 0x00, 0x00, 0x00, 0x10, 0x35, // ...5...........5
	0x00, 0x00, 0xfe, 0x33, 0x00, 0x00, 0x0f, 0x35, 0x00, 0x00, 0x50, 0x00, 0x05, 0x00, 0x0b, 0x00, // ...3...5..P.....
	0x00, 0x00, 0x3f, 0x38, 0x00, 0x00, 0xf5, 0x33, 0x00, 0x00, 0xf5, 0x33, 0x00, 0x00, 0x88, 0x00, // ..?8...3...3....
	0x05, 0x00, 0x0b, 0x00, 0x00, 0x00, 0x40, 0x38, 0x00, 0x00, 0x0b, 0x35, 0x00, 0x00, 0x3f, 0x38, // ......@8...5..?8
	0x00, 0x00, 0x83, 0x00, 0x05, 0x00, 0x0b, 0x00, 0x00, 0x00, 0x42, 0x38, 0x00, 0x00, 0x40, 0x38, // ..........B8..@8
	0x00, 0x00, 0xa4, 0x5d, 0x00, 0x00, 0x0c, 0x00, 0x06, 0x00, 0x0b, 0x00, 0x00, 0x00, 0x44, 0x38, // ...]..........D8
	0x00, 0x00, 0x01, 0x00, 0x00, 0x00, 0x08, 0x00, 0x00, 0x00, 0x42, 0x38, 0x00, 0x00, 0x83, 0x00, // ..........B8....
	0x05, 0x00, 0x0b, 0x00, 0x00, 0x00, 0x47, 0x38, 0x00, 0x00, 0x42, 0x38, 0x00, 0x00, 0x44, 0x38, // ......G8..B8..D8
	0x00, 0x00, 0x81, 0x00, 0x05, 0x00, 0x0b, 0x00, 0x00, 0x00, 0x4a, 0x38, 0x00, 0x00, 0x44, 0x38, // ..........J8..D8
	0x00, 0x00, 0xa4, 0x5d, 0x00, 0x00, 0x8e, 0x00, 0x05, 0x00, 0x0b, 0x00, 0x00, 0x00, 0x4c, 0x38, // ...]..........L8
	0x00, 0x00, 0x4a, 0x38, 0x00, 0x00, 0xf5, 0x33, 0x00, 0x00, 0x50, 0x00, 0x05, 0x00, 0x0b, 0x00, // ..J8...3..P.....
	0x00, 0x00, 0x50, 0x38, 0x00, 0x00, 0xf5, 0x33, 0x00, 0x00, 0x73, 0x01, 0x00, 0x00, 0x81, 0x00, // ..P8...3..s.....
	0x05, 0x00, 0x0b, 0x00, 0x00, 0x00, 0x51, 0x38, 0x00, 0x00, 0x4c, 0x38, 0x00, 0x00, 0x50, 0x38, // ......Q8..L8..P8
	0x00, 0x00, 0x50, 0x00, 0x05, 0x00, 0x0b, 0x00, 0x00, 0x00, 0x54, 0x38, 0x00, 0x00, 0x73, 0x01, // ..P.......T8..s.
	0x00, 0x00, 0xf5, 0x33, 0x00, 0x00, 0x81, 0x00, 0x05, 0x00, 0x0b, 0x00, 0x00, 0x00, 0x55, 0x38, // ...3..........U8
	0x00, 0x00, 0x4c, 0x38, 0x00, 0x00, 0x54, 0x38, 0x00, 0x00, 0x81, 0x00, 0x05, 0x00, 0x0b, 0x00, // ..L8..T8........
	0x00, 0x00, 0x59, 0x38, 0x00, 0x00, 0x4c, 0x38, 0x00, 0x00, 0x3f, 0x38, 0x00, 0x00, 0x83, 0x00, // ..Y8..L8..?8....
	0x05, 0x00, 0x0b, 0x00, 0x00, 0x00, 0x5e, 0x38, 0x00, 0x00, 0x4c, 0x38, 0x00, 0x00, 0x0b, 0x35, // ......^8..L8...5
	0x00, 0x00, 0x94, 0x00, 0x05, 0x00, 0x07, 0x00, 0x00, 0x00, 0x5f, 0x38, 0x00, 0x00, 0xbf, 0x5e, // .........._8...^
	0x00, 0x00, 0x5e, 0x38, 0x00, 0x00, 0x81, 0x00, 0x05, 0x00, 0x07, 0x00, 0x00, 0x00, 0x60, 0x38, // ..^8..........`8
	0x00, 0x00, 0x10, 0x35, 0x00, 0x00, 0x5f, 0x38, 0x00, 0x00, 0x83, 0x00, 0x05, 0x00, 0x0b, 0x00, // ...5.._8........
	0x00, 0x00, 0x65, 0x38, 0x00, 0x00, 0x51, 0x38, 0x00, 0x00, 0x0b, 0x35, 0x00, 0x00, 0x94, 0x00, // ..e8..Q8...5....
	0x05, 0x00, 0x07, 0x00, 0x00, 0x00, 0x66, 0x38, 0x00, 0x00, 0xbf, 0x5e, 0x00, 0x00, 0x65, 0x38, // ......f8...^..e8
	0x00, 0x00, 0x81, 0x00, 0x05, 0x00, 0x07, 0x00, 0x00, 0x00, 0x67, 0x38, 0x00, 0x00, 0x10, 0x35, // ..........g8...5
	0x00, 0x00, 0x66, 0x38, 0x00, 0x00, 0x83, 0x00, 0x05, 0x00, 0x0b, 0x00, 0x00, 0x00, 0x6c, 0x38, // ..f8..........l8
	0x00, 0x00, 0x55, 0x38, 0x00, 0x00, 0x0b, 0x35, 0x00, 0x00, 0x94, 0x00, 0x05, 0x00, 0x07, 0x00, // ..U8...5........
	0x00, 0x00, 0x6d, 0x38, 0x00, 0x00, 0xbf, 0x5e, 0x00, 0x00, 0x6c, 0x38, 0x00, 0x00, 0x81, 0x00, // ..m8...^..l8....
	0x05, 0x00, 0x07, 0x00, 0x00, 0x00, 0x6e, 0x38, 0x00, 0x00, 0x10, 0x35, 0x00, 0x00, 0x6d, 0x38, // ......n8...5..m8
	0x00, 0x00, 0x83, 0x00, 0x05, 0x00, 0x0b, 0x00, 0x00, 0x00, 0x73, 0x38, 0x00, 0x00, 0x59, 0x38, // ..........s8..Y8
	0x00, 0x00, 0x0b, 0x35, 0x00, 0x00, 0x94, 0x00, 0x05, 0x00, 0x07, 0x00, 0x00, 0x00, 0x74, 0x38, // ...5..........t8
	0x00, 0x00, 0xbf, 0x5e, 0x00, 0x00, 0x73, 0x38, 0x00, 0x00, 0x81, 0x00, 0x05, 0x00, 0x07, 0x00, // ...^..s8........
	0x00, 0x00, 0x75, 0x38, 0x00, 0x00, 0x10, 0x35, 0x00, 0x00, 0x74, 0x38, 0x00, 0x00, 0xf7, 0x00, // ..u8...5..t8....
	0x03, 0x00, 0xba, 0x38, 0x00, 0x00, 0x00, 0x00, 0x00, 0x00, 0xfb, 0x00, 0x03, 0x00, 0xcc, 0x01, // ...8............
	0x00, 0x00, 0xa5, 0x38, 0x00, 0x00, 0xf8, 0x00, 0x02, 0x00, 0xa5, 0x38, 0x00, 0x00, 0xf7, 0x00, // ...8.......8....
	0x03, 0x00, 0xad, 0x38, 0x00, 0x00, 0x00, 0x00, 0x00, 0x00, 0xfa, 0x00, 0x04, 0x00, 0x15, 0x33, // ...8...........3
	0x00, 0x00, 0xa8, 0x38, 0x00, 0x00, 0xad, 0x38, 0x00, 0x00, 0xf8, 0x00, 0x02, 0x00, 0xa8, 0x38, // ...8...8.......8
	0x00, 0x00, 0x56, 0x00, 0x05, 0x00, 0x2e, 0x01, 0x00, 0x00, 0xc2, 0x38, 0x00, 0x00, 0xf8, 0x00, // ..V........8....
	0x00, 0x00, 0xf6, 0x00, 0x00, 0x00, 0x57, 0x00, 0x05, 0x00, 0x0d, 0x00, 0x00, 0x00, 0xc4, 0x38, // ......W........8
	0x00, 0x00, 0xc2, 0x38, 0x00, 0x00, 0x4c, 0x38, 0x00, 0x00, 0x51, 0x00, 0x05, 0x00, 0x07, 0x00, // ...8..L8..Q.....
	0x00, 0x00, 0xac, 0x38, 0x00, 0x00, 0xc4, 0x38, 0x00, 0x00, 0x00, 0x00, 0x00, 0x00, 0xf9, 0x00, // ...8...8........
	0x02, 0x00, 0xba, 0x38, 0x00, 0x00, 0xf8, 0x00, 0x02, 0x00, 0xad, 0x38, 0x00, 0x00, 0xf7, 0x00, // ...8.......8....
	0x03, 0x00, 0xb5, 0x38, 0x00, 0x00, 0x00, 0x00, 0x00, 0x00, 0xfa, 0x00, 0x04, 0x00, 0x19, 0x33, // ...8...........3
	0x00, 0x00, 0xb0, 0x38, 0x00, 0x00, 0xb5, 0x38, 0x00, 0x00, 0xf8, 0x00, 0x02, 0x00, 0xb0, 0x38, // ...8...8.......8
	0x00, 0x00, 0x56, 0x00, 0x05, 0x00, 0x2e, 0x01, 0x00, 0x00, 0xcb, 0x38, 0x00, 0x00, 0xfe, 0x00, // ..V........8....
	0x00, 0x00, 0xfc, 0x00, 0x00, 0x00, 0x57, 0x00, 0x05, 0x00, 0x0d, 0x00, 0x00, 0x00, 0xcd, 0x38, // ......W........8
	0x00, 0x00, 0xcb, 0x38, 0x00, 0x00, 0x4c, 0x38, 0x00, 0x00, 0x51, 0x00, 0x05, 0x00, 0x07, 0x00, // ...8..L8..Q.....
	0x00, 0x00, 0xb4, 0x38, 0x00, 0x00, 0xcd, 0x38, 0x00, 0x00, 0x00, 0x00, 0x00, 0x00, 0xf9, 0x00, // ...8...8........
	0x02, 0x00, 0xba, 0x38, 0x00, 0x00, 0xf8, 0x00, 0x02, 0x00, 0xb5, 0x38, 0x00, 0x00, 0x56, 0x00, // ...8.......8..V.
	0x05, 0x00, 0x2e, 0x01, 0x00, 0x00, 0xd4, 0x38, 0x00, 0x00, 0x04, 0x01, 0x00, 0x00, 0x02, 0x01, // .......8........
	0x00, 0x00, 0x57, 0x00, 0x05, 0x00, 0x0d, 0x00, 0x00, 0x00, 0xd6, 0x38, 0x00, 0x00, 0xd4, 0x38, // ..W........8...8
	0x00, 0x00, 0x4c, 0x38, 0x00, 0x00, 0x51, 0x00, 0x05, 0x00, 0x07, 0x00, 0x00, 0x00, 0xb9, 0x38, // ..L8..Q........8
	0x00, 0x00, 0xd6, 0x38, 0x00, 0x00, 0x00, 0x00, 0x00, 0x00, 0xf9, 0x00, 0x02, 0x00, 0xba, 0x38, // ...8...........8
	0x00, 0x00, 0xf8, 0x00, 0x02, 0x00, 0xba, 0x38, 0x00, 0x00, 0xf5, 0x00, 0x09, 0x00, 0x07, 0x00, // .......8........
	0x00, 0x00, 0xf8, 0x5e, 0x00, 0x00, 0xac, 0x38, 0x00, 0x00, 0xa8, 0x38, 0x00, 0x00, 0xb4, 0x38, // ...^...8...8...8
	0x00, 0x00, 0xb0, 0x38, 0x00, 0x00, 0xb9, 0x38, 0x00, 0x00, 0xb5, 0x38, 0x00, 0x00, 0xbe, 0x00, // ...8...8...8....
	0x05, 0x00, 0x97, 0x01, 0x00, 0x00, 0x7a, 0x38, 0x00, 0x00, 0xf8, 0x5e, 0x00, 0x00, 0x60, 0x38, // ......z8...^..`8
	0x00, 0x00, 0xa9, 0x00, 0x06, 0x00, 0x07, 0x00, 0x00, 0x00, 0x7b, 0x38, 0x00, 0x00, 0x7a, 0x38, // ..........{8..z8
	0x00, 0x00, 0xa1, 0x01, 0x00, 0x00, 0x73, 0x01, 0x00, 0x00, 0xf7, 0x00, 0x03, 0x00, 0xf6, 0x38, // ......s........8
	0x00, 0x00, 0x00, 0x00, 0x00, 0x00, 0xfb, 0x00, 0x03, 0x00, 0xcc, 0x01, 0x00, 0x00, 0xe1, 0x38, // ...............8
	0x00, 0x00, 0xf8, 0x00, 0x02, 0x00, 0xe1, 0x38, 0x00, 0x00, 0xf7, 0x00, 0x03, 0x00, 0xe9, 0x38, // .......8.......8
	0x00, 0x00, 0x00, 0x00, 0x00, 0x00, 0xfa, 0x00, 0x04, 0x00, 0x15, 0x33, 0x00, 0x00, 0xe4, 0x38, // ...........3...8
	0x00, 0x00, 0xe9, 0x38, 0x00, 0x00, 0xf8, 0x00, 0x02, 0x00, 0xe4, 0x38, 0x00, 0x00, 0x56, 0x00, // ...8.......8..V.
	0x05, 0x00, 0x2e, 0x01, 0x00, 0x00, 0xfe, 0x38, 0x00, 0x00, 0xf8, 0x00, 0x00, 0x00, 0xf6, 0x00, // .......8........
	0x00, 0x00, 0x57, 0x00, 0x05, 0x00, 0x0d, 0x00, 0x00, 0x00, 0x00, 0x39, 0x00, 0x00, 0xfe, 0x38, // ..W........9...8
	0x00, 0x00, 0x51, 0x38, 0x00, 0x00, 0x51, 0x00, 0x05, 0x00, 0x07, 0x00, 0x00, 0x00, 0xe8, 0x38, // ..Q8..Q........8
	0x00, 0x00, 0x00, 0x39, 0x00, 0x00, 0x00, 0x00, 0x00, 0x00, 0xf9, 0x00, 0x02, 0x00, 0xf6, 0x38, // ...9...........8
	0x00, 0x00, 0xf8, 0x00, 0x02, 0x00, 0xe9, 0x38, 0x00, 0x00, 0xf7, 0x00, 0x03, 0x00, 0xf1, 0x38, // .......8.......8
	0x00, 0x00, 0x00, 0x00, 0x00, 0x00, 0xfa, 0x00, 0x04, 0x00, 0x19, 0x33, 0x00, 0x00, 0xec, 0x38, // ...........3...8
	0x00, 0x00, 0xf1, 0x38, 0x00, 0x00, 0xf8, 0x00, 0x02, 0x00, 0xec, 0x38, 0x00, 0x00, 0x56, 0x00, // ...8.......8..V.
	0x05, 0x00, 0x2e, 0x01, 0x00, 0x00, 0x07, 0x39, 0x00, 0x00, 0xfe, 0x00, 0x00, 0x00, 0xfc, 0x00, // .......9........
	0x00, 0x00, 0x57, 0x00, 0x05, 0x00, 0x0d, 0x00, 0x00, 0x00, 0x09, 0x39, 0x00, 0x00, 0x07, 0x39, // ..W........9...9
	0x00, 0x00, 0x51, 0x38, 0x00, 0x00, 0x51, 0x00, 0x05, 0x00, 0x07, 0x00, 0x00, 0x00, 0xf0, 0x38, // ..Q8..Q........8
	0x00, 0x00, 0x09, 0x39, 0x00, 0x00, 0x00, 0x00, 0x00, 0x00, 0xf9, 0x00, 0x02, 0x00, 0xf6, 0x38, // ...9...........8
	0x00, 0x00, 0xf8, 0x00, 0x02, 0x00, 0xf1, 0x38, 0x00, 0x00, 0x56, 0x00, 0x05, 0x00, 0x2e, 0x01, // .......8..V.....
	0x00, 0x00, 0x10, 0x39, 0x00, 0x00, 0x04, 0x01, 0x00, 0x00, 0x02, 0x01, 0x00, 0x00, 0x57, 0x00, // ...9..........W.
	0x05, 0x00, 0x0d, 0x00, 0x00, 0x00, 0x12, 0x39, 0x00, 0x00, 0x10, 0x39, 0x00, 0x00, 0x51, 0x38, // .......9...9..Q8
	0x00, 0x00, 0x51, 0x00, 0x05, 0x00, 0x07, 0x00, 0x00, 0x00, 0xf5, 0x38, 0x00, 0x00, 0x12, 0x39, // ..Q........8...9
	0x00, 0x00, 0x00, 0x00, 0x00, 0x00, 0xf9, 0x00, 0x02, 0x00, 0xf6, 0x38, 0x00, 0x00, 0xf8, 0x00, // ...........8....
	0x02, 0x00, 0xf6, 0x38, 0x00, 0x00, 0xf5, 0x00, 0x09, 0x00, 0x07, 0x00, 0x00, 0x00, 0xf9, 0x5e, // ...8...........^
	0x00, 0x00, 0xe8, 0x38, 0x00, 0x00, 0xe4, 0x38, 0x00, 0x00, 0xf0, 0x38, 0x00, 0x00, 0xec, 0x38, // ...8...8...8...8
	0x00, 0x00, 0xf5, 0x38, 0x00, 0x00, 0xf1, 0x38, 0x00, 0x00, 0xbe, 0x00, 0x05, 0x00, 0x97, 0x01, // ...8...8........
	0x00, 0x00, 0x80, 0x38, 0x00, 0x00, 0xf9, 0x5e, 0x00, 0x00, 0x67, 0x38, 0x00, 0x00, 0xa9, 0x00, // ...8...^..g8....
	0x06, 0x00, 0x07, 0x00, 0x00, 0x00, 0x81, 0x38, 0x00, 0x00, 0x80, 0x38, 0x00, 0x00, 0xa1, 0x01, // .......8...8....
	0x00, 0x00, 0x73, 0x01, 0x00, 0x00, 0xf7, 0x00, 0x03, 0x00, 0x32, 0x39, 0x00, 0x00, 0x00, 0x00, // ..s.......29....
	0x00, 0x00, 0xfb, 0x00, 0x03, 0x00, 0xcc, 0x01, 0x00, 0x00, 0x1d, 0x39, 0x00, 0x00, 0xf8, 0x00, // ...........9....
	0x02, 0x00, 0x1d, 0x39, 0x00, 0x00, 0xf7, 0x00, 0x03, 0x00, 0x25, 0x39, 0x00, 0x00, 0x00, 0x00, // ...9......%9....
	0x00, 0x00, 0xfa, 0x00, 0x04, 0x00, 0x15, 0x33, 0x00, 0x00, 0x20, 0x39, 0x00, 0x00, 0x25, 0x39, // .......3.. 9..%9
	0x00, 0x00, 0xf8, 0x00, 0x02, 0x00, 0x20, 0x39, 0x00, 0x00, 0x56, 0x00, 0x05, 0x00, 0x2e, 0x01, // ...... 9..V.....
	0x00, 0x00, 0x3a, 0x39, 0x00, 0x00, 0xf8, 0x00, 0x00, 0x00, 0xf6, 0x00, 0x00, 0x00, 0x57, 0x00, // ..:9..........W.
	0x05, 0x00, 0x0d, 0x00, 0x00, 0x00, 0x3c, 0x39, 0x00, 0x00, 0x3a, 0x39, 0x00, 0x00, 0x55, 0x38, // ......<9..:9..U8
	0x00, 0x00, 0x51, 0x00, 0x05, 0x00, 0x07, 0x00, 0x00, 0x00, 0x24, 0x39, 0x00, 0x00, 0x3c, 0x39, // ..Q.......$9..<9
	0x00, 0x00, 0x00, 0x00, 0x00, 0x00, 0xf9, 0x00, 0x02, 0x00, 0x32, 0x39, 0x00, 0x00, 0xf8, 0x00, // ..........29....
	0x02, 0x00, 0x25, 0x39, 0x00, 0x00, 0xf7, 0x00, 0x03, 0x00, 0x2d, 0x39, 0x00, 0x00, 0x00, 0x00, // ..%9......-9....
	0x00, 0x00, 0xfa, 0x00, 0x04, 0x00, 0x19, 0x33, 0x00, 0x00, 0x28, 0x39, 0x00, 0x00, 0x2d, 0x39, // .......3..(9..-9
	0x00, 0x00, 0xf8, 0x00, 0x02, 0x00, 0x28, 0x39, 0x00, 0x00, 0x56, 0x00, 0x05, 0x00, 0x2e, 0x01, // ......(9..V.....
	0x00, 0x00, 0x43, 0x39, 0x00, 0x00, 0xfe, 0x00, 0x00, 0x00, 0xfc, 0x00, 0x00, 0x00, 0x57, 0x00, // ..C9..........W.
	0x05, 0x00, 0x0d, 0x00, 0x00, 0x00, 0x45, 0x39, 0x00, 0x00, 0x43, 0x39, 0x00, 0x00, 0x55, 0x38, // ......E9..C9..U8
	0x00, 0x00, 0x51, 0x00, 0x05, 0x00, 0x07, 0x00, 0x00, 0x00, 0x2c, 0x39, 0x00, 0x00, 0x45, 0x39, // ..Q.......,9..E9
	0x00, 0x00, 0x00, 0x00, 0x00, 0x00, 0xf9, 0x00, 0x02, 0x00, 0x32, 0x39, 0x00, 0x00, 0xf8, 0x00, // ..........29....
	0x02, 0x00, 0x2d, 0x39, 0x00, 0x00, 0x56, 0x00, 0x05, 0x00, 0x2e, 0x01, 0x00, 0x00, 0x4c, 0x39, // ..-9..V.......L9
	0x00, 0x00, 0x04, 0x01, 0x00, 0x00, 0x02, 0x01, 0x00, 0x00, 0x57, 0x00, 0x05, 0x00, 0x0d, 0x00, // ..........W.....
	0x00, 0x00, 0x4e, 0x39, 0x00, 0x00, 0x4c, 0x39, 0x00, 0x00, 0x55, 0x38, 0x00, 0x00, 0x51, 0x00, // ..N9..L9..U8..Q.
	0x05, 0x00, 0x07, 0x00, 0x00, 0x00, 0x31, 0x39, 0x00, 0x00, 0x4e, 0x39, 0x00, 0x00, 0x00, 0x00, // ......19..N9....
	0x00, 0x00, 0xf9, 0x00, 0x02, 0x00, 0x32, 0x39, 0x00, 0x00, 0xf8, 0x00, 0x02, 0x00, 0x32, 0x39, // ......29......29
	0x00, 0x00, 0xf5, 0x00, 0x09, 0x00, 0x07, 0x00, 0x00, 0x00, 0xfa, 0x5e, 0x00, 0x00, 0x24, 0x39, // ...........^..$9
	0x00, 0x00, 0x20, 0x39, 0x00, 0x00, 0x2c, 0x39, 0x00, 0x00, 0x28, 0x39, 0x00, 0x00, 0x31, 0x39, // .. 9..,9..(9..19
	0x00, 0x00, 0x2d, 0x39, 0x00, 0x00, 0xbe, 0x00, 0x05, 0x00, 0x97, 0x01, 0x00, 0x00, 0x86, 0x38, // ..-9...........8
	0x00, 0x00, 0xfa, 0x5e, 0x00, 0x00, 0x6e, 0x38, 0x00, 0x00, 0xa9, 0x00, 0x06, 0x00, 0x07, 0x00, // ...^..n8........
	0x00, 0x00, 0x87, 0x38, 0x00, 0x00, 0x86, 0x38, 0x00, 0x00, 0xa1, 0x01, 0x00, 0x00, 0x73, 0x01, // ...8...8......s.
	0x00, 0x00, 0xf7, 0x00, 0x03, 0x00, 0x6e, 0x39, 0x00, 0x00, 0x00, 0x00, 0x00, 0x00, 0xfb, 0x00, // ......n9........
	0x03, 0x00, 0xcc, 0x01, 0x00, 0x00, 0x59, 0x39, 0x00, 0x00, 0xf8, 0x00, 0x02, 0x00, 0x59, 0x39, // ......Y9......Y9
	0x00, 0x00, 0xf7, 0x00, 0x03, 0x00, 0x61, 0x39, 0x00, 0x00, 0x00, 0x00, 0x00, 0x00, 0xfa, 0x00, // ......a9........
	0x04, 0x00, 0x15, 0x33, 0x00, 0x00, 0x5c, 0x39, 0x00, 0x00, 0x61, 0x39, 0x00, 0x00, 0xf8, 0x00, // ...3...9..a9....
	0x02, 0x00, 0x5c, 0x39, 0x00, 0x00, 0x56, 0x00, 0x05, 0x00, 0x2e, 0x01, 0x00, 0x00, 0x76, 0x39, // ...9..V.......v9
	0x00, 0x00, 0xf8, 0x00, 0x00, 0x00, 0xf6, 0x00, 0x00, 0x00, 0x57, 0x00, 0x05, 0x00, 0x0d, 0x00, // ..........W.....
	0x00, 0x00, 0x78, 0x39, 0x00, 0x00, 0x76, 0x39, 0x00, 0x00, 0x59, 0x38, 0x00, 0x00, 0x51, 0x00, // ..x9..v9..Y8..Q.
	0x05, 0x00, 0x07, 0x00, 0x00, 0x00, 0x60, 0x39, 0x00, 0x00, 0x78, 0x39, 0x00, 0x00, 0x00, 0x00, // ......`9..x9....
	0x00, 0x00, 0xf9, 0x00, 0x02, 0x00, 0x6e, 0x39, 0x00, 0x00, 0xf8, 0x00, 0x02, 0x00, 0x61, 0x39, // ......n9......a9
	0x00, 0x00, 0xf7, 0x00, 0x03, 0x00, 0x69, 0x39, 0x00, 0x00, 0x00, 0x00, 0x00, 0x00, 0xfa, 0x00, // ......i9........
	0x04, 0x00, 0x19, 0x33, 0x00, 0x00, 0x64, 0x39, 0x00, 0x00, 0x69, 0x39, 0x00, 0x00, 0xf8, 0x00, // ...3..d9..i9....
	0x02, 0x00, 0x64, 0x39, 0x00, 0x00, 0x56, 0x00, 0x05, 0x00, 0x2e, 0x01, 0x00, 0x00, 0x7f, 0x39, // ..d9..V........9
	0x00, 0x00, 0xfe, 0x00, 0x00, 0x00, 0xfc, 0x00, 0x00, 0x00, 0x57, 0x00, 0x05, 0x00, 0x0d, 0x00, // ..........W.....
	0x00, 0x00, 0x81, 0x39, 0x00, 0x00, 0x7f, 0x39, 0x00, 0x00, 0x59, 0x38, 0x00, 0x00, 0x51, 0x00, // ...9...9..Y8..Q.
	0x05, 0x00, 0x07, 0x00, 0x00, 0x00, 0x68, 0x39, 0x00, 0x00, 0x81, 0x39, 0x00, 0x00, 0x00, 0x00, // ......h9...9....
	0x00, 0x00, 0xf9, 0x00, 0x02, 0x00, 0x6e, 0x39, 0x00, 0x00, 0xf8, 0x00, 0x02, 0x00, 0x69, 0x39, // ......n9......i9
	0x00, 0x00, 0x56, 0x00, 0x05, 0x00, 0x2e, 0x01, 0x00, 0x00, 0x88, 0x39, 0x00, 0x00, 0x04, 0x01, // ..V........9....
	0x00, 0x00, 0x02, 0x01, 0x00, 0x00, 0x57, 0x00, 0x05, 0x00, 0x0d, 0x00, 0x00, 0x00, 0x8a, 0x39, // ......W........9
	0x00, 0x00, 0x88, 0x39, 0x00, 0x00, 0x59, 0x38, 0x00, 0x00, 0x51, 0x00, 0x05, 0x00, 0x07, 0x00, // ...9..Y8..Q.....
	0x00, 0x00, 0x6d, 0x39, 0x00, 0x00, 0x8a, 0x39, 0x00, 0x00, 0x00, 0x00, 0x00, 0x00, 0xf9, 0x00, // ..m9...9........
	0x02, 0x00, 0x6e, 0x39, 0x00, 0x00, 0xf8, 0x00, 0x02, 0x00, 0x6e, 0x39, 0x00, 0x00, 0xf5, 0x00, // ..n9......n9....
	0x09, 0x00, 0x07, 0x00, 0x00, 0x00, 0xfb, 0x5e, 0x00, 0x00, 0x60, 0x39, 0x00, 0x00, 0x5c, 0x39, // .......^..`9...9
	0x00, 0x00, 0x68, 0x39, 0x00, 0x00, 0x64, 0x39, 0x00, 0x00, 0x6d, 0x39, 0x00, 0x00, 0x69, 0x39, // ..h9..d9..m9..i9
	0x00, 0x00, 0xbe, 0x00, 0x05, 0x00, 0x97, 0x01, 0x00, 0x00, 0x8c, 0x38, 0x00, 0x00, 0xfb, 0x5e, // ...........8...^
	0x00, 0x00, 0x75, 0x38, 0x00, 0x00, 0xa9, 0x00, 0x06, 0x00, 0x07, 0x00, 0x00, 0x00, 0x8d, 0x38, // ..u8...........8
	0x00, 0x00, 0x8c, 0x38, 0x00, 0x00, 0xa1, 0x01, 0x00, 0x00, 0x73, 0x01, 0x00, 0x00, 0x51, 0x00, // ...8......s...Q.
	0x05, 0x00, 0x07, 0x00, 0x00, 0x00, 0x91, 0x38, 0x00, 0x00, 0x47, 0x38, 0x00, 0x00, 0x00, 0x00, // .......8..G8....
	0x00, 0x00, 0x0c, 0x00, 0x08, 0x00, 0x07, 0x00, 0x00, 0x00, 0x90, 0x39, 0x00, 0x00, 0x01, 0x00, // ...........9....
	0x00, 0x00, 0x2e, 0x00, 0x00, 0x00, 0x7b, 0x38, 0x00, 0x00, 0x81, 0x38, 0x00, 0x00, 0x91, 0x38, // ......{8...8...8
	0x00, 0x00, 0x0c, 0x00, 0x08, 0x00, 0x07, 0x00, 0x00, 0x00, 0x96, 0x39, 0x00, 0x00, 0x01, 0x00, // ...........9....
	0x00, 0x00, 0x2e, 0x00, 0x00, 0x00, 0x87, 0x38, 0x00, 0x00, 0x8d, 0x38, 0x00, 0x00, 0x91, 0x38, // .......8...8...8
	0x00, 0x00, 0x51, 0x00, 0x05, 0x00, 0x07, 0x00, 0x00, 0x00, 0x99, 0x38, 0x00, 0x00, 0x47, 0x38, // ..Q........8..G8
	0x00, 0x00, 0x01, 0x00, 0x00, 0x00, 0x0c, 0x00, 0x08, 0x00, 0x07, 0x00, 0x00, 0x00, 0x9c, 0x39, // ...............9
	0x00, 0x00, 0x01, 0x00, 0x00, 0x00, 0x2e, 0x00, 0x00, 0x00, 0x90, 0x39, 0x00, 0x00, 0x96, 0x39, // ...........9...9
	0x00, 0x00, 0x99, 0x38, 0x00, 0x00, 0x8e, 0x00, 0x05, 0x00, 0x0b, 0x00, 0x00, 0x00, 0x19, 0x35, // ...8...........5
	0x00, 0x00, 0x8b, 0x03, 0x00, 0x00, 0xf4, 0x34, 0x00, 0x00, 0x81, 0x00, 0x05, 0x00, 0x0b, 0x00, // .......4........
	0x00, 0x00, 0x1c, 0x35, 0x00, 0x00, 0x25, 0x5d, 0x00, 0x00, 0x19, 0x35, 0x00, 0x00, 0x94, 0x00, // ...5..%]...5....
	0x05, 0x00, 0x07, 0x00, 0x00, 0x00, 0x20, 0x35, 0x00, 0x00, 0xbf, 0x5e, 0x00, 0x00, 0x19, 0x35, // ...... 5...^...5
	0x00, 0x00, 0x81, 0x00, 0x05, 0x00, 0x07, 0x00, 0x00, 0x00, 0x21, 0x35, 0x00, 0x00, 0xfe, 0x33, // ..........!5...3
	0x00, 0x00, 0x20, 0x35, 0x00, 0x00, 0x88, 0x00, 0x05, 0x00, 0x0b, 0x00, 0x00, 0x00, 0xc3, 0x39, // .. 5...........9
	0x00, 0x00, 0x1c, 0x35, 0x00, 0x00, 0x3f, 0x38, 0x00, 0x00, 0x83, 0x00, 0x05, 0x00, 0x0b, 0x00, // ...5..?8........
	0x00, 0x00, 0xc5, 0x39, 0x00, 0x00, 0xc3, 0x39, 0x00, 0x00, 0xa4, 0x5d, 0x00, 0x00, 0x0c, 0x00, // ...9...9...]....
	0x06, 0x00, 0x0b, 0x00, 0x00, 0x00, 0xc7, 0x39, 0x00, 0x00, 0x01, 0x00, 0x00, 0x00, 0x08, 0x00, // .......9........
	0x00, 0x00, 0xc5, 0x39, 0x00, 0x00, 0x83, 0x00, 0x05, 0x00, 0x0b, 0x00, 0x00, 0x00, 0xca, 0x39, // ...9...........9
	0x00, 0x00, 0xc5, 0x39, 0x00, 0x00, 0xc7, 0x39, 0x00, 0x00, 0x81, 0x00, 0x05, 0x00, 0x0b, 0x00, // ...9...9........
	0x00, 0x00, 0xcd, 0x39, 0x00, 0x00, 0xc7, 0x39, 0x00, 0x00, 0xa4, 0x5d, 0x00, 0x00, 0x8e, 0x00, // ...9...9...]....
	0x05, 0x00, 0x0b, 0x00, 0x00, 0x00, 0xcf, 0x39, 0x00, 0x00, 0xcd, 0x39, 0x00, 0x00, 0xf5, 0x33, // .......9...9...3
	0x00, 0x00, 0x81, 0x00, 0x05, 0x00, 0x0b, 0x00, 0x00, 0x00, 0xd4, 0x39, 0x00, 0x00, 0xcf, 0x39, // ...........9...9
	0x00, 0x00, 0x50, 0x38, 0x00, 0x00, 0x81, 0x00, 0x05, 0x00, 0x0b, 0x00, 0x00, 0x00, 0xd8, 0x39, // ..P8...........9
	0x00, 0x00, 0xcf, 0x39, 0x00, 0x00, 0x54, 0x38, 0x00, 0x00, 0x81, 0x00, 0x05, 0x00, 0x0b, 0x00, // ...9..T8........
	0x00, 0x00, 0xdc, 0x39, 0x00, 0x00, 0xcf, 0x39, 0x00, 0x00, 0x3f, 0x38, 0x00, 0x00, 0x83, 0x00, // ...9...9..?8....
	0x05, 0x00, 0x0b, 0x00, 0x00, 0x00, 0xe1, 0x39, 0x00, 0x00, 0xcf, 0x39, 0x00, 0x00, 0x1c, 0x35, // .......9...9...5
	0x00, 0x00, 0x94, 0x00, 0x05, 0x00, 0x07, 0x00, 0x00, 0x00, 0xe2, 0x39, 0x00, 0x00, 0xbf, 0x5e, // ...........9...^
	0x00, 0x00, 0xe1, 0x39, 0x00, 0x00, 0x81, 0x00, 0x05, 0x00, 0x07, 0x00, 0x00, 0x00, 0xe3, 0x39, // ...9...........9
	0x00, 0x00, 0x21, 0x35, 0x00, 0x00, 0xe2, 0x39, 0x00, 0x00, 0x83, 0x00, 0x05, 0x00, 0x0b, 0x00, // ..!5...9........
	0x00, 0x00, 0xe8, 0x39, 0x00, 0x00, 0xd4, 0x39, 0x00, 0x00, 0x1c, 0x35, 0x00, 0x00, 0x94, 0x00, // ...9...9...5....
	0x05, 0x00, 0x07, 0x00, 0x00, 0x00, 0xe9, 0x39, 0x00, 0x00, 0xbf, 0x5e, 0x00, 0x00, 0xe8, 0x39, // .......9...^...9
	0x00, 0x00, 0x81, 0x00, 0x05, 0x00, 0x07, 0x00, 0x00, 0x00, 0xea, 0x39, 0x00, 0x00, 0x21, 0x35, // ...........9..!5
	0x00, 0x00, 0xe9, 0x39, 0x00, 0x00, 0x83, 0x00, 0x05, 0x00, 0x0b, 0x00, 0x00, 0x00, 0xef, 0x39, // ...9...........9
	0x00, 0x00, 0xd8, 0x39, 0x00, 0x00, 0x1c, 0x35, 0x00, 0x00, 0x94, 0x00, 0x05, 0x00, 0x07, 0x00, // ...9...5........
	0x00, 0x00, 0xf0, 0x39, 0x00, 0x00, 0xbf, 0x5e, 0x00, 0x00, 0xef, 0x39, 0x00, 0x00, 0x81, 0x00, // ...9...^...9....
	0x05, 0x00, 0x07, 0x00, 0x00, 0x00, 0xf1, 0x39, 0x00, 0x00, 0x21, 0x35, 0x00, 0x00, 0xf0, 0x39, // .......9..!5...9
	0x00, 0x00, 0x83, 0x00, 0x05, 0x00, 0x0b, 0x00, 0x00, 0x00, 0xf6, 0x39, 0x00, 0x00, 0xdc, 0x39, // ...........9...9
	0x00, 0x00, 0x1c, 0x35, 0x00, 0x00, 0x94, 0x00, 0x05, 0x00, 0x07, 0x00, 0x00, 0x00, 0xf7, 0x39, // ...5...........9
	0x00, 0x00, 0xbf, 0x5e, 0x00, 0x00, 0xf6, 0x39, 0x00, 0x00, 0x81, 0x00, 0x05, 0x00, 0x07, 0x00, // ...^...9........
	0x00, 0x00, 0xf8, 0x39, 0x00, 0x00, 0x21, 0x35, 0x00, 0x00, 0xf7, 0x39, 0x00, 0x00, 0xf7, 0x00, // ...9..!5...9....
	0x03, 0x00, 0x3d, 0x3a, 0x00, 0x00, 0x00, 0x00, 0x00, 0x00, 0xfb, 0x00, 0x03, 0x00, 0xcc, 0x01, // ..=:............
	0x00, 0x00, 0x28, 0x3a, 0x00, 0x00, 0xf8, 0x00, 0x02, 0x00, 0x28, 0x3a, 0x00, 0x00, 0xf7, 0x00, // ..(:......(:....
	0x03, 0x00, 0x30, 0x3a, 0x00, 0x00, 0x00, 0x00, 0x00, 0x00, 0xfa, 0x00, 0x04, 0x00, 0x15, 0x33, // ..0:...........3
	0x00, 0x00, 0x2b, 0x3a, 0x00, 0x00, 0x30, 0x3a, 0x00, 0x00, 0xf8, 0x00, 0x02, 0x00, 0x2b, 0x3a, // ..+:..0:......+:
	0x00, 0x00, 0x56, 0x00, 0x05, 0x00, 0x2e, 0x01, 0x00, 0x00, 0x45, 0x3a, 0x00, 0x00, 0xf8, 0x00, // ..V.......E:....
	0x00, 0x00, 0xf6, 0x00, 0x00, 0x00, 0x57, 0x00, 0x05, 0x00, 0x0d, 0x00, 0x00, 0x00, 0x47, 0x3a, // ......W.......G:
	0x00, 0x00, 0x45, 0x3a, 0x00, 0x00, 0xcf, 0x39, 0x00, 0x00, 0x51, 0x00, 0x05, 0x00, 0x07, 0x00, // ..E:...9..Q.....
	0x00, 0x00, 0x2f, 0x3a, 0x00, 0x00, 0x47, 0x3a, 0x00, 0x00, 0x00, 0x00, 0x00, 0x00, 0xf9, 0x00, // ../:..G:........
	0x02, 0x00, 0x3d, 0x3a, 0x00, 0x00, 0xf8, 0x00, 0x02, 0x00, 0x30, 0x3a, 0x00, 0x00, 0xf7, 0x00, // ..=:......0:....
	0x03, 0x00, 0x38, 0x3a, 0x00, 0x00, 0x00, 0x00, 0x00, 0x00, 0xfa, 0x00, 0x04, 0x00, 0x19, 0x33, // ..8:...........3
	0x00, 0x00, 0x33, 0x3a, 0x00, 0x00, 0x38, 0x3a, 0x00, 0x00, 0xf8, 0x00, 0x02, 0x00, 0x33, 0x3a, // ..3:..8:......3:
	0x00, 0x00, 0x56, 0x00, 0x05, 0x00, 0x2e, 0x01, 0x00, 0x00, 0x4e, 0x3a, 0x00, 0x00, 0xfe, 0x00, // ..V.......N:....
	0x00, 0x00, 0xfc, 0x00, 0x00, 0x00, 0x57, 0x00, 0x05, 0x00, 0x0d, 0x00, 0x00, 0x00, 0x50, 0x3a, // ......W.......P:
	0x00, 0x00, 0x4e, 0x3a, 0x00, 0x00, 0xcf, 0x39, 0x00, 0x00, 0x51, 0x00, 0x05, 0x00, 0x07, 0x00, // ..N:...9..Q.....
	0x00, 0x00, 0x37, 0x3a, 0x00, 0x00, 0x50, 0x3a, 0x00, 0x00, 0x00, 0x00, 0x00, 0x00, 0xf9, 0x00, // ..7:..P:........
	0x02, 0x00, 0x3d, 0x3a, 0x00, 0x00, 0xf8, 0x00, 0x02, 0x00, 0x38, 0x3a, 0x00, 0x00, 0x56, 0x00, // ..=:......8:..V.
	0x05, 0x00, 0x2e, 0x01, 0x00, 0x00, 0x57, 0x3a, 0x00, 0x00, 0x04, 0x01, 0x00, 0x00, 0x02, 0x01, // ......W:........
	0x00, 0x00, 0x57, 0x00, 0x05, 0x00, 0x0d, 0x00, 0x00, 0x00, 0x59, 0x3a, 0x00, 0x00, 0x57, 0x3a, // ..W.......Y:..W:
	0x00, 0x00, 0xcf, 0x39, 0x00, 0x00, 0x51, 0x00, 0x05, 0x00, 0x07, 0x00, 0x00, 0x00, 0x3c, 0x3a, // ...9..Q.......<:
	0x00, 0x00, 0x59, 0x3a, 0x00, 0x00, 0x00, 0x00, 0x00, 0x00, 0xf9, 0x00, 0x02, 0x00, 0x3d, 0x3a, // ..Y:..........=:
	0x00, 0x00, 0xf8, 0x00, 0x02, 0x00, 0x3d, 0x3a, 0x00, 0x00, 0xf5, 0x00, 0x09, 0x00, 0x07, 0x00, // ......=:........
	0x00, 0x00, 0x04, 0x5f, 0x00, 0x00, 0x2f, 0x3a, 0x00, 0x00, 0x2b, 0x3a, 0x00, 0x00, 0x37, 0x3a, // ..._../:..+:..7:
	0x00, 0x00, 0x33, 0x3a, 0x00, 0x00, 0x3c, 0x3a, 0x00, 0x00, 0x38, 0x3a, 0x00, 0x00, 0xbe, 0x00, // ..3:..<:..8:....
	0x05, 0x00, 0x97, 0x01, 0x00, 0x00, 0xfd, 0x39, 0x00, 0x00, 0x04, 0x5f, 0x00, 0x00, 0xe3, 0x39, // .......9..._...9
	0x00, 0x00, 0xa9, 0x00, 0x06, 0x00, 0x07, 0x00, 0x00, 0x00, 0xfe, 0x39, 0x00, 0x00, 0xfd, 0x39, // ...........9...9
	0x00, 0x00, 0xa1, 0x01, 0x00, 0x00, 0x73, 0x01, 0x00, 0x00, 0xf7, 0x00, 0x03, 0x00, 0x79, 0x3a, // ......s.......y:
	0x00, 0x00, 0x00, 0x00, 0x00, 0x00, 0xfb, 0x00, 0x03, 0x00, 0xcc, 0x01, 0x00, 0x00, 0x64, 0x3a, // ..............d:
	0x00, 0x00, 0xf8, 0x00, 0x02, 0x00, 0x64, 0x3a, 0x00, 0x00, 0xf7, 0x00, 0x03, 0x00, 0x6c, 0x3a, // ......d:......l:
	0x00, 0x00, 0x00, 0x00, 0x00, 0x00, 0xfa, 0x00, 0x04, 0x00, 0x15, 0x33, 0x00, 0x00, 0x67, 0x3a, // ...........3..g:
	0x00, 0x00, 0x6c, 0x3a, 0x00, 0x00, 0xf8, 0x00, 0x02, 0x00, 0x67, 0x3a, 0x00, 0x00, 0x56, 0x00, // ..l:......g:..V.
	0x05, 0x00, 0x2e, 0x01, 0x00, 0x00, 0x81, 0x3a, 0x00, 0x00, 0xf8, 0x00, 0x00, 0x00, 0xf6, 0x00, // .......:........
	0x00, 0x00, 0x57, 0x00, 0x05, 0x00, 0x0d, 0x00, 0x00, 0x00, 0x83, 0x3a, 0x00, 0x00, 0x81, 0x3a, // ..W........:...:
	0x00, 0x00, 0xd4, 0x39, 0x00, 0x00, 0x51, 0x00, 0x05, 0x00, 0x07, 0x00, 0x00, 0x00, 0x6b, 0x3a, // ...9..Q.......k:
	0x00, 0x00, 0x83, 0x3a, 0x00, 0x00, 0x00, 0x00, 0x00, 0x00, 0xf9, 0x00, 0x02, 0x00, 0x79, 0x3a, // ...:..........y:
	0x00, 0x00, 0xf8, 0x00, 0x02, 0x00, 0x6c, 0x3a, 0x00, 0x00, 0xf7, 0x00, 0x03, 0x00, 0x74, 0x3a, // ......l:......t:
	0x00, 0x00, 0x00, 0x00, 0x00, 0x00, 0xfa, 0x00, 0x04, 0x00, 0x19, 0x33, 0x00, 0x00, 0x6f, 0x3a, // ...........3..o:
	0x00, 0x00, 0x74, 0x3a, 0x00, 0x00, 0xf8, 0x00, 0x02, 0x00, 0x6f, 0x3a, 0x00, 0x00, 0x56, 0x00, // ..t:......o:..V.
	0x05, 0x00, 0x2e, 0x01, 0x00, 0x00, 0x8a, 0x3a, 0x00, 0x00, 0xfe, 0x00, 0x00, 0x00, 0xfc, 0x00, // .......:........
	0x00, 0x00, 0x57, 0x00, 0x05, 0x00, 0x0d, 0x00, 0x00, 0x00, 0x8c, 0x3a, 0x00, 0x00, 0x8a, 0x3a, // ..W........:...:
	0x00, 0x00, 0xd4, 0x39, 0x00, 0x00, 0x51, 0x00, 0x05, 0x00, 0x07, 0x00, 0x00, 0x00, 0x73, 0x3a, // ...9..Q.......s:
	0x00, 0x00, 0x8c, 0x3a, 0x00, 0x00, 0x00, 0x00, 0x00, 0x00, 0xf9, 0x00, 0x02, 0x00, 0x79, 0x3a, // ...:..........y:
	0x00, 0x00, 0xf8, 0x00, 0x02, 0x00, 0x74, 0x3a, 0x00, 0x00, 0x56, 0x00, 0x05, 0x00, 0x2e, 0x01, // ......t:..V.....
	0x00, 0x00, 0x93, 0x3a, 0x00, 0x00, 0x04, 0x01, 0x00, 0x00, 0x02, 0x01, 0x00, 0x00, 0x57, 0x00, // ...:..........W.
	0x05, 0x00, 0x0d, 0x00, 0x00, 0x00, 0x95, 0x3a, 0x00, 0x00, 0x93, 0x3a, 0x00, 0x00, 0xd4, 0x39, // .......:...:...9
	0x00, 0x00, 0x51, 0x00, 0x05, 0x00, 0x07, 0x00, 0x00, 0x00, 0x78, 0x3a, 0x00, 0x00, 0x95, 0x3a, // ..Q.......x:...:
	0x00, 0x00, 0x00, 0x00, 0x00, 0x00, 0xf9, 0x00, 0x02, 0x00, 0x79, 0x3a, 0x00, 0x00, 0xf8, 0x00, // ..........y:....
	0x02, 0x00, 0x79, 0x3a, 0x00, 0x00, 0xf5, 0x00, 0x09, 0x00, 0x07, 0x00, 0x00, 0x00, 0x05, 0x5f, // ..y:..........._
	0x00, 0x00, 0x6b, 0x3a, 0x00, 0x00, 0x67, 0x3a, 0x00, 0x00, 0x73, 0x3a, 0x00, 0x00, 0x6f, 0x3a, // ..k:..g:..s:..o:
	0x00, 0x00, 0x78, 0x3a, 0x00, 0x00, 0x74, 0x3a, 0x00, 0x00, 0xbe, 0x00, 0x05, 0x00, 0x97, 0x01, // ..x:..t:........
	0x00, 0x00, 0x03, 0x3a, 0x00, 0x00, 0x05, 0x5f, 0x00, 0x00, 0xea, 0x39, 0x00, 0x00, 0xa9, 0x00, // ...:..._...9....
	0x06, 0x00, 0x07, 0x00, 0x00, 0x00, 0x04, 0x3a, 0x00, 0x00, 0x03, 0x3a, 0x00, 0x00, 0xa1, 0x01, // .......:...:....
	0x00, 0x00, 0x73, 0x01, 0x00, 0x00, 0xf7, 0x00, 0x03, 0x00, 0xb5, 0x3a, 0x00, 0x00, 0x00, 0x00, // ..s........:....
	0x00, 0x00, 0xfb, 0x00, 0x03, 0x00, 0xcc, 0x01, 0x00, 0x00, 0xa0, 0x3a, 0x00, 0x00, 0xf8, 0x00, // ...........:....
	0x02, 0x00, 0xa0, 0x3a, 0x00, 0x00, 0xf7, 0x00, 0x03, 0x00, 0xa8, 0x3a, 0x00, 0x00, 0x00, 0x00, // ...:.......:....
	0x00, 0x00, 0xfa, 0x00, 0x04, 0x00, 0x15, 0x33, 0x00, 0x00, 0xa3, 0x3a, 0x00, 0x00, 0xa8, 0x3a, // .......3...:...:
	0x00, 0x00, 0xf8, 0x00, 0x02, 0x00, 0xa3, 0x3a, 0x00, 0x00, 0x56, 0x00, 0x05, 0x00, 0x2e, 0x01, // .......:..V.....
	0x00, 0x00, 0xbd, 0x3a, 0x00, 0x00, 0xf8, 0x00, 0x00, 0x00, 0xf6, 0x00, 0x00, 0x00, 0x57, 0x00, // ...:..........W.
	0x05, 0x00, 0x0d, 0x00, 0x00, 0x00, 0xbf, 0x3a, 0x00, 0x00, 0xbd, 0x3a, 0x00, 0x00, 0xd8, 0x39, // .......:...:...9
	0x00, 0x00, 0x51, 0x00, 0x05, 0x00, 0x07, 0x00, 0x00, 0x00, 0xa7, 0x3a, 0x00, 0x00, 0xbf, 0x3a, // ..Q........:...:
	0x00, 0x00, 0x00, 0x00, 0x00, 0x00, 0xf9, 0x00, 0x02, 0x00, 0xb5, 0x3a, 0x00, 0x00, 0xf8, 0x00, // ...........:....
	0x02, 0x00, 0xa8, 0x3a, 0x00, 0x00, 0xf7, 0x00, 0x03, 0x00, 0xb0, 0x3a, 0x00, 0x00, 0x00, 0x00, // ...:.......:....
	0x00, 0x00, 0xfa, 0x00, 0x04, 0x00, 0x19, 0x33, 0x00, 0x00, 0xab, 0x3a, 0x00, 0x00, 0xb0, 0x3a, // .......3...:...:
	0x00, 0x00, 0xf8, 0x00, 0x02, 0x00, 0xab, 0x3a, 0x00, 0x00, 0x56, 0x00, 0x05, 0x00, 0x2e, 0x01, // .......:..V.....
	0x00, 0x00, 0xc6, 0x3a, 0x00, 0x00, 0xfe, 0x00, 0x00, 0x00, 0xfc, 0x00, 0x00, 0x00, 0x57, 0x00, // ...:..........W.
	0x05, 0x00, 0x0d, 0x00, 0x00, 0x00, 0xc8, 0x3a, 0x00, 0x00, 0xc6, 0x3a, 0x00, 0x00, 0xd8, 0x39, // .......:...:...9
	0x00, 0x00, 0x51, 0x00, 0x05, 0x00, 0x07, 0x00, 0x00, 0x00, 0xaf, 0x3a, 0x00, 0x00, 0xc8, 0x3a, // ..Q........:...:
	0x00, 0x00, 0x00, 0x00, 0x00, 0x00, 0xf9, 0x00, 0x02, 0x00, 0xb5, 0x3a, 0x00, 0x00, 0xf8, 0x00, // ...........:....
	0x02, 0x00, 0xb0, 0x3a, 0x00, 0x00, 0x56, 0x00, 0x05, 0x00, 0x2e, 0x01, 0x00, 0x00, 0xcf, 0x3a, // ...:..V........:
	0x00, 0x00, 0x04, 0x01, 0x00, 0x00, 0x02, 0x01, 0x00, 0x00, 0x57, 0x00, 0x05, 0x00, 0x0d, 0x00, // ..........W.....
	0x00, 0x00, 0xd1, 0x3a, 0x00, 0x00, 0xcf, 0x3a, 0x00, 0x00, 0xd8, 0x39, 0x00, 0x00, 0x51, 0x00, // ...:...:...9..Q.
	0x05, 0x00, 0x07, 0x00, 0x00, 0x00, 0xb4, 0x3a, 0x00, 0x00, 0xd1, 0x3a, 0x00, 0x00, 0x00, 0x00, // .......:...:....
	0x00, 0x00, 0xf9, 0x00, 0x02, 0x00, 0xb5, 0x3a, 0x00, 0x00, 0xf8, 0x00, 0x02, 0x00, 0xb5, 0x3a, // .......:.......:
	0x00, 0x00, 0xf5, 0x00, 0x09, 0x00, 0x07, 0x00, 0x00, 0x00, 0x06, 0x5f, 0x00, 0x00, 0xa7, 0x3a, // ..........._...:
	0x00, 0x00, 0xa3, 0x3a, 0x00, 0x00, 0xaf, 0x3a, 0x00, 0x00, 0xab, 0x3a, 0x00, 0x00, 0xb4, 0x3a, // ...:...:...:...:
	0x00, 0x00, 0xb0, 0x3a, 0x00, 0x00, 0xbe, 0x00, 0x05, 0x00, 0x97, 0x01, 0x00, 0x00, 0x09, 0x3a, // ...:...........:
	0x00, 0x00, 0x06, 0x5f, 0x00, 0x00, 0xf1, 0x39, 0x00, 0x00, 0xa9, 0x00, 0x06, 0x00, 0x07, 0x00, // ..._...9........
	0x00, 0x00, 0x0a, 0x3a, 0x00, 0x00, 0x09, 0x3a, 0x00, 0x00, 0xa1, 0x01, 0x00, 0x00, 0x73, 0x01, // ...:...:......s.
	0x00, 0x00, 0xf7, 0x00, 0x03, 0x00, 0xf1, 0x3a, 0x00, 0x00, 0x00, 0x00, 0x00, 0x00, 0xfb, 0x00, // .......:........
	0x03, 0x00, 0xcc, 0x01, 0x00, 0x00, 0xdc, 0x3a, 0x00, 0x00, 0xf8, 0x00, 0x02, 0x00, 0xdc, 0x3a, // .......:.......:
	0x00, 0x00, 0xf7, 0x00, 0x03, 0x00, 0xe4, 0x3a, 0x00, 0x00, 0x00, 0x00, 0x00, 0x00, 0xfa, 0x00, // .......:........
	0x04, 0x00, 0x15, 0x33, 0x00, 0x00, 0xdf, 0x3a, 0x00, 0x00, 0xe4, 0x3a, 0x00, 0x00, 0xf8, 0x00, // ...3...:...:....
	0x02, 0x00, 0xdf, 0x3a, 0x00, 0x00, 0x56, 0x00, 0x05, 0x00, 0x2e, 0x01, 0x00, 0x00, 0xf9, 0x3a, // ...:..V........:
	0x00, 0x00, 0xf8, 0x00, 0x00, 0x00, 0xf6, 0x00, 0x00, 0x00, 0x57, 0x00, 0x05, 0x00, 0x0d, 0x00, // ..........W.....
	0x00, 0x00, 0xfb, 0x3a, 0x00, 0x00, 0xf9, 0x3a, 0x00, 0x00, 0xdc, 0x39, 0x00, 0x00, 0x51, 0x00, // ...:...:...9..Q.
	0x05, 0x00, 0x07, 0x00, 0x00, 0x00, 0xe3, 0x3a, 0x00, 0x00, 0xfb, 0x3a, 0x00, 0x00, 0x00, 0x00, // .......:...:....
	0x00, 0x00, 0xf9, 0x00, 0x02, 0x00, 0xf1, 0x3a, 0x00, 0x00, 0xf8, 0x00, 0x02, 0x00, 0xe4, 0x3a, // .......:.......:
	0x00, 0x00, 0xf7, 0x00, 0x03, 0x00, 0xec, 0x3a, 0x00, 0x00, 0x00, 0x00, 0x00, 0x00, 0xfa, 0x00, // .......:........
	0x04, 0x00, 0x19, 0x33, 0x00, 0x00, 0xe7, 0x3a, 0x00, 0x00, 0xec, 0x3a, 0x00, 0x00, 0xf8, 0x00, // ...3...:...:....
	0x02, 0x00, 0xe7, 0x3a, 0x00, 0x00, 0x56, 0x00, 0x05, 0x00, 0x2e, 0x01, 0x00, 0x00, 0x02, 0x3b, // ...:..V........;
	0x00, 0x00, 0xfe, 0x00, 0x00, 0x00, 0xfc, 0x00, 0x00, 0x00, 0x57, 0x00, 0x05, 0x00, 0x0d, 0x00, // ..........W.....
	0x00, 0x00, 0x04, 0x3b, 0x00, 0x00, 0x02, 0x3b, 0x00, 0x00, 0xdc, 0x39, 0x00, 0x00, 0x51, 0x00, // ...;...;...9..Q.
	0x05, 0x00, 0x07, 0x00, 0x00, 0x00, 0xeb, 0x3a, 0x00, 0x00, 0x04, 0x3b, 0x00, 0x00, 0x00, 0x00, // .......:...;....
	0x00, 0x00, 0xf9, 0x00, 0x02, 0x00, 0xf1, 0x3a, 0x00, 0x00, 0xf8, 0x00, 0x02, 0x00, 0xec, 0x3a, // .......:.......:
	0x00, 0x00, 0x56, 0x00, 0x05, 0x00, 0x2e, 0x01, 0x00, 0x00, 0x0b, 0x3b, 0x00, 0x00, 0x04, 0x01, // ..V........;....
	0x00, 0x00, 0x02, 0x01, 0x00, 0x00, 0x57, 0x00, 0x05, 0x00, 0x0d, 0x00, 0x00, 0x00, 0x0d, 0x3b, // ......W........;
	0x00, 0x00, 0x0b, 0x3b, 0x00, 0x00, 0xdc, 0x39, 0x00, 0x00, 0x51, 0x00, 0x05, 0x00, 0x07, 0x00, // ...;...9..Q.....
	0x00, 0x00, 0xf0, 0x3a, 0x00, 0x00, 0x0d, 0x3b, 0x00, 0x00, 0x00, 0x00, 0x00, 0x00, 0xf9, 0x00, // ...:...;........
	0x02, 0x00, 0xf1, 0x3a, 0x00, 0x00, 0xf8, 0x00, 0x02, 0x00, 0xf1, 0x3a, 0x00, 0x00, 0xf5, 0x00, // ...:.......:....
	0x09, 0x00, 0x07, 0x00, 0x00, 0x00, 0x07, 0x5f, 0x00, 0x00, 0xe3, 0x3a, 0x00, 0x00, 0xdf, 0x3a, // ......._...:...:
	0x00, 0x00, 0xeb, 0x3a, 0x00, 0x00, 0xe7, 0x3a, 0x00, 0x00, 0xf0, 0x3a, 0x00, 0x00, 0xec, 0x3a, // ...:...:...:...:
	0x00, 0x00, 0xbe, 0x00, 0x05, 0x00, 0x97, 0x01, 0x00, 0x00, 0x0f, 0x3a, 0x00, 0x00, 0x07, 0x5f, // ...........:..._
	0x00, 0x00, 0xf8, 0x39, 0x00, 0x00, 0xa9, 0x00, 0x06, 0x00, 0x07, 0x00, 0x00, 0x00, 0x10, 0x3a, // ...9...........:
	0x00, 0x00, 0x0f, 0x3a, 0x00, 0x00, 0xa1, 0x01, 0x00, 0x00, 0x73, 0x01, 0x00, 0x00, 0x51, 0x00, // ...:......s...Q.
	0x05, 0x00, 0x07, 0x00, 0x00, 0x00, 0x14, 0x3a, 0x00, 0x00, 0xca, 0x39, 0x00, 0x00, 0x00, 0x00, // .......:...9....
	0x00, 0x00, 0x0c, 0x00, 0x08, 0x00, 0x07, 0x00, 0x00, 0x00, 0x13, 0x3b, 0x00, 0x00, 0x01, 0x00, // ...........;....
	0x00, 0x00, 0x2e, 0x00, 0x00, 0x00, 0xfe, 0x39, 0x00, 0x00, 0x04, 0x3a, 0x00, 0x00, 0x14, 0x3a, // .......9...:...:
	0x00, 0x00, 0x0c, 0x00, 0x08, 0x00, 0x07, 0x00, 0x00, 0x00, 0x19, 0x3b, 0x00, 0x00, 0x01, 0x00, // ...........;....
	0x00, 0x00, 0x2e, 0x00, 0x00, 0x00, 0x0a, 0x3a, 0x00, 0x00, 0x10, 0x3a, 0x00, 0x00, 0x14, 0x3a, // .......:...:...:
	0x00, 0x00, 0x51, 0x00, 0x05, 0x00, 0x07, 0x00, 0x00, 0x00, 0x1c, 0x3a, 0x00, 0x00, 0xca, 0x39, // ..Q........:...9
	0x00, 0x00, 0x01, 0x00, 0x00, 0x00, 0x0c, 0x00, 0x08, 0x00, 0x07, 0x00, 0x00, 0x00, 0x1f, 0x3b, // ...............;
	0x00, 0x00, 0x01, 0x00, 0x00, 0x00, 0x2e, 0x00, 0x00, 0x00, 0x13, 0x3b, 0x00, 0x00, 0x19, 0x3b, // ...........;...;
	0x00, 0x00, 0x1c, 0x3a, 0x00, 0x00, 0x81, 0x00, 0x05, 0x00, 0x07, 0x00, 0x00, 0x00, 0x27, 0x35, // ...:..........'5
	0x00, 0x00, 0x9c, 0x39, 0x00, 0x00, 0x1f, 0x3b, 0x00, 0x00, 0x8e, 0x00, 0x05, 0x00, 0x0b, 0x00, // ...9...;........
	0x00, 0x00, 0x2a, 0x35, 0x00, 0x00, 0x8c, 0x03, 0x00, 0x00, 0xf4, 0x34, 0x00, 0x00, 0x81, 0x00, // ..*5.......4....
	0x05, 0x00, 0x0b, 0x00, 0x00, 0x00, 0x2d, 0x35, 0x00, 0x00, 0x25, 0x5d, 0x00, 0x00, 0x2a, 0x35, // ......-5..%]..*5
	0x00, 0x00, 0x94, 0x00, 0x05, 0x00, 0x07, 0x00, 0x00, 0x00, 0x31, 0x35, 0x00, 0x00, 0xbf, 0x5e, // ..........15...^
	0x00, 0x00, 0x2a, 0x35, 0x00, 0x00, 0x81, 0x00, 0x05, 0x00, 0x07, 0x00, 0x00, 0x00, 0x32, 0x35, // ..*5..........25
	0x00, 0x00, 0xfe, 0x33, 0x00, 0x00, 0x31, 0x35, 0x00, 0x00, 0x88, 0x00, 0x05, 0x00, 0x0b, 0x00, // ...3..15........
	0x00, 0x00, 0x46, 0x3b, 0x00, 0x00, 0x2d, 0x35, 0x00, 0x00, 0x3f, 0x38, 0x00, 0x00, 0x83, 0x00, // ..F;..-5..?8....
	0x05, 0x00, 0x0b, 0x00, 0x00, 0x00, 0x48, 0x3b, 0x00, 0x00, 0x46, 0x3b, 0x00, 0x00, 0xa4, 0x5d, // ......H;..F;...]
	0x00, 0x00, 0x0c, 0x00, 0x06, 0x00, 0x0b, 0x00, 0x00, 0x00, 0x4a, 0x3b, 0x00, 0x00, 0x01, 0x00, // ..........J;....
	0x00, 0x00, 0x08, 0x00, 0x00, 0x00, 0x48, 0x3b, 0x00, 0x00, 0x83, 0x00, 0x05, 0x00, 0x0b, 0x00, // ......H;........
	0x00, 0x00, 0x4d, 0x3b, 0x00, 0x00, 0x48, 0x3b, 0x00, 0x00, 0x4a, 0x3b, 0x00, 0x00, 0x81, 0x00, // ..M;..H;..J;....
	0x05, 0x00, 0x0b, 0x00, 0x00, 0x00, 0x50, 0x3b, 0x00, 0x00, 0x4a, 0x3b, 0x00, 0x00, 0xa4, 0x5d, // ......P;..J;...]
	0x00, 0x00, 0x8e, 0x00, 0x05, 0x00, 0x0b, 0x00, 0x00, 0x00, 0x52, 0x3b, 0x00, 0x00, 0x50, 0x3b, // ..........R;..P;
	0x00, 0x00, 0xf5, 0x33, 0x00, 0x00, 0x81, 0x00, 0x05, 0x00, 0x0b, 0x00, 0x00, 0x00, 0x57, 0x3b, // ...3..........W;
	0x00, 0x00, 0x52, 0x3b, 0x00, 0x00, 0x50, 0x38, 0x00, 0x00, 0x81, 0x00, 0x05, 0x00, 0x0b, 0x00, // ..R;..P8........
	0x00, 0x00, 0x5b, 0x3b, 0x00, 0x00, 0x52, 0x3b, 0x00, 0x00, 0x54, 0x38, 0x00, 0x00, 0x81, 0x00, // ..[;..R;..T8....
	0x05, 0x00, 0x0b, 0x00, 0x00, 0x00, 0x5f, 0x3b, 0x00, 0x00, 0x52, 0x3b, 0x00, 0x00, 0x3f, 0x38, // ......_;..R;..?8
	0x00, 0x00, 0x83, 0x00, 0x05, 0x00, 0x0b, 0x00, 0x00, 0x00, 0x64, 0x3b, 0x00, 0x00, 0x52, 0x3b, // ..........d;..R;
	0x00, 0x00, 0x2d, 0x35, 0x00, 0x00, 0x94, 0x00, 0x05, 0x00, 0x07, 0x00, 0x00, 0x00, 0x65, 0x3b, // ..-5..........e;
	0x00, 0x00, 0xbf, 0x5e, 0x00, 0x00, 0x64, 0x3b, 0x00, 0x00, 0x81, 0x00, 0x05, 0x00, 0x07, 0x00, // ...^..d;........
	0x00, 0x00, 0x66, 0x3b, 0x00, 0x00, 0x32, 0x35, 0x00, 0x00, 0x65, 0x3b, 0x00, 0x00, 0x83, 0x00, // ..f;..25..e;....
	0x05, 0x00, 0x0b, 0x00, 0x00, 0x00, 0x6b, 0x3b, 0x00, 0x00, 0x57, 0x3b, 0x00, 0x00, 0x2d, 0x35, // ......k;..W;..-5
	0x00, 0x00, 0x94, 0x00, 0x05, 0x00, 0x07, 0x00, 0x00, 0x00, 0x6c, 0x3b, 0x00, 0x00, 0xbf, 0x5e, // ..........l;...^
	0x00, 0x00, 0x6b, 0x3b, 0x00, 0x00, 0x81, 0x00, 0x05, 0x00, 0x07, 0x00, 0x00, 0x00, 0x6d, 0x3b, // ..k;..........m;
	0x00, 0x00, 0x32, 0x35, 0x00, 0x00, 0x6c, 0x3b, 0x00, 0x00, 0x83, 0x00, 0x05, 0x00, 0x0b, 0x00, // ..25..l;........
	0x00, 0x00, 0x72, 0x3b, 0x00, 0x00, 0x5b, 0x3b, 0x00, 0x00, 0x2d, 0x35, 0x00, 0x00, 0x94, 0x00, // ..r;..[;..-5....
	0x05, 0x00, 0x07, 0x00, 0x00, 0x00, 0x73, 0x3b, 0x00, 0x00, 0xbf, 0x5e, 0x00, 0x00, 0x72, 0x3b, // ......s;...^..r;
	0x00, 0x00, 0x81, 0x00, 0x05, 0x00, 0x07, 0x00, 0x00, 0x00, 0x74, 0x3b, 0x00, 0x00, 0x32, 0x35, // ..........t;..25
	0x00, 0x00, 0x73, 0x3b, 0x00, 0x00, 0x83, 0x00, 0x05, 0x00, 0x0b, 0x00, 0x00, 0x00, 0x79, 0x3b, // ..s;..........y;
	0x00, 0x00, 0x5f, 0x3b, 0x00, 0x00, 0x2d, 0x35, 0x00, 0x00, 0x94, 0x00, 0x05, 0x00, 0x07, 0x00, // .._;..-5........
	0x00, 0x00, 0x7a, 0x3b, 0x00, 0x00, 0xbf, 0x5e, 0x00, 0x00, 0x79, 0x3b, 0x00, 0x00, 0x81, 0x00, // ..z;...^..y;....
	0x05, 0x00, 0x07, 0x00, 0x00, 0x00, 0x7b, 0x3b, 0x00, 0x00, 0x32, 0x35, 0x00, 0x00, 0x7a, 0x3b, // ......{;..25..z;
	0x00, 0x00, 0xf7, 0x00, 0x03, 0x00, 0xc0, 0x3b, 0x00, 0x00, 0x00, 0x00, 0x00, 0x00, 0xfb, 0x00, // .......;........
	0x03, 0x00, 0xcc, 0x01, 0x00, 0x00, 0xab, 0x3b, 0x00, 0x00, 0xf8, 0x00, 0x02, 0x00, 0xab, 0x3b, // .......;.......;
	0x00, 0x00, 0xf7, 0x00, 0x03, 0x00, 0xb3, 0x3b, 0x00, 0x00, 0x00, 0x00, 0x00, 0x00, 0xfa, 0x00, // .......;........
	0x04, 0x00, 0x15, 0x33, 0x00, 0x00, 0xae, 0x3b, 0x00, 0x00, 0xb3, 0x3b, 0x00, 0x00, 0xf8, 0x00, // ...3...;...;....
	0x02, 0x00, 0xae, 0x3b, 0x00, 0x00, 0x56, 0x00, 0x05, 0x00, 0x2e, 0x01, 0x00, 0x00, 0xc8, 0x3b, // ...;..V........;
	0x00, 0x00, 0xf8, 0x00, 0x00, 0x00, 0xf6, 0x00, 0x00, 0x00, 0x57, 0x00, 0x05, 0x00, 0x0d, 0x00, // ..........W.....
	0x00, 0x00, 0xca, 0x3b, 0x00, 0x00, 0xc8, 0x3b, 0x00, 0x00, 0x52, 0x3b, 0x00, 0x00, 0x51, 0x00, // ...;...;..R;..Q.
	0x05, 0x00, 0x07, 0x00, 0x00, 0x00, 0xb2, 0x3b, 0x00, 0x00, 0xca, 0x3b, 0x00, 0x00, 0x00, 0x00, // .......;...;....
	0x00, 0x00, 0xf9, 0x00, 0x02, 0x00, 0xc0, 0x3b, 0x00, 0x00, 0xf8, 0x00, 0x02, 0x00, 0xb3, 0x3b, // .......;.......;
	0x00, 0x00, 0xf7, 0x00, 0x03, 0x00, 0xbb, 0x3b, 0x00, 0x00, 0x00, 0x00, 0x00, 0x00, 0xfa, 0x00, // .......;........
	0x04, 0x00, 0x19, 0x33, 0x00, 0x00, 0xb6, 0x3b, 0x00, 0x00, 0xbb, 0x3b, 0x00, 0x00, 0xf8, 0x00, // ...3...;...;....
	0x02, 0x00, 0xb6, 0x3b, 0x00, 0x00, 0x56, 0x00, 0x05, 0x00, 0x2e, 0x01, 0x00, 0x00, 0xd1, 0x3b, // ...;..V........;
	0x00, 0x00, 0xfe, 0x00, 0x00, 0x00, 0xfc, 0x00, 0x00, 0x00, 0x57, 0x00, 0x05, 0x00, 0x0d, 0x00, // ..........W.....
	0x00, 0x00, 0xd3, 0x3b, 0x00, 0x00, 0xd1, 0x3b, 0x00, 0x00, 0x52, 0x3b, 0x00, 0x00, 0x51, 0x00, // ...;...;..R;..Q.
	0x05, 0x00, 0x07, 0x00, 0x00, 0x00, 0xba, 0x3b, 0x00, 0x00, 0xd3, 0x3b, 0x00, 0x00, 0x00, 0x00, // .......;...;....
	0x00, 0x00, 0xf9, 0x00, 0x02, 0x00, 0xc0, 0x3b, 0x00, 0x00, 0xf8, 0x00, 0x02, 0x00, 0xbb, 0x3b, // .......;.......;
	0x00, 0x00, 0x56, 0x00, 0x05, 0x00, 0x2e, 0x01, 0x00, 0x00, 0xda, 0x3b, 0x00, 0x00, 0x04, 0x01, // ..V........;....
	0x00, 0x00, 0x02, 0x01, 0x00, 0x00, 0x57, 0x00, 0x05, 0x00, 0x0d, 0x00, 0x00, 0x00, 0xdc, 0x3b, // ......W........;
	0x00, 0x00, 0xda, 0x3b, 0x00, 0x00, 0x52, 0x3b, 0x00, 0x00, 0x51, 0x00, 0x05, 0x00, 0x07, 0x00, // ...;..R;..Q.....
	0x00, 0x00, 0xbf, 0x3b, 0x00, 0x00, 0xdc, 0x3b, 0x00, 0x00, 0x00, 0x00, 0x00, 0x00, 0xf9, 0x00, // ...;...;........
	0x02, 0x00, 0xc0, 0x3b, 0x00, 0x00, 0xf8, 0x00, 0x02, 0x00, 0xc0, 0x3b, 0x00, 0x00, 0xf5, 0x00, // ...;.......;....
	0x09, 0x00, 0x07, 0x00, 0x00, 0x00, 0x10, 0x5f, 0x00, 0x00, 0xb2, 0x3b, 0x00, 0x00, 0xae, 0x3b, // ......._...;...;
	0x00, 0x00, 0xba, 0x3b, 0x00, 0x00, 0xb6, 0x3b, 0x00, 0x00, 0xbf, 0x3b, 0x00, 0x00, 0xbb, 0x3b, // ...;...;...;...;
	0x00, 0x00, 0xbe, 0x00, 0x05, 0x00, 0x97, 0x01, 0x00, 0x00, 0x80, 0x3b, 0x00, 0x00, 0x10, 0x5f, // ...........;..._
	0x00, 0x00, 0x66, 0x3b, 0x00, 0x00, 0xa9, 0x00, 0x06, 0x00, 0x07, 0x00, 0x00, 0x00, 0x81, 0x3b, // ..f;...........;
	0x00, 0x00, 0x80, 0x3b, 0x00, 0x00, 0xa1, 0x01, 0x00, 0x00, 0x73, 0x01, 0x00, 0x00, 0xf7, 0x00, // ...;......s.....
	0x03, 0x00, 0xfc, 0x3b, 0x00, 0x00, 0x00, 0x00, 0x00, 0x00, 0xfb, 0x00, 0x03, 0x00, 0xcc, 0x01, // ...;............
	0x00, 0x00, 0xe7, 0x3b, 0x00, 0x00, 0xf8, 0x00, 0x02, 0x00, 0xe7, 0x3b, 0x00, 0x00, 0xf7, 0x00, // ...;.......;....
	0x03, 0x00, 0xef, 0x3b, 0x00, 0x00, 0x00, 0x00, 0x00, 0x00, 0xfa, 0x00, 0x04, 0x00, 0x15, 0x33, // ...;...........3
	0x00, 0x00, 0xea, 0x3b, 0x00, 0x00, 0xef, 0x3b, 0x00, 0x00, 0xf8, 0x00, 0x02, 0x00, 0xea, 0x3b, // ...;...;.......;
	0x00, 0x00, 0x56, 0x00, 0x05, 0x00, 0x2e, 0x01, 0x00, 0x00, 0x04, 0x3c, 0x00, 0x00, 0xf8, 0x00, // ..V........<....
	0x00, 0x00, 0xf6, 0x00, 0x00, 0x00, 0x57, 0x00, 0x05, 0x00, 0x0d, 0x00, 0x00, 0x00, 0x06, 0x3c, // ......W........<
	0x00, 0x00, 0x04, 0x3c, 0x00, 0x00, 0x57, 0x3b, 0x00, 0x00, 0x51, 0x00, 0x05, 0x00, 0x07, 0x00, // ...<..W;..Q.....
	0x00, 0x00, 0xee, 0x3b, 0x00, 0x00, 0x06, 0x3c, 0x00, 0x00, 0x00, 0x00, 0x00, 0x00, 0xf9, 0x00, // ...;...<........
	0x02, 0x00, 0xfc, 0x3b, 0x00, 0x00, 0xf8, 0x00, 0x02, 0x00, 0xef, 0x3b, 0x00, 0x00, 0xf7, 0x00, // ...;.......;....
	0x03, 0x00, 0xf7, 0x3b, 0x00, 0x00, 0x00, 0x00, 0x00, 0x00, 0xfa, 0x00, 0x04, 0x00, 0x19, 0x33, // ...;...........3
	0x00, 0x00, 0xf2, 0x3b, 0x00, 0x00, 0xf7, 0x3b, 0x00, 0x00, 0xf8, 0x00, 0x02, 0x00, 0xf2, 0x3b, // ...;...;.......;
	0x00, 0x00, 0x56, 0x00, 0x05, 0x00, 0x2e, 0x01, 0x00, 0x00, 0x0d, 0x3c, 0x00, 0x00, 0xfe, 0x00, // ..V........<....
	0x00, 0x00, 0xfc, 0x00, 0x00, 0x00, 0x57, 0x00, 0x05, 0x00, 0x0d, 0x00, 0x00, 0x00, 0x0f, 0x3c, // ......W........<
	0x00, 0x00, 0x0d, 0x3c, 0x00, 0x00, 0x57, 0x3b, 0x00, 0x00, 0x51, 0x00, 0x05, 0x00, 0x07, 0x00, // ...<..W;..Q.....
	0x00, 0x00, 0xf6, 0x3b, 0x00, 0x00, 0x0f, 0x3c, 0x00, 0x00, 0x00, 0x00, 0x00, 0x00, 0xf9, 0x00, // ...;...<........
	0x02, 0x00, 0xfc, 0x3b, 0x00, 0x00, 0xf8, 0x00, 0x02, 0x00, 0xf7, 0x3b, 0x00, 0x00, 0x56, 0x00, // ...;.......;..V.
	0x05, 0x00, 0x2e, 0x01, 0x00, 0x00, 0x16, 0x3c, 0x00, 0x00, 0x04, 0x01, 0x00, 0x00, 0x02, 0x01, // .......<........
	0x00, 0x00, 0x57, 0x00, 0x05, 0x00, 0x0d, 0x00, 0x00, 0x00, 0x18, 0x3c, 0x00, 0x00, 0x16, 0x3c, // ..W........<...<
	0x00, 0x00, 0x57, 0x3b, 0x00, 0x00, 0x51, 0x00, 0x05, 0x00, 0x07, 0x00, 0x00, 0x00, 0xfb, 0x3b, // ..W;..Q........;
	0x00, 0x00, 0x18, 0x3c, 0x00, 0x00, 0x00, 0x00, 0x00, 0x00, 0xf9, 0x00, 0x02, 0x00, 0xfc, 0x3b, // ...<...........;
	0x00, 0x00, 0xf8, 0x00, 0x02, 0x00, 0xfc, 0x3b, 0x00, 0x00, 0xf5, 0x00, 0x09, 0x00, 0x07, 0x00, // .......;........
	0x00, 0x00, 0x11, 0x5f, 0x00, 0x00, 0xee, 0x3b, 0x00, 0x00, 0xea, 0x3b, 0x00, 0x00, 0xf6, 0x3b, // ..._...;...;...;
	0x00, 0x00, 0xf2, 0x3b, 0x00, 0x00, 0xfb, 0x3b, 0x00, 0x00, 0xf7, 0x3b, 0x00, 0x00, 0xbe, 0x00, // ...;...;...;....
	0x05, 0x00, 0x97, 0x01, 0x00, 0x00, 0x86, 0x3b, 0x00, 0x00, 0x11, 0x5f, 0x00, 0x00, 0x6d, 0x3b, // .......;..._..m;
	0x00, 0x00, 0xa9, 0x00, 0x06, 0x00, 0x07, 0x00, 0x00, 0x00, 0x87, 0x3b, 0x00, 0x00, 0x86, 0x3b, // ...........;...;
	0x00, 0x00, 0xa1, 0x01, 0x00, 0x00, 0x73, 0x01, 0x00, 0x00, 0xf7, 0x00, 0x03, 0x00, 0x38, 0x3c, // ......s.......8<
	0x00, 0x00, 0x00, 0x00, 0x00, 0x00, 0xfb, 0x00, 0x03, 0x00, 0xcc, 0x01, 0x00, 0x00, 0x23, 0x3c, // ..............#<
	0x00, 0x00, 0xf8, 0x00, 0x02, 0x00, 0x23, 0x3c, 0x00, 0x00, 0xf7, 0x00, 0x03, 0x00, 0x2b, 0x3c, // ......#<......+<
	0x00, 0x00, 0x00, 0x00, 0x00, 0x00, 0xfa, 0x00, 0x04, 0x00, 0x15, 0x33, 0x00, 0x00, 0x26, 0x3c, // ...........3..&<
	0x00, 0x00, 0x2b, 0x3c, 0x00, 0x00, 0xf8, 0x00, 0x02, 0x00, 0x26, 0x3c, 0x00, 0x00, 0x56, 0x00, // ..+<......&<..V.
	0x05, 0x00, 0x2e, 0x01, 0x00, 0x00, 0x40, 0x3c, 0x00, 0x00, 0xf8, 0x00, 0x00, 0x00, 0xf6, 0x00, // ......@<........
	0x00, 0x00, 0x57, 0x00, 0x05, 0x00, 0x0d, 0x00, 0x00, 0x00, 0x42, 0x3c, 0x00, 0x00, 0x40, 0x3c, // ..W.......B<..@<
	0x00, 0x00, 0x5b, 0x3b, 0x00, 0x00, 0x51, 0x00, 0x05, 0x00, 0x07, 0x00, 0x00, 0x00, 0x2a, 0x3c, // ..[;..Q.......*<
	0x00, 0x00, 0x42, 0x3c, 0x00, 0x00, 0x00, 0x00, 0x00, 0x00, 0xf9, 0x00, 0x02, 0x00, 0x38, 0x3c, // ..B<..........8<
	0x00, 0x00, 0xf8, 0x00, 0x02, 0x00, 0x2b, 0x3c, 0x00, 0x00, 0xf7, 0x00, 0x03, 0x00, 0x33, 0x3c, // ......+<......3<
	0x00, 0x00, 0x00, 0x00, 0x00, 0x00, 0xfa, 0x00, 0x04, 0x00, 0x19, 0x33, 0x00, 0x00, 0x2e, 0x3c, // ...........3...<
	0x00, 0x00, 0x33, 0x3c, 0x00, 0x00, 0xf8, 0x00, 0x02, 0x00, 0x2e, 0x3c, 0x00, 0x00, 0x56, 0x00, // ..3<.......<..V.
	0x05, 0x00, 0x2e, 0x01, 0x00, 0x00, 0x49, 0x3c, 0x00, 0x00, 0xfe, 0x00, 0x00, 0x00, 0xfc, 0x00, // ......I<........
	0x00, 0x00, 0x57, 0x00, 0x05, 0x00, 0x0d, 0x00, 0x00, 0x00, 0x4b, 0x3c, 0x00, 0x00, 0x49, 0x3c, // ..W.......K<..I<
	0x00, 0x00, 0x5b, 0x3b, 0x00, 0x00, 0x51, 0x00, 0x05, 0x00, 0x07, 0x00, 0x00, 0x00, 0x32, 0x3c, // ..[;..Q.......2<
	0x00, 0x00, 0x4b, 0x3c, 0x00, 0x00, 0x00, 0x00, 0x00, 0x00, 0xf9, 0x00, 0x02, 0x00, 0x38, 0x3c, // ..K<..........8<
	0x00, 0x00, 0xf8, 0x00, 0x02, 0x00, 0x33, 0x3c, 0x00, 0x00, 0x56, 0x00, 0x05, 0x00, 0x2e, 0x01, // ......3<..V.....
	0x00, 0x00, 0x52, 0x3c, 0x00, 0x00, 0x04, 0x01, 0x00, 0x00, 0x02, 0x01, 0x00, 0x00, 0x57, 0x00, // ..R<..........W.
	0x05, 0x00, 0x0d, 0x00, 0x00, 0x00, 0x54, 0x3c, 0x00, 0x00, 0x52, 0x3c, 0x00, 0x00, 0x5b, 0x3b, // ......T<..R<..[;
	0x00, 0x00, 0x51, 0x00, 0x05, 0x00, 0x07, 0x00, 0x00, 0x00, 0x37, 0x3c, 0x00, 0x00, 0x54, 0x3c, // ..Q.......7<..T<
	0x00, 0x00, 0x00, 0x00, 0x00, 0x00, 0xf9, 0x00, 0x02, 0x00, 0x38, 0x3c, 0x00, 0x00, 0xf8, 0x00, // ..........8<....
	0x02, 0x00, 0x38, 0x3c, 0x00, 0x00, 0xf5, 0x00, 0x09, 0x00, 0x07, 0x00, 0x00, 0x00, 0x12, 0x5f, // ..8<..........._
	0x00, 0x00, 0x2a, 0x3c, 0x00, 0x00, 0x26, 0x3c, 0x00, 0x00, 0x32, 0x3c, 0x00, 0x00, 0x2e, 0x3c, // ..*<..&<..2<...<
	0x00, 0x00, 0x37, 0x3c, 0x00, 0x00, 0x33, 0x3c, 0x00, 0x00, 0xbe, 0x00, 0x05, 0x00, 0x97, 0x01, // ..7<..3<........
	0x00, 0x00, 0x8c, 0x3b, 0x00, 0x00, 0x12, 0x5f, 0x00, 0x00, 0x74, 0x3b, 0x00, 0x00, 0xa9, 0x00, // ...;..._..t;....
	0x06, 0x00, 0x07, 0x00, 0x00, 0x00, 0x8d, 0x3b, 0x00, 0x00, 0x8c, 0x3b, 0x00, 0x00, 0xa1, 0x01, // .......;...;....
	0x00, 0x00, 0x73, 0x01, 0x00, 0x00, 0xf7, 0x00, 0x03, 0x00, 0x74, 0x3c, 0x00, 0x00, 0x00, 0x00, // ..s.......t<....
	0x00, 0x00, 0xfb, 0x00, 0x03, 0x00, 0xcc, 0x01, 0x00, 0x00, 0x5f, 0x3c, 0x00, 0x00, 0xf8, 0x00, // .........._<....
	0x02, 0x00, 0x5f, 0x3c, 0x00, 0x00, 0xf7, 0x00, 0x03, 0x00, 0x67, 0x3c, 0x00, 0x00, 0x00, 0x00, // .._<......g<....
	0x00, 0x00, 0xfa, 0x00, 0x04, 0x00, 0x15, 0x33, 0x00, 0x00, 0x62, 0x3c, 0x00, 0x00, 0x67, 0x3c, // .......3..b<..g<
	0x00, 0x00, 0xf8, 0x00, 0x02, 0x00, 0x62, 0x3c, 0x00, 0x00, 0x56, 0x00, 0x05, 0x00, 0x2e, 0x01, // ......b<..V.....
	0x00, 0x00, 0x7c, 0x3c, 0x00, 0x00, 0xf8, 0x00, 0x00, 0x00, 0xf6, 0x00, 0x00, 0x00, 0x57, 0x00, // ..|<..........W.
	0x05, 0x00, 0x0d, 0x00, 0x00, 0x00, 0x7e, 0x3c, 0x00, 0x00, 0x7c, 0x3c, 0x00, 0x00, 0x5f, 0x3b, // ......~<..|<.._;
	0x00, 0x00, 0x51, 0x00, 0x05, 0x00, 0x07, 0x00, 0x00, 0x00, 0x66, 0x3c, 0x00, 0x00, 0x7e, 0x3c, // ..Q.......f<..~<
	0x00, 0x00, 0x00, 0x00, 0x00, 0x00, 0xf9, 0x00, 0x02, 0x00, 0x74, 0x3c, 0x00, 0x00, 0xf8, 0x00, // ..........t<....
	0x02, 0x00, 0x67, 0x3c, 0x00, 0x00, 0xf7, 0x00, 0x03, 0x00, 0x6f, 0x3c, 0x00, 0x00, 0x00, 0x00, // ..g<......o<....
	0x00, 0x00, 0xfa, 0x00, 0x04, 0x00, 0x19, 0x33, 0x00, 0x00, 0x6a, 0x3c, 0x00, 0x00, 0x6f, 0x3c, // .......3..j<..o<
	0x00, 0x00, 0xf8, 0x00, 0x02, 0x00, 0x6a, 0x3c, 0x00, 0x00, 0x56, 0x00, 0x05, 0x00, 0x2e, 0x01, // ......j<..V.....
	0x00, 0x00, 0x85, 0x3c, 0x00, 0x00, 0xfe, 0x00, 0x00, 0x00, 0xfc, 0x00, 0x00, 0x00, 0x57, 0x00, // ...<..........W.
	0x05, 0x00, 0x0d, 0x00, 0x00, 0x00, 0x87, 0x3c, 0x00, 0x00, 0x85, 0x3c, 0x00, 0x00, 0x5f, 0x3b, // .......<...<.._;
	0x00, 0x00, 0x51, 0x00, 0x05, 0x00, 0x07, 0x00, 0x00, 0x00, 0x6e, 0x3c, 0x00, 0x00, 0x87, 0x3c, // ..Q.......n<...<
	0x00, 0x00, 0x00, 0x00, 0x00, 0x00, 0xf9, 0x00, 0x02, 0x00, 0x74, 0x3c, 0x00, 0x00, 0xf8, 0x00, // ..........t<....
	0x02, 0x00, 0x6f, 0x3c, 0x00, 0x00, 0x56, 0x00, 0x05, 0x00, 0x2e, 0x01, 0x00, 0x00, 0x8e, 0x3c, // ..o<..V........<
	0x00, 0x00, 0x04, 0x01, 0x00, 0x00, 0x02, 0x01, 0x00, 0x00, 0x57, 0x00, 0x05, 0x00, 0x0d, 0x00, // ..........W.....
	0x00, 0x00, 0x90, 0x3c, 0x00, 0x00, 0x8e, 0x3c, 0x00, 0x00, 0x5f, 0x3b, 0x00, 0x00, 0x51, 0x00, // ...<...<.._;..Q.
	0x05, 0x00, 0x07, 0x00, 0x00, 0x00, 0x73, 0x3c, 0x00, 0x00, 0x90, 0x3c, 0x00, 0x00, 0x00, 0x00, // ......s<...<....
	0x00, 0x00, 0xf9, 0x00, 0x02, 0x00, 0x74, 0x3c, 0x00, 0x00, 0xf8, 0x00, 0x02, 0x00, 0x74, 0x3c, // ......t<......t<
	0x00, 0x00, 0xf5, 0x00, 0x09, 0x00, 0x07, 0x00, 0x00, 0x00, 0x13, 0x5f, 0x00, 0x00, 0x66, 0x3c, // ..........._..f<
	0x00, 0x00, 0x62, 0x3c, 0x00, 0x00, 0x6e, 0x3c, 0x00, 0x00, 0x6a, 0x3c, 0x00, 0x00, 0x73, 0x3c, // ..b<..n<..j<..s<
	0x00, 0x00, 0x6f, 0x3c, 0x00, 0x00, 0xbe, 0x00, 0x05, 0x00, 0x97, 0x01, 0x00, 0x00, 0x92, 0x3b, // ..o<...........;
	0x00, 0x00, 0x13, 0x5f, 0x00, 0x00, 0x7b, 0x3b, 0x00, 0x00, 0xa9, 0x00, 0x06, 0x00, 0x07, 0x00, // ..._..{;........
	0x00, 0x00, 0x93, 0x3b, 0x00, 0x00, 0x92, 0x3b, 0x00, 0x00, 0xa1, 0x01, 0x00, 0x00, 0x73, 0x01, // ...;...;......s.
	0x00, 0x00, 0x51, 0x00, 0x05, 0x00, 0x07, 0x00, 0x00, 0x00, 0x97, 0x3b, 0x00, 0x00, 0x4d, 0x3b, // ..Q........;..M;
	0x00, 0x00, 0x00, 0x00, 0x00, 0x00, 0x0c, 0x00, 0x08, 0x00, 0x07, 0x00, 0x00, 0x00, 0x96, 0x3c, // ...............<
	0x00, 0x00, 0x01, 0x00, 0x00, 0x00, 0x2e, 0x00, 0x00, 0x00, 0x81, 0x3b, 0x00, 0x00, 0x87, 0x3b, // ...........;...;
	0x00, 0x00, 0x97, 0x3b, 0x00, 0x00, 0x0c, 0x00, 0x08, 0x00, 0x07, 0x00, 0x00, 0x00, 0x9c, 0x3c, // ...;...........<
	0x00, 0x00, 0x01, 0x00, 0x00, 0x00, 0x2e, 0x00, 0x00, 0x00, 0x8d, 0x3b, 0x00, 0x00, 0x93, 0x3b, // ...........;...;
	0x00, 0x00, 0x97, 0x3b, 0x00, 0x00, 0x51, 0x00, 0x05, 0x00, 0x07, 0x00, 0x00, 0x00, 0x9f, 0x3b, // ...;..Q........;
	0x00, 0x00, 0x4d, 0x3b, 0x00, 0x00, 0x01, 0x00, 0x00, 0x00, 0x0c, 0x00, 0x08, 0x00, 0x07, 0x00, // ..M;............
	0x00, 0x00, 0xa2, 0x3c, 0x00, 0x00, 0x01, 0x00, 0x00, 0x00, 0x2e, 0x00, 0x00, 0x00, 0x96, 0x3c, // ...<...........<
	0x00, 0x00, 0x9c, 0x3c, 0x00, 0x00, 0x9f, 0x3b, 0x00, 0x00, 0x81, 0x00, 0x05, 0x00, 0x07, 0x00, // ...<...;........
	0x00, 0x00, 0x38, 0x35, 0x00, 0x00, 0x27, 0x35, 0x00, 0x00, 0xa2, 0x3c, 0x00, 0x00, 0x8e, 0x00, // ..85..'5...<....
	0x05, 0x00, 0x0b, 0x00, 0x00, 0x00, 0x3b, 0x35, 0x00, 0x00, 0x8e, 0x03, 0x00, 0x00, 0xf4, 0x34, // ......;5.......4
	0x00, 0x00, 0x81, 0x00, 0x05, 0x00, 0x0b, 0x00, 0x00, 0x00, 0x3e, 0x35, 0x00, 0x00, 0x25, 0x5d, // ..........>5..%]
	0x00, 0x00, 0x3b, 0x35, 0x00, 0x00, 0x94, 0x00, 0x05, 0x00, 0x07, 0x00, 0x00, 0x00, 0x42, 0x35, // ..;5..........B5
	0x00, 0x00, 0xbf, 0x5e, 0x00, 0x00, 0x3b, 0x35, 0x00, 0x00, 0x81, 0x00, 0x05, 0x00, 0x07, 0x00, // ...^..;5........
	0x00, 0x00, 0x43, 0x35, 0x00, 0x00, 0xfe, 0x33, 0x00, 0x00, 0x42, 0x35, 0x00, 0x00, 0x88, 0x00, // ..C5...3..B5....
	0x05, 0x00, 0x0b, 0x00, 0x00, 0x00, 0xc9, 0x3c, 0x00, 0x00, 0x3e, 0x35, 0x00, 0x00, 0x3f, 0x38, // .......<..>5..?8
	0x00, 0x00, 0x83, 0x00, 0x05, 0x00, 0x0b, 0x00, 0x00, 0x00, 0xcb, 0x3c, 0x00, 0x00, 0xc9, 0x3c, // ...........<...<
	0x00, 0x00, 0xa4, 0x5d, 0x00, 0x00, 0x0c, 0x00, 0x06, 0x00, 0x0b, 0x00, 0x00, 0x00, 0xcd, 0x3c, // ...]...........<
	0x00, 0x00, 0x01, 0x00, 0x00, 0x00, 0x08, 0x00, 0x00, 0x00, 0xcb, 0x3c, 0x00, 0x00, 0x83, 0x00, // ...........<....
	0x05, 0x00, 0x0b, 0x00, 0x00, 0x00, 0xd0, 0x3c, 0x00, 0x00, 0xcb, 0x3c, 0x00, 0x00, 0xcd, 0x3c, // .......<...<...<
	0x00, 0x00, 0x81, 0x00, 0x05, 0x00, 0x0b, 0x00, 0x00, 0x00, 0xd3, 0x3c, 0x00, 0x00, 0xcd, 0x3c, // ...........<...<
	0x00, 0x00, 0xa4, 0x5d, 0x00, 0x00, 0x8e, 0x00, 0x05, 0x00, 0x0b, 0x00, 0x00, 0x00, 0xd5, 0x3c, // ...]...........<
	0x00, 0x00, 0xd3, 0x3c, 0x00, 0x00, 0xf5, 0x33, 0x00, 0x00, 0x81, 0x00, 0x05, 0x00, 0x0b, 0x00, // ...<...3........
	0x00, 0x00, 0xda, 0x3c, 0x00, 0x00, 0xd5, 0x3c, 0x00, 0x00, 0x50, 0x38, 0x00, 0x00, 0x81, 0x00, // ...<...<..P8....
	0x05, 0x00, 0x0b, 0x00, 0x00, 0x00, 0xde, 0x3c, 0x00, 0x00, 0xd5, 0x3c, 0x00, 0x00, 0x54, 0x38, // .......<...<..T8
	0x00, 0x00, 0x81, 0x00, 0x05, 0x00, 0x0b, 0x00, 0x00, 0x00, 0xe2, 0x3c, 0x00, 0x00, 0xd5, 0x3c, // ...........<...<
	0x00, 0x00, 0x3f, 0x38, 0x00, 0x00, 0x83, 0x00, 0x05, 0x00, 0x0b, 0x00, 0x00, 0x00, 0xe7, 0x3c, // ..?8...........<
	0x00, 0x00, 0xd5, 0x3c, 0x00, 0x00, 0x3e, 0x35, 0x00, 0x00, 0x94, 0x00, 0x05, 0x00, 0x07, 0x00, // ...<..>5........
	0x00, 0x00, 0xe8, 0x3c, 0x00, 0x00, 0xbf, 0x5e, 0x00, 0x00, 0xe7, 0x3c, 0x00, 0x00, 0x81, 0x00, // ...<...^...<....
	0x05, 0x00, 0x07, 0x00, 0x00, 0x00, 0xe9, 0x3c, 0x00, 0x00, 0x43, 0x35, 0x00, 0x00, 0xe8, 0x3c, // .......<..C5...<
	0x00, 0x00, 0x83, 0x00, 0x05, 0x00, 0x0b, 0x00, 0x00, 0x00, 0xee, 0x3c, 0x00, 0x00, 0xda, 0x3c, // ...........<...<
	0x00, 0x00, 0x3e, 0x35, 0x00, 0x00, 0x94, 0x00, 0x05, 0x00, 0x07, 0x00, 0x00, 0x00, 0xef, 0x3c, // ..>5...........<
	0x00, 0x00, 0xbf, 0x5e, 0x00, 0x00, 0xee, 0x3c, 0x00, 0x00, 0x81, 0x00, 0x05, 0x00, 0x07, 0x00, // ...^...<........
	0x00, 0x00, 0xf0, 0x3c, 0x00, 0x00, 0x43, 0x35, 0x00, 0x00, 0xef, 0x3c, 0x00, 0x00, 0x83, 0x00, // ...<..C5...<....
	0x05, 0x00, 0x0b, 0x00, 0x00, 0x00, 0xf5, 0x3c, 0x00, 0x00, 0xde, 0x3c, 0x00, 0x00, 0x3e, 0x35, // .......<...<..>5
	0x00, 0x00, 0x94, 0x00, 0x05, 0x00, 0x07, 0x00, 0x00, 0x00, 0xf6, 0x3c, 0x00, 0x00, 0xbf, 0x5e, // ...........<...^
	0x00, 0x00, 0xf5, 0x3c, 0x00, 0x00, 0x81, 0x00, 0x05, 0x00, 0x07, 0x00, 0x00, 0x00, 0xf7, 0x3c, // ...<...........<
	0x00, 0x00, 0x43, 0x35, 0x00, 0x00, 0xf6, 0x3c, 0x00, 0x00, 0x83, 0x00, 0x05, 0x00, 0x0b, 0x00, // ..C5...<........
	0x00, 0x00, 0xfc, 0x3c, 0x00, 0x00, 0xe2, 0x3c, 0x00, 0x00, 0x3e, 0x35, 0x00, 0x00, 0x94, 0x00, // ...<...<..>5....
	0x05, 0x00, 0x07, 0x00, 0x00, 0x00, 0xfd, 0x3c, 0x00, 0x00, 0xbf, 0x5e, 0x00, 0x00, 0xfc, 0x3c, // .......<...^...<
	0x00, 0x00, 0x81, 0x00, 0x05, 0x00, 0x07, 0x00, 0x00, 0x00, 0xfe, 0x3c, 0x00, 0x00, 0x43, 0x35, // ...........<..C5
	0x00, 0x00, 0xfd, 0x3c, 0x00, 0x00, 0xf7, 0x00, 0x03, 0x00, 0x43, 0x3d, 0x00, 0x00, 0x00, 0x00, // ...<......C=....
	0x00, 0x00, 0xfb, 0x00, 0x03, 0x00, 0xcc, 0x01, 0x00, 0x00, 0x2e, 0x3d, 0x00, 0x00, 0xf8, 0x00, // ...........=....
	0x02, 0x00, 0x2e, 0x3d, 0x00, 0x00, 0xf7, 0x00, 0x03, 0x00, 0x36, 0x3d, 0x00, 0x00, 0x00, 0x00, // ...=......6=....
	0x00, 0x00, 0xfa, 0x00, 0x04, 0x00, 0x15, 0x33, 0x00, 0x00, 0x31, 0x3d, 0x00, 0x00, 0x36, 0x3d, // .......3..1=..6=
	0x00, 0x00, 0xf8, 0x00, 0x02, 0x00, 0x31, 0x3d, 0x00, 0x00, 0x56, 0x00, 0x05, 0x00, 0x2e, 0x01, // ......1=..V.....
	0x00, 0x00, 0x4b, 0x3d, 0x00, 0x00, 0xf8, 0x00, 0x00, 0x00, 0xf6, 0x00, 0x00, 0x00, 0x57, 0x00, // ..K=..........W.
	0x05, 0x00, 0x0d, 0x00, 0x00, 0x00, 0x4d, 0x3d, 0x00, 0x00, 0x4b, 0x3d, 0x00, 0x00, 0xd5, 0x3c, // ......M=..K=...<
	0x00, 0x00, 0x51, 0x00, 0x05, 0x00, 0x07, 0x00, 0x00, 0x00, 0x35, 0x3d, 0x00, 0x00, 0x4d, 0x3d, // ..Q.......5=..M=
	0x00, 0x00, 0x00, 0x00, 0x00, 0x00, 0xf9, 0x00, 0x02, 0x00, 0x43, 0x3d, 0x00, 0x00, 0xf8, 0x00, // ..........C=....
	0x02, 0x00, 0x36, 0x3d, 0x00, 0x00, 0xf7, 0x00, 0x03, 0x00, 0x3e, 0x3d, 0x00, 0x00, 0x00, 0x00, // ..6=......>=....
	0x00, 0x00, 0xfa, 0x00, 0x04, 0x00, 0x19, 0x33, 0x00, 0x00, 0x39, 0x3d, 0x00, 0x00, 0x3e, 0x3d, // .......3..9=..>=
	0x00, 0x00, 0xf8, 0x00, 0x02, 0x00, 0x39, 0x3d, 0x00, 0x00, 0x56, 0x00, 0x05, 0x00, 0x2e, 0x01, // ......9=..V.....
	0x00, 0x00, 0x54, 0x3d, 0x00, 0x00, 0xfe, 0x00, 0x00, 0x00, 0xfc, 0x00, 0x00, 0x00, 0x57, 0x00, // ..T=..........W.
	0x05, 0x00, 0x0d, 0x00, 0x00, 0x00, 0x56, 0x3d, 0x00, 0x00, 0x54, 0x3d, 0x00, 0x00, 0xd5, 0x3c, // ......V=..T=...<
	0x00, 0x00, 0x51, 0x00, 0x05, 0x00, 0x07, 0x00, 0x00, 0x00, 0x3d, 0x3d, 0x00, 0x00, 0x56, 0x3d, // ..Q.......==..V=
	0x00, 0x00, 0x00, 0x00, 0x00, 0x00, 0xf9, 0x00, 0x02, 0x00, 0x43, 0x3d, 0x00, 0x00, 0xf8, 0x00, // ..........C=....
	0x02, 0x00, 0x3e, 0x3d, 0x00, 0x00, 0x56, 0x00, 0x05, 0x00, 0x2e, 0x01, 0x00, 0x00, 0x5d, 0x3d, // ..>=..V.......]=
	0x00, 0x00, 0x04, 0x01, 0x00, 0x00, 0x02, 0x01, 0x00, 0x00, 0x57, 0x00, 0x05, 0x00, 0x0d, 0x00, // ..........W.....
	0x00, 0x00, 0x5f, 0x3d, 0x00, 0x00, 0x5d, 0x3d, 0x00, 0x00, 0xd5, 0x3c, 0x00, 0x00, 0x51, 0x00, // .._=..]=...<..Q.
	0x05, 0x00, 0x07, 0x00, 0x00, 0x00, 0x42, 0x3d, 0x00, 0x00, 0x5f, 0x3d, 0x00, 0x00, 0x00, 0x00, // ......B=.._=....
	0x00, 0x00, 0xf9, 0x00, 0x02, 0x00, 0x43, 0x3d, 0x00, 0x00, 0xf8, 0x00, 0x02, 0x00, 0x43, 0x3d, // ......C=......C=
	0x00, 0x00, 0xf5, 0x00, 0x09, 0x00, 0x07, 0x00, 0x00, 0x00, 0x1c, 0x5f, 0x00, 0x00, 0x35, 0x3d, // ..........._..5=
	0x00, 0x00, 0x31, 0x3d, 0x00, 0x00, 0x3d, 0x3d, 0x00, 0x00, 0x39, 0x3d, 0x00, 0x00, 0x42, 0x3d, // ..1=..==..9=..B=
	0x00, 0x00, 0x3e, 0x3d, 0x00, 0x00, 0xbe, 0x00, 0x05, 0x00, 0x97, 0x01, 0x00, 0x00, 0x03, 0x3d, // ..>=...........=
	0x00, 0x00, 0x1c, 0x5f, 0x00, 0x00, 0xe9, 0x3c, 0x00, 0x00, 0xa9, 0x00, 0x06, 0x00, 0x07, 0x00, // ..._...<........
	0x00, 0x00, 0x04, 0x3d, 0x00, 0x00, 0x03, 0x3d, 0x00, 0x00, 0xa1, 0x01, 0x00, 0x00, 0x73, 0x01, // ...=...=......s.
	0x00, 0x00, 0xf7, 0x00, 0x03, 0x00, 0x7f, 0x3d, 0x00, 0x00, 0x00, 0x00, 0x00, 0x00, 0xfb, 0x00, // .......=........
	0x03, 0x00, 0xcc, 0x01, 0x00, 0x00, 0x6a, 0x3d, 0x00, 0x00, 0xf8, 0x00, 0x02, 0x00, 0x6a, 0x3d, // ......j=......j=
	0x00, 0x00, 0xf7, 0x00, 0x03, 0x00, 0x72, 0x3d, 0x00, 0x00, 0x00, 0x00, 0x00, 0x00, 0xfa, 0x00, // ......r=........
	0x04, 0x00, 0x15, 0x33, 0x00, 0x00, 0x6d, 0x3d, 0x00, 0x00, 0x72, 0x3d, 0x00, 0x00, 0xf8, 0x00, // ...3..m=..r=....
	0x02, 0x00, 0x6d, 0x3d, 0x00, 0x00, 0x56, 0x00, 0x05, 0x00, 0x2e, 0x01, 0x00, 0x00, 0x87, 0x3d, // ..m=..V........=
	0x00, 0x00, 0xf8, 0x00, 0x00, 0x00, 0xf6, 0x00, 0x00, 0x00, 0x57, 0x00, 0x05, 0x00, 0x0d, 0x00, // ..........W.....
	0x00, 0x00, 0x89, 0x3d, 0x00, 0x00, 0x87, 0x3d, 0x00, 0x00, 0xda, 0x3c, 0x00, 0x00, 0x51, 0x00, // ...=...=...<..Q.
	0x05, 0x00, 0x07, 0x00, 0x00, 0x00, 0x71, 0x3d, 0x00, 0x00, 0x89, 0x3d, 0x00, 0x00, 0x00, 0x00, // ......q=...=....
	0x00, 0x00, 0xf9, 0x00, 0x02, 0x00, 0x7f, 0x3d, 0x00, 0x00, 0xf8, 0x00, 0x02, 0x00, 0x72, 0x3d, // .......=......r=
	0x00, 0x00, 0xf7, 0x00, 0x03, 0x00, 0x7a, 0x3d, 0x00, 0x00, 0x00, 0x00, 0x00, 0x00, 0xfa, 0x00, // ......z=........
	0x04, 0x00, 0x19, 0x33, 0x00, 0x00, 0x75, 0x3d, 0x00, 0x00, 0x7a, 0x3d, 0x00, 0x00, 0xf8, 0x00, // ...3..u=..z=....
	0x02, 0x00, 0x75, 0x3d, 0x00, 0x00, 0x56, 0x00, 0x05, 0x00, 0x2e, 0x01, 0x00, 0x00, 0x90, 0x3d, // ..u=..V........=
	0x00, 0x00, 0xfe, 0x00, 0x00, 0x00, 0xfc, 0x00, 0x00, 0x00, 0x57, 0x00, 0x05, 0x00, 0x0d, 0x00, // ..........W.....
	0x00, 0x00, 0x92, 0x3d, 0x00, 0x00, 0x90, 0x3d, 0x00, 0x00, 0xda, 0x3c, 0x00, 0x00, 0x51, 0x00, // ...=...=...<..Q.
	0x05, 0x00, 0x07, 0x00, 0x00, 0x00, 0x79, 0x3d, 0x00, 0x00, 0x92, 0x3d, 0x00, 0x00, 0x00, 0x00, // ......y=...=....
	0x00, 0x00, 0xf9, 0x00, 0x02, 0x00, 0x7f, 0x3d, 0x00, 0x00, 0xf8, 0x00, 0x02, 0x00, 0x7a, 0x3d, // .......=......z=
	0x00, 0x00, 0x56, 0x00, 0x05, 0x00, 0x2e, 0x01, 0x00, 0x00, 0x99, 0x3d, 0x00, 0x00, 0x04, 0x01, // ..V........=....
	0x00, 0x00, 0x02, 0x01, 0x00, 0x00, 0x57, 0x00, 0x05, 0x00, 0x0d, 0x00, 0x00, 0x00, 0x9b, 0x3d, // ......W........=
	0x00, 0x00, 0x99, 0x3d, 0x00, 0x00, 0xda, 0x3c, 0x00, 0x00, 0x51, 0x00, 0x05, 0x00, 0x07, 0x00, // ...=...<..Q.....
	0x00, 0x00, 0x7e, 0x3d, 0x00, 0x00, 0x9b, 0x3d, 0x00, 0x00, 0x00, 0x00, 0x00, 0x00, 0xf9, 0x00, // ..~=...=........
	0x02, 0x00, 0x7f, 0x3d, 0x00, 0x00, 0xf8, 0x00, 0x02, 0x00, 0x7f, 0x3d, 0x00, 0x00, 0xf5, 0x00, // ...=.......=....
	0x09, 0x00, 0x07, 0x00, 0x00, 0x00, 0x1d, 0x5f, 0x00, 0x00, 0x71, 0x3d, 0x00, 0x00, 0x6d, 0x3d, // ......._..q=..m=
	0x00, 0x00, 0x79, 0x3d, 0x00, 0x00, 0x75, 0x3d, 0x00, 0x00, 0x7e, 0x3d, 0x00, 0x00, 0x7a, 0x3d, // ..y=..u=..~=..z=
	0x00, 0x00, 0xbe, 0x00, 0x05, 0x00, 0x97, 0x01, 0x00, 0x00, 0x09, 0x3d, 0x00, 0x00, 0x1d, 0x5f, // ...........=..._
	0x00, 0x00, 0xf0, 0x3c, 0x00, 0x00, 0xa9, 0x00, 0x06, 0x00, 0x07, 0x00, 0x00, 0x00, 0x0a, 0x3d, // ...<...........=
	0x00, 0x00, 0x09, 0x3d, 0x00, 0x00, 0xa1, 0x01, 0x00, 0x00, 0x73, 0x01, 0x00, 0x00, 0xf7, 0x00, // ...=......s.....
	0x03, 0x00, 0xbb, 0x3d, 0x00, 0x00, 0x00, 0x00, 0x00, 0x00, 0xfb, 0x00, 0x03, 0x00, 0xcc, 0x01, // ...=............
	0x00, 0x00, 0xa6, 0x3d, 0x00, 0x00, 0xf8, 0x00, 0x02, 0x00, 0xa6, 0x3d, 0x00, 0x00, 0xf7, 0x00, // ...=.......=....
	0x03, 0x00, 0xae, 0x3d, 0x00, 0x00, 0x00, 0x00, 0x00, 0x00, 0xfa, 0x00, 0x04, 0x00, 0x15, 0x33, // ...=...........3
	0x00, 0x00, 0xa9, 0x3d, 0x00, 0x00, 0xae, 0x3d, 0x00, 0x00, 0xf8, 0x00, 0x02, 0x00, 0xa9, 0x3d, // ...=...=.......=
	0x00, 0x00, 0x56, 0x00, 0x05, 0x00, 0x2e, 0x01, 0x00, 0x00, 0xc3, 0x3d, 0x00, 0x00, 0xf8, 0x00, // ..V........=....
	0x00, 0x00, 0xf6, 0x00, 0x00, 0x00, 0x57, 0x00, 0x05, 0x00, 0x0d, 0x00, 0x00, 0x00, 0xc5, 0x3d, // ......W........=
	0x00, 0x00, 0xc3, 0x3d, 0x00, 0x00, 0xde, 0x3c, 0x00, 0x00, 0x51, 0x00, 0x05, 0x00, 0x07, 0x00, // ...=...<..Q.....
	0x00, 0x00, 0xad, 0x3d, 0x00, 0x00, 0xc5, 0x3d, 0x00, 0x00, 0x00, 0x00, 0x00, 0x00, 0xf9, 0x00, // ...=...=........
	0x02, 0x00, 0xbb, 0x3d, 0x00, 0x00, 0xf8, 0x00, 0x02, 0x00, 0xae, 0x3d, 0x00, 0x00, 0xf7, 0x00, // ...=.......=....
	0x03, 0x00, 0xb6, 0x3d, 0x00, 0x00, 0x00, 0x00, 0x00, 0x00, 0xfa, 0x00, 0x04, 0x00, 0x19, 0x33, // ...=...........3
	0x00, 0x00, 0xb1, 0x3d, 0x00, 0x00, 0xb6, 0x3d, 0x00, 0x00, 0xf8, 0x00, 0x02, 0x00, 0xb1, 0x3d, // ...=...=.......=
	0x00, 0x00, 0x56, 0x00, 0x05, 0x00, 0x2e, 0x01, 0x00, 0x00, 0xcc, 0x3d, 0x00, 0x00, 0xfe, 0x00, // ..V........=....
	0x00, 0x00, 0xfc, 0x00, 0x00, 0x00, 0x57, 0x00, 0x05, 0x00, 0x0d, 0x00, 0x00, 0x00, 0xce, 0x3d, // ......W........=
	0x00, 0x00, 0xcc, 0x3d, 0x00, 0x00, 0xde, 0x3c, 0x00, 0x00, 0x51, 0x00, 0x05, 0x00, 0x07, 0x00, // ...=...<..Q.....
	0x00, 0x00, 0xb5, 0x3d, 0x00, 0x00, 0xce, 0x3d, 0x00, 0x00, 0x00, 0x00, 0x00, 0x00, 0xf9, 0x00, // ...=...=........
	0x02, 0x00, 0xbb, 0x3d, 0x00, 0x00, 0xf8, 0x00, 0x02, 0x00, 0xb6, 0x3d, 0x00, 0x00, 0x56, 0x00, // ...=.......=..V.
	0x05, 0x00, 0x2e, 0x01, 0x00, 0x00, 0xd5, 0x3d, 0x00, 0x00, 0x04, 0x01, 0x00, 0x00, 0x02, 0x01, // .......=........
	0x00, 0x00, 0x57, 0x00, 0x05, 0x00, 0x0d, 0x00, 0x00, 0x00, 0xd7, 0x3d, 0x00, 0x00, 0xd5, 0x3d, // ..W........=...=
	0x00, 0x00, 0xde, 0x3c, 0x00, 0x00, 0x51, 0x00, 0x05, 0x00, 0x07, 0x00, 0x00, 0x00, 0xba, 0x3d, // ...<..Q........=
	0x00, 0x00, 0xd7, 0x3d, 0x00, 0x00, 0x00, 0x00, 0x00, 0x00, 0xf9, 0x00, 0x02, 0x00, 0xbb, 0x3d, // ...=...........=
	0x00, 0x00, 0xf8, 0x00, 0x02, 0x00, 0xbb, 0x3d, 0x00, 0x00, 0xf5, 0x00, 0x09, 0x00, 0x07, 0x00, // .......=........
	0x00, 0x00, 0x1e, 0x5f, 0x00, 0x00, 0xad, 0x3d, 0x00, 0x00, 0xa9, 0x3d, 0x00, 0x00, 0xb5, 0x3d, // ..._...=...=...=
	0x00, 0x00, 0xb1, 0x3d, 0x00, 0x00, 0xba, 0x3d, 0x00, 0x00, 0xb6, 0x3d, 0x00, 0x00, 0xbe, 0x00, // ...=...=...=....
	0x05, 0x00, 0x97, 0x01, 0x00, 0x00, 0x0f, 0x3d, 0x00, 0x00, 0x1e, 0x5f, 0x00, 0x00, 0xf7, 0x3c, // .......=..._...<
	0x00, 0x00, 0xa9, 0x00, 0x06, 0x00, 0x07, 0x00, 0x00, 0x00, 0x10, 0x3d, 0x00, 0x00, 0x0f, 0x3d, // ...........=...=
	0x00, 0x00, 0xa1, 0x01, 0x00, 0x00, 0x73, 0x01, 0x00, 0x00, 0xf7, 0x00, 0x03, 0x00, 0xf7, 0x3d, // ......s........=
	0x00, 0x00, 0x00, 0x00, 0x00, 0x00, 0xfb, 0x00, 0x03, 0x00, 0xcc, 0x01, 0x00, 0x00, 0xe2, 0x3d, // ...............=
	0x00, 0x00, 0xf8, 0x00, 0x02, 0x00, 0xe2, 0x3d, 0x00, 0x00, 0xf7, 0x00, 0x03, 0x00, 0xea, 0x3d, // .......=.......=
	0x00, 0x00, 0x00, 0x00, 0x00, 0x00, 0xfa, 0x00, 0x04, 0x00, 0x15, 0x33, 0x00, 0x00, 0xe5, 0x3d, // ...........3...=
	0x00, 0x00, 0xea, 0x3d, 0x00, 0x00, 0xf8, 0x00, 0x02, 0x00, 0xe5, 0x3d, 0x00, 0x00, 0x56, 0x00, // ...=.......=..V.
	0x05, 0x00, 0x2e, 0x01, 0x00, 0x00, 0xff, 0x3d, 0x00, 0x00, 0xf8, 0x00, 0x00, 0x00, 0xf6, 0x00, // .......=........
	0x00, 0x00, 0x57, 0x00, 0x05, 0x00, 0x0d, 0x00, 0x00, 0x00, 0x01, 0x3e, 0x00, 0x00, 0xff, 0x3d, // ..W........>...=
	0x00, 0x00, 0xe2, 0x3c, 0x00, 0x00, 0x51, 0x00, 0x05, 0x00, 0x07, 0x00, 0x00, 0x00, 0xe9, 0x3d, // ...<..Q........=
	0x00, 0x00, 0x01, 0x3e, 0x00, 0x00, 0x00, 0x00, 0x00, 0x00, 0xf9, 0x00, 0x02, 0x00, 0xf7, 0x3d, // ...>...........=
	0x00, 0x00, 0xf8, 0x00, 0x02, 0x00, 0xea, 0x3d, 0x00, 0x00, 0xf7, 0x00, 0x03, 0x00, 0xf2, 0x3d, // .......=.......=
	0x00, 0x00, 0x00, 0x00, 0x00, 0x00, 0xfa, 0x00, 0x04, 0x00, 0x19, 0x33, 0x00, 0x00, 0xed, 0x3d, // ...........3...=
	0x00, 0x00, 0xf2, 0x3d, 0x00, 0x00, 0xf8, 0x00, 0x02, 0x00, 0xed, 0x3d, 0x00, 0x00, 0x56, 0x00, // ...=.......=..V.
	0x05, 0x00, 0x2e, 0x01, 0x00, 0x00, 0x08, 0x3e, 0x00, 0x00, 0xfe, 0x00, 0x00, 0x00, 0xfc, 0x00, // .......>........
	0x00, 0x00, 0x57, 0x00, 0x05, 0x00, 0x0d, 0x00, 0x00, 0x00, 0x0a, 0x3e, 0x00, 0x00, 0x08, 0x3e, // ..W........>...>
	0x00, 0x00, 0xe2, 0x3c, 0x00, 0x00, 0x51, 0x00, 0x05, 0x00, 0x07, 0x00, 0x00, 0x00, 0xf1, 0x3d, // ...<..Q........=
	0x00, 0x00, 0x0a, 0x3e, 0x00, 0x00, 0x00, 0x00, 0x00, 0x00, 0xf9, 0x00, 0x02, 0x00, 0xf7, 0x3d, // ...>...........=
	0x00, 0x00, 0xf8, 0x00, 0x02, 0x00, 0xf2, 0x3d, 0x00, 0x00, 0x56, 0x00, 0x05, 0x00, 0x2e, 0x01, // .......=..V.....
	0x00, 0x00, 0x11, 0x3e, 0x00, 0x00, 0x04, 0x01, 0x00, 0x00, 0x02, 0x01, 0x00, 0x00, 0x57, 0x00, // ...>..........W.
	0x05, 0x00, 0x0d, 0x00, 0x00, 0x00, 0x13, 0x3e, 0x00, 0x00, 0x11, 0x3e, 0x00, 0x00, 0xe2, 0x3c, // .......>...>...<
	0x00, 0x00, 0x51, 0x00, 0x05, 0x00, 0x07, 0x00, 0x00, 0x00, 0xf6, 0x3d, 0x00, 0x00, 0x13, 0x3e, // ..Q........=...>
	0x00, 0x00, 0x00, 0x00, 0x00, 0x00, 0xf9, 0x00, 0x02, 0x00, 0xf7, 0x3d, 0x00, 0x00, 0xf8, 0x00, // ...........=....
	0x02, 0x00, 0xf7, 0x3d, 0x00, 0x00, 0xf5, 0x00, 0x09, 0x00, 0x07, 0x00, 0x00, 0x00, 0x1f, 0x5f, // ...=..........._
	0x00, 0x00, 0xe9, 0x3d, 0x00, 0x00, 0xe5, 0x3d, 0x00, 0x00, 0xf1, 0x3d, 0x00, 0x00, 0xed, 0x3d, // ...=...=...=...=
	0x00, 0x00, 0xf6, 0x3d, 0x00, 0x00, 0xf2, 0x3d, 0x00, 0x00, 0xbe, 0x00, 0x05, 0x00, 0x97, 0x01, // ...=...=........
	0x00, 0x00, 0x15, 0x3d, 0x00, 0x00, 0x1f, 0x5f, 0x00, 0x00, 0xfe, 0x3c, 0x00, 0x00, 0xa9, 0x00, // ...=..._...<....
	0x06, 0x00, 0x07, 0x00, 0x00, 0x00, 0x16, 0x3d, 0x00, 0x00, 0x15, 0x3d, 0x00, 0x00, 0xa1, 0x01, // .......=...=....
	0x00, 0x00, 0x73, 0x01, 0x00, 0x00, 0x51, 0x00, 0x05, 0x00, 0x07, 0x00, 0x00, 0x00, 0x1a, 0x3d, // ..s...Q........=
	0x00, 0x00, 0xd0, 0x3c, 0x00, 0x00, 0x00, 0x00, 0x00, 0x00, 0x0c, 0x00, 0x08, 0x00, 0x07, 0x00, // ...<............
	0x00, 0x00, 0x19, 0x3e, 0x00, 0x00, 0x01, 0x00, 0x00, 0x00, 0x2e, 0x00, 0x00, 0x00, 0x04, 0x3d, // ...>...........=
	0x00, 0x00, 0x0a, 0x3d, 0x00, 0x00, 0x1a, 0x3d, 0x00, 0x00, 0x0c, 0x00, 0x08, 0x00, 0x07, 0x00, // ...=...=........
	0x00, 0x00, 0x1f, 0x3e, 0x00, 0x00, 0x01, 0x00, 0x00, 0x00, 0x2e, 0x00, 0x00, 0x00, 0x10, 0x3d, // ...>...........=
	0x00, 0x00, 0x16, 0x3d, 0x00, 0x00, 0x1a, 0x3d, 0x00, 0x00, 0x51, 0x00, 0x05, 0x00, 0x07, 0x00, // ...=...=..Q.....
	0x00, 0x00, 0x22, 0x3d, 0x00, 0x00, 0xd0, 0x3c, 0x00, 0x00, 0x01, 0x00, 0x00, 0x00, 0x0c, 0x00, // .."=...<........
	0x08, 0x00, 0x07, 0x00, 0x00, 0x00, 0x25, 0x3e, 0x00, 0x00, 0x01, 0x00, 0x00, 0x00, 0x2e, 0x00, // ......%>........
	0x00, 0x00, 0x19, 0x3e, 0x00, 0x00, 0x1f, 0x3e, 0x00, 0x00, 0x22, 0x3d, 0x00, 0x00, 0x81, 0x00, // ...>...>.."=....
	0x05, 0x00, 0x07, 0x00, 0x00, 0x00, 0x49, 0x35, 0x00, 0x00, 0x38, 0x35, 0x00, 0x00, 0x25, 0x3e, // ......I5..85..%>
	0x00, 0x00, 0x8e, 0x00, 0x05, 0x00, 0x0b, 0x00, 0x00, 0x00, 0x4c, 0x35, 0x00, 0x00, 0x90, 0x03, // ..........L5....
	0x00, 0x00, 0xf4, 0x34, 0x00, 0x00, 0x81, 0x00, 0x05, 0x00, 0x0b, 0x00, 0x00, 0x00, 0x4f, 0x35, // ...4..........O5
	0x00, 0x00, 0x25, 0x5d, 0x00, 0x00, 0x4c, 0x35, 0x00, 0x00, 0x94, 0x00, 0x05, 0x00, 0x07, 0x00, // ..%]..L5........
	0x00, 0x00, 0x53, 0x35, 0x00, 0x00, 0xbf, 0x5e, 0x00, 0x00, 0x4c, 0x35, 0x00, 0x00, 0x81, 0x00, // ..S5...^..L5....
	0x05, 0x00, 0x07, 0x00, 0x00, 0x00, 0x54, 0x35, 0x00, 0x00, 0xfe, 0x33, 0x00, 0x00, 0x53, 0x35, // ......T5...3..S5
	0x00, 0x00, 0x88, 0x00, 0x05, 0x00, 0x0b, 0x00, 0x00, 0x00, 0x4c, 0x3e, 0x00, 0x00, 0x4f, 0x35, // ..........L>..O5
	0x00, 0x00, 0x3f, 0x38, 0x00, 0x00, 0x83, 0x00, 0x05, 0x00, 0x0b, 0x00, 0x00, 0x00, 0x4e, 0x3e, // ..?8..........N>
	0x00, 0x00, 0x4c, 0x3e, 0x00, 0x00, 0xa4, 0x5d, 0x00, 0x00, 0x0c, 0x00, 0x06, 0x00, 0x0b, 0x00, // ..L>...]........
	0x00, 0x00, 0x50, 0x3e, 0x00, 0x00, 0x01, 0x00, 0x00, 0x00, 0x08, 0x00, 0x00, 0x00, 0x4e, 0x3e, // ..P>..........N>
	0x00, 0x00, 0x83, 0x00, 0x05, 0x00, 0x0b, 0x00, 0x00, 0x00, 0x53, 0x3e, 0x00, 0x00, 0x4e, 0x3e, // ..........S>..N>
	0x00, 0x00, 0x50, 0x3e, 0x00, 0x00, 0x81, 0x00, 0x05, 0x00, 0x0b, 0x00, 0x00, 0x00, 0x56, 0x3e, // ..P>..........V>
	0x00, 0x00, 0x50, 0x3e, 0x00, 0x00, 0xa4, 0x5d, 0x00, 0x00, 0x8e, 0x00, 0x05, 0x00, 0x0b, 0x00, // ..P>...]........
	0x00, 0x00, 0x58, 0x3e, 0x00, 0x00, 0x56, 0x3e, 0x00, 0x00, 0xf5, 0x33, 0x00, 0x00, 0x81, 0x00, // ..X>..V>...3....
	0x05, 0x00, 0x0b, 0x00, 0x00, 0x00, 0x5d, 0x3e, 0x00, 0x00, 0x58, 0x3e, 0x00, 0x00, 0x50, 0x38, // ......]>..X>..P8
	0x00, 0x00, 0x81, 0x00, 0x05, 0x00, 0x0b, 0x00, 0x00, 0x00, 0x61, 0x3e, 0x00, 0x00, 0x58, 0x3e, // ..........a>..X>
	0x00, 0x00, 0x54, 0x38, 0x00, 0x00, 0x81, 0x00, 0x05, 0x00, 0x0b, 0x00, 0x00, 0x00, 0x65, 0x3e, // ..T8..........e>
	0x00, 0x00, 0x58, 0x3e, 0x00, 0x00, 0x3f, 0x38, 0x00, 0x00, 0x83, 0x00, 0x05, 0x00, 0x0b, 0x00, // ..X>..?8........
	0x00, 0x00, 0x6a, 0x3e, 0x00, 0x00, 0x58, 0x3e, 0x00, 0x00, 0x4f, 0x35, 0x00, 0x00, 0x94, 0x00, // ..j>..X>..O5....
	0x05, 0x00, 0x07, 0x00, 0x00, 0x00, 0x6b, 0x3e, 0x00, 0x00, 0xbf, 0x5e, 0x00, 0x00, 0x6a, 0x3e, // ......k>...^..j>
	0x00, 0x00, 0x81, 0x00, 0x05, 0x00, 0x07, 0x00, 0x00, 0x00, 0x6c, 0x3e, 0x00, 0x00, 0x54, 0x35, // ..........l>..T5
	0x00, 0x00, 0x6b, 0x3e, 0x00, 0x00, 0x83, 0x00, 0x05, 0x00, 0x0b, 0x00, 0x00, 0x00, 0x71, 0x3e, // ..k>..........q>
	0x00, 0x00, 0x5d, 0x3e, 0x00, 0x00, 0x4f, 0x35, 0x00, 0x00, 0x94, 0x00, 0x05, 0x00, 0x07, 0x00, // ..]>..O5........
	0x00, 0x00, 0x72, 0x3e, 0x00, 0x00, 0xbf, 0x5e, 0x00, 0x00, 0x71, 0x3e, 0x00, 0x00, 0x81, 0x00, // ..r>...^..q>....
	0x05, 0x00, 0x07, 0x00, 0x00, 0x00, 0x73, 0x3e, 0x00, 0x00, 0x54, 0x35, 0x00, 0x00, 0x72, 0x3e, // ......s>..T5..r>
	0x00, 0x00, 0x83, 0x00, 0x05, 0x00, 0x0b, 0x00, 0x00, 0x00, 0x78, 0x3e, 0x00, 0x00, 0x61, 0x3e, // ..........x>..a>
	0x00, 0x00, 0x4f, 0x35, 0x00, 0x00, 0x94, 0x00, 0x05, 0x00, 0x07, 0x00, 0x00, 0x00, 0x79, 0x3e, // ..O5..........y>
	0x00, 0x00, 0xbf, 0x5e, 0x00, 0x00, 0x78, 0x3e, 0x00, 0x00, 0x81, 0x00, 0x05, 0x00, 0x07, 0x00, // ...^..x>........
	0x00, 0x00, 0x7a, 0x3e, 0x00, 0x00, 0x54, 0x35, 0x00, 0x00, 0x79, 0x3e, 0x00, 0x00, 0x83, 0x00, // ..z>..T5..y>....
	0x05, 0x00, 0x0b, 0x00, 0x00, 0x00, 0x7f, 0x3e, 0x00, 0x00, 0x65, 0x3e, 0x00, 0x00, 0x4f, 0x35, // .......>..e>..O5
	0x00, 0x00, 0x94, 0x00, 0x05, 0x00, 0x07, 0x00, 0x00, 0x00, 0x80, 0x3e, 0x00, 0x00, 0xbf, 0x5e, // ...........>...^
	0x00, 0x00, 0x7f, 0x3e, 0x00, 0x00, 0x81, 0x00, 0x05, 0x00, 0x07, 0x00, 0x00, 0x00, 0x81, 0x3e, // ...>...........>
	0x00, 0x00, 0x54, 0x35, 0x00, 0x00, 0x80, 0x3e, 0x00, 0x00, 0xf7, 0x00, 0x03, 0x00, 0xc6, 0x3e, // ..T5...>.......>
	0x00, 0x00, 0x00, 0x00, 0x00, 0x00, 0xfb, 0x00, 0x03, 0x00, 0xcc, 0x01, 0x00, 0x00, 0xb1, 0x3e, // ...............>
	0x00, 0x00, 0xf8, 0x00, 0x02, 0x00, 0xb1, 0x3e, 0x00, 0x00, 0xf7, 0x00, 0x03, 0x00, 0xb9, 0x3e, // .......>.......>
	0x00, 0x00, 0x00, 0x00, 0x00, 0x00, 0xfa, 0x00, 0x04, 0x00, 0x15, 0x33, 0x00, 0x00, 0xb4, 0x3e, // ...........3...>
	0x00, 0x00, 0xb9, 0x3e, 0x00, 0x00, 0xf8, 0x00, 0x02, 0x00, 0xb4, 0x3e, 0x00, 0x00, 0x56, 0x00, // ...>.......>..V.
	0x05, 0x00, 0x2e, 0x01, 0x00, 0x00, 0xce, 0x3e, 0x00, 0x00, 0xf8, 0x00, 0x00, 0x00, 0xf6, 0x00, // .......>........
	0x00, 0x00, 0x57, 0x00, 0x05, 0x00, 0x0d, 0x00, 0x00, 0x00, 0xd0, 0x3e, 0x00, 0x00, 0xce, 0x3e, // ..W........>...>
	0x00, 0x00, 0x58, 0x3e, 0x00, 0x00, 0x51, 0x00, 0x05, 0x00, 0x07, 0x00, 0x00, 0x00, 0xb8, 0x3e, // ..X>..Q........>
	0x00, 0x00, 0xd0, 0x3e, 0x00, 0x00, 0x00, 0x00, 0x00, 0x00, 0xf9, 0x00, 0x02, 0x00, 0xc6, 0x3e, // ...>...........>
	0x00, 0x00, 0xf8, 0x00, 0x02, 0x00, 0xb9, 0x3e, 0x00, 0x00, 0xf7, 0x00, 0x03, 0x00, 0xc1, 0x3e, // .......>.......>
	0x00, 0x00, 0x00, 0x00, 0x00, 0x00, 0xfa, 0x00, 0x04, 0x00, 0x19, 0x33, 0x00, 0x00, 0xbc, 0x3e, // ...........3...>
	0x00, 0x00, 0xc1, 0x3e, 0x00, 0x00, 0xf8, 0x00, 0x02, 0x00, 0xbc, 0x3e, 0x00, 0x00, 0x56, 0x00, // ...>.......>..V.
	0x05, 0x00, 0x2e, 0x01, 0x00, 0x00, 0xd7, 0x3e, 0x00, 0x00, 0xfe, 0x00, 0x00, 0x00, 0xfc, 0x00, // .......>........
	0x00, 0x00, 0x57, 0x00, 0x05, 0x00, 0x0d, 0x00, 0x00, 0x00, 0xd9, 0x3e, 0x00, 0x00, 0xd7, 0x3e, // ..W........>...>
	0x00, 0x00, 0x58, 0x3e, 0x00, 0x00, 0x51, 0x00, 0x05, 0x00, 0x07, 0x00, 0x00, 0x00, 0xc0, 0x3e, // ..X>..Q........>
	0x00, 0x00, 0xd9, 0x3e, 0x00, 0x00, 0x00, 0x00, 0x00, 0x00, 0xf9, 0x00, 0x02, 0x00, 0xc6, 0x3e, // ...>...........>
	0x00, 0x00, 0xf8, 0x00, 0x02, 0x00, 0xc1, 0x3e, 0x00, 0x00, 0x56, 0x00, 0x05, 0x00, 0x2e, 0x01, // .......>..V.....
	0x00, 0x00, 0xe0, 0x3e, 0x00, 0x00, 0x04, 0x01, 0x00, 0x00, 0x02, 0x01, 0x00, 0x00, 0x57, 0x00, // ...>..........W.
	0x05, 0x00, 0x0d, 0x00, 0x00, 0x00, 0xe2, 0x3e, 0x00, 0x00, 0xe0, 0x3e, 0x00, 0x00, 0x58, 0x3e, // .......>...>..X>
	0x00, 0x00, 0x51, 0x00, 0x05, 0x00, 0x07, 0x00, 0x00, 0x00, 0xc5, 0x3e, 0x00, 0x00, 0xe2, 0x3e, // ..Q........>...>
	0x00, 0x00, 0x00, 0x00, 0x00, 0x00, 0xf9, 0x00, 0x02, 0x00, 0xc6, 0x3e, 0x00, 0x00, 0xf8, 0x00, // ...........>....
	0x02, 0x00, 0xc6, 0x3e, 0x00, 0x00, 0xf5, 0x00, 0x09, 0x00, 0x07, 0x00, 0x00, 0x00, 0x28, 0x5f, // ...>..........(_
	0x00, 0x00, 0xb8, 0x3e, 0x00, 0x00, 0xb4, 0x3e, 0x00, 0x00, 0xc0, 0x3e, 0x00, 0x00, 0xbc, 0x3e, // ...>...>...>...>
	0x00, 0x00, 0xc5, 0x3e, 0x00, 0x00, 0xc1, 0x3e, 0x00, 0x00, 0xbe, 0x00, 0x05, 0x00, 0x97, 0x01, // ...>...>........
	0x00, 0x00, 0x86, 0x3e, 0x00, 0x00, 0x28, 0x5f, 0x00, 0x00, 0x6c, 0x3e, 0x00, 0x00, 0xa9, 0x00, // ...>..(_..l>....
	0x06, 0x00, 0x07, 0x00, 0x00, 0x00, 0x87, 0x3e, 0x00, 0x00, 0x86, 0x3e, 0x00, 0x00, 0xa1, 0x01, // .......>...>....
	0x00, 0x00, 0x73, 0x01, 0x00, 0x00, 0xf7, 0x00, 0x03, 0x00, 0x02, 0x3f, 0x00, 0x00, 0x00, 0x00, // ..s........?....
	0x00, 0x00, 0xfb, 0x00, 0x03, 0x00, 0xcc, 0x01, 0x00, 0x00, 0xed, 0x3e, 0x00, 0x00, 0xf8, 0x00, // ...........>....
	0x02, 0x00, 0xed, 0x3e, 0x00, 0x00, 0xf7, 0x00, 0x03, 0x00, 0xf5, 0x3e, 0x00, 0x00, 0x00, 0x00, // ...>.......>....
	0x00, 0x00, 0xfa, 0x00, 0x04, 0x00, 0x15, 0x33, 0x00, 0x00, 0xf0, 0x3e, 0x00, 0x00, 0xf5, 0x3e, // .......3...>...>
	0x00, 0x00, 0xf8, 0x00, 0x02, 0x00, 0xf0, 0x3e, 0x00, 0x00, 0x56, 0x00, 0x05, 0x00, 0x2e, 0x01, // .......>..V.....
	0x00, 0x00, 0x0a, 0x3f, 0x00, 0x00, 0xf8, 0x00, 0x00, 0x00, 0xf6, 0x00, 0x00, 0x00, 0x57, 0x00, // ...?..........W.
	0x05, 0x00, 0x0d, 0x00, 0x00, 0x00, 0x0c, 0x3f, 0x00, 0x00, 0x0a, 0x3f, 0x00, 0x00, 0x5d, 0x3e, // .......?...?..]>
	0x00, 0x00, 0x51, 0x00, 0x05, 0x00, 0x07, 0x00, 0x00, 0x00, 0xf4, 0x3e, 0x00, 0x00, 0x0c, 0x3f, // ..Q........>...?
	0x00, 0x00, 0x00, 0x00, 0x00, 0x00, 0xf9, 0x00, 0x02, 0x00, 0x02, 0x3f, 0x00, 0x00, 0xf8, 0x00, // ...........?....
	0x02, 0x00, 0xf5, 0x3e, 0x00, 0x00, 0xf7, 0x00, 0x03, 0x00, 0xfd, 0x3e, 0x00, 0x00, 0x00, 0x00, // ...>.......>....
	0x00, 0x00, 0xfa, 0x00, 0x04, 0x00, 0x19, 0x33, 0x00, 0x00, 0xf8, 0x3e, 0x00, 0x00, 0xfd, 0x3e, // .......3...>...>
	0x00, 0x00, 0xf8, 0x00, 0x02, 0x00, 0xf8, 0x3e, 0x00, 0x00, 0x56, 0x00, 0x05, 0x00, 0x2e, 0x01, // .......>..V.....
	0x00, 0x00, 0x13, 0x3f, 0x00, 0x00, 0xfe, 0x00, 0x00, 0x00, 0xfc, 0x00, 0x00, 0x00, 0x57, 0x00, // ...?..........W.
	0x05, 0x00, 0x0d, 0x00, 0x00, 0x00, 0x15, 0x3f, 0x00, 0x00, 0x13, 0x3f, 0x00, 0x00, 0x5d, 0x3e, // .......?...?..]>
	0x00, 0x00, 0x51, 0x00, 0x05, 0x00, 0x07, 0x00, 0x00, 0x00, 0xfc, 0x3e, 0x00, 0x00, 0x15, 0x3f, // ..Q........>...?
	0x00, 0x00, 0x00, 0x00, 0x00, 0x00, 0xf9, 0x00, 0x02, 0x00, 0x02, 0x3f, 0x00, 0x00, 0xf8, 0x00, // ...........?....
	0x02, 0x00, 0xfd, 0x3e, 0x00, 0x00, 0x56, 0x00, 0x05, 0x00, 0x2e, 0x01, 0x00, 0x00, 0x1c, 0x3f, // ...>..V........?
	0x00, 0x00, 0x04, 0x01, 0x00, 0x00, 0x02, 0x01, 0x00, 0x00, 0x57, 0x00, 0x05, 0x00, 0x0d, 0x00, // ..........W.....
	0x00, 0x00, 0x1e, 0x3f, 0x00, 0x00, 0x1c, 0x3f, 0x00, 0x00, 0x5d, 0x3e, 0x00, 0x00, 0x51, 0x00, // ...?...?..]>..Q.
	0x05, 0x00, 0x07, 0x00, 0x00, 0x00, 0x01, 0x3f, 0x00, 0x00, 0x1e, 0x3f, 0x00, 0x00, 0x00, 0x00, // .......?...?....
	0x00, 0x00, 0xf9, 0x00, 0x02, 0x00, 0x02, 0x3f, 0x00, 0x00, 0xf8, 0x00, 0x02, 0x00, 0x02, 0x3f, // .......?.......?
	0x00, 0x00, 0xf5, 0x00, 0x09, 0x00, 0x07, 0x00, 0x00, 0x00, 0x29, 0x5f, 0x00, 0x00, 0xf4, 0x3e, // ..........)_...>
	0x00, 0x00, 0xf0, 0x3e, 0x00, 0x00, 0xfc, 0x3e, 0x00, 0x00, 0xf8, 0x3e, 0x00, 0x00, 0x01, 0x3f, // ...>...>...>...?
	0x00, 0x00, 0xfd, 0x3e, 0x00, 0x00, 0xbe, 0x00, 0x05, 0x00, 0x97, 0x01, 0x00, 0x00, 0x8c, 0x3e, // ...>...........>
	0x00, 0x00, 0x29, 0x5f, 0x00, 0x00, 0x73, 0x3e, 0x00, 0x00, 0xa9, 0x00, 0x06, 0x00, 0x07, 0x00, // ..)_..s>........
	0x00, 0x00, 0x8d, 0x3e, 0x00, 0x00, 0x8c, 0x3e, 0x00, 0x00, 0xa1, 0x01, 0x00, 0x00, 0x73, 0x01, // ...>...>......s.
	0x00, 0x00, 0xf7, 0x00, 0x03, 0x00, 0x3e, 0x3f, 0x00, 0x00, 0x00, 0x00, 0x00, 0x00, 0xfb, 0x00, // ......>?........
	0x03, 0x00, 0xcc, 0x01, 0x00, 0x00, 0x29, 0x3f, 0x00, 0x00, 0xf8, 0x00, 0x02, 0x00, 0x29, 0x3f, // ......)?......)?
	0x00, 0x00, 0xf7, 0x00, 0x03, 0x00, 0x31, 0x3f, 0x00, 0x00, 0x00, 0x00, 0x00, 0x00, 0xfa, 0x00, // ......1?........
	0x04, 0x00, 0x15, 0x33, 0x00, 0x00, 0x2c, 0x3f, 0x00, 0x00, 0x31, 0x3f, 0x00, 0x00, 0xf8, 0x00, // ...3..,?..1?....
	0x02, 0x00, 0x2c, 0x3f, 0x00, 0x00, 0x56, 0x00, 0x05, 0x00, 0x2e, 0x01, 0x00, 0x00, 0x46, 0x3f, // ..,?..V.......F?
	0x00, 0x00, 0xf8, 0x00, 0x00, 0x00, 0xf6, 0x00, 0x00, 0x00, 0x57, 0x00, 0x05, 0x00, 0x0d, 0x00, // ..........W.....
	0x00, 0x00, 0x48, 0x3f, 0x00, 0x00, 0x46, 0x3f, 0x00, 0x00, 0x61, 0x3e, 0x00, 0x00, 0x51, 0x00, // ..H?..F?..a>..Q.
	0x05, 0x00, 0x07, 0x00, 0x00, 0x00, 0x30, 0x3f, 0x00, 0x00, 0x48, 0x3f, 0x00, 0x00, 0x00, 0x00, // ......0?..H?....
	0x00, 0x00, 0xf9, 0x00, 0x02, 0x00, 0x3e, 0x3f, 0x00, 0x00, 0xf8, 0x00, 0x02, 0x00, 0x31, 0x3f, // ......>?......1?
	0x00, 0x00, 0xf7, 0x00, 0x03, 0x00, 0x39, 0x3f, 0x00, 0x00, 0x00, 0x00, 0x00, 0x00, 0xfa, 0x00, // ......9?........
	0x04, 0x00, 0x19, 0x33, 0x00, 0x00, 0x34, 0x3f, 0x00, 0x00, 0x39, 0x3f, 0x00, 0x00, 0xf8, 0x00, // ...3..4?..9?....
	0x02, 0x00, 0x34, 0x3f, 0x00, 0x00, 0x56, 0x00, 0x05, 0x00, 0x2e, 0x01, 0x00, 0x00, 0x4f, 0x3f, // ..4?..V.......O?
	0x00, 0x00, 0xfe, 0x00, 0x00, 0x00, 0xfc, 0x00, 0x00, 0x00, 0x57, 0x00, 0x05, 0x00, 0x0d, 0x00, // ..........W.....
	0x00, 0x00, 0x51, 0x3f, 0x00, 0x00, 0x4f, 0x3f, 0x00, 0x00, 0x61, 0x3e, 0x00, 0x00, 0x51, 0x00, // ..Q?..O?..a>..Q.
	0x05, 0x00, 0x07, 0x00, 0x00, 0x00, 0x38, 0x3f, 0x00, 0x00, 0x51, 0x3f, 0x00, 0x00, 0x00, 0x00, // ......8?..Q?....
	0x00, 0x00, 0xf9, 0x00, 0x02, 0x00, 0x3e, 0x3f, 0x00, 0x00, 0xf8, 0x00, 0x02, 0x00, 0x39, 0x3f, // ......>?......9?
	0x00, 0x00, 0x56, 0x00, 0x05, 0x00, 0x2e, 0x01, 0x00, 0x00, 0x58, 0x3f, 0x00, 0x00, 0x04, 0x01, // ..V.......X?....
	0x00, 0x00, 0x02, 0x01, 0x00, 0x00, 0x57, 0x00, 0x05, 0x00, 0x0d, 0x00, 0x00, 0x00, 0x5a, 0x3f, // ......W.......Z?
	0x00, 0x00, 0x58, 0x3f, 0x00, 0x00, 0x61, 0x3e, 0x00, 0x00, 0x51, 0x00, 0x05, 0x00, 0x07, 0x00, // ..X?..a>..Q.....
	0x00, 0x00, 0x3d, 0x3f, 0x00, 0x00, 0x5a, 0x3f, 0x00, 0x00, 0x00, 0x00, 0x00, 0x00, 0xf9, 0x00, // ..=?..Z?........
	0x02, 0x00, 0x3e, 0x3f, 0x00, 0x00, 0xf8, 0x00, 0x02, 0x00, 0x3e, 0x3f, 0x00, 0x00, 0xf5, 0x00, // ..>?......>?....
	0x09, 0x00, 0x07, 0x00, 0x00, 0x00, 0x2a, 0x5f, 0x00, 0x00, 0x30, 0x3f, 0x00, 0x00, 0x2c, 0x3f, // ......*_..0?..,?
	0x00, 0x00, 0x38, 0x3f, 0x00, 0x00, 0x34, 0x3f, 0x00, 0x00, 0x3d, 0x3f, 0x00, 0x00, 0x39, 0x3f, // ..8?..4?..=?..9?
	0x00, 0x00, 0xbe, 0x00, 0x05, 0x00, 0x97, 0x01, 0x00, 0x00, 0x92, 0x3e, 0x00, 0x00, 0x2a, 0x5f, // ...........>..*_
	0x00, 0x00, 0x7a, 0x3e, 0x00, 0x00, 0xa9, 0x00, 0x06, 0x00, 0x07, 0x00, 0x00, 0x00, 0x93, 0x3e, // ..z>...........>
	0x00, 0x00, 0x92, 0x3e, 0x00, 0x00, 0xa1, 0x01, 0x00, 0x00, 0x73, 0x01, 0x00, 0x00, 0xf7, 0x00, // ...>......s.....
	0x03, 0x00, 0x7a, 0x3f, 0x00, 0x00, 0x00, 0x00, 0x00, 0x00, 0xfb, 0x00, 0x03, 0x00, 0xcc, 0x01, // ..z?............
	0x00, 0x00, 0x65, 0x3f, 0x00, 0x00, 0xf8, 0x00, 0x02, 0x00, 0x65, 0x3f, 0x00, 0x00, 0xf7, 0x00, // ..e?......e?....
	0x03, 0x00, 0x6d, 0x3f, 0x00, 0x00, 0x00, 0x00, 0x00, 0x00, 0xfa, 0x00, 0x04, 0x00, 0x15, 0x33, // ..m?...........3
	0x00, 0x00, 0x68, 0x3f, 0x00, 0x00, 0x6d, 0x3f, 0x00, 0x00, 0xf8, 0x00, 0x02, 0x00, 0x68, 0x3f, // ..h?..m?......h?
	0x00, 0x00, 0x56, 0x00, 0x05, 0x00, 0x2e, 0x01, 0x00, 0x00, 0x82, 0x3f, 0x00, 0x00, 0xf8, 0x00, // ..V........?....
	0x00, 0x00, 0xf6, 0x00, 0x00, 0x00, 0x57, 0x00, 0x05, 0x00, 0x0d, 0x00, 0x00, 0x00, 0x84, 0x3f, // ......W........?
	0x00, 0x00, 0x82, 0x3f, 0x00, 0x00, 0x65, 0x3e, 0x00, 0x00, 0x51, 0x00, 0x05, 0x00, 0x07, 0x00, // ...?..e>..Q.....
	0x00, 0x00, 0x6c, 0x3f, 0x00, 0x00, 0x84, 0x3f, 0x00, 0x00, 0x00, 0x00, 0x00, 0x00, 0xf9, 0x00, // ..l?...?........
	0x02, 0x00, 0x7a, 0x3f, 0x00, 0x00, 0xf8, 0x00, 0x02, 0x00, 0x6d, 0x3f, 0x00, 0x00, 0xf7, 0x00, // ..z?......m?....
	0x03, 0x00, 0x75, 0x3f, 0x00, 0x00, 0x00, 0x00, 0x00, 0x00, 0xfa, 0x00, 0x04, 0x00, 0x19, 0x33, // ..u?...........3
	0x00, 0x00, 0x70, 0x3f, 0x00, 0x00, 0x75, 0x3f, 0x00, 0x00, 0xf8, 0x00, 0x02, 0x00, 0x70, 0x3f, // ..p?..u?......p?
	0x00, 0x00, 0x56, 0x00, 0x05, 0x00, 0x2e, 0x01, 0x00, 0x00, 0x8b, 0x3f, 0x00, 0x00, 0xfe, 0x00, // ..V........?....
	0x00, 0x00, 0xfc, 0x00, 0x00, 0x00, 0x57, 0x00, 0x05, 0x00, 0x0d, 0x00, 0x00, 0x00, 0x8d, 0x3f, // ......W........?
	0x00, 0x00, 0x8b, 0x3f, 0x00, 0x00, 0x65, 0x3e, 0x00, 0x00, 0x51, 0x00, 0x05, 0x00, 0x07, 0x00, // ...?..e>..Q.....
	0x00, 0x00, 0x74, 0x3f, 0x00, 0x00, 0x8d, 0x3f, 0x00, 0x00, 0x00, 0x00, 0x00, 0x00, 0xf9, 0x00, // ..t?...?........
	0x02, 0x00, 0x7a, 0x3f, 0x00, 0x00, 0xf8, 0x00, 0x02, 0x00, 0x75, 0x3f, 0x00, 0x00, 0x56, 0x00, // ..z?......u?..V.
	0x05, 0x00, 0x2e, 0x01, 0x00, 0x00, 0x94, 0x3f, 0x00, 0x00, 0x04, 0x01, 0x00, 0x00, 0x02, 0x01, // .......?........
	0x00, 0x00, 0x57, 0x00, 0x05, 0x00, 0x0d, 0x00, 0x00, 0x00, 0x96, 0x3f, 0x00, 0x00, 0x94, 0x3f, // ..W........?...?
	0x00, 0x00, 0x65, 0x3e, 0x00, 0x00, 0x51, 0x00, 0x05, 0x00, 0x07, 0x00, 0x00, 0x00, 0x79, 0x3f, // ..e>..Q.......y?
	0x00, 0x00, 0x96, 0x3f, 0x00, 0x00, 0x00, 0x00, 0x00, 0x00, 0xf9, 0x00, 0x02, 0x00, 0x7a, 0x3f, // ...?..........z?
	0x00, 0x00, 0xf8, 0x00, 0x02, 0x00, 0x7a, 0x3f, 0x00, 0x00, 0xf5, 0x00, 0x09, 0x00, 0x07, 0x00, // ......z?........
	0x00, 0x00, 0x2b, 0x5f, 0x00, 0x00, 0x6c, 0x3f, 0x00, 0x00, 0x68, 0x3f, 0x00, 0x00, 0x74, 0x3f, // ..+_..l?..h?..t?
	0x00, 0x00, 0x70, 0x3f, 0x00, 0x00, 0x79, 0x3f, 0x00, 0x00, 0x75, 0x3f, 0x00, 0x00, 0xbe, 0x00, // ..p?..y?..u?....
	0x05, 0x00, 0x97, 0x01, 0x00, 0x00, 0x98, 0x3e, 0x00, 0x00, 0x2b, 0x5f, 0x00, 0x00, 0x81, 0x3e, // .......>..+_...>
	0x00, 0x00, 0xa9, 0x00, 0x06, 0x00, 0x07, 0x00, 0x00, 0x00, 0x99, 0x3e, 0x00, 0x00, 0x98, 0x3e, // ...........>...>
	0x00, 0x00, 0xa1, 0x01, 0x00, 0x00, 0x73, 0x01, 0x00, 0x00, 0x51, 0x00, 0x05, 0x00, 0x07, 0x00, // ......s...Q.....
	0x00, 0x00, 0x9d, 0x3e, 0x00, 0x00, 0x53, 0x3e, 0x00, 0x00, 0x00, 0x00, 0x00, 0x00, 0x0c, 0x00, // ...>..S>........
	0x08, 0x00, 0x07, 0x00, 0x00, 0x00, 0x9c, 0x3f, 0x00, 0x00, 0x01, 0x00, 0x00, 0x00, 0x2e, 0x00, // .......?........
	0x00, 0x00, 0x87, 0x3e, 0x00, 0x00, 0x8d, 0x3e, 0x00, 0x00, 0x9d, 0x3e, 0x00, 0x00, 0x0c, 0x00, // ...>...>...>....
	0x08, 0x00, 0x07, 0x00, 0x00, 0x00, 0xa2, 0x3f, 0x00, 0x00, 0x01, 0x00, 0x00, 0x00, 0x2e, 0x00, // .......?........
	0x00, 0x00, 0x93, 0x3e, 0x00, 0x00, 0x99, 0x3e, 0x00, 0x00, 0x9d, 0x3e, 0x00, 0x00, 0x51, 0x00, // ...>...>...>..Q.
	0x05, 0x00, 0x07, 0x00, 0x00, 0x00, 0xa5, 0x3e, 0x00, 0x00, 0x53, 0x3e, 0x00, 0x00, 0x01, 0x00, // .......>..S>....
	0x00, 0x00, 0x0c, 0x00, 0x08, 0x00, 0x07, 0x00, 0x00, 0x00, 0xa8, 0x3f, 0x00, 0x00, 0x01, 0x00, // ...........?....
	0x00, 0x00, 0x2e, 0x00, 0x00, 0x00, 0x9c, 0x3f, 0x00, 0x00, 0xa2, 0x3f, 0x00, 0x00, 0xa5, 0x3e, // .......?...?...>
	0x00, 0x00, 0x81, 0x00, 0x05, 0x00, 0x07, 0x00, 0x00, 0x00, 0x5a, 0x35, 0x00, 0x00, 0x49, 0x35, // ..........Z5..I5
	0x00, 0x00, 0xa8, 0x3f, 0x00, 0x00, 0x8e, 0x00, 0x05, 0x00, 0x0b, 0x00, 0x00, 0x00, 0x5d, 0x35, // ...?..........]5
	0x00, 0x00, 0x91, 0x03, 0x00, 0x00, 0xf4, 0x34, 0x00, 0x00, 0x81, 0x00, 0x05, 0x00, 0x0b, 0x00, // .......4........
	0x00, 0x00, 0x60, 0x35, 0x00, 0x00, 0x25, 0x5d, 0x00, 0x00, 0x5d, 0x35, 0x00, 0x00, 0x94, 0x00, // ..`5..%]..]5....
	0x05, 0x00, 0x07, 0x00, 0x00, 0x00, 0x64, 0x35, 0x00, 0x00, 0xbf, 0x5e, 0x00, 0x00, 0x5d, 0x35, // ......d5...^..]5
	0x00, 0x00, 0x81, 0x00, 0x05, 0x00, 0x07, 0x00, 0x00, 0x00, 0x65, 0x35, 0x00, 0x00, 0xfe, 0x33, // ..........e5...3
	0x00, 0x00, 0x64, 0x35, 0x00, 0x00, 0x88, 0x00, 0x05, 0x00, 0x0b, 0x00, 0x00, 0x00, 0xcf, 0x3f, // ..d5...........?
	0x00, 0x00, 0x60, 0x35, 0x00, 0x00, 0x3f, 0x38, 0x00, 0x00, 0x83, 0x00, 0x05, 0x00, 0x0b, 0x00, // ..`5..?8........
	0x00, 0x00, 0xd1, 0x3f, 0x00, 0x00, 0xcf, 0x3f, 0x00, 0x00, 0xa4, 0x5d, 0x00, 0x00, 0x0c, 0x00, // ...?...?...]....
	0x06, 0x00, 0x0b, 0x00, 0x00, 0x00, 0xd3, 0x3f, 0x00, 0x00, 0x01, 0x00, 0x00, 0x00, 0x08, 0x00, // .......?........
	0x00, 0x00, 0xd1, 0x3f, 0x00, 0x00, 0x83, 0x00, 0x05, 0x00, 0x0b, 0x00, 0x00, 0x00, 0xd6, 0x3f, // ...?...........?
	0x00, 0x00, 0xd1, 0x3f, 0x00, 0x00, 0xd3, 0x3f, 0x00, 0x00, 0x81, 0x00, 0x05, 0x00, 0x0b, 0x00, // ...?...?........
	0x00, 0x00, 0xd9, 0x3f, 0x00, 0x00, 0xd3, 0x3f, 0x00, 0x00, 0xa4, 0x5d, 0x00, 0x00, 0x8e, 0x00, // ...?...?...]....
	0x05, 0x00, 0x0b, 0x00, 0x00, 0x00, 0xdb, 0x3f, 0x00, 0x00, 0xd9, 0x3f, 0x00, 0x00, 0xf5, 0x33, // .......?...?...3
	0x00, 0x00, 0x81, 0x00, 0x05, 0x00, 0x0b, 0x00, 0x00, 0x00, 0xe0, 0x3f, 0x00, 0x00, 0xdb, 0x3f, // ...........?...?
	0x00, 0x00, 0x50, 0x38, 0x00, 0x00, 0x81, 0x00, 0x05, 0x00, 0x0b, 0x00, 0x00, 0x00, 0xe4, 0x3f, // ..P8...........?
	0x00, 0x00, 0xdb, 0x3f, 0x00, 0x00, 0x54, 0x38, 0x00, 0x00, 0x81, 0x00, 0x05, 0x00, 0x0b, 0x00, // ...?..T8........
	0x00, 0x00, 0xe8, 0x3f, 0x00, 0x00, 0xdb, 0x3f, 0x00, 0x00, 0x3f, 0x38, 0x00, 0x00, 0x83, 0x00, // ...?...?..?8....
	0x05, 0x00, 0x0b, 0x00, 0x00, 0x00, 0xed, 0x3f, 0x00, 0x00, 0xdb, 0x3f, 0x00, 0x00, 0x60, 0x35, // .......?...?..`5
	0x00, 0x00, 0x94, 0x00, 0x05, 0x00, 0x07, 0x00, 0x00, 0x00, 0xee, 0x3f, 0x00, 0x00, 0xbf, 0x5e, // ...........?...^
	0x00, 0x00, 0xed, 0x3f, 0x00, 0x00, 0x81, 0x00, 0x05, 0x00, 0x07, 0x00, 0x00, 0x00, 0xef, 0x3f, // ...?...........?
	0x00, 0x00, 0x65, 0x35, 0x00, 0x00, 0xee, 0x3f, 0x00, 0x00, 0x83, 0x00, 0x05, 0x00, 0x0b, 0x00, // ..e5...?........
	0x00, 0x00, 0xf4, 0x3f, 0x00, 0x00, 0xe0, 0x3f, 0x00, 0x00, 0x60, 0x35, 0x00, 0x00, 0x94, 0x00, // ...?...?..`5....
	0x05, 0x00, 0x07, 0x00, 0x00, 0x00, 0xf5, 0x3f, 0x00, 0x00, 0xbf, 0x5e, 0x00, 0x00, 0xf4, 0x3f, // .......?...^...?
	0x00, 0x00, 0x81, 0x00, 0x05, 0x00, 0x07, 0x00, 0x00, 0x00, 0xf6, 0x3f, 0x00, 0x00, 0x65, 0x35, // ...........?..e5
	0x00, 0x00, 0xf5, 0x3f, 0x00, 0x00, 0x83, 0x00, 0x05, 0x00, 0x0b, 0x00, 0x00, 0x00, 0xfb, 0x3f, // ...?...........?
	0x00, 0x00, 0xe4, 0x3f, 0x00, 0x00, 0x60, 0x35, 0x00, 0x00, 0x94, 0x00, 0x05, 0x00, 0x07, 0x00, // ...?..`5........
	0x00, 0x00, 0xfc, 0x3f, 0x00, 0x00, 0xbf, 0x5e, 0x00, 0x00, 0xfb, 0x3f, 0x00, 0x00, 0x81, 0x00, // ...?...^...?....
	0x05, 0x00, 0x07, 0x00, 0x00, 0x00, 0xfd, 0x3f, 0x00, 0x00, 0x65, 0x35, 0x00, 0x00, 0xfc, 0x3f, // .......?..e5...?
	0x00, 0x00, 0x83, 0x00, 0x05, 0x00, 0x0b, 0x00, 0x00, 0x00, 0x02, 0x40, 0x00, 0x00, 0xe8, 0x3f, // ...........@...?
	0x00, 0x00, 0x60, 0x35, 0x00, 0x00, 0x94, 0x00, 0x05, 0x00, 0x07, 0x00, 0x00, 0x00, 0x03, 0x40, // ..`5...........@
	0x00, 0x00, 0xbf, 0x5e, 0x00, 0x00, 0x02, 0x40, 0x00, 0x00, 0x81, 0x00, 0x05, 0x00, 0x07, 0x00, // ...^...@........
	0x00, 0x00, 0x04, 0x40, 0x00, 0x00, 0x65, 0x35, 0x00, 0x00, 0x03, 0x40, 0x00, 0x00, 0xf7, 0x00, // ...@..e5...@....
	0x03, 0x00, 0x49, 0x40, 0x00, 0x00, 0x00, 0x00, 0x00, 0x00, 0xfb, 0x00, 0x03, 0x00, 0xcc, 0x01, // ..I@............
	0x00, 0x00, 0x34, 0x40, 0x00, 0x00, 0xf8, 0x00, 0x02, 0x00, 0x34, 0x40, 0x00, 0x00, 0xf7, 0x00, // ..4@......4@....
	0x03, 0x00, 0x3c, 0x40, 0x00, 0x00, 0x00, 0x00, 0x00, 0x00, 0xfa, 0x00, 0x04, 0x00, 0x15, 0x33, // ..<@...........3
	0x00, 0x00, 0x37, 0x40, 0x00, 0x00, 0x3c, 0x40, 0x00, 0x00, 0xf8, 0x00, 0x02, 0x00, 0x37, 0x40, // ..7@..<@......7@
	0x00, 0x00, 0x56, 0x00, 0x05, 0x00, 0x2e, 0x01, 0x00, 0x00, 0x51, 0x40, 0x00, 0x00, 0xf8, 0x00, // ..V.......Q@....
	0x00, 0x00, 0xf6, 0x00, 0x00, 0x00, 0x57, 0x00, 0x05, 0x00, 0x0d, 0x00, 0x00, 0x00, 0x53, 0x40, // ......W.......S@
	0x00, 0x00, 0x51, 0x40, 0x00, 0x00, 0xdb, 0x3f, 0x00, 0x00, 0x51, 0x00, 0x05, 0x00, 0x07, 0x00, // ..Q@...?..Q.....
	0x00, 0x00, 0x3b, 0x40, 0x00, 0x00, 0x53, 0x40, 0x00, 0x00, 0x00, 0x00, 0x00, 0x00, 0xf9, 0x00, // ..;@..S@........
	0x02, 0x00, 0x49, 0x40, 0x00, 0x00, 0xf8, 0x00, 0x02, 0x00, 0x3c, 0x40, 0x00, 0x00, 0xf7, 0x00, // ..I@......<@....
	0x03, 0x00, 0x44, 0x40, 0x00, 0x00, 0x00, 0x00, 0x00, 0x00, 0xfa, 0x00, 0x04, 0x00, 0x19, 0x33, // ..D@...........3
	0x00, 0x00, 0x3f, 0x40, 0x00, 0x00, 0x44, 0x40, 0x00, 0x00, 0xf8, 0x00, 0x02, 0x00, 0x3f, 0x40, // ..?@..D@......?@
	0x00, 0x00, 0x56, 0x00, 0x05, 0x00, 0x2e, 0x01, 0x00, 0x00, 0x5a, 0x40, 0x00, 0x00, 0xfe, 0x00, // ..V.......Z@....
	0x00, 0x00, 0xfc, 0x00, 0x00, 0x00, 0x57, 0x00, 0x05, 0x00, 0x0d, 0x00, 0x00, 0x00, 0x5c, 0x40, // ......W........@
	0x00, 0x00, 0x5a, 0x40, 0x00, 0x00, 0xdb, 0x3f, 0x00, 0x00, 0x51, 0x00, 0x05, 0x00, 0x07, 0x00, // ..Z@...?..Q.....
	0x00, 0x00, 0x43, 0x40, 0x00, 0x00, 0x5c, 0x40, 0x00, 0x00, 0x00, 0x00, 0x00, 0x00, 0xf9, 0x00, // ..C@...@........
	0x02, 0x00, 0x49, 0x40, 0x00, 0x00, 0xf8, 0x00, 0x02, 0x00, 0x44, 0x40, 0x00, 0x00, 0x56, 0x00, // ..I@......D@..V.
	0x05, 0x00, 0x2e, 0x01, 0x00, 0x00, 0x63, 0x40, 0x00, 0x00, 0x04, 0x01, 0x00, 0x00, 0x02, 0x01, // ......c@........
	0x00, 0x00, 0x57, 0x00, 0x05, 0x00, 0x0d, 0x00, 0x00, 0x00, 0x65, 0x40, 0x00, 0x00, 0x63, 0x40, // ..W.......e@..c@
	0x00, 0x00, 0xdb, 0x3f, 0x00, 0x00, 0x51, 0x00, 0x05, 0x00, 0x07, 0x00, 0x00, 0x00, 0x48, 0x40, // ...?..Q.......H@
	0x00, 0x00, 0x65, 0x40, 0x00, 0x00, 0x00, 0x00, 0x00, 0x00, 0xf9, 0x00, 0x02, 0x00, 0x49, 0x40, // ..e@..........I@
	0x00, 0x00, 0xf8, 0x00, 0x02, 0x00, 0x49, 0x40, 0x00, 0x00, 0xf5, 0x00, 0x09, 0x00, 0x07, 0x00, // ......I@........
	0x00, 0x00, 0x34, 0x5f, 0x00, 0x00, 0x3b, 0x40, 0x00, 0x00, 0x37, 0x40, 0x00, 0x00, 0x43, 0x40, // ..4_..;@..7@..C@
	0x00, 0x00, 0x3f, 0x40, 0x00, 0x00, 0x48, 0x40, 0x00, 0x00, 0x44, 0x40, 0x00, 0x00, 0xbe, 0x00, // ..?@..H@..D@....
	0x05, 0x00, 0x97, 0x01, 0x00, 0x00, 0x09, 0x40, 0x00, 0x00, 0x34, 0x5f, 0x00, 0x00, 0xef, 0x3f, // .......@..4_...?
	0x00, 0x00, 0xa9, 0x00, 0x06, 0x00, 0x07, 0x00, 0x00, 0x00, 0x0a, 0x40, 0x00, 0x00, 0x09, 0x40, // ...........@...@
	0x00, 0x00, 0xa1, 0x01, 0x00, 0x00, 0x73, 0x01, 0x00, 0x00, 0xf7, 0x00, 0x03, 0x00, 0x85, 0x40, // ......s........@
	0x00, 0x00, 0x00, 0x00, 0x00, 0x00, 0xfb, 0x00, 0x03, 0x00, 0xcc, 0x01, 0x00, 0x00, 0x70, 0x40, // ..............p@
	0x00, 0x00, 0xf8, 0x00, 0x02, 0x00, 0x70, 0x40, 0x00, 0x00, 0xf7, 0x00, 0x03, 0x00, 0x78, 0x40, // ......p@......x@
	0x00, 0x00, 0x00, 0x00, 0x00, 0x00, 0xfa, 0x00, 0x04, 0x00, 0x15, 0x33, 0x00, 0x00, 0x73, 0x40, // ...........3..s@
	0x00, 0x00, 0x78, 0x40, 0x00, 0x00, 0xf8, 0x00, 0x02, 0x00, 0x73, 0x40, 0x00, 0x00, 0x56, 0x00, // ..x@......s@..V.
	0x05, 0x00, 0x2e, 0x01, 0x00, 0x00, 0x8d, 0x40, 0x00, 0x00, 0xf8, 0x00, 0x00, 0x00, 0xf6, 0x00, // .......@........
	0x00, 0x00, 0x57, 0x00, 0x05, 0x00, 0x0d, 0x00, 0x00, 0x00, 0x8f, 0x40, 0x00, 0x00, 0x8d, 0x40, // ..W........@...@
	0x00, 0x00, 0xe0, 0x3f, 0x00, 0x00, 0x51, 0x00, 0x05, 0x00, 0x07, 0x00, 0x00, 0x00, 0x77, 0x40, // ...?..Q.......w@
	0x00, 0x00, 0x8f, 0x40, 0x00, 0x00, 0x00, 0x00, 0x00, 0x00, 0xf9, 0x00, 0x02, 0x00, 0x85, 0x40, // ...@...........@
	0x00, 0x00, 0xf8, 0x00, 0x02, 0x00, 0x78, 0x40, 0x00, 0x00, 0xf7, 0x00, 0x03, 0x00, 0x80, 0x40, // ......x@.......@
	0x00, 0x00, 0x00, 0x00, 0x00, 0x00, 0xfa, 0x00, 0x04, 0x00, 0x19, 0x33, 0x00, 0x00, 0x7b, 0x40, // ...........3..{@
	0x00, 0x00, 0x80, 0x40, 0x00, 0x00, 0xf8, 0x00, 0x02, 0x00, 0x7b, 0x40, 0x00, 0x00, 0x56, 0x00, // ...@......{@..V.
	0x05, 0x00, 0x2e, 0x01, 0x00, 0x00, 0x96, 0x40, 0x00, 0x00, 0xfe, 0x00, 0x00, 0x00, 0xfc, 0x00, // .......@........
	0x00, 0x00, 0x57, 0x00, 0x05, 0x00, 0x0d, 0x00, 0x00, 0x00, 0x98, 0x40, 0x00, 0x00, 0x96, 0x40, // ..W........@...@
	0x00, 0x00, 0xe0, 0x3f, 0x00, 0x00, 0x51, 0x00, 0x05, 0x00, 0x07, 0x00, 0x00, 0x00, 0x7f, 0x40, // ...?..Q........@
	0x00, 0x00, 0x98, 0x40, 0x00, 0x00, 0x00, 0x00, 0x00, 0x00, 0xf9, 0x00, 0x02, 0x00, 0x85, 0x40, // ...@...........@
	0x00, 0x00, 0xf8, 0x00, 0x02, 0x00, 0x80, 0x40, 0x00, 0x00, 0x56, 0x00, 0x05, 0x00, 0x2e, 0x01, // .......@..V.....
	0x00, 0x00, 0x9f, 0x40, 0x00, 0x00, 0x04, 0x01, 0x00, 0x00, 0x02, 0x01, 0x00, 0x00, 0x57, 0x00, // ...@..........W.
	0x05, 0x00, 0x0d, 0x00, 0x00, 0x00, 0xa1, 0x40, 0x00, 0x00, 0x9f, 0x40, 0x00, 0x00, 0xe0, 0x3f, // .......@...@...?
	0x00, 0x00, 0x51, 0x00, 0x05, 0x00, 0x07, 0x00, 0x00, 0x00, 0x84, 0x40, 0x00, 0x00, 0xa1, 0x40, // ..Q........@...@
	0x00, 0x00, 0x00, 0x00, 0x00, 0x00, 0xf9, 0x00, 0x02, 0x00, 0x85, 0x40, 0x00, 0x00, 0xf8, 0x00, // ...........@....
	0x02, 0x00, 0x85, 0x40, 0x00, 0x00, 0xf5, 0x00, 0x09, 0x00, 0x07, 0x00, 0x00, 0x00, 0x35, 0x5f, // ...@..........5_
	0x00, 0x00, 0x77, 0x40, 0x00, 0x00, 0x73, 0x40, 0x00, 0x00, 0x7f, 0x40, 0x00, 0x00, 0x7b, 0x40, // ..w@..s@...@..{@
	0x00, 0x00, 0x84, 0x40, 0x00, 0x00, 0x80, 0x40, 0x00, 0x00, 0xbe, 0x00, 0x05, 0x00, 0x97, 0x01, // ...@...@........
	0x00, 0x00, 0x0f, 0x40, 0x00, 0x00, 0x35, 0x5f, 0x00, 0x00, 0xf6, 0x3f, 0x00, 0x00, 0xa9, 0x00, // ...@..5_...?....
	0x06, 0x00, 0x07, 0x00, 0x00, 0x00, 0x10, 0x40, 0x00, 0x00, 0x0f, 0x40, 0x00, 0x00, 0xa1, 0x01, // .......@...@....
	0x00, 0x00, 0x73, 0x01, 0x00, 0x00, 0xf7, 0x00, 0x03, 0x00, 0xc1, 0x40, 0x00, 0x00, 0x00, 0x00, // ..s........@....
	0x00, 0x00, 0xfb, 0x00, 0x03, 0x00, 0xcc, 0x01, 0x00, 0x00, 0xac, 0x40, 0x00, 0x00, 0xf8, 0x00, // ...........@....
	0x02, 0x00, 0xac, 0x40, 0x00, 0x00, 0xf7, 0x00, 0x03, 0x00, 0xb4, 0x40, 0x00, 0x00, 0x00, 0x00, // ...@.......@....
	0x00, 0x00, 0xfa, 0x00, 0x04, 0x00, 0x15, 0x33, 0x00, 0x00, 0xaf, 0x40, 0x00, 0x00, 0xb4, 0x40, // .......3...@...@
	0x00, 0x00, 0xf8, 0x00, 0x02, 0x00, 0xaf, 0x40, 0x00, 0x00, 0x56, 0x00, 0x05, 0x00, 0x2e, 0x01, // .......@..V.....
	0x00, 0x00, 0xc9, 0x40, 0x00, 0x00, 0xf8, 0x00, 0x00, 0x00, 0xf6, 0x00, 0x00, 0x00, 0x57, 0x00, // ...@..........W.
	0x05, 0x00, 0x0d, 0x00, 0x00, 0x00, 0xcb, 0x40, 0x00, 0x00, 0xc9, 0x40, 0x00, 0x00, 0xe4, 0x3f, // .......@...@...?
	0x00, 0x00, 0x51, 0x00, 0x05, 0x00, 0x07, 0x00, 0x00, 0x00, 0xb3, 0x40, 0x00, 0x00, 0xcb, 0x40, // ..Q........@...@
	0x00, 0x00, 0x00, 0x00, 0x00, 0x00, 0xf9, 0x00, 0x02, 0x00, 0xc1, 0x40, 0x00, 0x00, 0xf8, 0x00, // ...........@....
	0x02, 0x00, 0xb4, 0x40, 0x00, 0x00, 0xf7, 0x00, 0x03, 0x00, 0xbc, 0x40, 0x00, 0x00, 0x00, 0x00, // ...@.......@....
	0x00, 0x00, 0xfa, 0x00, 0x04, 0x00, 0x19, 0x33, 0x00, 0x00, 0xb7, 0x40, 0x00, 0x00, 0xbc, 0x40, // .......3...@...@
	0x00, 0x00, 0xf8, 0x00, 0x02, 0x00, 0xb7, 0x40, 0x00, 0x00, 0x56, 0x00, 0x05, 0x00, 0x2e, 0x01, // .......@..V.....
	0x00, 0x00, 0xd2, 0x40, 0x00, 0x00, 0xfe, 0x00, 0x00, 0x00, 0xfc, 0x00, 0x00, 0x00, 0x57, 0x00, // ...@..........W.
	0x05, 0x00, 0x0d, 0x00, 0x00, 0x00, 0xd4, 0x40, 0x00, 0x00, 0xd2, 0x40, 0x00, 0x00, 0xe4, 0x3f, // .......@...@...?
	0x00, 0x00, 0x51, 0x00, 0x05, 0x00, 0x07, 0x00, 0x00, 0x00, 0xbb, 0x40, 0x00, 0x00, 0xd4, 0x40, // ..Q........@...@
	0x00, 0x00, 0x00, 0x00, 0x00, 0x00, 0xf9, 0x00, 0x02, 0x00, 0xc1, 0x40, 0x00, 0x00, 0xf8, 0x00, // ...........@....
	0x02, 0x00, 0xbc, 0x40, 0x00, 0x00, 0x56, 0x00, 0x05, 0x00, 0x2e, 0x01, 0x00, 0x00, 0xdb, 0x40, // ...@..V........@
	0x00, 0x00, 0x04, 0x01, 0x00, 0x00, 0x02, 0x01, 0x00, 0x00, 0x57, 0x00, 0x05, 0x00, 0x0d, 0x00, // ..........W.....
	0x00, 0x00, 0xdd, 0x40, 0x00, 0x00, 0xdb, 0x40, 0x00, 0x00, 0xe4, 0x3f, 0x00, 0x00, 0x51, 0x00, // ...@...@...?..Q.
	0x05, 0x00, 0x07, 0x00, 0x00, 0x00, 0xc0, 0x40, 0x00, 0x00, 0xdd, 0x40, 0x00, 0x00, 0x00, 0x00, // .......@...@....
	0x00, 0x00, 0xf9, 0x00, 0x02, 0x00, 0xc1, 0x40, 0x00, 0x00, 0xf8, 0x00, 0x02, 0x00, 0xc1, 0x40, // .......@.......@
	0x00, 0x00, 0xf5, 0x00, 0x09, 0x00, 0x07, 0x00, 0x00, 0x00, 0x36, 0x5f, 0x00, 0x00, 0xb3, 0x40, // ..........6_...@
	0x00, 0x00, 0xaf, 0x40, 0x00, 0x00, 0xbb, 0x40, 0x00, 0x00, 0xb7, 0x40, 0x00, 0x00, 0xc0, 0x40, // ...@...@...@...@
	0x00, 0x00, 0xbc, 0x40, 0x00, 0x00, 0xbe, 0x00, 0x05, 0x00, 0x97, 0x01, 0x00, 0x00, 0x15, 0x40, // ...@...........@
	0x00, 0x00, 0x36, 0x5f, 0x00, 0x00, 0xfd, 0x3f, 0x00, 0x00, 0xa9, 0x00, 0x06, 0x00, 0x07, 0x00, // ..6_...?........
	0x00, 0x00, 0x16, 0x40, 0x00, 0x00, 0x15, 0x40, 0x00, 0x00, 0xa1, 0x01, 0x00, 0x00, 0x73, 0x01, // ...@...@......s.
	0x00, 0x00, 0xf7, 0x00, 0x03, 0x00, 0xfd, 0x40, 0x00, 0x00, 0x00, 0x00, 0x00, 0x00, 0xfb, 0x00, // .......@........
	0x03, 0x00, 0xcc, 0x01, 0x00, 0x00, 0xe8, 0x40, 0x00, 0x00, 0xf8, 0x00, 0x02, 0x00, 0xe8, 0x40, // .......@.......@
	0x00, 0x00, 0xf7, 0x00, 0x03, 0x00, 0xf0, 0x40, 0x00, 0x00, 0x00, 0x00, 0x00, 0x00, 0xfa, 0x00, // .......@........
	0x04, 0x00, 0x15, 0x33, 0x00, 0x00, 0xeb, 0x40, 0x00, 0x00, 0xf0, 0x40, 0x00, 0x00, 0xf8, 0x00, // ...3...@...@....
	0x02, 0x00, 0xeb, 0x40, 0x00, 0x00, 0x56, 0x00, 0x05, 0x00, 0x2e, 0x01, 0x00, 0x00, 0x05, 0x41, // ...@..V........A
	0x00, 0x00, 0xf8, 0x00, 0x00, 0x00, 0xf6, 0x00, 0x00, 0x00, 0x57, 0x00, 0x05, 0x00, 0x0d, 0x00, // ..........W.....
	0x00, 0x00, 0x07, 0x41, 0x00, 0x00, 0x05, 0x41, 0x00, 0x00, 0xe8, 0x3f, 0x00, 0x00, 0x51, 0x00, // ...A...A...?..Q.
	0x05, 0x00, 0x07, 0x00, 0x00, 0x00, 0xef, 0x40, 0x00, 0x00, 0x07, 0x41, 0x00, 0x00, 0x00, 0x00, // .......@...A....
	0x00, 0x00, 0xf9, 0x00, 0x02, 0x00, 0xfd, 0x40, 0x00, 0x00, 0xf8, 0x00, 0x02, 0x00, 0xf0, 0x40, // .......@.......@
	0x00, 0x00, 0xf7, 0x00, 0x03, 0x00, 0xf8, 0x40, 0x00, 0x00, 0x00, 0x00, 0x00, 0x00, 0xfa, 0x00, // .......@........
	0x04, 0x00, 0x19, 0x33, 0x00, 0x00, 0xf3, 0x40, 0x00, 0x00, 0xf8, 0x40, 0x00, 0x00, 0xf8, 0x00, // ...3...@...@....
	0x02, 0x00, 0xf3, 0x40, 0x00, 0x00, 0x56, 0x00, 0x05, 0x00, 0x2e, 0x01, 0x00, 0x00, 0x0e, 0x41, // ...@..V........A
	0x00, 0x00, 0xfe, 0x00, 0x00, 0x00, 0xfc, 0x00, 0x00, 0x00, 0x57, 0x00, 0x05, 0x00, 0x0d, 0x00, // ..........W.....
	0x00, 0x00, 0x10, 0x41, 0x00, 0x00, 0x0e, 0x41, 0x00, 0x00, 0xe8, 0x3f, 0x00, 0x00, 0x51, 0x00, // ...A...A...?..Q.
	0x05, 0x00, 0x07, 0x00, 0x00, 0x00, 0xf7, 0x40, 0x00, 0x00, 0x10, 0x41, 0x00, 0x00, 0x00, 0x00, // .......@...A....
	0x00, 0x00, 0xf9, 0x00, 0x02, 0x00, 0xfd, 0x40, 0x00, 0x00, 0xf8, 0x00, 0x02, 0x00, 0xf8, 0x40, // .......@.......@
	0x00, 0x00, 0x56, 0x00, 0x05, 0x00, 0x2e, 0x01, 0x00, 0x00, 0x17, 0x41, 0x00, 0x00, 0x04, 0x01, // ..V........A....
	0x00, 0x00, 0x02, 0x01, 0x00, 0x00, 0x57, 0x00, 0x05, 0x00, 0x0d, 0x00, 0x00, 0x00, 0x19, 0x41, // ......W........A
	0x00, 0x00, 0x17, 0x41, 0x00, 0x00, 0xe8, 0x3f, 0x00, 0x00, 0x51, 0x00, 0x05, 0x00, 0x07, 0x00, // ...A...?..Q.....
	0x00, 0x00, 0xfc, 0x40, 0x00, 0x00, 0x19, 0x41, 0x00, 0x00, 0x00, 0x00, 0x00, 0x00, 0xf9, 0x00, // ...@...A........
	0x02, 0x00, 0xfd, 0x40, 0x00, 0x00, 0xf8, 0x00, 0x02, 0x00, 0xfd, 0x40, 0x00, 0x00, 0xf5, 0x00, // ...@.......@....
	0x09, 0x00, 0x07, 0x00, 0x00, 0x00, 0x37, 0x5f, 0x00, 0x00, 0xef, 0x40, 0x00, 0x00, 0xeb, 0x40, // ......7_...@...@
	0x00, 0x00, 0xf7, 0x40, 0x00, 0x00, 0xf3, 0x40, 0x00, 0x00, 0xfc, 0x40, 0x00, 0x00, 0xf8, 0x40, // ...@...@...@...@
	0x00, 0x00, 0xbe, 0x00, 0x05, 0x00, 0x97, 0x01, 0x00, 0x00, 0x1b, 0x40, 0x00, 0x00, 0x37, 0x5f, // ...........@..7_
	0x00, 0x00, 0x04, 0x40, 0x00, 0x00, 0xa9, 0x00, 0x06, 0x00, 0x07, 0x00, 0x00, 0x00, 0x1c, 0x40, // ...@...........@
	0x00, 0x00, 0x1b, 0x40, 0x00, 0x00, 0xa1, 0x01, 0x00, 0x00, 0x73, 0x01, 0x00, 0x00, 0x51, 0x00, // ...@......s...Q.
	0x05, 0x00, 0x07, 0x00, 0x00, 0x00, 0x20, 0x40, 0x00, 0x00, 0xd6, 0x3f, 0x00, 0x00, 0x00, 0x00, // ...... @...?....
	0x00, 0x00, 0x0c, 0x00, 0x08, 0x00, 0x07, 0x00, 0x00, 0x00, 0x1f, 0x41, 0x00, 0x00, 0x01, 0x00, // ...........A....
	0x00, 0x00, 0x2e, 0x00, 0x00, 0x00, 0x0a, 0x40, 0x00, 0x00, 0x10, 0x40, 0x00, 0x00, 0x20, 0x40, // .......@...@.. @
	0x00, 0x00, 0x0c, 0x00, 0x08, 0x00, 0x07, 0x00, 0x00, 0x00, 0x25, 0x41, 0x00, 0x00, 0x01, 0x00, // ..........%A....
	0x00, 0x00, 0x2e, 0x00, 0x00, 0x00, 0x16, 0x40, 0x00, 0x00, 0x1c, 0x40, 0x00, 0x00, 0x20, 0x40, // .......@...@.. @
	0x00, 0x00, 0x51, 0x00, 0x05, 0x00, 0x07, 0x00, 0x00, 0x00, 0x28, 0x40, 0x00, 0x00, 0xd6, 0x3f, // ..Q.......(@...?
	0x00, 0x00, 0x01, 0x00, 0x00, 0x00, 0x0c, 0x00, 0x08, 0x00, 0x07, 0x00, 0x00, 0x00, 0x2b, 0x41, // ..............+A
	0x00, 0x00, 0x01, 0x00, 0x00, 0x00, 0x2e, 0x00, 0x00, 0x00, 0x1f, 0x41, 0x00, 0x00, 0x25, 0x41, // ...........A..%A
	0x00, 0x00, 0x28, 0x40, 0x00, 0x00, 0x81, 0x00, 0x05, 0x00, 0x07, 0x00, 0x00, 0x00, 0x6b, 0x35, // ..(@..........k5
	0x00, 0x00, 0x5a, 0x35, 0x00, 0x00, 0x2b, 0x41, 0x00, 0x00, 0x8e, 0x00, 0x05, 0x00, 0x0b, 0x00, // ..Z5..+A........
	0x00, 0x00, 0x6e, 0x35, 0x00, 0x00, 0x92, 0x03, 0x00, 0x00, 0xf4, 0x34, 0x00, 0x00, 0x81, 0x00, // ..n5.......4....
	0x05, 0x00, 0x0b, 0x00, 0x00, 0x00, 0x71, 0x35, 0x00, 0x00, 0x25, 0x5d, 0x00, 0x00, 0x6e, 0x35, // ......q5..%]..n5
	0x00, 0x00, 0x94, 0x00, 0x05, 0x00, 0x07, 0x00, 0x00, 0x00, 0x75, 0x35, 0x00, 0x00, 0xbf, 0x5e, // ..........u5...^
	0x00, 0x00, 0x6e, 0x35, 0x00, 0x00, 0x81, 0x00, 0x05, 0x00, 0x07, 0x00, 0x00, 0x00, 0x76, 0x35, // ..n5..........v5
	0x00, 0x00, 0xfe, 0x33, 0x00, 0x00, 0x75, 0x35, 0x00, 0x00, 0x88, 0x00, 0x05, 0x00, 0x0b, 0x00, // ...3..u5........
	0x00, 0x00, 0x52, 0x41, 0x00, 0x00, 0x71, 0x35, 0x00, 0x00, 0x3f, 0x38, 0x00, 0x00, 0x83, 0x00, // ..RA..q5..?8....
	0x05, 0x00, 0x0b, 0x00, 0x00, 0x00, 0x54, 0x41, 0x00, 0x00, 0x52, 0x41, 0x00, 0x00, 0xa4, 0x5d, // ......TA..RA...]
	0x00, 0x00, 0x0c, 0x00, 0x06, 0x00, 0x0b, 0x00, 0x00, 0x00, 0x56, 0x41, 0x00, 0x00, 0x01, 0x00, // ..........VA....
	0x00, 0x00, 0x08, 0x00, 0x00, 0x00, 0x54, 0x41, 0x00, 0x00, 0x83, 0x00, 0x05, 0x00, 0x0b, 0x00, // ......TA........
	0x00, 0x00, 0x59, 0x41, 0x00, 0x00, 0x54, 0x41, 0x00, 0x00, 0x56, 0x41, 0x00, 0x00, 0x81, 0x00, // ..YA..TA..VA....
	0x05, 0x00, 0x0b, 0x00, 0x00, 0x00, 0x5c, 0x41, 0x00, 0x00, 0x56, 0x41, 0x00, 0x00, 0xa4, 0x5d, // .......A..VA...]
	0x00, 0x00, 0x8e, 0x00, 0x05, 0x00, 0x0b, 0x00, 0x00, 0x00, 0x5e, 0x41, 0x00, 0x00, 0x5c, 0x41, // ..........^A...A
	0x00, 0x00, 0xf5, 0x33, 0x00, 0x00, 0x81, 0x00, 0x05, 0x00, 0x0b, 0x00, 0x00, 0x00, 0x63, 0x41, // ...3..........cA
	0x00, 0x00, 0x5e, 0x41, 0x00, 0x00, 0x50, 0x38, 0x00, 0x00, 0x81, 0x00, 0x05, 0x00, 0x0b, 0x00, // ..^A..P8........
	0x00, 0x00, 0x67, 0x41, 0x00, 0x00, 0x5e, 0x41, 0x00, 0x00, 0x54, 0x38, 0x00, 0x00, 0x81, 0x00, // ..gA..^A..T8....
	0x05, 0x00, 0x0b, 0x00, 0x00, 0x00, 0x6b, 0x41, 0x00, 0x00, 0x5e, 0x41, 0x00, 0x00, 0x3f, 0x38, // ......kA..^A..?8
	0x00, 0x00, 0x83, 0x00, 0x05, 0x00, 0x0b, 0x00, 0x00, 0x00, 0x70, 0x41, 0x00, 0x00, 0x5e, 0x41, // ..........pA..^A
	0x00, 0x00, 0x71, 0x35, 0x00, 0x00, 0x94, 0x00, 0x05, 0x00, 0x07, 0x00, 0x00, 0x00, 0x71, 0x41, // ..q5..........qA
	0x00, 0x00, 0xbf, 0x5e, 0x00, 0x00, 0x70, 0x41, 0x00, 0x00, 0x81, 0x00, 0x05, 0x00, 0x07, 0x00, // ...^..pA........
	0x00, 0x00, 0x72, 0x41, 0x00, 0x00, 0x76, 0x35, 0x00, 0x00, 0x71, 0x41, 0x00, 0x00, 0x83, 0x00, // ..rA..v5..qA....
	0x05, 0x00, 0x0b, 0x00, 0x00, 0x00, 0x77, 0x41, 0x00, 0x00, 0x63, 0x41, 0x00, 0x00, 0x71, 0x35, // ......wA..cA..q5
	0x00, 0x00, 0x94, 0x00, 0x05, 0x00, 0x07, 0x00, 0x00, 0x00, 0x78, 0x41, 0x00, 0x00, 0xbf, 0x5e, // ..........xA...^
	0x00, 0x00, 0x77, 0x41, 0x00, 0x00, 0x81, 0x00, 0x05, 0x00, 0x07, 0x00, 0x00, 0x00, 0x79, 0x41, // ..wA..........yA
	0x00, 0x00, 0x76, 0x35, 0x00, 0x00, 0x78, 0x41, 0x00, 0x00, 0x83, 0x00, 0x05, 0x00, 0x0b, 0x00, // ..v5..xA........
	0x00, 0x00, 0x7e, 0x41, 0x00, 0x00, 0x67, 0x41, 0x00, 0x00, 0x71, 0x35, 0x00, 0x00, 0x94, 0x00, // ..~A..gA..q5....
	0x05, 0x00, 0x07, 0x00, 0x00, 0x00, 0x7f, 0x41, 0x00, 0x00, 0xbf, 0x5e, 0x00, 0x00, 0x7e, 0x41, // .......A...^..~A
	0x00, 0x00, 0x81, 0x00, 0x05, 0x00, 0x07, 0x00, 0x00, 0x00, 0x80, 0x41, 0x00, 0x00, 0x76, 0x35, // ...........A..v5
	0x00, 0x00, 0x7f, 0x41, 0x00, 0x00, 0x83, 0x00, 0x05, 0x00, 0x0b, 0x00, 0x00, 0x00, 0x85, 0x41, // ...A...........A
	0x00, 0x00, 0x6b, 0x41, 0x00, 0x00, 0x71, 0x35, 0x00, 0x00, 0x94, 0x00, 0x05, 0x00, 0x07, 0x00, // ..kA..q5........
	0x00, 0x00, 0x86, 0x41, 0x00, 0x00, 0xbf, 0x5e, 0x00, 0x00, 0x85, 0x41, 0x00, 0x00, 0x81, 0x00, // ...A...^...A....
	0x05, 0x00, 0x07, 0x00, 0x00, 0x00, 0x87, 0x41, 0x00, 0x00, 0x76, 0x35, 0x00, 0x00, 0x86, 0x41, // .......A..v5...A
	0x00, 0x00, 0xf7, 0x00, 0x03, 0x00, 0xcc, 0x41, 0x00, 0x00, 0x00, 0x00, 0x00, 0x00, 0xfb, 0x00, // .......A........
	0x03, 0x00, 0xcc, 0x01, 0x00, 0x00, 0xb7, 0x41, 0x00, 0x00, 0xf8, 0x00, 0x02, 0x00, 0xb7, 0x41, // .......A.......A
	0x00, 0x00, 0xf7, 0x00, 0x03, 0x00, 0xbf, 0x41, 0x00, 0x00, 0x00, 0x00, 0x00, 0x00, 0xfa, 0x00, // .......A........
	0x04, 0x00, 0x15, 0x33, 0x00, 0x00, 0xba, 0x41, 0x00, 0x00, 0xbf, 0x41, 0x00, 0x00, 0xf8, 0x00, // ...3...A...A....
	0x02, 0x00, 0xba, 0x41, 0x00, 0x00, 0x56, 0x00, 0x05, 0x00, 0x2e, 0x01, 0x00, 0x00, 0xd4, 0x41, // ...A..V........A
	0x00, 0x00, 0xf8, 0x00, 0x00, 0x00, 0xf6, 0x00, 0x00, 0x00, 0x57, 0x00, 0x05, 0x00, 0x0d, 0x00, // ..........W.....
	0x00, 0x00, 0xd6, 0x41, 0x00, 0x00, 0xd4, 0x41, 0x00, 0x00, 0x5e, 0x41, 0x00, 0x00, 0x51, 0x00, // ...A...A..^A..Q.
	0x05, 0x00, 0x07, 0x00, 0x00, 0x00, 0xbe, 0x41, 0x00, 0x00, 0xd6, 0x41, 0x00, 0x00, 0x00, 0x00, // .......A...A....
	0x00, 0x00, 0xf9, 0x00, 0x02, 0x00, 0xcc, 0x41, 0x00, 0x00, 0xf8, 0x00, 0x02, 0x00, 0xbf, 0x41, // .......A.......A
	0x00, 0x00, 0xf7, 0x00, 0x03, 0x00, 0xc7, 0x41, 0x00, 0x00, 0x00, 0x00, 0x00, 0x00, 0xfa, 0x00, // .......A........
	0x04, 0x00, 0x19, 0x33, 0x00, 0x00, 0xc2, 0x41, 0x00, 0x00, 0xc7, 0x41, 0x00, 0x00, 0xf8, 0x00, // ...3...A...A....
	0x02, 0x00, 0xc2, 0x41, 0x00, 0x00, 0x56, 0x00, 0x05, 0x00, 0x2e, 0x01, 0x00, 0x00, 0xdd, 0x41, // ...A..V........A
	0x00, 0x00, 0xfe, 0x00, 0x00, 0x00, 0xfc, 0x00, 0x00, 0x00, 0x57, 0x00, 0x05, 0x00, 0x0d, 0x00, // ..........W.....
	0x00, 0x00, 0xdf, 0x41, 0x00, 0x00, 0xdd, 0x41, 0x00, 0x00, 0x5e, 0x41, 0x00, 0x00, 0x51, 0x00, // ...A...A..^A..Q.
	0x05, 0x00, 0x07, 0x00, 0x00, 0x00, 0xc6, 0x41, 0x00, 0x00, 0xdf, 0x41, 0x00, 0x00, 0x00, 0x00, // .......A...A....
	0x00, 0x00, 0xf9, 0x00, 0x02, 0x00, 0xcc, 0x41, 0x00, 0x00, 0xf8, 0x00, 0x02, 0x00, 0xc7, 0x41, // .......A.......A
	0x00, 0x00, 0x56, 0x00, 0x05, 0x00, 0x2e, 0x01, 0x00, 0x00, 0xe6, 0x41, 0x00, 0x00, 0x04, 0x01, // ..V........A....
	0x00, 0x00, 0x02, 0x01, 0x00, 0x00, 0x57, 0x00, 0x05, 0x00, 0x0d, 0x00, 0x00, 0x00, 0xe8, 0x41, // ......W........A
	0x00, 0x00, 0xe6, 0x41, 0x00, 0x00, 0x5e, 0x41, 0x00, 0x00, 0x51, 0x00, 0x05, 0x00, 0x07, 0x00, // ...A..^A..Q.....
	0x00, 0x00, 0xcb, 0x41, 0x00, 0x00, 0xe8, 0x41, 0x00, 0x00, 0x00, 0x00, 0x00, 0x00, 0xf9, 0x00, // ...A...A........
	0x02, 0x00, 0xcc, 0x41, 0x00, 0x00, 0xf8, 0x00, 0x02, 0x00, 0xcc, 0x41, 0x00, 0x00, 0xf5, 0x00, // ...A.......A....
	0x09, 0x00, 0x07, 0x00, 0x00, 0x00, 0x40, 0x5f, 0x00, 0x00, 0xbe, 0x41, 0x00, 0x00, 0xba, 0x41, // ......@_...A...A
	0x00, 0x00, 0xc6, 0x41, 0x00, 0x00, 0xc2, 0x41, 0x00, 0x00, 0xcb, 0x41, 0x00, 0x00, 0xc7, 0x41, // ...A...A...A...A
	0x00, 0x00, 0xbe, 0x00, 0x05, 0x00, 0x97, 0x01, 0x00, 0x00, 0x8c, 0x41, 0x00, 0x00, 0x40, 0x5f, // ...........A..@_
	0x00, 0x00, 0x72, 0x41, 0x00, 0x00, 0xa9, 0x00, 0x06, 0x00, 0x07, 0x00, 0x00, 0x00, 0x8d, 0x41, // ..rA...........A
	0x00, 0x00, 0x8c, 0x41, 0x00, 0x00, 0xa1, 0x01, 0x00, 0x00, 0x73, 0x01, 0x00, 0x00, 0xf7, 0x00, // ...A......s.....
	0x03, 0x00, 0x08, 0x42, 0x00, 0x00, 0x00, 0x00, 0x00, 0x00, 0xfb, 0x00, 0x03, 0x00, 0xcc, 0x01, // ...B............
	0x00, 0x00, 0xf3, 0x41, 0x00, 0x00, 0xf8, 0x00, 0x02, 0x00, 0xf3, 0x41, 0x00, 0x00, 0xf7, 0x00, // ...A.......A....
	0x03, 0x00, 0xfb, 0x41, 0x00, 0x00, 0x00, 0x00, 0x00, 0x00, 0xfa, 0x00, 0x04, 0x00, 0x15, 0x33, // ...A...........3
	0x00, 0x00, 0xf6, 0x41, 0x00, 0x00, 0xfb, 0x41, 0x00, 0x00, 0xf8, 0x00, 0x02, 0x00, 0xf6, 0x41, // ...A...A.......A
	0x00, 0x00, 0x56, 0x00, 0x05, 0x00, 0x2e, 0x01, 0x00, 0x00, 0x10, 0x42, 0x00, 0x00, 0xf8, 0x00, // ..V........B....
	0x00, 0x00, 0xf6, 0x00, 0x00, 0x00, 0x57, 0x00, 0x05, 0x00, 0x0d, 0x00, 0x00, 0x00, 0x12, 0x42, // ......W........B
	0x00, 0x00, 0x10, 0x42, 0x00, 0x00, 0x63, 0x41, 0x00, 0x00, 0x51, 0x00, 0x05, 0x00, 0x07, 0x00, // ...B..cA..Q.....
	0x00, 0x00, 0xfa, 0x41, 0x00, 0x00, 0x12, 0x42, 0x00, 0x00, 0x00, 0x00, 0x00, 0x00, 0xf9, 0x00, // ...A...B........
	0x02, 0x00, 0x08, 0x42, 0x00, 0x00, 0xf8, 0x00, 0x02, 0x00, 0xfb, 0x41, 0x00, 0x00, 0xf7, 0x00, // ...B.......A....
	0x03, 0x00, 0x03, 0x42, 0x00, 0x00, 0x00, 0x00, 0x00, 0x00, 0xfa, 0x00, 0x04, 0x00, 0x19, 0x33, // ...B...........3
	0x00, 0x00, 0xfe, 0x41, 0x00, 0x00, 0x03, 0x42, 0x00, 0x00, 0xf8, 0x00, 0x02, 0x00, 0xfe, 0x41, // ...A...B.......A
	0x00, 0x00, 0x56, 0x00, 0x05, 0x00, 0x2e, 0x01, 0x00, 0x00, 0x19, 0x42, 0x00, 0x00, 0xfe, 0x00, // ..V........B....
	0x00, 0x00, 0xfc, 0x00, 0x00, 0x00, 0x57, 0x00, 0x05, 0x00, 0x0d, 0x00, 0x00, 0x00, 0x1b, 0x42, // ......W........B
	0x00, 0x00, 0x19, 0x42, 0x00, 0x00, 0x63, 0x41, 0x00, 0x00, 0x51, 0x00, 0x05, 0x00, 0x07, 0x00, // ...B..cA..Q.....
	0x00, 0x00, 0x02, 0x42, 0x00, 0x00, 0x1b, 0x42, 0x00, 0x00, 0x00, 0x00, 0x00, 0x00, 0xf9, 0x00, // ...B...B........
	0x02, 0x00, 0x08, 0x42, 0x00, 0x00, 0xf8, 0x00, 0x02, 0x00, 0x03, 0x42, 0x00, 0x00, 0x56, 0x00, // ...B.......B..V.
	0x05, 0x00, 0x2e, 0x01, 0x00, 0x00, 0x22, 0x42, 0x00, 0x00, 0x04, 0x01, 0x00, 0x00, 0x02, 0x01, // ......"B........
	0x00, 0x00, 0x57, 0x00, 0x05, 0x00, 0x0d, 0x00, 0x00, 0x00, 0x24, 0x42, 0x00, 0x00, 0x22, 0x42, // ..W.......$B.."B
	0x00, 0x00, 0x63, 0x41, 0x00, 0x00, 0x51, 0x00, 0x05, 0x00, 0x07, 0x00, 0x00, 0x00, 0x07, 0x42, // ..cA..Q........B
	0x00, 0x00, 0x24, 0x42, 0x00, 0x00, 0x00, 0x00, 0x00, 0x00, 0xf9, 0x00, 0x02, 0x00, 0x08, 0x42, // ..$B...........B
	0x00, 0x00, 0xf8, 0x00, 0x02, 0x00, 0x08, 0x42, 0x00, 0x00, 0xf5, 0x00, 0x09, 0x00, 0x07, 0x00, // .......B........
	0x00, 0x00, 0x41, 0x5f, 0x00, 0x00, 0xfa, 0x41, 0x00, 0x00, 0xf6, 0x41, 0x00, 0x00, 0x02, 0x42, // ..A_...A...A...B
	0x00, 0x00, 0xfe, 0x41, 0x00, 0x00, 0x07, 0x42, 0x00, 0x00, 0x03, 0x42, 0x00, 0x00, 0xbe, 0x00, // ...A...B...B....
	0x05, 0x00, 0x97, 0x01, 0x00, 0x00, 0x92, 0x41, 0x00, 0x00, 0x41, 0x5f, 0x00, 0x00, 0x79, 0x41, // .......A..A_..yA
	0x00, 0x00, 0xa9, 0x00, 0x06, 0x00, 0x07, 0x00, 0x00, 0x00, 0x93, 0x41, 0x00, 0x00, 0x92, 0x41, // ...........A...A
	0x00, 0x00, 0xa1, 0x01, 0x00, 0x00, 0x73, 0x01, 0x00, 0x00, 0xf7, 0x00, 0x03, 0x00, 0x44, 0x42, // ......s.......DB
	0x00, 0x00, 0x00, 0x00, 0x00, 0x00, 0xfb, 0x00, 0x03, 0x00, 0xcc, 0x01, 0x00, 0x00, 0x2f, 0x42, // ............../B
	0x00, 0x00, 0xf8, 0x00, 0x02, 0x00, 0x2f, 0x42, 0x00, 0x00, 0xf7, 0x00, 0x03, 0x00, 0x37, 0x42, // ....../B......7B
	0x00, 0x00, 0x00, 0x00, 0x00, 0x00, 0xfa, 0x00, 0x04, 0x00, 0x15, 0x33, 0x00, 0x00, 0x32, 0x42, // ...........3..2B
	0x00, 0x00, 0x37, 0x42, 0x00, 0x00, 0xf8, 0x00, 0x02, 0x00, 0x32, 0x42, 0x00, 0x00, 0x56, 0x00, // ..7B......2B..V.
	0x05, 0x00, 0x2e, 0x01, 0x00, 0x00, 0x4c, 0x42, 0x00, 0x00, 0xf8, 0x00, 0x00, 0x00, 0xf6, 0x00, // ......LB........
	0x00, 0x00, 0x57, 0x00, 0x05, 0x00, 0x0d, 0x00, 0x00, 0x00, 0x4e, 0x42, 0x00, 0x00, 0x4c, 0x42, // ..W.......NB..LB
	0x00, 0x00, 0x67, 0x41, 0x00, 0x00, 0x51, 0x00, 0x05, 0x00, 0x07, 0x00, 0x00, 0x00, 0x36, 0x42, // ..gA..Q.......6B
	0x00, 0x00, 0x4e, 0x42, 0x00, 0x00, 0x00, 0x00, 0x00, 0x00, 0xf9, 0x00, 0x02, 0x00, 0x44, 0x42, // ..NB..........DB
	0x00, 0x00, 0xf8, 0x00, 0x02, 0x00, 0x37, 0x42, 0x00, 0x00, 0xf7, 0x00, 0x03, 0x00, 0x3f, 0x42, // ......7B......?B
	0x00, 0x00, 0x00, 0x00, 0x00, 0x00, 0xfa, 0x00, 0x04, 0x00, 0x19, 0x33, 0x00, 0x00, 0x3a, 0x42, // ...........3..:B
	0x00, 0x00, 0x3f, 0x42, 0x00, 0x00, 0xf8, 0x00, 0x02, 0x00, 0x3a, 0x42, 0x00, 0x00, 0x56, 0x00, // ..?B......:B..V.
	0x05, 0x00, 0x2e, 0x01, 0x00, 0x00, 0x55, 0x42, 0x00, 0x00, 0xfe, 0x00, 0x00, 0x00, 0xfc, 0x00, // ......UB........
	0x00, 0x00, 0x57, 0x00, 0x05, 0x00, 0x0d, 0x00, 0x00, 0x00, 0x57, 0x42, 0x00, 0x00, 0x55, 0x42, // ..W.......WB..UB
	0x00, 0x00, 0x67, 0x41, 0x00, 0x00, 0x51, 0x00, 0x05, 0x00, 0x07, 0x00, 0x00, 0x00, 0x3e, 0x42, // ..gA..Q.......>B
	0x00, 0x00, 0x57, 0x42, 0x00, 0x00, 0x00, 0x00, 0x00, 0x00, 0xf9, 0x00, 0x02, 0x00, 0x44, 0x42, // ..WB..........DB
	0x00, 0x00, 0xf8, 0x00, 0x02, 0x00, 0x3f, 0x42, 0x00, 0x00, 0x56, 0x00, 0x05, 0x00, 0x2e, 0x01, // ......?B..V.....
	0x00, 0x00, 0x5e, 0x42, 0x00, 0x00, 0x04, 0x01, 0x00, 0x00, 0x02, 0x01, 0x00, 0x00, 0x57, 0x00, // ..^B..........W.
	0x05, 0x00, 0x0d, 0x00, 0x00, 0x00, 0x60, 0x42, 0x00, 0x00, 0x5e, 0x42, 0x00, 0x00, 0x67, 0x41, // ......`B..^B..gA
	0x00, 0x00, 0x51, 0x00, 0x05, 0x00, 0x07, 0x00, 0x00, 0x00, 0x43, 0x42, 0x00, 0x00, 0x60, 0x42, // ..Q.......CB..`B
	0x00, 0x00, 0x00, 0x00, 0x00, 0x00, 0xf9, 0x00, 0x02, 0x00, 0x44, 0x42, 0x00, 0x00, 0xf8, 0x00, // ..........DB....
	0x02, 0x00, 0x44, 0x42, 0x00, 0x00, 0xf5, 0x00, 0x09, 0x00, 0x07, 0x00, 0x00, 0x00, 0x42, 0x5f, // ..DB..........B_
	0x00, 0x00, 0x36, 0x42, 0x00, 0x00, 0x32, 0x42, 0x00, 0x00, 0x3e, 0x42, 0x00, 0x00, 0x3a, 0x42, // ..6B..2B..>B..:B
	0x00, 0x00, 0x43, 0x42, 0x00, 0x00, 0x3f, 0x42, 0x00, 0x00, 0xbe, 0x00, 0x05, 0x00, 0x97, 0x01, // ..CB..?B........
	0x00, 0x00, 0x98, 0x41, 0x00, 0x00, 0x42, 0x5f, 0x00, 0x00, 0x80, 0x41, 0x00, 0x00, 0xa9, 0x00, // ...A..B_...A....
	0x06, 0x00, 0x07, 0x00, 0x00, 0x00, 0x99, 0x41, 0x00, 0x00, 0x98, 0x41, 0x00, 0x00, 0xa1, 0x01, // .......A...A....
	0x00, 0x00, 0x73, 0x01, 0x00, 0x00, 0xf7, 0x00, 0x03, 0x00, 0x80, 0x42, 0x00, 0x00, 0x00, 0x00, // ..s........B....
	0x00, 0x00, 0xfb, 0x00, 0x03, 0x00, 0xcc, 0x01, 0x00, 0x00, 0x6b, 0x42, 0x00, 0x00, 0xf8, 0x00, // ..........kB....
	0x02, 0x00, 0x6b, 0x42, 0x00, 0x00, 0xf7, 0x00, 0x03, 0x00, 0x73, 0x42, 0x00, 0x00, 0x00, 0x00, // ..kB......sB....
	0x00, 0x00, 0xfa, 0x00, 0x04, 0x00, 0x15, 0x33, 0x00, 0x00, 0x6e, 0x42, 0x00, 0x00, 0x73, 0x42, // .......3..nB..sB
	0x00, 0x00, 0xf8, 0x00, 0x02, 0x00, 0x6e, 0x42, 0x00, 0x00, 0x56, 0x00, 0x05, 0x00, 0x2e, 0x01, // ......nB..V.....
	0x00, 0x00, 0x88, 0x42, 0x00, 0x00, 0xf8, 0x00, 0x00, 0x00, 0xf6, 0x00, 0x00, 0x00, 0x57, 0x00, // ...B..........W.
	0x05, 0x00, 0x0d, 0x00, 0x00, 0x00, 0x8a, 0x42, 0x00, 0x00, 0x88, 0x42, 0x00, 0x00, 0x6b, 0x41, // .......B...B..kA
	0x00, 0x00, 0x51, 0x00, 0x05, 0x00, 0x07, 0x00, 0x00, 0x00, 0x72, 0x42, 0x00, 0x00, 0x8a, 0x42, // ..Q.......rB...B
	0x00, 0x00, 0x00, 0x00, 0x00, 0x00, 0xf9, 0x00, 0x02, 0x00, 0x80, 0x42, 0x00, 0x00, 0xf8, 0x00, // ...........B....
	0x02, 0x00, 0x73, 0x42, 0x00, 0x00, 0xf7, 0x00, 0x03, 0x00, 0x7b, 0x42, 0x00, 0x00, 0x00, 0x00, // ..sB......{B....
	0x00, 0x00, 0xfa, 0x00, 0x04, 0x00, 0x19, 0x33, 0x00, 0x00, 0x76, 0x42, 0x00, 0x00, 0x7b, 0x42, // .......3..vB..{B
	0x00, 0x00, 0xf8, 0x00, 0x02, 0x00, 0x76, 0x42, 0x00, 0x00, 0x56, 0x00, 0x05, 0x00, 0x2e, 0x01, // ......vB..V.....
	0x00, 0x00, 0x91, 0x42, 0x00, 0x00, 0xfe, 0x00, 0x00, 0x00, 0xfc, 0x00, 0x00, 0x00, 0x57, 0x00, // ...B..........W.
	0x05, 0x00, 0x0d, 0x00, 0x00, 0x00, 0x93, 0x42, 0x00, 0x00, 0x91, 0x42, 0x00, 0x00, 0x6b, 0x41, // .......B...B..kA
	0x00, 0x00, 0x51, 0x00, 0x05, 0x00, 0x07, 0x00, 0x00, 0x00, 0x7a, 0x42, 0x00, 0x00, 0x93, 0x42, // ..Q.......zB...B
	0x00, 0x00, 0x00, 0x00, 0x00, 0x00, 0xf9, 0x00, 0x02, 0x00, 0x80, 0x42, 0x00, 0x00, 0xf8, 0x00, // ...........B....
	0x02, 0x00, 0x7b, 0x42, 0x00, 0x00, 0x56, 0x00, 0x05, 0x00, 0x2e, 0x01, 0x00, 0x00, 0x9a, 0x42, // ..{B..V........B
	0x00, 0x00, 0x04, 0x01, 0x00, 0x00, 0x02, 0x01, 0x00, 0x00, 0x57, 0x00, 0x05, 0x00, 0x0d, 0x00, // ..........W.....
	0x00, 0x00, 0x9c, 0x42, 0x00, 0x00, 0x9a, 0x42, 0x00, 0x00, 0x6b, 0x41, 0x00, 0x00, 0x51, 0x00, // ...B...B..kA..Q.
	0x05, 0x00, 0x07, 0x00, 0x00, 0x00, 0x7f, 0x42, 0x00, 0x00, 0x9c, 0x42, 0x00, 0x00, 0x00, 0x00, // .......B...B....
	0x00, 0x00, 0xf9, 0x00, 0x02, 0x00, 0x80, 0x42, 0x00, 0x00, 0xf8, 0x00, 0x02, 0x00, 0x80, 0x42, // .......B.......B
	0x00, 0x00, 0xf5, 0x00, 0x09, 0x00, 0x07, 0x00, 0x00, 0x00, 0x43, 0x5f, 0x00, 0x00, 0x72, 0x42, // ..........C_..rB
	0x00, 0x00, 0x6e, 0x42, 0x00, 0x00, 0x7a, 0x42, 0x00, 0x00, 0x76, 0x42, 0x00, 0x00, 0x7f, 0x42, // ..nB..zB..vB...B
	0x00, 0x00, 0x7b, 0x42, 0x00, 0x00, 0xbe, 0x00, 0x05, 0x00, 0x97, 0x01, 0x00, 0x00, 0x9e, 0x41, // ..{B...........A
	0x00, 0x00, 0x43, 0x5f, 0x00, 0x00, 0x87, 0x41, 0x00, 0x00, 0xa9, 0x00, 0x06, 0x00, 0x07, 0x00, // ..C_...A........
	0x00, 0x00, 0x9f, 0x41, 0x00, 0x00, 0x9e, 0x41, 0x00, 0x00, 0xa1, 0x01, 0x00, 0x00, 0x73, 0x01, // ...A...A......s.
	0x00, 0x00, 0x51, 0x00, 0x05, 0x00, 0x07, 0x00, 0x00, 0x00, 0xa3, 0x41, 0x00, 0x00, 0x59, 0x41, // ..Q........A..YA
	0x00, 0x00, 0x00, 0x00, 0x00, 0x00, 0x0c, 0x00, 0x08, 0x00, 0x07, 0x00, 0x00, 0x00, 0xa2, 0x42, // ...............B
	0x00, 0x00, 0x01, 0x00, 0x00, 0x00, 0x2e, 0x00, 0x00, 0x00, 0x8d, 0x41, 0x00, 0x00, 0x93, 0x41, // ...........A...A
	0x00, 0x00, 0xa3, 0x41, 0x00, 0x00, 0x0c, 0x00, 0x08, 0x00, 0x07, 0x00, 0x00, 0x00, 0xa8, 0x42, // ...A...........B
	0x00, 0x00, 0x01, 0x00, 0x00, 0x00, 0x2e, 0x00, 0x00, 0x00, 0x99, 0x41, 0x00, 0x00, 0x9f, 0x41, // ...........A...A
	0x00, 0x00, 0xa3, 0x41, 0x00, 0x00, 0x51, 0x00, 0x05, 0x00, 0x07, 0x00, 0x00, 0x00, 0xab, 0x41, // ...A..Q........A
	0x00, 0x00, 0x59, 0x41, 0x00, 0x00, 0x01, 0x00, 0x00, 0x00, 0x0c, 0x00, 0x08, 0x00, 0x07, 0x00, // ..YA............
	0x00, 0x00, 0xae, 0x42, 0x00, 0x00, 0x01, 0x00, 0x00, 0x00, 0x2e, 0x00, 0x00, 0x00, 0xa2, 0x42, // ...B...........B
	0x00, 0x00, 0xa8, 0x42, 0x00, 0x00, 0xab, 0x41, 0x00, 0x00, 0x81, 0x00, 0x05, 0x00, 0x07, 0x00, // ...B...A........
	0x00, 0x00, 0x7c, 0x35, 0x00, 0x00, 0x6b, 0x35, 0x00, 0x00, 0xae, 0x42, 0x00, 0x00, 0x8e, 0x00, // ..|5..k5...B....
	0x05, 0x00, 0x0b, 0x00, 0x00, 0x00, 0x7f, 0x35, 0x00, 0x00, 0x93, 0x03, 0x00, 0x00, 0xf4, 0x34, // .......5.......4
	0x00, 0x00, 0x81, 0x00, 0x05, 0x00, 0x0b, 0x00, 0x00, 0x00, 0x82, 0x35, 0x00, 0x00, 0x25, 0x5d, // ...........5..%]
	0x00, 0x00, 0x7f, 0x35, 0x00, 0x00, 0x94, 0x00, 0x05, 0x00, 0x07, 0x00, 0x00, 0x00, 0x86, 0x35, // ...5...........5
	0x00, 0x00, 0xbf, 0x5e, 0x00, 0x00, 0x7f, 0x35, 0x00, 0x00, 0x81, 0x00, 0x05, 0x00, 0x07, 0x00, // ...^...5........
	0x00, 0x00, 0x87, 0x35, 0x00, 0x00, 0xfe, 0x33, 0x00, 0x00, 0x86, 0x35, 0x00, 0x00, 0x88, 0x00, // ...5...3...5....
	0x05, 0x00, 0x0b, 0x00, 0x00, 0x00, 0xd5, 0x42, 0x00, 0x00, 0x82, 0x35, 0x00, 0x00, 0x3f, 0x38, // .......B...5..?8
	0x00, 0x00, 0x83, 0x00, 0x05, 0x00, 0x0b, 0x00, 0x00, 0x00, 0xd7, 0x42, 0x00, 0x00, 0xd5, 0x42, // ...........B...B
	0x00, 0x00, 0xa4, 0x5d, 0x00, 0x00, 0x0c, 0x00, 0x06, 0x00, 0x0b, 0x00, 0x00, 0x00, 0xd9, 0x42, // ...]...........B
	0x00, 0x00, 0x01, 0x00, 0x00, 0x00, 0x08, 0x00, 0x00, 0x00, 0xd7, 0x42, 0x00, 0x00, 0x83, 0x00, // ...........B....
	0x05, 0x00, 0x0b, 0x00, 0x00, 0x00, 0xdc, 0x42, 0x00, 0x00, 0xd7, 0x42, 0x00, 0x00, 0xd9, 0x42, // .......B...B...B
	0x00, 0x00, 0x81, 0x00, 0x05, 0x00, 0x0b, 0x00, 0x00, 0x00, 0xdf, 0x42, 0x00, 0x00, 0xd9, 0x42, // ...........B...B
	0x00, 0x00, 0xa4, 0x5d, 0x00, 0x00, 0x8e, 0x00, 0x05, 0x00, 0x0b, 0x00, 0x00, 0x00, 0xe1, 0x42, // ...]...........B
	0x00, 0x00, 0xdf, 0x42, 0x00, 0x00, 0xf5, 0x33, 0x00, 0x00, 0x81, 0x00, 0x05, 0x00, 0x0b, 0x00, // ...B...3........
	0x00, 0x00, 0xe6, 0x42, 0x00, 0x00, 0xe1, 0x42, 0x00, 0x00, 0x50, 0x38, 0x00, 0x00, 0x81, 0x00, // ...B...B..P8....
	0x05, 0x00, 0x0b, 0x00, 0x00, 0x00, 0xea, 0x42, 0x00, 0x00, 0xe1, 0x42, 0x00, 0x00, 0x54, 0x38, // .......B...B..T8
	0x00, 0x00, 0x81, 0x00, 0x05, 0x00, 0x0b, 0x00, 0x00, 0x00, 0xee, 0x42, 0x00, 0x00, 0xe1, 0x42, // ...........B...B
	0x00, 0x00, 0x3f, 0x38, 0x00, 0x00, 0x83, 0x00, 0x05, 0x00, 0x0b, 0x00, 0x00, 0x00, 0xf3, 0x42, // ..?8...........B
	0x00, 0x00, 0xe1, 0x42, 0x00, 0x00, 0x82, 0x35, 0x00, 0x00, 0x94, 0x00, 0x05, 0x00, 0x07, 0x00, // ...B...5........
	0x00, 0x00, 0xf4, 0x42, 0x00, 0x00, 0xbf, 0x5e, 0x00, 0x00, 0xf3, 0x42, 0x00, 0x00, 0x81, 0x00, // ...B...^...B....
	0x05, 0x00, 0x07, 0x00, 0x00, 0x00, 0xf5, 0x42, 0x00, 0x00, 0x87, 0x35, 0x00, 0x00, 0xf4, 0x42, // .......B...5...B
	0x00, 0x00, 0x83, 0x00, 0x05, 0x00, 0x0b, 0x00, 0x00, 0x00, 0xfa, 0x42, 0x00, 0x00, 0xe6, 0x42, // ...........B...B
	0x00, 0x00, 0x82, 0x35, 0x00, 0x00, 0x94, 0x00, 0x05, 0x00, 0x07, 0x00, 0x00, 0x00, 0xfb, 0x42, // ...5...........B
	0x00, 0x00, 0xbf, 0x5e, 0x00, 0x00, 0xfa, 0x42, 0x00, 0x00, 0x81, 0x00, 0x05, 0x00, 0x07, 0x00, // ...^...B........
	0x00, 0x00, 0xfc, 0x42, 0x00, 0x00, 0x87, 0x35, 0x00, 0x00, 0xfb, 0x42, 0x00, 0x00, 0x83, 0x00, // ...B...5...B....
	0x05, 0x00, 0x0b, 0x00, 0x00, 0x00, 0x01, 0x43, 0x00, 0x00, 0xea, 0x42, 0x00, 0x00, 0x82, 0x35, // .......C...B...5
	0x00, 0x00, 0x94, 0x00, 0x05, 0x00, 0x07, 0x00, 0x00, 0x00, 0x02, 0x43, 0x00, 0x00, 0xbf, 0x5e, // ...........C...^
	0x00, 0x00, 0x01, 0x43, 0x00, 0x00, 0x81, 0x00, 0x05, 0x00, 0x07, 0x00, 0x00, 0x00, 0x03, 0x43, // ...C...........C
	0x00, 0x00, 0x87, 0x35, 0x00, 0x00, 0x02, 0x43, 0x00, 0x00, 0x83, 0x00, 0x05, 0x00, 0x0b, 0x00, // ...5...C........
	0x00, 0x00, 0x08, 0x43, 0x00, 0x00, 0xee, 0x42, 0x00, 0x00, 0x82, 0x35, 0x00, 0x00, 0x94, 0x00, // ...C...B...5....
	0x05, 0x00, 0x07, 0x00, 0x00, 0x00, 0x09, 0x43, 0x00, 0x00, 0xbf, 0x5e, 0x00, 0x00, 0x08, 0x43, // .......C...^...C
	0x00, 0x00, 0x81, 0x00, 0x05, 0x00, 0x07, 0x00, 0x00, 0x00, 0x0a, 0x43, 0x00, 0x00, 0x87, 0x35, // ...........C...5
	0x00, 0x00, 0x09, 0x43, 0x00, 0x00, 0xf7, 0x00, 0x03, 0x00, 0x4f, 0x43, 0x00, 0x00, 0x00, 0x00, // ...C......OC....
	0x00, 0x00, 0xfb, 0x00, 0x03, 0x00, 0xcc, 0x01, 0x00, 0x00, 0x3a, 0x43, 0x00, 0x00, 0xf8, 0x00, // ..........:C....
	0x02, 0x00, 0x3a, 0x43, 0x00, 0x00, 0xf7, 0x00, 0x03, 0x00, 0x42, 0x43, 0x00, 0x00, 0x00, 0x00, // ..:C......BC....
	0x00, 0x00, 0xfa, 0x00, 0x04, 0x00, 0x15, 0x33, 0x00, 0x00, 0x3d, 0x43, 0x00, 0x00, 0x42, 0x43, // .......3..=C..BC
	0x00, 0x00, 0xf8, 0x00, 0x02, 0x00, 0x3d, 0x43, 0x00, 0x00, 0x56, 0x00, 0x05, 0x00, 0x2e, 0x01, // ......=C..V.....
	0x00, 0x00, 0x57, 0x43, 0x00, 0x00, 0xf8, 0x00, 0x00, 0x00, 0xf6, 0x00, 0x00, 0x00, 0x57, 0x00, // ..WC..........W.
	0x05, 0x00, 0x0d, 0x00, 0x00, 0x00, 0x59, 0x43, 0x00, 0x00, 0x57, 0x43, 0x00, 0x00, 0xe1, 0x42, // ......YC..WC...B
	0x00, 0x00, 0x51, 0x00, 0x05, 0x00, 0x07, 0x00, 0x00, 0x00, 0x41, 0x43, 0x00, 0x00, 0x59, 0x43, // ..Q.......AC..YC
	0x00, 0x00, 0x00, 0x00, 0x00, 0x00, 0xf9, 0x00, 0x02, 0x00, 0x4f, 0x43, 0x00, 0x00, 0xf8, 0x00, // ..........OC....
	0x02, 0x00, 0x42, 0x43, 0x00, 0x00, 0xf7, 0x00, 0x03, 0x00, 0x4a, 0x43, 0x00, 0x00, 0x00, 0x00, // ..BC......JC....
	0x00, 0x00, 0xfa, 0x00, 0x04, 0x00, 0x19, 0x33, 0x00, 0x00, 0x45, 0x43, 0x00, 0x00, 0x4a, 0x43, // .......3..EC..JC
	0x00, 0x00, 0xf8, 0x00, 0x02, 0x00, 0x45, 0x43, 0x00, 0x00, 0x56, 0x00, 0x05, 0x00, 0x2e, 0x01, // ......EC..V.....
	0x00, 0x00, 0x60, 0x43, 0x00, 0x00, 0xfe, 0x00, 0x00, 0x00, 0xfc, 0x00, 0x00, 0x00, 0x57, 0x00, // ..`C..........W.
	0x05, 0x00, 0x0d, 0x00, 0x00, 0x00, 0x62, 0x43, 0x00, 0x00, 0x60, 0x43, 0x00, 0x00, 0xe1, 0x42, // ......bC..`C...B
	0x00, 0x00, 0x51, 0x00, 0x05, 0x00, 0x07, 0x00, 0x00, 0x00, 0x49, 0x43, 0x00, 0x00, 0x62, 0x43, // ..Q.......IC..bC
	0x00, 0x00, 0x00, 0x00, 0x00, 0x00, 0xf9, 0x00, 0x02, 0x00, 0x4f, 0x43, 0x00, 0x00, 0xf8, 0x00, // ..........OC....
	0x02, 0x00, 0x4a, 0x43, 0x00, 0x00, 0x56, 0x00, 0x05, 0x00, 0x2e, 0x01, 0x00, 0x00, 0x69, 0x43, // ..JC..V.......iC
	0x00, 0x00, 0x04, 0x01, 0x00, 0x00, 0x02, 0x01, 0x00, 0x00, 0x57, 0x00, 0x05, 0x00, 0x0d, 0x00, // ..........W.....
	0x00, 0x00, 0x6b, 0x43, 0x00, 0x00, 0x69, 0x43, 0x00, 0x00, 0xe1, 0x42, 0x00, 0x00, 0x51, 0x00, // ..kC..iC...B..Q.
	0x05, 0x00, 0x07, 0x00, 0x00, 0x00, 0x4e, 0x43, 0x00, 0x00, 0x6b, 0x43, 0x00, 0x00, 0x00, 0x00, // ......NC..kC....
	0x00, 0x00, 0xf9, 0x00, 0x02, 0x00, 0x4f, 0x43, 0x00, 0x00, 0xf8, 0x00, 0x02, 0x00, 0x4f, 0x43, // ......OC......OC
	0x00, 0x00, 0xf5, 0x00, 0x09, 0x00, 0x07, 0x00, 0x00, 0x00, 0x4c, 0x5f, 0x00, 0x00, 0x41, 0x43, // ..........L_..AC
	0x00, 0x00, 0x3d, 0x43, 0x00, 0x00, 0x49, 0x43, 0x00, 0x00, 0x45, 0x43, 0x00, 0x00, 0x4e, 0x43, // ..=C..IC..EC..NC
	0x00, 0x00, 0x4a, 0x43, 0x00, 0x00, 0xbe, 0x00, 0x05, 0x00, 0x97, 0x01, 0x00, 0x00, 0x0f, 0x43, // ..JC...........C
	0x00, 0x00, 0x4c, 0x5f, 0x00, 0x00, 0xf5, 0x42, 0x00, 0x00, 0xa9, 0x00, 0x06, 0x00, 0x07, 0x00, // ..L_...B........
	0x00, 0x00, 0x10, 0x43, 0x00, 0x00, 0x0f, 0x43, 0x00, 0x00, 0xa1, 0x01, 0x00, 0x00, 0x73, 0x01, // ...C...C......s.
	0x00, 0x00, 0xf7, 0x00, 0x03, 0x00, 0x8b, 0x43, 0x00, 0x00, 0x00, 0x00, 0x00, 0x00, 0xfb, 0x00, // .......C........
	0x03, 0x00, 0xcc, 0x01, 0x00, 0x00, 0x76, 0x43, 0x00, 0x00, 0xf8, 0x00, 0x02, 0x00, 0x76, 0x43, // ......vC......vC
	0x00, 0x00, 0xf7, 0x00, 0x03, 0x00, 0x7e, 0x43, 0x00, 0x00, 0x00, 0x00, 0x00, 0x00, 0xfa, 0x00, // ......~C........
	0x04, 0x00, 0x15, 0x33, 0x00, 0x00, 0x79, 0x43, 0x00, 0x00, 0x7e, 0x43, 0x00, 0x00, 0xf8, 0x00, // ...3..yC..~C....
	0x02, 0x00, 0x79, 0x43, 0x00, 0x00, 0x56, 0x00, 0x05, 0x00, 0x2e, 0x01, 0x00, 0x00, 0x93, 0x43, // ..yC..V........C
	0x00, 0x00, 0xf8, 0x00, 0x00, 0x00, 0xf6, 0x00, 0x00, 0x00, 0x57, 0x00, 0x05, 0x00, 0x0d, 0x00, // ..........W.....
	0x00, 0x00, 0x95, 0x43, 0x00, 0x00, 0x93, 0x43, 0x00, 0x00, 0xe6, 0x42, 0x00, 0x00, 0x51, 0x00, // ...C...C...B..Q.
	0x05, 0x00, 0x07, 0x00, 0x00, 0x00, 0x7d, 0x43, 0x00, 0x00, 0x95, 0x43, 0x00, 0x00, 0x00, 0x00, // ......}C...C....
	0x00, 0x00, 0xf9, 0x00, 0x02, 0x00, 0x8b, 0x43, 0x00, 0x00, 0xf8, 0x00, 0x02, 0x00, 0x7e, 0x43, // .......C......~C
	0x00, 0x00, 0xf7, 0x00, 0x03, 0x00, 0x86, 0x43, 0x00, 0x00, 0x00, 0x00, 0x00, 0x00, 0xfa, 0x00, // .......C........
	0x04, 0x00, 0x19, 0x33, 0x00, 0x00, 0x81, 0x43, 0x00, 0x00, 0x86, 0x43, 0x00, 0x00, 0xf8, 0x00, // ...3...C...C....
	0x02, 0x00, 0x81, 0x43, 0x00, 0x00, 0x56, 0x00, 0x05, 0x00, 0x2e, 0x01, 0x00, 0x00, 0x9c, 0x43, // ...C..V........C
	0x00, 0x00, 0xfe, 0x00, 0x00, 0x00, 0xfc, 0x00, 0x00, 0x00, 0x57, 0x00, 0x05, 0x00, 0x0d, 0x00, // ..........W.....
	0x00, 0x00, 0x9e, 0x43, 0x00, 0x00, 0x9c, 0x43, 0x00, 0x00, 0xe6, 0x42, 0x00, 0x00, 0x51, 0x00, // ...C...C...B..Q.
	0x05, 0x00, 0x07, 0x00, 0x00, 0x00, 0x85, 0x43, 0x00, 0x00, 0x9e, 0x43, 0x00, 0x00, 0x00, 0x00, // .......C...C....
	0x00, 0x00, 0xf9, 0x00, 0x02, 0x00, 0x8b, 0x43, 0x00, 0x00, 0xf8, 0x00, 0x02, 0x00, 0x86, 0x43, // .......C.......C
	0x00, 0x00, 0x56, 0x00, 0x05, 0x00, 0x2e, 0x01, 0x00, 0x00, 0xa5, 0x43, 0x00, 0x00, 0x04, 0x01, // ..V........C....
	0x00, 0x00, 0x02, 0x01, 0x00, 0x00, 0x57, 0x00, 0x05, 0x00, 0x0d, 0x00, 0x00, 0x00, 0xa7, 0x43, // ......W........C
	0x00, 0x00, 0xa5, 0x43, 0x00, 0x00, 0xe6, 0x42, 0x00, 0x00, 0x51, 0x00, 0x05, 0x00, 0x07, 0x00, // ...C...B..Q.....
	0x00, 0x00, 0x8a, 0x43, 0x00, 0x00, 0xa7, 0x43, 0x00, 0x00, 0x00, 0x00, 0x00, 0x00, 0xf9, 0x00, // ...C...C........
	0x02, 0x00, 0x8b, 0x43, 0x00, 0x00, 0xf8, 0x00, 0x02, 0x00, 0x8b, 0x43, 0x00, 0x00, 0xf5, 0x00, // ...C.......C....
	0x09, 0x00, 0x07, 0x00, 0x00, 0x00, 0x4d, 0x5f, 0x00, 0x00, 0x7d, 0x43, 0x00, 0x00, 0x79, 0x43, // ......M_..}C..yC
	0x00, 0x00, 0x85, 0x43, 0x00, 0x00, 0x81, 0x43, 0x00, 0x00, 0x8a, 0x43, 0x00, 0x00, 0x86, 0x43, // ...C...C...C...C
	0x00, 0x00, 0xbe, 0x00, 0x05, 0x00, 0x97, 0x01, 0x00, 0x00, 0x15, 0x43, 0x00, 0x00, 0x4d, 0x5f, // ...........C..M_
	0x00, 0x00, 0xfc, 0x42, 0x00, 0x00, 0xa9, 0x00, 0x06, 0x00, 0x07, 0x00, 0x00, 0x00, 0x16, 0x43, // ...B...........C
	0x00, 0x00, 0x15, 0x43, 0x00, 0x00, 0xa1, 0x01, 0x00, 0x00, 0x73, 0x01, 0x00, 0x00, 0xf7, 0x00, // ...C......s.....
	0x03, 0x00, 0xc7, 0x43, 0x00, 0x00, 0x00, 0x00, 0x00, 0x00, 0xfb, 0x00, 0x03, 0x00, 0xcc, 0x01, // ...C............
	0x00, 0x00, 0xb2, 0x43, 0x00, 0x00, 0xf8, 0x00, 0x02, 0x00, 0xb2, 0x43, 0x00, 0x00, 0xf7, 0x00, // ...C.......C....
	0x03, 0x00, 0xba, 0x43, 0x00, 0x00, 0x00, 0x00, 0x00, 0x00, 0xfa, 0x00, 0x04, 0x00, 0x15, 0x33, // ...C...........3
	0x00, 0x00, 0xb5, 0x43, 0x00, 0x00, 0xba, 0x43, 0x00, 0x00, 0xf8, 0x00, 0x02, 0x00, 0xb5, 0x43, // ...C...C.......C
	0x00, 0x00, 0x56, 0x00, 0x05, 0x00, 0x2e, 0x01, 0x00, 0x00, 0xcf, 0x43, 0x00, 0x00, 0xf8, 0x00, // ..V........C....
	0x00, 0x00, 0xf6, 0x00, 0x00, 0x00, 0x57, 0x00, 0x05, 0x00, 0x0d, 0x00, 0x00, 0x00, 0xd1, 0x43, // ......W........C
	0x00, 0x00, 0xcf, 0x43, 0x00, 0x00, 0xea, 0x42, 0x00, 0x00, 0x51, 0x00, 0x05, 0x00, 0x07, 0x00, // ...C...B..Q.....
	0x00, 0x00, 0xb9, 0x43, 0x00, 0x00, 0xd1, 0x43, 0x00, 0x00, 0x00, 0x00, 0x00, 0x00, 0xf9, 0x00, // ...C...C........
	0x02, 0x00, 0xc7, 0x43, 0x00, 0x00, 0xf8, 0x00, 0x02, 0x00, 0xba, 0x43, 0x00, 0x00, 0xf7, 0x00, // ...C.......C....
	0x03, 0x00, 0xc2, 0x43, 0x00, 0x00, 0x00, 0x00, 0x00, 0x00, 0xfa, 0x00, 0x04, 0x00, 0x19, 0x33, // ...C...........3
	0x00, 0x00, 0xbd, 0x43, 0x00, 0x00, 0xc2, 0x43, 0x00, 0x00, 0xf8, 0x00, 0x02, 0x00, 0xbd, 0x43, // ...C...C.......C
	0x00, 0x00, 0x56, 0x00, 0x05, 0x00, 0x2e, 0x01, 0x00, 0x00, 0xd8, 0x43, 0x00, 0x00, 0xfe, 0x00, // ..V........C....
	0x00, 0x00, 0xfc, 0x00, 0x00, 0x00, 0x57, 0x00, 0x05, 0x00, 0x0d, 0x00, 0x00, 0x00, 0xda, 0x43, // ......W........C
	0x00, 0x00, 0xd8, 0x43, 0x00, 0x00, 0xea, 0x42, 0x00, 0x00, 0x51, 0x00, 0x05, 0x00, 0x07, 0x00, // ...C...B..Q.....
	0x00, 0x00, 0xc1, 0x43, 0x00, 0x00, 0xda, 0x43, 0x00, 0x00, 0x00, 0x00, 0x00, 0x00, 0xf9, 0x00, // ...C...C........
	0x02, 0x00, 0xc7, 0x43, 0x00, 0x00, 0xf8, 0x00, 0x02, 0x00, 0xc2, 0x43, 0x00, 0x00, 0x56, 0x00, // ...C.......C..V.
	0x05, 0x00, 0x2e, 0x01, 0x00, 0x00, 0xe1, 0x43, 0x00, 0x00, 0x04, 0x01, 0x00, 0x00, 0x02, 0x01, // .......C........
	0x00, 0x00, 0x57, 0x00, 0x05, 0x00, 0x0d, 0x00, 0x00, 0x00, 0xe3, 0x43, 0x00, 0x00, 0xe1, 0x43, // ..W........C...C
	0x00, 0x00, 0xea, 0x42, 0x00, 0x00, 0x51, 0x00, 0x05, 0x00, 0x07, 0x00, 0x00, 0x00, 0xc6, 0x43, // ...B..Q........C
	0x00, 0x00, 0xe3, 0x43, 0x00, 0x00, 0x00, 0x00, 0x00, 0x00, 0xf9, 0x00, 0x02, 0x00, 0xc7, 0x43, // ...C...........C
	0x00, 0x00, 0xf8, 0x00, 0x02, 0x00, 0xc7, 0x43, 0x00, 0x00, 0xf5, 0x00, 0x09, 0x00, 0x07, 0x00, // .......C........
	0x00, 0x00, 0x4e, 0x5f, 0x00, 0x00, 0xb9, 0x43, 0x00, 0x00, 0xb5, 0x43, 0x00, 0x00, 0xc1, 0x43, // ..N_...C...C...C
	0x00, 0x00, 0xbd, 0x43, 0x00, 0x00, 0xc6, 0x43, 0x00, 0x00, 0xc2, 0x43, 0x00, 0x00, 0xbe, 0x00, // ...C...C...C....
	0x05, 0x00, 0x97, 0x01, 0x00, 0x00, 0x1b, 0x43, 0x00, 0x00, 0x4e, 0x5f, 0x00, 0x00, 0x03, 0x43, // .......C..N_...C
	0x00, 0x00, 0xa9, 0x00, 0x06, 0x00, 0x07, 0x00, 0x00, 0x00, 0x1c, 0x43, 0x00, 0x00, 0x1b, 0x43, // ...........C...C
	0x00, 0x00, 0xa1, 0x01, 0x00, 0x00, 0x73, 0x01, 0x00, 0x00, 0xf7, 0x00, 0x03, 0x00, 0x03, 0x44, // ......s........D
	0x00, 0x00, 0x00, 0x00, 0x00, 0x00, 0xfb, 0x00, 0x03, 0x00, 0xcc, 0x01, 0x00, 0x00, 0xee, 0x43, // ...............C
	0x00, 0x00, 0xf8, 0x00, 0x02, 0x00, 0xee, 0x43, 0x00, 0x00, 0xf7, 0x00, 0x03, 0x00, 0xf6, 0x43, // .......C.......C
	0x00, 0x00, 0x00, 0x00, 0x00, 0x00, 0xfa, 0x00, 0x04, 0x00, 0x15, 0x33, 0x00, 0x00, 0xf1, 0x43, // ...........3...C
	0x00, 0x00, 0xf6, 0x43, 0x00, 0x00, 0xf8, 0x00, 0x02, 0x00, 0xf1, 0x43, 0x00, 0x00, 0x56, 0x00, // ...C.......C..V.
	0x05, 0x00, 0x2e, 0x01, 0x00, 0x00, 0x0b, 0x44, 0x00, 0x00, 0xf8, 0x00, 0x00, 0x00, 0xf6, 0x00, // .......D........
	0x00, 0x00, 0x57, 0x00, 0x05, 0x00, 0x0d, 0x00, 0x00, 0x00, 0x0d, 0x44, 0x00, 0x00, 0x0b, 0x44, // ..W........D...D
	0x00, 0x00, 0xee, 0x42, 0x00, 0x00, 0x51, 0x00, 0x05, 0x00, 0x07, 0x00, 0x00, 0x00, 0xf5, 0x43, // ...B..Q........C
	0x00, 0x00, 0x0d, 0x44, 0x00, 0x00, 0x00, 0x00, 0x00, 0x00, 0xf9, 0x00, 0x02, 0x00, 0x03, 0x44, // ...D...........D
	0x00, 0x00, 0xf8, 0x00, 0x02, 0x00, 0xf6, 0x43, 0x00, 0x00, 0xf7, 0x00, 0x03, 0x00, 0xfe, 0x43, // .......C.......C
	0x00, 0x00, 0x00, 0x00, 0x00, 0x00, 0xfa, 0x00, 0x04, 0x00, 0x19, 0x33, 0x00, 0x00, 0xf9, 0x43, // ...........3...C
	0x00, 0x00, 0xfe, 0x43, 0x00, 0x00, 0xf8, 0x00, 0x02, 0x00, 0xf9, 0x43, 0x00, 0x00, 0x56, 0x00, // ...C.......C..V.
	0x05, 0x00, 0x2e, 0x01, 0x00, 0x00, 0x14, 0x44, 0x00, 0x00, 0xfe, 0x00, 0x00, 0x00, 0xfc, 0x00, // .......D........
	0x00, 0x00, 0x57, 0x00, 0x05, 0x00, 0x0d, 0x00, 0x00, 0x00, 0x16, 0x44, 0x00, 0x00, 0x14, 0x44, // ..W........D...D
	0x00, 0x00, 0xee, 0x42, 0x00, 0x00, 0x51, 0x00, 0x05, 0x00, 0x07, 0x00, 0x00, 0x00, 0xfd, 0x43, // ...B..Q........C
	0x00, 0x00, 0x16, 0x44, 0x00, 0x00, 0x00, 0x00, 0x00, 0x00, 0xf9, 0x00, 0x02, 0x00, 0x03, 0x44, // ...D...........D
	0x00, 0x00, 0xf8, 0x00, 0x02, 0x00, 0xfe, 0x43, 0x00, 0x00, 0x56, 0x00, 0x05, 0x00, 0x2e, 0x01, // .......C..V.....
	0x00, 0x00, 0x1d, 0x44, 0x00, 0x00, 0x04, 0x01, 0x00, 0x00, 0x02, 0x01, 0x00, 0x00, 0x57, 0x00, // ...D..........W.
	0x05, 0x00, 0x0d, 0x00, 0x00, 0x00, 0x1f, 0x44, 0x00, 0x00, 0x1d, 0x44, 0x00, 0x00, 0xee, 0x42, // .......D...D...B
	0x00, 0x00, 0x51, 0x00, 0x05, 0x00, 0x07, 0x00, 0x00, 0x00, 0x02, 0x44, 0x00, 0x00, 0x1f, 0x44, // ..Q........D...D
	0x00, 0x00, 0x00, 0x00, 0x00, 0x00, 0xf9, 0x00, 0x02, 0x00, 0x03, 0x44, 0x00, 0x00, 0xf8, 0x00, // ...........D....
	0x02, 0x00, 0x03, 0x44, 0x00, 0x00, 0xf5, 0x00, 0x09, 0x00, 0x07, 0x00, 0x00, 0x00, 0x4f, 0x5f, // ...D..........O_
	0x00, 0x00, 0xf5, 0x43, 0x00, 0x00, 0xf1, 0x43, 0x00, 0x00, 0xfd, 0x43, 0x00, 0x00, 0xf9, 0x43, // ...C...C...C...C
	0x00, 0x00, 0x02, 0x44, 0x00, 0x00, 0xfe, 0x43, 0x00, 0x00, 0xbe, 0x00, 0x05, 0x00, 0x97, 0x01, // ...D...C........
	0x00, 0x00, 0x21, 0x43, 0x00, 0x00, 0x4f, 0x5f, 0x00, 0x00, 0x0a, 0x43, 0x00, 0x00, 0xa9, 0x00, // ..!C..O_...C....
	0x06, 0x00, 0x07, 0x00, 0x00, 0x00, 0x22, 0x43, 0x00, 0x00, 0x21, 0x43, 0x00, 0x00, 0xa1, 0x01, // ......"C..!C....
	0x00, 0x00, 0x73, 0x01, 0x00, 0x00, 0x51, 0x00, 0x05, 0x00, 0x07, 0x00, 0x00, 0x00, 0x26, 0x43, // ..s...Q.......&C
	0x00, 0x00, 0xdc, 0x42, 0x00, 0x00, 0x00, 0x00, 0x00, 0x00, 0x0c, 0x00, 0x08, 0x00, 0x07, 0x00, // ...B............
	0x00, 0x00, 0x25, 0x44, 0x00, 0x00, 0x01, 0x00, 0x00, 0x00, 0x2e, 0x00, 0x00, 0x00, 0x10, 0x43, // ..%D...........C
	0x00, 0x00, 0x16, 0x43, 0x00, 0x00, 0x26, 0x43, 0x00, 0x00, 0x0c, 0x00, 0x08, 0x00, 0x07, 0x00, // ...C..&C........
	0x00, 0x00, 0x2b, 0x44, 0x00, 0x00, 0x01, 0x00, 0x00, 0x00, 0x2e, 0x00, 0x00, 0x00, 0x1c, 0x43, // ..+D...........C
	0x00, 0x00, 0x22, 0x43, 0x00, 0x00, 0x26, 0x43, 0x00, 0x00, 0x51, 0x00, 0x05, 0x00, 0x07, 0x00, // .."C..&C..Q.....
	0x00, 0x00, 0x2e, 0x43, 0x00, 0x00, 0xdc, 0x42, 0x00, 0x00, 0x01, 0x00, 0x00, 0x00, 0x0c, 0x00, // ...C...B........
	0x08, 0x00, 0x07, 0x00, 0x00, 0x00, 0x31, 0x44, 0x00, 0x00, 0x01, 0x00, 0x00, 0x00, 0x2e, 0x00, // ......1D........
	0x00, 0x00, 0x25, 0x44, 0x00, 0x00, 0x2b, 0x44, 0x00, 0x00, 0x2e, 0x43, 0x00, 0x00, 0x81, 0x00, // ..%D..+D...C....
	0x05, 0x00, 0x07, 0x00, 0x00, 0x00, 0x8d, 0x35, 0x00, 0x00, 0x7c, 0x35, 0x00, 0x00, 0x31, 0x44, // .......5..|5..1D
	0x00, 0x00, 0x8e, 0x00, 0x05, 0x00, 0x0b, 0x00, 0x00, 0x00, 0x90, 0x35, 0x00, 0x00, 0x96, 0x03, // ...........5....
	0x00, 0x00, 0xf4, 0x34, 0x00, 0x00, 0x81, 0x00, 0x05, 0x00, 0x0b, 0x00, 0x00, 0x00, 0x93, 0x35, // ...4...........5
	0x00, 0x00, 0x25, 0x5d, 0x00, 0x00, 0x90, 0x35, 0x00, 0x00, 0x94, 0x00, 0x05, 0x00, 0x07, 0x00, // ..%]...5........
	0x00, 0x00, 0x97, 0x35, 0x00, 0x00, 0xbf, 0x5e, 0x00, 0x00, 0x90, 0x35, 0x00, 0x00, 0x81, 0x00, // ...5...^...5....
	0x05, 0x00, 0x07, 0x00, 0x00, 0x00, 0x98, 0x35, 0x00, 0x00, 0xfe, 0x33, 0x00, 0x00, 0x97, 0x35, // .......5...3...5
	0x00, 0x00, 0x88, 0x00, 0x05, 0x00, 0x0b, 0x00, 0x00, 0x00, 0x58, 0x44, 0x00, 0x00, 0x93, 0x35, // ..........XD...5
	0x00, 0x00, 0x3f, 0x38, 0x00, 0x00, 0x83, 0x00, 0x05, 0x00, 0x0b, 0x00, 0x00, 0x00, 0x5a, 0x44, // ..?8..........ZD
	0x00, 0x00, 0x58, 0x44, 0x00, 0x00, 0xa4, 0x5d, 0x00, 0x00, 0x0c, 0x00, 0x06, 0x00, 0x0b, 0x00, // ..XD...]........
	0x00, 0x00, 0x5c, 0x44, 0x00, 0x00, 0x01, 0x00, 0x00, 0x00, 0x08, 0x00, 0x00, 0x00, 0x5a, 0x44, // ...D..........ZD
	0x00, 0x00, 0x83, 0x00, 0x05, 0x00, 0x0b, 0x00, 0x00, 0x00, 0x5f, 0x44, 0x00, 0x00, 0x5a, 0x44, // .........._D..ZD
	0x00, 0x00, 0x5c, 0x44, 0x00, 0x00, 0x81, 0x00, 0x05, 0x00, 0x0b, 0x00, 0x00, 0x00, 0x62, 0x44, // ...D..........bD
	0x00, 0x00, 0x5c, 0x44, 0x00, 0x00, 0xa4, 0x5d, 0x00, 0x00, 0x8e, 0x00, 0x05, 0x00, 0x0b, 0x00, // ...D...]........
	0x00, 0x00, 0x64, 0x44, 0x00, 0x00, 0x62, 0x44, 0x00, 0x00, 0xf5, 0x33, 0x00, 0x00, 0x81, 0x00, // ..dD..bD...3....
	0x05, 0x00, 0x0b, 0x00, 0x00, 0x00, 0x69, 0x44, 0x00, 0x00, 0x64, 0x44, 0x00, 0x00, 0x50, 0x38, // ......iD..dD..P8
	0x00, 0x00, 0x81, 0x00, 0x05, 0x00, 0x0b, 0x00, 0x00, 0x00, 0x6d, 0x44, 0x00, 0x00, 0x64, 0x44, // ..........mD..dD
	0x00, 0x00, 0x54, 0x38, 0x00, 0x00, 0x81, 0x00, 0x05, 0x00, 0x0b, 0x00, 0x00, 0x00, 0x71, 0x44, // ..T8..........qD
	0x00, 0x00, 0x64, 0x44, 0x00, 0x00, 0x3f, 0x38, 0x00, 0x00, 0x83, 0x00, 0x05, 0x00, 0x0b, 0x00, // ..dD..?8........
	0x00, 0x00, 0x76, 0x44, 0x00, 0x00, 0x64, 0x44, 0x00, 0x00, 0x93, 0x35, 0x00, 0x00, 0x94, 0x00, // ..vD..dD...5....
	0x05, 0x00, 0x07, 0x00, 0x00, 0x00, 0x77, 0x44, 0x00, 0x00, 0xbf, 0x5e, 0x00, 0x00, 0x76, 0x44, // ......wD...^..vD
	0x00, 0x00, 0x81, 0x00, 0x05, 0x00, 0x07, 0x00, 0x00, 0x00, 0x78, 0x44, 0x00, 0x00, 0x98, 0x35, // ..........xD...5
	0x00, 0x00, 0x77, 0x44, 0x00, 0x00, 0x83, 0x00, 0x05, 0x00, 0x0b, 0x00, 0x00, 0x00, 0x7d, 0x44, // ..wD..........}D
	0x00, 0x00, 0x69, 0x44, 0x00, 0x00, 0x93, 0x35, 0x00, 0x00, 0x94, 0x00, 0x05, 0x00, 0x07, 0x00, // ..iD...5........
	0x00, 0x00, 0x7e, 0x44, 0x00, 0x00, 0xbf, 0x5e, 0x00, 0x00, 0x7d, 0x44, 0x00, 0x00, 0x81, 0x00, // ..~D...^..}D....
	0x05, 0x00, 0x07, 0x00, 0x00, 0x00, 0x7f, 0x44, 0x00, 0x00, 0x98, 0x35, 0x00, 0x00, 0x7e, 0x44, // .......D...5..~D
	0x00, 0x00, 0x83, 0x00, 0x05, 0x00, 0x0b, 0x00, 0x00, 0x00, 0x84, 0x44, 0x00, 0x00, 0x6d, 0x44, // ...........D..mD
	0x00, 0x00, 0x93, 0x35, 0x00, 0x00, 0x94, 0x00, 0x05, 0x00, 0x07, 0x00, 0x00, 0x00, 0x85, 0x44, // ...5...........D
	0x00, 0x00, 0xbf, 0x5e, 0x00, 0x00, 0x84, 0x44, 0x00, 0x00, 0x81, 0x00, 0x05, 0x00, 0x07, 0x00, // ...^...D........
	0x00, 0x00, 0x86, 0x44, 0x00, 0x00, 0x98, 0x35, 0x00, 0x00, 0x85, 0x44, 0x00, 0x00, 0x83, 0x00, // ...D...5...D....
	0x05, 0x00, 0x0b, 0x00, 0x00, 0x00, 0x8b, 0x44, 0x00, 0x00, 0x71, 0x44, 0x00, 0x00, 0x93, 0x35, // .......D..qD...5
	0x00, 0x00, 0x94, 0x00, 0x05, 0x00, 0x07, 0x00, 0x00, 0x00, 0x8c, 0x44, 0x00, 0x00, 0xbf, 0x5e, // ...........D...^
	0x00, 0x00, 0x8b, 0x44, 0x00, 0x00, 0x81, 0x00, 0x05, 0x00, 0x07, 0x00, 0x00, 0x00, 0x8d, 0x44, // ...D...........D
	0x00, 0x00, 0x98, 0x35, 0x00, 0x00, 0x8c, 0x44, 0x00, 0x00, 0xf7, 0x00, 0x03, 0x00, 0xd2, 0x44, // ...5...D.......D
	0x00, 0x00, 0x00, 0x00, 0x00, 0x00, 0xfb, 0x00, 0x03, 0x00, 0xcc, 0x01, 0x00, 0x00, 0xbd, 0x44, // ...............D
	0x00, 0x00, 0xf8, 0x00, 0x02, 0x00, 0xbd, 0x44, 0x00, 0x00, 0xf7, 0x00, 0x03, 0x00, 0xc5, 0x44, // .......D.......D
	0x00, 0x00, 0x00, 0x00, 0x00, 0x00, 0xfa, 0x00, 0x04, 0x00, 0x15, 0x33, 0x00, 0x00, 0xc0, 0x44, // ...........3...D
	0x00, 0x00, 0xc5, 0x44, 0x00, 0x00, 0xf8, 0x00, 0x02, 0x00, 0xc0, 0x44, 0x00, 0x00, 0x56, 0x00, // ...D.......D..V.
	0x05, 0x00, 0x2e, 0x01, 0x00, 0x00, 0xda, 0x44, 0x00, 0x00, 0xf8, 0x00, 0x00, 0x00, 0xf6, 0x00, // .......D........
	0x00, 0x00, 0x57, 0x00, 0x05, 0x00, 0x0d, 0x00, 0x00, 0x00, 0xdc, 0x44, 0x00, 0x00, 0xda, 0x44, // ..W........D...D
	0x00, 0x00, 0x64, 0x44, 0x00, 0x00, 0x51, 0x00, 0x05, 0x00, 0x07, 0x00, 0x00, 0x00, 0xc4, 0x44, // ..dD..Q........D
	0x00, 0x00, 0xdc, 0x44, 0x00, 0x00, 0x00, 0x00, 0x00, 0x00, 0xf9, 0x00, 0x02, 0x00, 0xd2, 0x44, // ...D...........D
	0x00, 0x00, 0xf8, 0x00, 0x02, 0x00, 0xc5, 0x44, 0x00, 0x00, 0xf7, 0x00, 0x03, 0x00, 0xcd, 0x44, // .......D.......D
	0x00, 0x00, 0x00, 0x00, 0x00, 0x00, 0xfa, 0x00, 0x04, 0x00, 0x19, 0x33, 0x00, 0x00, 0xc8, 0x44, // ...........3...D
	0x00, 0x00, 0xcd, 0x44, 0x00, 0x00, 0xf8, 0x00, 0x02, 0x00, 0xc8, 0x44, 0x00, 0x00, 0x56, 0x00, // ...D.......D..V.
	0x05, 0x00, 0x2e, 0x01, 0x00, 0x00, 0xe3, 0x44, 0x00, 0x00, 0xfe, 0x00, 0x00, 0x00, 0xfc, 0x00, // .......D........
	0x00, 0x00, 0x57, 0x00, 0x05, 0x00, 0x0d, 0x00, 0x00, 0x00, 0xe5, 0x44, 0x00, 0x00, 0xe3, 0x44, // ..W........D...D
	0x00, 0x00, 0x64, 0x44, 0x00, 0x00, 0x51, 0x00, 0x05, 0x00, 0x07, 0x00, 0x00, 0x00, 0xcc, 0x44, // ..dD..Q........D
	0x00, 0x00, 0xe5, 0x44, 0x00, 0x00, 0x00, 0x00, 0x00, 0x00, 0xf9, 0x00, 0x02, 0x00, 0xd2, 0x44, // ...D...........D
	0x00, 0x00, 0xf8, 0x00, 0x02, 0x00, 0xcd, 0x44, 0x00, 0x00, 0x56, 0x00, 0x05, 0x00, 0x2e, 0x01, // .......D..V.....
	0x00, 0x00, 0xec, 0x44, 0x00, 0x00, 0x04, 0x01, 0x00, 0x00, 0x02, 0x01, 0x00, 0x00, 0x57, 0x00, // ...D..........W.
	0x05, 0x00, 0x0d, 0x00, 0x00, 0x00, 0xee, 0x44, 0x00, 0x00, 0xec, 0x44, 0x00, 0x00, 0x64, 0x44, // .......D...D..dD
	0x00, 0x00, 0x51, 0x00, 0x05, 0x00, 0x07, 0x00, 0x00, 0x00, 0xd1, 0x44, 0x00, 0x00, 0xee, 0x44, // ..Q........D...D
	0x00, 0x00, 0x00, 0x00, 0x00, 0x00, 0xf9, 0x00, 0x02, 0x00, 0xd2, 0x44, 0x00, 0x00, 0xf8, 0x00, // ...........D....
	0x02, 0x00, 0xd2, 0x44, 0x00, 0x00, 0xf5, 0x00, 0x09, 0x00, 0x07, 0x00, 0x00, 0x00, 0x58, 0x5f, // ...D..........X_
	0x00, 0x00, 0xc4, 0x44, 0x00, 0x00, 0xc0, 0x44, 0x00, 0x00, 0xcc, 0x44, 0x00, 0x00, 0xc8, 0x44, // ...D...D...D...D
	0x00, 0x00, 0xd1, 0x44, 0x00, 0x00, 0xcd, 0x44, 0x00, 0x00, 0xbe, 0x00, 0x05, 0x00, 0x97, 0x01, // ...D...D........
	0x00, 0x00, 0x92, 0x44, 0x00, 0x00, 0x58, 0x5f, 0x00, 0x00, 0x78, 0x44, 0x00, 0x00, 0xa9, 0x00, // ...D..X_..xD....
	0x06, 0x00, 0x07, 0x00, 0x00, 0x00, 0x93, 0x44, 0x00, 0x00, 0x92, 0x44, 0x00, 0x00, 0xa1, 0x01, // .......D...D....
	0x00, 0x00, 0x73, 0x01, 0x00, 0x00, 0xf7, 0x00, 0x03, 0x00, 0x0e, 0x45, 0x00, 0x00, 0x00, 0x00, // ..s........E....
	0x00, 0x00, 0xfb, 0x00, 0x03, 0x00, 0xcc, 0x01, 0x00, 0x00, 0xf9, 0x44, 0x00, 0x00, 0xf8, 0x00, // ...........D....
	0x02, 0x00, 0xf9, 0x44, 0x00, 0x00, 0xf7, 0x00, 0x03, 0x00, 0x01, 0x45, 0x00, 0x00, 0x00, 0x00, // ...D.......E....
	0x00, 0x00, 0xfa, 0x00, 0x04, 0x00, 0x15, 0x33, 0x00, 0x00, 0xfc, 0x44, 0x00, 0x00, 0x01, 0x45, // .......3...D...E
	0x00, 0x00, 0xf8, 0x00, 0x02, 0x00, 0xfc, 0x44, 0x00, 0x00, 0x56, 0x00, 0x05, 0x00, 0x2e, 0x01, // .......D..V.....
	0x00, 0x00, 0x16, 0x45, 0x00, 0x00, 0xf8, 0x00, 0x00, 0x00, 0xf6, 0x00, 0x00, 0x00, 0x57, 0x00, // ...E..........W.
	0x05, 0x00, 0x0d, 0x00, 0x00, 0x00, 0x18, 0x45, 0x00, 0x00, 0x16, 0x45, 0x00, 0x00, 0x69, 0x44, // .......E...E..iD
	0x00, 0x00, 0x51, 0x00, 0x05, 0x00, 0x07, 0x00, 0x00, 0x00, 0x00, 0x45, 0x00, 0x00, 0x18, 0x45, // ..Q........E...E
	0x00, 0x00, 0x00, 0x00, 0x00, 0x00, 0xf9, 0x00, 0x02, 0x00, 0x0e, 0x45, 0x00, 0x00, 0xf8, 0x00, // ...........E....
	0x02, 0x00, 0x01, 0x45, 0x00, 0x00, 0xf7, 0x00, 0x03, 0x00, 0x09, 0x45, 0x00, 0x00, 0x00, 0x00, // ...E.......E....
	0x00, 0x00, 0xfa, 0x00, 0x04, 0x00, 0x19, 0x33, 0x00, 0x00, 0x04, 0x45, 0x00, 0x00, 0x09, 0x45, // .......3...E...E
	0x00, 0x00, 0xf8, 0x00, 0x02, 0x00, 0x04, 0x45, 0x00, 0x00, 0x56, 0x00, 0x05, 0x00, 0x2e, 0x01, // .......E..V.....
	0x00, 0x00, 0x1f, 0x45, 0x00, 0x00, 0xfe, 0x00, 0x00, 0x00, 0xfc, 0x00, 0x00, 0x00, 0x57, 0x00, // ...E..........W.
	0x05, 0x00, 0x0d, 0x00, 0x00, 0x00, 0x21, 0x45, 0x00, 0x00, 0x1f, 0x45, 0x00, 0x00, 0x69, 0x44, // ......!E...E..iD
	0x00, 0x00, 0x51, 0x00, 0x05, 0x00, 0x07, 0x00, 0x00, 0x00, 0x08, 0x45, 0x00, 0x00, 0x21, 0x45, // ..Q........E..!E
	0x00, 0x00, 0x00, 0x00, 0x00, 0x00, 0xf9, 0x00, 0x02, 0x00, 0x0e, 0x45, 0x00, 0x00, 0xf8, 0x00, // ...........E....
	0x02, 0x00, 0x09, 0x45, 0x00, 0x00, 0x56, 0x00, 0x05, 0x00, 0x2e, 0x01, 0x00, 0x00, 0x28, 0x45, // ...E..V.......(E
	0x00, 0x00, 0x04, 0x01, 0x00, 0x00, 0x02, 0x01, 0x00, 0x00, 0x57, 0x00, 0x05, 0x00, 0x0d, 0x00, // ..........W.....
	0x00, 0x00, 0x2a, 0x45, 0x00, 0x00, 0x28, 0x45, 0x00, 0x00, 0x69, 0x44, 0x00, 0x00, 0x51, 0x00, // ..*E..(E..iD..Q.
	0x05, 0x00, 0x07, 0x00, 0x00, 0x00, 0x0d, 0x45, 0x00, 0x00, 0x2a, 0x45, 0x00, 0x00, 0x00, 0x00, // .......E..*E....
	0x00, 0x00, 0xf9, 0x00, 0x02, 0x00, 0x0e, 0x45, 0x00, 0x00, 0xf8, 0x00, 0x02, 0x00, 0x0e, 0x45, // .......E.......E
	0x00, 0x00, 0xf5, 0x00, 0x09, 0x00, 0x07, 0x00, 0x00, 0x00, 0x59, 0x5f, 0x00, 0x00, 0x00, 0x45, // ..........Y_...E
	0x00, 0x00, 0xfc, 0x44, 0x00, 0x00, 0x08, 0x45, 0x00, 0x00, 0x04, 0x45, 0x00, 0x00, 0x0d, 0x45, // ...D...E...E...E
	0x00, 0x00, 0x09, 0x45, 0x00, 0x00, 0xbe, 0x00, 0x05, 0x00, 0x97, 0x01, 0x00, 0x00, 0x98, 0x44, // ...E...........D
	0x00, 0x00, 0x59, 0x5f, 0x00, 0x00, 0x7f, 0x44, 0x00, 0x00, 0xa9, 0x00, 0x06, 0x00, 0x07, 0x00, // ..Y_...D........
	0x00, 0x00, 0x99, 0x44, 0x00, 0x00, 0x98, 0x44, 0x00, 0x00, 0xa1, 0x01, 0x00, 0x00, 0x73, 0x01, // ...D...D......s.
	0x00, 0x00, 0xf7, 0x00, 0x03, 0x00, 0x4a, 0x45, 0x00, 0x00, 0x00, 0x00, 0x00, 0x00, 0xfb, 0x00, // ......JE........
	0x03, 0x00, 0xcc, 0x01, 0x00, 0x00, 0x35, 0x45, 0x00, 0x00, 0xf8, 0x00, 0x02, 0x00, 0x35, 0x45, // ......5E......5E
	0x00, 0x00, 0xf7, 0x00, 0x03, 0x00, 0x3d, 0x45, 0x00, 0x00, 0x00, 0x00, 0x00, 0x00, 0xfa, 0x00, // ......=E........
	0x04, 0x00, 0x15, 0x33, 0x00, 0x00, 0x38, 0x45, 0x00, 0x00, 0x3d, 0x45, 0x00, 0x00, 0xf8, 0x00, // ...3..8E..=E....
	0x02, 0x00, 0x38, 0x45, 0x00, 0x00, 0x56, 0x00, 0x05, 0x00, 0x2e, 0x01, 0x00, 0x00, 0x52, 0x45, // ..8E..V.......RE
	0x00, 0x00, 0xf8, 0x00, 0x00, 0x00, 0xf6, 0x00, 0x00, 0x00, 0x57, 0x00, 0x05, 0x00, 0x0d, 0x00, // ..........W.....
	0x00, 0x00, 0x54, 0x45, 0x00, 0x00, 0x52, 0x45, 0x00, 0x00, 0x6d, 0x44, 0x00, 0x00, 0x51, 0x00, // ..TE..RE..mD..Q.
	0x05, 0x00, 0x07, 0x00, 0x00, 0x00, 0x3c, 0x45, 0x00, 0x00, 0x54, 0x45, 0x00, 0x00, 0x00, 0x00, // ......<E..TE....
	0x00, 0x00, 0xf9, 0x00, 0x02, 0x00, 0x4a, 0x45, 0x00, 0x00, 0xf8, 0x00, 0x02, 0x00, 0x3d, 0x45, // ......JE......=E
	0x00, 0x00, 0xf7, 0x00, 0x03, 0x00, 0x45, 0x45, 0x00, 0x00, 0x00, 0x00, 0x00, 0x00, 0xfa, 0x00, // ......EE........
	0x04, 0x00, 0x19, 0x33, 0x00, 0x00, 0x40, 0x45, 0x00, 0x00, 0x45, 0x45, 0x00, 0x00, 0xf8, 0x00, // ...3..@E..EE....
	0x02, 0x00, 0x40, 0x45, 0x00, 0x00, 0x56, 0x00, 0x05, 0x00, 0x2e, 0x01, 0x00, 0x00, 0x5b, 0x45, // ..@E..V.......[E
	0x00, 0x00, 0xfe, 0x00, 0x00, 0x00, 0xfc, 0x00, 0x00, 0x00, 0x57, 0x00, 0x05, 0x00, 0x0d, 0x00, // ..........W.....
	0x00, 0x00, 0x5d, 0x45, 0x00, 0x00, 0x5b, 0x45, 0x00, 0x00, 0x6d, 0x44, 0x00, 0x00, 0x51, 0x00, // ..]E..[E..mD..Q.
	0x05, 0x00, 0x07, 0x00, 0x00, 0x00, 0x44, 0x45, 0x00, 0x00, 0x5d, 0x45, 0x00, 0x00, 0x00, 0x00, // ......DE..]E....
	0x00, 0x00, 0xf9, 0x00, 0x02, 0x00, 0x4a, 0x45, 0x00, 0x00, 0xf8, 0x00, 0x02, 0x00, 0x45, 0x45, // ......JE......EE
	0x00, 0x00, 0x56, 0x00, 0x05, 0x00, 0x2e, 0x01, 0x00, 0x00, 0x64, 0x45, 0x00, 0x00, 0x04, 0x01, // ..V.......dE....
	0x00, 0x00, 0x02, 0x01, 0x00, 0x00, 0x57, 0x00, 0x05, 0x00, 0x0d, 0x00, 0x00, 0x00, 0x66, 0x45, // ......W.......fE
	0x00, 0x00, 0x64, 0x45, 0x00, 0x00, 0x6d, 0x44, 0x00, 0x00, 0x51, 0x00, 0x05, 0x00, 0x07, 0x00, // ..dE..mD..Q.....
	0x00, 0x00, 0x49, 0x45, 0x00, 0x00, 0x66, 0x45, 0x00, 0x00, 0x00, 0x00, 0x00, 0x00, 0xf9, 0x00, // ..IE..fE........
	0x02, 0x00, 0x4a, 0x45, 0x00, 0x00, 0xf8, 0x00, 0x02, 0x00, 0x4a, 0x45, 0x00, 0x00, 0xf5, 0x00, // ..JE......JE....
	0x09, 0x00, 0x07, 0x00, 0x00, 0x00, 0x5a, 0x5f, 0x00, 0x00, 0x3c, 0x45, 0x00, 0x00, 0x38, 0x45, // ......Z_..<E..8E
	0x00, 0x00, 0x44, 0x45, 0x00, 0x00, 0x40, 0x45, 0x00, 0x00, 0x49, 0x45, 0x00, 0x00, 0x45, 0x45, // ..DE..@E..IE..EE
	0x00, 0x00, 0xbe, 0x00, 0x05, 0x00, 0x97, 0x01, 0x00, 0x00, 0x9e, 0x44, 0x00, 0x00, 0x5a, 0x5f, // ...........D..Z_
	0x00, 0x00, 0x86, 0x44, 0x00, 0x00, 0xa9, 0x00, 0x06, 0x00, 0x07, 0x00, 0x00, 0x00, 0x9f, 0x44, // ...D...........D
	0x00, 0x00, 0x9e, 0x44, 0x00, 0x00, 0xa1, 0x01, 0x00, 0x00, 0x73, 0x01, 0x00, 0x00, 0xf7, 0x00, // ...D......s.....
	0x03, 0x00, 0x86, 0x45, 0x00, 0x00, 0x00, 0x00, 0x00, 0x00, 0xfb, 0x00, 0x03, 0x00, 0xcc, 0x01, // ...E............
	0x00, 0x00, 0x71, 0x45, 0x00, 0x00, 0xf8, 0x00, 0x02, 0x00, 0x71, 0x45, 0x00, 0x00, 0xf7, 0x00, // ..qE......qE....
	0x03, 0x00, 0x79, 0x45, 0x00, 0x00, 0x00, 0x00, 0x00, 0x00, 0xfa, 0x00, 0x04, 0x00, 0x15, 0x33, // ..yE...........3
	0x00, 0x00, 0x74, 0x45, 0x00, 0x00, 0x79, 0x45, 0x00, 0x00, 0xf8, 0x00, 0x02, 0x00, 0x74, 0x45, // ..tE..yE......tE
	0x00, 0x00, 0x56, 0x00, 0x05, 0x00, 0x2e, 0x01, 0x00, 0x00, 0x8e, 0x45, 0x00, 0x00, 0xf8, 0x00, // ..V........E....
	0x00, 0x00, 0xf6, 0x00, 0x00, 0x00, 0x57, 0x00, 0x05, 0x00, 0x0d, 0x00, 0x00, 0x00, 0x90, 0x45, // ......W........E
	0x00, 0x00, 0x8e, 0x45, 0x00, 0x00, 0x71, 0x44, 0x00, 0x00, 0x51, 0x00, 0x05, 0x00, 0x07, 0x00, // ...E..qD..Q.....
	0x00, 0x00, 0x78, 0x45, 0x00, 0x00, 0x90, 0x45, 0x00, 0x00, 0x00, 0x00, 0x00, 0x00, 0xf9, 0x00, // ..xE...E........
	0x02, 0x00, 0x86, 0x45, 0x00, 0x00, 0xf8, 0x00, 0x02, 0x00, 0x79, 0x45, 0x00, 0x00, 0xf7, 0x00, // ...E......yE....
	0x03, 0x00, 0x81, 0x45, 0x00, 0x00, 0x00, 0x00, 0x00, 0x00, 0xfa, 0x00, 0x04, 0x00, 0x19, 0x33, // ...E...........3
	0x00, 0x00, 0x7c, 0x45, 0x00, 0x00, 0x81, 0x45, 0x00, 0x00, 0xf8, 0x00, 0x02, 0x00, 0x7c, 0x45, // ..|E...E......|E
	0x00, 0x00, 0x56, 0x00, 0x05, 0x00, 0x2e, 0x01, 0x00, 0x00, 0x97, 0x45, 0x00, 0x00, 0xfe, 0x00, // ..V........E....
	0x00, 0x00, 0xfc, 0x00, 0x00, 0x00, 0x57, 0x00, 0x05, 0x00, 0x0d, 0x00, 0x00, 0x00, 0x99, 0x45, // ......W........E
	0x00, 0x00, 0x97, 0x45, 0x00, 0x00, 0x71, 0x44, 0x00, 0x00, 0x51, 0x00, 0x05, 0x00, 0x07, 0x00, // ...E..qD..Q.....
	0x00, 0x00, 0x80, 0x45, 0x00, 0x00, 0x99, 0x45, 0x00, 0x00, 0x00, 0x00, 0x00, 0x00, 0xf9, 0x00, // ...E...E........
	0x02, 0x00, 0x86, 0x45, 0x00, 0x00, 0xf8, 0x00, 0x02, 0x00, 0x81, 0x45, 0x00, 0x00, 0x56, 0x00, // ...E.......E..V.
	0x05, 0x00, 0x2e, 0x01, 0x00, 0x00, 0xa0, 0x45, 0x00, 0x00, 0x04, 0x01, 0x00, 0x00, 0x02, 0x01, // .......E........
	0x00, 0x00, 0x57, 0x00, 0x05, 0x00, 0x0d, 0x00, 0x00, 0x00, 0xa2, 0x45, 0x00, 0x00, 0xa0, 0x45, // ..W........E...E
	0x00, 0x00, 0x71, 0x44, 0x00, 0x00, 0x51, 0x00, 0x05, 0x00, 0x07, 0x00, 0x00, 0x00, 0x85, 0x45, // ..qD..Q........E
	0x00, 0x00, 0xa2, 0x45, 0x00, 0x00, 0x00, 0x00, 0x00, 0x00, 0xf9, 0x00, 0x02, 0x00, 0x86, 0x45, // ...E...........E
	0x00, 0x00, 0xf8, 0x00, 0x02, 0x00, 0x86, 0x45, 0x00, 0x00, 0xf5, 0x00, 0x09, 0x00, 0x07, 0x00, // .......E........
	0x00, 0x00, 0x5b, 0x5f, 0x00, 0x00, 0x78, 0x45, 0x00, 0x00, 0x74, 0x45, 0x00, 0x00, 0x80, 0x45, // ..[_..xE..tE...E
	0x00, 0x00, 0x7c, 0x45, 0x00, 0x00, 0x85, 0x45, 0x00, 0x00, 0x81, 0x45, 0x00, 0x00, 0xbe, 0x00, // ..|E...E...E....
	0x05, 0x00, 0x97, 0x01, 0x00, 0x00, 0xa4, 0x44, 0x00, 0x00, 0x5b, 0x5f, 0x00, 0x00, 0x8d, 0x44, // .......D..[_...D
	0x00, 0x00, 0xa9, 0x00, 0x06, 0x00, 0x07, 0x00, 0x00, 0x00, 0xa5, 0x44, 0x00, 0x00, 0xa4, 0x44, // ...........D...D
	0x00, 0x00, 0xa1, 0x01, 0x00, 0x00, 0x73, 0x01, 0x00, 0x00, 0x51, 0x00, 0x05, 0x00, 0x07, 0x00, // ......s...Q.....
	0x00, 0x00, 0xa9, 0x44, 0x00, 0x00, 0x5f, 0x44, 0x00, 0x00, 0x00, 0x00, 0x00, 0x00, 0x0c, 0x00, // ...D.._D........
	0x08, 0x00, 0x07, 0x00, 0x00, 0x00, 0xa8, 0x45, 0x00, 0x00, 0x01, 0x00, 0x00, 0x00, 0x2e, 0x00, // .......E........
	0x00, 0x00, 0x93, 0x44, 0x00, 0x00, 0x99, 0x44, 0x00, 0x00, 0xa9, 0x44, 0x00, 0x00, 0x0c, 0x00, // ...D...D...D....
	0x08, 0x00, 0x07, 0x00, 0x00, 0x00, 0xae, 0x45, 0x00, 0x00, 0x01, 0x00, 0x00, 0x00, 0x2e, 0x00, // .......E........
	0x00, 0x00, 0x9f, 0x44, 0x00, 0x00, 0xa5, 0x44, 0x00, 0x00, 0xa9, 0x44, 0x00, 0x00, 0x51, 0x00, // ...D...D...D..Q.
	0x05, 0x00, 0x07, 0x00, 0x00, 0x00, 0xb1, 0x44, 0x00, 0x00, 0x5f, 0x44, 0x00, 0x00, 0x01, 0x00, // .......D.._D....
	0x00, 0x00, 0x0c, 0x00, 0x08, 0x00, 0x07, 0x00, 0x00, 0x00, 0xb4, 0x45, 0x00, 0x00, 0x01, 0x00, // ...........E....
	0x00, 0x00, 0x2e, 0x00, 0x00, 0x00, 0xa8, 0x45, 0x00, 0x00, 0xae, 0x45, 0x00, 0x00, 0xb1, 0x44, // .......E...E...D
	0x00, 0x00, 0x81, 0x00, 0x05, 0x00, 0x07, 0x00, 0x00, 0x00, 0x9e, 0x35, 0x00, 0x00, 0x8d, 0x35, // ...........5...5
	0x00, 0x00, 0xb4, 0x45, 0x00, 0x00, 0x8e, 0x00, 0x05, 0x00, 0x0b, 0x00, 0x00, 0x00, 0xa1, 0x35, // ...E...........5
	0x00, 0x00, 0x97, 0x03, 0x00, 0x00, 0xf4, 0x34, 0x00, 0x00, 0x81, 0x00, 0x05, 0x00, 0x0b, 0x00, // .......4........
	0x00, 0x00, 0xa4, 0x35, 0x00, 0x00, 0x25, 0x5d, 0x00, 0x00, 0xa1, 0x35, 0x00, 0x00, 0x94, 0x00, // ...5..%]...5....
	0x05, 0x00, 0x07, 0x00, 0x00, 0x00, 0xa8, 0x35, 0x00, 0x00, 0xbf, 0x5e, 0x00, 0x00, 0xa1, 0x35, // .......5...^...5
	0x00, 0x00, 0x81, 0x00, 0x05, 0x00, 0x07, 0x00, 0x00, 0x00, 0xa9, 0x35, 0x00, 0x00, 0xfe, 0x33, // ...........5...3
	0x00, 0x00, 0xa8, 0x35, 0x00, 0x00, 0x88, 0x00, 0x05, 0x00, 0x0b, 0x00, 0x00, 0x00, 0xdb, 0x45, // ...5...........E
	0x00, 0x00, 0xa4, 0x35, 0x00, 0x00, 0x3f, 0x38, 0x00, 0x00, 0x83, 0x00, 0x05, 0x00, 0x0b, 0x00, // ...5..?8........
	0x00, 0x00, 0xdd, 0x45, 0x00, 0x00, 0xdb, 0x45, 0x00, 0x00, 0xa4, 0x5d, 0x00, 0x00, 0x0c, 0x00, // ...E...E...]....
	0x06, 0x00, 0x0b, 0x00, 0x00, 0x00, 0xdf, 0x45, 0x00, 0x00, 0x01, 0x00, 0x00, 0x00, 0x08, 0x00, // .......E........
	0x00, 0x00, 0xdd, 0x45, 0x00, 0x00, 0x83, 0x00, 0x05, 0x00, 0x0b, 0x00, 0x00, 0x00, 0xe2, 0x45, // ...E...........E
	0x00, 0x00, 0xdd, 0x45, 0x00, 0x00, 0xdf, 0x45, 0x00, 0x00, 0x81, 0x00, 0x05, 0x00, 0x0b, 0x00, // ...E...E........
	0x00, 0x00, 0xe5, 0x45, 0x00, 0x00, 0xdf, 0x45, 0x00, 0x00, 0xa4, 0x5d, 0x00, 0x00, 0x8e, 0x00, // ...E...E...]....
	0x05, 0x00, 0x0b, 0x00, 0x00, 0x00, 0xe7, 0x45, 0x00, 0x00, 0xe5, 0x45, 0x00, 0x00, 0xf5, 0x33, // .......E...E...3
	0x00, 0x00, 0x81, 0x00, 0x05, 0x00, 0x0b, 0x00, 0x00, 0x00, 0xec, 0x45, 0x00, 0x00, 0xe7, 0x45, // ...........E...E
	0x00, 0x00, 0x50, 0x38, 0x00, 0x00, 0x81, 0x00, 0x05, 0x00, 0x0b, 0x00, 0x00, 0x00, 0xf0, 0x45, // ..P8...........E
	0x00, 0x00, 0xe7, 0x45, 0x00, 0x00, 0x54, 0x38, 0x00, 0x00, 0x81, 0x00, 0x05, 0x00, 0x0b, 0x00, // ...E..T8........
	0x00, 0x00, 0xf4, 0x45, 0x00, 0x00, 0xe7, 0x45, 0x00, 0x00, 0x3f, 0x38, 0x00, 0x00, 0x83, 0x00, // ...E...E..?8....
	0x05, 0x00, 0x0b, 0x00, 0x00, 0x00, 0xf9, 0x45, 0x00, 0x00, 0xe7, 0x45, 0x00, 0x00, 0xa4, 0x35, // .......E...E...5
	0x00, 0x00, 0x94, 0x00, 0x05, 0x00, 0x07, 0x00, 0x00, 0x00, 0xfa, 0x45, 0x00, 0x00, 0xbf, 0x5e, // ...........E...^
	0x00, 0x00, 0xf9, 0x45, 0x00, 0x00, 0x81, 0x00, 0x05, 0x00, 0x07, 0x00, 0x00, 0x00, 0xfb, 0x45, // ...E...........E
	0x00, 0x00, 0xa9, 0x35, 0x00, 0x00, 0xfa, 0x45, 0x00, 0x00, 0x83, 0x00, 0x05, 0x00, 0x0b, 0x00, // ...5...E........
	0x00, 0x00, 0x00, 0x46, 0x00, 0x00, 0xec, 0x45, 0x00, 0x00, 0xa4, 0x35, 0x00, 0x00, 0x94, 0x00, // ...F...E...5....
	0x05, 0x00, 0x07, 0x00, 0x00, 0x00, 0x01, 0x46, 0x00, 0x00, 0xbf, 0x5e, 0x00, 0x00, 0x00, 0x46, // .......F...^...F
	0x00, 0x00, 0x81, 0x00, 0x05, 0x00, 0x07, 0x00, 0x00, 0x00, 0x02, 0x46, 0x00, 0x00, 0xa9, 0x35, // ...........F...5
	0x00, 0x00, 0x01, 0x46, 0x00, 0x00, 0x83, 0x00, 0x05, 0x00, 0x0b, 0x00, 0x00, 0x00, 0x07, 0x46, // ...F...........F
	0x00, 0x00, 0xf0, 0x45, 0x00, 0x00, 0xa4, 0x35, 0x00, 0x00, 0x94, 0x00, 0x05, 0x00, 0x07, 0x00, // ...E...5........
	0x00, 0x00, 0x08, 0x46, 0x00, 0x00, 0xbf, 0x5e, 0x00, 0x00, 0x07, 0x46, 0x00, 0x00, 0x81, 0x00, // ...F...^...F....
	0x05, 0x00, 0x07, 0x00, 0x00, 0x00, 0x09, 0x46, 0x00, 0x00, 0xa9, 0x35, 0x00, 0x00, 0x08, 0x46, // .......F...5...F
	0x00, 0x00, 0x83, 0x00, 0x05, 0x00, 0x0b, 0x00, 0x00, 0x00, 0x0e, 0x46, 0x00, 0x00, 0xf4, 0x45, // ...........F...E
	0x00, 0x00, 0xa4, 0x35, 0x00, 0x00, 0x94, 0x00, 0x05, 0x00, 0x07, 0x00, 0x00, 0x00, 0x0f, 0x46, // ...5...........F
	0x00, 0x00, 0xbf, 0x5e, 0x00, 0x00, 0x0e, 0x46, 0x00, 0x00, 0x81, 0x00, 0x05, 0x00, 0x07, 0x00, // ...^...F........
	0x00, 0x00, 0x10, 0x46, 0x00, 0x00, 0xa9, 0x35, 0x00, 0x00, 0x0f, 0x46, 0x00, 0x00, 0xf7, 0x00, // ...F...5...F....
	0x03, 0x00, 0x55, 0x46, 0x00, 0x00, 0x00, 0x00, 0x00, 0x00, 0xfb, 0x00, 0x03, 0x00, 0xcc, 0x01, // ..UF............
	0x00, 0x00, 0x40, 0x46, 0x00, 0x00, 0xf8, 0x00, 0x02, 0x00, 0x40, 0x46, 0x00, 0x00, 0xf7, 0x00, // ..@F......@F....
	0x03, 0x00, 0x48, 0x46, 0x00, 0x00, 0x00, 0x00, 0x00, 0x00, 0xfa, 0x00, 0x04, 0x00, 0x15, 0x33, // ..HF...........3
	0x00, 0x00, 0x43, 0x46, 0x00, 0x00, 0x48, 0x46, 0x00, 0x00, 0xf8, 0x00, 0x02, 0x00, 0x43, 0x46, // ..CF..HF......CF
	0x00, 0x00, 0x56, 0x00, 0x05, 0x00, 0x2e, 0x01, 0x00, 0x00, 0x5d, 0x46, 0x00, 0x00, 0xf8, 0x00, // ..V.......]F....
	0x00, 0x00, 0xf6, 0x00, 0x00, 0x00, 0x57, 0x00, 0x05, 0x00, 0x0d, 0x00, 0x00, 0x00, 0x5f, 0x46, // ......W......._F
	0x00, 0x00, 0x5d, 0x46, 0x00, 0x00, 0xe7, 0x45, 0x00, 0x00, 0x51, 0x00, 0x05, 0x00, 0x07, 0x00, // ..]F...E..Q.....
	0x00, 0x00, 0x47, 0x46, 0x00, 0x00, 0x5f, 0x46, 0x00, 0x00, 0x00, 0x00, 0x00, 0x00, 0xf9, 0x00, // ..GF.._F........
	0x02, 0x00, 0x55, 0x46, 0x00, 0x00, 0xf8, 0x00, 0x02, 0x00, 0x48, 0x46, 0x00, 0x00, 0xf7, 0x00, // ..UF......HF....
	0x03, 0x00, 0x50, 0x46, 0x00, 0x00, 0x00, 0x00, 0x00, 0x00, 0xfa, 0x00, 0x04, 0x00, 0x19, 0x33, // ..PF...........3
	0x00, 0x00, 0x4b, 0x46, 0x00, 0x00, 0x50, 0x46, 0x00, 0x00, 0xf8, 0x00, 0x02, 0x00, 0x4b, 0x46, // ..KF..PF......KF
	0x00, 0x00, 0x56, 0x00, 0x05, 0x00, 0x2e, 0x01, 0x00, 0x00, 0x66, 0x46, 0x00, 0x00, 0xfe, 0x00, // ..V.......fF....
	0x00, 0x00, 0xfc, 0x00, 0x00, 0x00, 0x57, 0x00, 0x05, 0x00, 0x0d, 0x00, 0x00, 0x00, 0x68, 0x46, // ......W.......hF
	0x00, 0x00, 0x66, 0x46, 0x00, 0x00, 0xe7, 0x45, 0x00, 0x00, 0x51, 0x00, 0x05, 0x00, 0x07, 0x00, // ..fF...E..Q.....
	0x00, 0x00, 0x4f, 0x46, 0x00, 0x00, 0x68, 0x46, 0x00, 0x00, 0x00, 0x00, 0x00, 0x00, 0xf9, 0x00, // ..OF..hF........
	0x02, 0x00, 0x55, 0x46, 0x00, 0x00, 0xf8, 0x00, 0x02, 0x00, 0x50, 0x46, 0x00, 0x00, 0x56, 0x00, // ..UF......PF..V.
	0x05, 0x00, 0x2e, 0x01, 0x00, 0x00, 0x6f, 0x46, 0x00, 0x00, 0x04, 0x01, 0x00, 0x00, 0x02, 0x01, // ......oF........
	0x00, 0x00, 0x57, 0x00, 0x05, 0x00, 0x0d, 0x00, 0x00, 0x00, 0x71, 0x46, 0x00, 0x00, 0x6f, 0x46, // ..W.......qF..oF
	0x00, 0x00, 0xe7, 0x45, 0x00, 0x00, 0x51, 0x00, 0x05, 0x00, 0x07, 0x00, 0x00, 0x00, 0x54, 0x46, // ...E..Q.......TF
	0x00, 0x00, 0x71, 0x46, 0x00, 0x00, 0x00, 0x00, 0x00, 0x00, 0xf9, 0x00, 0x02, 0x00, 0x55, 0x46, // ..qF..........UF
	0x00, 0x00, 0xf8, 0x00, 0x02, 0x00, 0x55, 0x46, 0x00, 0x00, 0xf5, 0x00, 0x09, 0x00, 0x07, 0x00, // ......UF........
	0x00, 0x00, 0x64, 0x5f, 0x00, 0x00, 0x47, 0x46, 0x00, 0x00, 0x43, 0x46, 0x00, 0x00, 0x4f, 0x46, // ..d_..GF..CF..OF
	0x00, 0x00, 0x4b, 0x46, 0x00, 0x00, 0x54, 0x46, 0x00, 0x00, 0x50, 0x46, 0x00, 0x00, 0xbe, 0x00, // ..KF..TF..PF....
	0x05, 0x00, 0x97, 0x01, 0x00, 0x00, 0x15, 0x46, 0x00, 0x00, 0x64, 0x5f, 0x00, 0x00, 0xfb, 0x45, // .......F..d_...E
	0x00, 0x00, 0xa9, 0x00, 0x06, 0x00, 0x07, 0x00, 0x00, 0x00, 0x16, 0x46, 0x00, 0x00, 0x15, 0x46, // ...........F...F
	0x00, 0x00, 0xa1, 0x01, 0x00, 0x00, 0x73, 0x01, 0x00, 0x00, 0xf7, 0x00, 0x03, 0x00, 0x91, 0x46, // ......s........F
	0x00, 0x00, 0x00, 0x00, 0x00, 0x00, 0xfb, 0x00, 0x03, 0x00, 0xcc, 0x01, 0x00, 0x00, 0x7c, 0x46, // ..............|F
	0x00, 0x00, 0xf8, 0x00, 0x02, 0x00, 0x7c, 0x46, 0x00, 0x00, 0xf7, 0x00, 0x03, 0x00, 0x84, 0x46, // ......|F.......F
	0x00, 0x00, 0x00, 0x00, 0x00, 0x00, 0xfa, 0x00, 0x04, 0x00, 0x15, 0x33, 0x00, 0x00, 0x7f, 0x46, // ...........3...F
	0x00, 0x00, 0x84, 0x46, 0x00, 0x00, 0xf8, 0x00, 0x02, 0x00, 0x7f, 0x46, 0x00, 0x00, 0x56, 0x00, // ...F.......F..V.
	0x05, 0x00, 0x2e, 0x01, 0x00, 0x00, 0x99, 0x46, 0x00, 0x00, 0xf8, 0x00, 0x00, 0x00, 0xf6, 0x00, // .......F........
	0x00, 0x00, 0x57, 0x00, 0x05, 0x00, 0x0d, 0x00, 0x00, 0x00, 0x9b, 0x46, 0x00, 0x00, 0x99, 0x46, // ..W........F...F
	0x00, 0x00, 0xec, 0x45, 0x00, 0x00, 0x51, 0x00, 0x05, 0x00, 0x07, 0x00, 0x00, 0x00, 0x83, 0x46, // ...E..Q........F
	0x00, 0x00, 0x9b, 0x46, 0x00, 0x00, 0x00, 0x00, 0x00, 0x00, 0xf9, 0x00, 0x02, 0x00, 0x91, 0x46, // ...F...........F
	0x00, 0x00, 0xf8, 0x00, 0x02, 0x00, 0x84, 0x46, 0x00, 0x00, 0xf7, 0x00, 0x03, 0x00, 0x8c, 0x46, // .......F.......F
	0x00, 0x00, 0x00, 0x00, 0x00, 0x00, 0xfa, 0x00, 0x04, 0x00, 0x19, 0x33, 0x00, 0x00, 0x87, 0x46, // ...........3...F
	0x00, 0x00, 0x8c, 0x46, 0x00, 0x00, 0xf8, 0x00, 0x02, 0x00, 0x87, 0x46, 0x00, 0x00, 0x56, 0x00, // ...F.......F..V.
	0x05, 0x00, 0x2e, 0x01, 0x00, 0x00, 0xa2, 0x46, 0x00, 0x00, 0xfe, 0x00, 0x00, 0x00, 0xfc, 0x00, // .......F........
	0x00, 0x00, 0x57, 0x00, 0x05, 0x00, 0x0d, 0x00, 0x00, 0x00, 0xa4, 0x46, 0x00, 0x00, 0xa2, 0x46, // ..W........F...F
	0x00, 0x00, 0xec, 0x45, 0x00, 0x00, 0x51, 0x00, 0x05, 0x00, 0x07, 0x00, 0x00, 0x00, 0x8b, 0x46, // ...E..Q........F
	0x00, 0x00, 0xa4, 0x46, 0x00, 0x00, 0x00, 0x00, 0x00, 0x00, 0xf9, 0x00, 0x02, 0x00, 0x91, 0x46, // ...F...........F
	0x00, 0x00, 0xf8, 0x00, 0x02, 0x00, 0x8c, 0x46, 0x00, 0x00, 0x56, 0x00, 0x05, 0x00, 0x2e, 0x01, // .......F..V.....
	0x00, 0x00, 0xab, 0x46, 0x00, 0x00, 0x04, 0x01, 0x00, 0x00, 0x02, 0x01, 0x00, 0x00, 0x57, 0x00, // ...F..........W.
	0x05, 0x00, 0x0d, 0x00, 0x00, 0x00, 0xad, 0x46, 0x00, 0x00, 0xab, 0x46, 0x00, 0x00, 0xec, 0x45, // .......F...F...E
	0x00, 0x00, 0x51, 0x00, 0x05, 0x00, 0x07, 0x00, 0x00, 0x00, 0x90, 0x46, 0x00, 0x00, 0xad, 0x46, // ..Q........F...F
	0x00, 0x00, 0x00, 0x00, 0x00, 0x00, 0xf9, 0x00, 0x02, 0x00, 0x91, 0x46, 0x00, 0x00, 0xf8, 0x00, // ...........F....
	0x02, 0x00, 0x91, 0x46, 0x00, 0x00, 0xf5, 0x00, 0x09, 0x00, 0x07, 0x00, 0x00, 0x00, 0x65, 0x5f, // ...F..........e_
	0x00, 0x00, 0x83, 0x46, 0x00, 0x00, 0x7f, 0x46, 0x00, 0x00, 0x8b, 0x46, 0x00, 0x00, 0x87, 0x46, // ...F...F...F...F
	0x00, 0x00, 0x90, 0x46, 0x00, 0x00, 0x8c, 0x46, 0x00, 0x00, 0xbe, 0x00, 0x05, 0x00, 0x97, 0x01, // ...F...F........
	0x00, 0x00, 0x1b, 0x46, 0x00, 0x00, 0x65, 0x5f, 0x00, 0x00, 0x02, 0x46, 0x00, 0x00, 0xa9, 0x00, // ...F..e_...F....
	0x06, 0x00, 0x07, 0x00, 0x00, 0x00, 0x1c, 0x46, 0x00, 0x00, 0x1b, 0x46, 0x00, 0x00, 0xa1, 0x01, // .......F...F....
	0x00, 0x00, 0x73, 0x01, 0x00, 0x00, 0xf7, 0x00, 0x03, 0x00, 0xcd, 0x46, 0x00, 0x00, 0x00, 0x00, // ..s........F....
	0x00, 0x00, 0xfb, 0x00, 0x03, 0x00, 0xcc, 0x01, 0x00, 0x00, 0xb8, 0x46, 0x00, 0x00, 0xf8, 0x00, // ...........F....
	0x02, 0x00, 0xb8, 0x46, 0x00, 0x00, 0xf7, 0x00, 0x03, 0x00, 0xc0, 0x46, 0x00, 0x00, 0x00, 0x00, // ...F.......F....
	0x00, 0x00, 0xfa, 0x00, 0x04, 0x00, 0x15, 0x33, 0x00, 0x00, 0xbb, 0x46, 0x00, 0x00, 0xc0, 0x46, // .......3...F...F
	0x00, 0x00, 0xf8, 0x00, 0x02, 0x00, 0xbb, 0x46, 0x00, 0x00, 0x56, 0x00, 0x05, 0x00, 0x2e, 0x01, // .......F..V.....
	0x00, 0x00, 0xd5, 0x46, 0x00, 0x00, 0xf8, 0x00, 0x00, 0x00, 0xf6, 0x00, 0x00, 0x00, 0x57, 0x00, // ...F..........W.
	0x05, 0x00, 0x0d, 0x00, 0x00, 0x00, 0xd7, 0x46, 0x00, 0x00, 0xd5, 0x46, 0x00, 0x00, 0xf0, 0x45, // .......F...F...E
	0x00, 0x00, 0x51, 0x00, 0x05, 0x00, 0x07, 0x00, 0x00, 0x00, 0xbf, 0x46, 0x00, 0x00, 0xd7, 0x46, // ..Q........F...F
	0x00, 0x00, 0x00, 0x00, 0x00, 0x00, 0xf9, 0x00, 0x02, 0x00, 0xcd, 0x46, 0x00, 0x00, 0xf8, 0x00, // ...........F....
	0x02, 0x00, 0xc0, 0x46, 0x00, 0x00, 0xf7, 0x00, 0x03, 0x00, 0xc8, 0x46, 0x00, 0x00, 0x00, 0x00, // ...F.......F....
	0x00, 0x00, 0xfa, 0x00, 0x04, 0x00, 0x19, 0x33, 0x00, 0x00, 0xc3, 0x46, 0x00, 0x00, 0xc8, 0x46, // .......3...F...F
	0x00, 0x00, 0xf8, 0x00, 0x02, 0x00, 0xc3, 0x46, 0x00, 0x00, 0x56, 0x00, 0x05, 0x00, 0x2e, 0x01, // .......F..V.....
	0x00, 0x00, 0xde, 0x46, 0x00, 0x00, 0xfe, 0x00, 0x00, 0x00, 0xfc, 0x00, 0x00, 0x00, 0x57, 0x00, // ...F..........W.
	0x05, 0x00, 0x0d, 0x00, 0x00, 0x00, 0xe0, 0x46, 0x00, 0x00, 0xde, 0x46, 0x00, 0x00, 0xf0, 0x45, // .......F...F...E
	0x00, 0x00, 0x51, 0x00, 0x05, 0x00, 0x07, 0x00, 0x00, 0x00, 0xc7, 0x46, 0x00, 0x00, 0xe0, 0x46, // ..Q........F...F
	0x00, 0x00, 0x00, 0x00, 0x00, 0x00, 0xf9, 0x00, 0x02, 0x00, 0xcd, 0x46, 0x00, 0x00, 0xf8, 0x00, // ...........F....
	0x02, 0x00, 0xc8, 0x46, 0x00, 0x00, 0x56, 0x00, 0x05, 0x00, 0x2e, 0x01, 0x00, 0x00, 0xe7, 0x46, // ...F..V........F
	0x00, 0x00, 0x04, 0x01, 0x00, 0x00, 0x02, 0x01, 0x00, 0x00, 0x57, 0x00, 0x05, 0x00, 0x0d, 0x00, // ..........W.....
	0x00, 0x00, 0xe9, 0x46, 0x00, 0x00, 0xe7, 0x46, 0x00, 0x00, 0xf0, 0x45, 0x00, 0x00, 0x51, 0x00, // ...F...F...E..Q.
	0x05, 0x00, 0x07, 0x00, 0x00, 0x00, 0xcc, 0x46, 0x00, 0x00, 0xe9, 0x46, 0x00, 0x00, 0x00, 0x00, // .......F...F....
	0x00, 0x00, 0xf9, 0x00, 0x02, 0x00, 0xcd, 0x46, 0x00, 0x00, 0xf8, 0x00, 0x02, 0x00, 0xcd, 0x46, // .......F.......F
	0x00, 0x00, 0xf5, 0x00, 0x09, 0x00, 0x07, 0x00, 0x00, 0x00, 0x66, 0x5f, 0x00, 0x00, 0xbf, 0x46, // ..........f_...F
	0x00, 0x00, 0xbb, 0x46, 0x00, 0x00, 0xc7, 0x46, 0x00, 0x00, 0xc3, 0x46, 0x00, 0x00, 0xcc, 0x46, // ...F...F...F...F
	0x00, 0x00, 0xc8, 0x46, 0x00, 0x00, 0xbe, 0x00, 0x05, 0x00, 0x97, 0x01, 0x00, 0x00, 0x21, 0x46, // ...F..........!F
	0x00, 0x00, 0x66, 0x5f, 0x00, 0x00, 0x09, 0x46, 0x00, 0x00, 0xa9, 0x00, 0x06, 0x00, 0x07, 0x00, // ..f_...F........
	0x00, 0x00, 0x22, 0x46, 0x00, 0x00, 0x21, 0x46, 0x00, 0x00, 0xa1, 0x01, 0x00, 0x00, 0x73, 0x01, // .."F..!F......s.
	0x00, 0x00, 0xf7, 0x00, 0x03, 0x00, 0x09, 0x47, 0x00, 0x00, 0x00, 0x00, 0x00, 0x00, 0xfb, 0x00, // .......G........
	0x03, 0x00, 0xcc, 0x01, 0x00, 0x00, 0xf4, 0x46, 0x00, 0x00, 0xf8, 0x00, 0x02, 0x00, 0xf4, 0x46, // .......F.......F
	0x00, 0x00, 0xf7, 0x00, 0x03, 0x00, 0xfc, 0x46, 0x00, 0x00, 0x00, 0x00, 0x00, 0x00, 0xfa, 0x00, // .......F........
	0x04, 0x00, 0x15, 0x33, 0x00, 0x00, 0xf7, 0x46, 0x00, 0x00, 0xfc, 0x46, 0x00, 0x00, 0xf8, 0x00, // ...3...F...F....
	0x02, 0x00, 0xf7, 0x46, 0x00, 0x00, 0x56, 0x00, 0x05, 0x00, 0x2e, 0x01, 0x00, 0x00, 0x11, 0x47, // ...F..V........G
	0x00, 0x00, 0xf8, 0x00, 0x00, 0x00, 0xf6, 0x00, 0x00, 0x00, 0x57, 0x00, 0x05, 0x00, 0x0d, 0x00, // ..........W.....
	0x00, 0x00, 0x13, 0x47, 0x00, 0x00, 0x11, 0x47, 0x00, 0x00, 0xf4, 0x45, 0x00, 0x00, 0x51, 0x00, // ...G...G...E..Q.
	0x05, 0x00, 0x07, 0x00, 0x00, 0x00, 0xfb, 0x46, 0x00, 0x00, 0x13, 0x47, 0x00, 0x00, 0x00, 0x00, // .......F...G....
	0x00, 0x00, 0xf9, 0x00, 0x02, 0x00, 0x09, 0x47, 0x00, 0x00, 0xf8, 0x00, 0x02, 0x00, 0xfc, 0x46, // .......G.......F
	0x00, 0x00, 0xf7, 0x00, 0x03, 0x00, 0x04, 0x47, 0x00, 0x00, 0x00, 0x00, 0x00, 0x00, 0xfa, 0x00, // .......G........
	0x04, 0x00, 0x19, 0x33, 0x00, 0x00, 0xff, 0x46, 0x00, 0x00, 0x04, 0x47, 0x00, 0x00, 0xf8, 0x00, // ...3...F...G....
	0x02, 0x00, 0xff, 0x46, 0x00, 0x00, 0x56, 0x00, 0x05, 0x00, 0x2e, 0x01, 0x00, 0x00, 0x1a, 0x47, // ...F..V........G
	0x00, 0x00, 0xfe, 0x00, 0x00, 0x00, 0xfc, 0x00, 0x00, 0x00, 0x57, 0x00, 0x05, 0x00, 0x0d, 0x00, // ..........W.....
	0x00, 0x00, 0x1c, 0x47, 0x00, 0x00, 0x1a, 0x47, 0x00, 0x00, 0xf4, 0x45, 0x00, 0x00, 0x51, 0x00, // ...G...G...E..Q.
	0x05, 0x00, 0x07, 0x00, 0x00, 0x00, 0x03, 0x47, 0x00, 0x00, 0x1c, 0x47, 0x00, 0x00, 0x00, 0x00, // .......G...G....
	0x00, 0x00, 0xf9, 0x00, 0x02, 0x00, 0x09, 0x47, 0x00, 0x00, 0xf8, 0x00, 0x02, 0x00, 0x04, 0x47, // .......G.......G
	0x00, 0x00, 0x56, 0x00, 0x05, 0x00, 0x2e, 0x01, 0x00, 0x00, 0x23, 0x47, 0x00, 0x00, 0x04, 0x01, // ..V.......#G....
	0x00, 0x00, 0x02, 0x01, 0x00, 0x00, 0x57, 0x00, 0x05, 0x00, 0x0d, 0x00, 0x00, 0x00, 0x25, 0x47, // ......W.......%G
	0x00, 0x00, 0x23, 0x47, 0x00, 0x00, 0xf4, 0x45, 0x00, 0x00, 0x51, 0x00, 0x05, 0x00, 0x07, 0x00, // ..#G...E..Q.....
	0x00, 0x00, 0x08, 0x47, 0x00, 0x00, 0x25, 0x47, 0x00, 0x00, 0x00, 0x00, 0x00, 0x00, 0xf9, 0x00, // ...G..%G........
	0x02, 0x00, 0x09, 0x47, 0x00, 0x00, 0xf8, 0x00, 0x02, 0x00, 0x09, 0x47, 0x00, 0x00, 0xf5, 0x00, // ...G.......G....
	0x09, 0x00, 0x07, 0x00, 0x00, 0x00, 0x67, 0x5f, 0x00, 0x00, 0xfb, 0x46, 0x00, 0x00, 0xf7, 0x46, // ......g_...F...F
	0x00, 0x00, 0x03, 0x47, 0x00, 0x00, 0xff, 0x46, 0x00, 0x00, 0x08, 0x47, 0x00, 0x00, 0x04, 0x47, // ...G...F...G...G
	0x00, 0x00, 0xbe, 0x00, 0x05, 0x00, 0x97, 0x01, 0x00, 0x00, 0x27, 0x46, 0x00, 0x00, 0x67, 0x5f, // ..........'F..g_
	0x00, 0x00, 0x10, 0x46, 0x00, 0x00, 0xa9, 0x00, 0x06, 0x00, 0x07, 0x00, 0x00, 0x00, 0x28, 0x46, // ...F..........(F
	0x00, 0x00, 0x27, 0x46, 0x00, 0x00, 0xa1, 0x01, 0x00, 0x00, 0x73, 0x01, 0x00, 0x00, 0x51, 0x00, // ..'F......s...Q.
	0x05, 0x00, 0x07, 0x00, 0x00, 0x00, 0x2c, 0x46, 0x00, 0x00, 0xe2, 0x45, 0x00, 0x00, 0x00, 0x00, // ......,F...E....
	0x00, 0x00, 0x0c, 0x00, 0x08, 0x00, 0x07, 0x00, 0x00, 0x00, 0x2b, 0x47, 0x00, 0x00, 0x01, 0x00, // ..........+G....
	0x00, 0x00, 0x2e, 0x00, 0x00, 0x00, 0x16, 0x46, 0x00, 0x00, 0x1c, 0x46, 0x00, 0x00, 0x2c, 0x46, // .......F...F..,F
	0x00, 0x00, 0x0c, 0x00, 0x08, 0x00, 0x07, 0x00, 0x00, 0x00, 0x31, 0x47, 0x00, 0x00, 0x01, 0x00, // ..........1G....
	0x00, 0x00, 0x2e, 0x00, 0x00, 0x00, 0x22, 0x46, 0x00, 0x00, 0x28, 0x46, 0x00, 0x00, 0x2c, 0x46, // ......"F..(F..,F
	0x00, 0x00, 0x51, 0x00, 0x05, 0x00, 0x07, 0x00, 0x00, 0x00, 0x34, 0x46, 0x00, 0x00, 0xe2, 0x45, // ..Q.......4F...E
	0x00, 0x00, 0x01, 0x00, 0x00, 0x00, 0x0c, 0x00, 0x08, 0x00, 0x07, 0x00, 0x00, 0x00, 0x37, 0x47, // ..............7G
	0x00, 0x00, 0x01, 0x00, 0x00, 0x00, 0x2e, 0x00, 0x00, 0x00, 0x2b, 0x47, 0x00, 0x00, 0x31, 0x47, // ..........+G..1G
	0x00, 0x00, 0x34, 0x46, 0x00, 0x00, 0x81, 0x00, 0x05, 0x00, 0x07, 0x00, 0x00, 0x00, 0xaf, 0x35, // ..4F...........5
	0x00, 0x00, 0x9e, 0x35, 0x00, 0x00, 0x37, 0x47, 0x00, 0x00, 0x8e, 0x00, 0x05, 0x00, 0x0b, 0x00, // ...5..7G........
	0x00, 0x00, 0xb2, 0x35, 0x00, 0x00, 0x99, 0x03, 0x00, 0x00, 0xf4, 0x34, 0x00, 0x00, 0x81, 0x00, // ...5.......4....
	0x05, 0x00, 0x0b, 0x00, 0x00, 0x00, 0xb5, 0x35, 0x00, 0x00, 0x25, 0x5d, 0x00, 0x00, 0xb2, 0x35, // .......5..%]...5
	0x00, 0x00, 0x94, 0x00, 0x05, 0x00, 0x07, 0x00, 0x00, 0x00, 0xb9, 0x35, 0x00, 0x00, 0xbf, 0x5e, // ...........5...^
	0x00, 0x00, 0xb2, 0x35, 0x00, 0x00, 0x81, 0x00, 0x05, 0x00, 0x07, 0x00, 0x00, 0x00, 0xba, 0x35, // ...5...........5
	0x00, 0x00, 0xfe, 0x33, 0x00, 0x00, 0xb9, 0x35, 0x00, 0x00, 0x88, 0x00, 0x05, 0x00, 0x0b, 0x00, // ...3...5........
	0x00, 0x00, 0x5e, 0x47, 0x00, 0x00, 0xb5, 0x35, 0x00, 0x00, 0x3f, 0x38, 0x00, 0x00, 0x83, 0x00, // ..^G...5..?8....
	0x05, 0x00, 0x0b, 0x00, 0x00, 0x00, 0x60, 0x47, 0x00, 0x00, 0x5e, 0x47, 0x00, 0x00, 0xa4, 0x5d, // ......`G..^G...]
	0x00, 0x00, 0x0c, 0x00, 0x06, 0x00, 0x0b, 0x00, 0x00, 0x00, 0x62, 0x47, 0x00, 0x00, 0x01, 0x00, // ..........bG....
	0x00, 0x00, 0x08, 0x00, 0x00, 0x00, 0x60, 0x47, 0x00, 0x00, 0x83, 0x00, 0x05, 0x00, 0x0b, 0x00, // ......`G........
	0x00, 0x00, 0x65, 0x47, 0x00, 0x00, 0x60, 0x47, 0x00, 0x00, 0x62, 0x47, 0x00, 0x00, 0x81, 0x00, // ..eG..`G..bG....
	0x05, 0x00, 0x0b, 0x00, 0x00, 0x00, 0x68, 0x47, 0x00, 0x00, 0x62, 0x47, 0x00, 0x00, 0xa4, 0x5d, // ......hG..bG...]
	0x00, 0x00, 0x8e, 0x00, 0x05, 0x00, 0x0b, 0x00, 0x00, 0x00, 0x6a, 0x47, 0x00, 0x00, 0x68, 0x47, // ..........jG..hG
	0x00, 0x00, 0xf5, 0x33, 0x00, 0x00, 0x81, 0x00, 0x05, 0x00, 0x0b, 0x00, 0x00, 0x00, 0x6f, 0x47, // ...3..........oG
	0x00, 0x00, 0x6a, 0x47, 0x00, 0x00, 0x50, 0x38, 0x00, 0x00, 0x81, 0x00, 0x05, 0x00, 0x0b, 0x00, // ..jG..P8........
	0x00, 0x00, 0x73, 0x47, 0x00, 0x00, 0x6a, 0x47, 0x00, 0x00, 0x54, 0x38, 0x00, 0x00, 0x81, 0x00, // ..sG..jG..T8....
	0x05, 0x00, 0x0b, 0x00, 0x00, 0x00, 0x77, 0x47, 0x00, 0x00, 0x6a, 0x47, 0x00, 0x00, 0x3f, 0x38, // ......wG..jG..?8
	0x00, 0x00, 0x83, 0x00, 0x05, 0x00, 0x0b, 0x00, 0x00, 0x00, 0x7c, 0x47, 0x00, 0x00, 0x6a, 0x47, // ..........|G..jG
	0x00, 0x00, 0xb5, 0x35, 0x00, 0x00, 0x94, 0x00, 0x05, 0x00, 0x07, 0x00, 0x00, 0x00, 0x7d, 0x47, // ...5..........}G
	0x00, 0x00, 0xbf, 0x5e, 0x00, 0x00, 0x7c, 0x47, 0x00, 0x00, 0x81, 0x00, 0x05, 0x00, 0x07, 0x00, // ...^..|G........
	0x00, 0x00, 0x7e, 0x47, 0x00, 0x00, 0xba, 0x35, 0x00, 0x00, 0x7d, 0x47, 0x00, 0x00, 0x83, 0x00, // ..~G...5..}G....
	0x05, 0x00, 0x0b, 0x00, 0x00, 0x00, 0x83, 0x47, 0x00, 0x00, 0x6f, 0x47, 0x00, 0x00, 0xb5, 0x35, // .......G..oG...5
	0x00, 0x00, 0x94, 0x00, 0x05, 0x00, 0x07, 0x00, 0x00, 0x00, 0x84, 0x47, 0x00, 0x00, 0xbf, 0x5e, // ...........G...^
	0x00, 0x00, 0x83, 0x47, 0x00, 0x00, 0x81, 0x00, 0x05, 0x00, 0x07, 0x00, 0x00, 0x00, 0x85, 0x47, // ...G...........G
	0x00, 0x00, 0xba, 0x35, 0x00, 0x00, 0x84, 0x47, 0x00, 0x00, 0x83, 0x00, 0x05, 0x00, 0x0b, 0x00, // ...5...G........
	0x00, 0x00, 0x8a, 0x47, 0x00, 0x00, 0x73, 0x47, 0x00, 0x00, 0xb5, 0x35, 0x00, 0x00, 0x94, 0x00, // ...G..sG...5....
	0x05, 0x00, 0x07, 0x00, 0x00, 0x00, 0x8b, 0x47, 0x00, 0x00, 0xbf, 0x5e, 0x00, 0x00, 0x8a, 0x47, // .......G...^...G
	0x00, 0x00, 0x81, 0x00, 0x05, 0x00, 0x07, 0x00, 0x00, 0x00, 0x8c, 0x47, 0x00, 0x00, 0xba, 0x35, // ...........G...5
	0x00, 0x00, 0x8b, 0x47, 0x00, 0x00, 0x83, 0x00, 0x05, 0x00, 0x0b, 0x00, 0x00, 0x00, 0x91, 0x47, // ...G...........G
	0x00, 0x00, 0x77, 0x47, 0x00, 0x00, 0xb5, 0x35, 0x00, 0x00, 0x94, 0x00, 0x05, 0x00, 0x07, 0x00, // ..wG...5........
	0x00, 0x00, 0x92, 0x47, 0x00, 0x00, 0xbf, 0x5e, 0x00, 0x00, 0x91, 0x47, 0x00, 0x00, 0x81, 0x00, // ...G...^...G....
	0x05, 0x00, 0x07, 0x00, 0x00, 0x00, 0x93, 0x47, 0x00, 0x00, 0xba, 0x35, 0x00, 0x00, 0x92, 0x47, // .......G...5...G
	0x00, 0x00, 0xf7, 0x00, 0x03, 0x00, 0xd8, 0x47, 0x00, 0x00, 0x00, 0x00, 0x00, 0x00, 0xfb, 0x00, // .......G........
	0x03, 0x00, 0xcc, 0x01, 0x00, 0x00, 0xc3, 0x47, 0x00, 0x00, 0xf8, 0x00, 0x02, 0x00, 0xc3, 0x47, // .......G.......G
	0x00, 0x00, 0xf7, 0x00, 0x03, 0x00, 0xcb, 0x47, 0x00, 0x00, 0x00, 0x00, 0x00, 0x00, 0xfa, 0x00, // .......G........
	0x04, 0x00, 0x15, 0x33, 0x00, 0x00, 0xc6, 0x47, 0x00, 0x00, 0xcb, 0x47, 0x00, 0x00, 0xf8, 0x00, // ...3...G...G....
	0x02, 0x00, 0xc6, 0x47, 0x00, 0x00, 0x56, 0x00, 0x05, 0x00, 0x2e, 0x01, 0x00, 0x00, 0xe0, 0x47, // ...G..V........G
	0x00, 0x00, 0xf8, 0x00, 0x00, 0x00, 0xf6, 0x00, 0x00, 0x00, 0x57, 0x00, 0x05, 0x00, 0x0d, 0x00, // ..........W.....
	0x00, 0x00, 0xe2, 0x47, 0x00, 0x00, 0xe0, 0x47, 0x00, 0x00, 0x6a, 0x47, 0x00, 0x00, 0x51, 0x00, // ...G...G..jG..Q.
	0x05, 0x00, 0x07, 0x00, 0x00, 0x00, 0xca, 0x47, 0x00, 0x00, 0xe2, 0x47, 0x00, 0x00, 0x00, 0x00, // .......G...G....
	0x00, 0x00, 0xf9, 0x00, 0x02, 0x00, 0xd8, 0x47, 0x00, 0x00, 0xf8, 0x00, 0x02, 0x00, 0xcb, 0x47, // .......G.......G
	0x00, 0x00, 0xf7, 0x00, 0x03, 0x00, 0xd3, 0x47, 0x00, 0x00, 0x00, 0x00, 0x00, 0x00, 0xfa, 0x00, // .......G........
	0x04, 0x00, 0x19, 0x33, 0x00, 0x00, 0xce, 0x47, 0x00, 0x00, 0xd3, 0x47, 0x00, 0x00, 0xf8, 0x00, // ...3...G...G....
	0x02, 0x00, 0xce, 0x47, 0x00, 0x00, 0x56, 0x00, 0x05, 0x00, 0x2e, 0x01, 0x00, 0x00, 0xe9, 0x47, // ...G..V........G
	0x00, 0x00, 0xfe, 0x00, 0x00, 0x00, 0xfc, 0x00, 0x00, 0x00, 0x57, 0x00, 0x05, 0x00, 0x0d, 0x00, // ..........W.....
	0x00, 0x00, 0xeb, 0x47, 0x00, 0x00, 0xe9, 0x47, 0x00, 0x00, 0x6a, 0x47, 0x00, 0x00, 0x51, 0x00, // ...G...G..jG..Q.
	0x05, 0x00, 0x07, 0x00, 0x00, 0x00, 0xd2, 0x47, 0x00, 0x00, 0xeb, 0x47, 0x00, 0x00, 0x00, 0x00, // .......G...G....
	0x00, 0x00, 0xf9, 0x00, 0x02, 0x00, 0xd8, 0x47, 0x00, 0x00, 0xf8, 0x00, 0x02, 0x00, 0xd3, 0x47, // .......G.......G
	0x00, 0x00, 0x56, 0x00, 0x05, 0x00, 0x2e, 0x01, 0x00, 0x00, 0xf2, 0x47, 0x00, 0x00, 0x04, 0x01, // ..V........G....
	0x00, 0x00, 0x02, 0x01, 0x00, 0x00, 0x57, 0x00, 0x05, 0x00, 0x0d, 0x00, 0x00, 0x00, 0xf4, 0x47, // ......W........G
	0x00, 0x00, 0xf2, 0x47, 0x00, 0x00, 0x6a, 0x47, 0x00, 0x00, 0x51, 0x00, 0x05, 0x00, 0x07, 0x00, // ...G..jG..Q.....
	0x00, 0x00, 0xd7, 0x47, 0x00, 0x00, 0xf4, 0x47, 0x00, 0x00, 0x00, 0x00, 0x00, 0x00, 0xf9, 0x00, // ...G...G........
	0x02, 0x00, 0xd8, 0x47, 0x00, 0x00, 0xf8, 0x00, 0x02, 0x00, 0xd8, 0x47, 0x00, 0x00, 0xf5, 0x00, // ...G.......G....
	0x09, 0x00, 0x07, 0x00, 0x00, 0x00, 0x70, 0x5f, 0x00, 0x00, 0xca, 0x47, 0x00, 0x00, 0xc6, 0x47, // ......p_...G...G
	0x00, 0x00, 0xd2, 0x47, 0x00, 0x00, 0xce, 0x47, 0x00, 0x00, 0xd7, 0x47, 0x00, 0x00, 0xd3, 0x47, // ...G...G...G...G
	0x00, 0x00, 0xbe, 0x00, 0x05, 0x00, 0x97, 0x01, 0x00, 0x00, 0x98, 0x47, 0x00, 0x00, 0x70, 0x5f, // ...........G..p_
	0x00, 0x00, 0x7e, 0x47, 0x00, 0x00, 0xa9, 0x00, 0x06, 0x00, 0x07, 0x00, 0x00, 0x00, 0x99, 0x47, // ..~G...........G
	0x00, 0x00, 0x98, 0x47, 0x00, 0x00, 0xa1, 0x01, 0x00, 0x00, 0x73, 0x01, 0x00, 0x00, 0xf7, 0x00, // ...G......s.....
	0x03, 0x00, 0x14, 0x48, 0x00, 0x00, 0x00, 0x00, 0x00, 0x00, 0xfb, 0x00, 0x03, 0x00, 0xcc, 0x01, // ...H............
	0x00, 0x00, 0xff, 0x47, 0x00, 0x00, 0xf8, 0x00, 0x02, 0x00, 0xff, 0x47, 0x00, 0x00, 0xf7, 0x00, // ...G.......G....
	0x03, 0x00, 0x07, 0x48, 0x00, 0x00, 0x00, 0x00, 0x00, 0x00, 0xfa, 0x00, 0x04, 0x00, 0x15, 0x33, // ...H...........3
	0x00, 0x00, 0x02, 0x48, 0x00, 0x00, 0x07, 0x48, 0x00, 0x00, 0xf8, 0x00, 0x02, 0x00, 0x02, 0x48, // ...H...H.......H
	0x00, 0x00, 0x56, 0x00, 0x05, 0x00, 0x2e, 0x01, 0x00, 0x00, 0x1c, 0x48, 0x00, 0x00, 0xf8, 0x00, // ..V........H....
	0x00, 0x00, 0xf6, 0x00, 0x00, 0x00, 0x57, 0x00, 0x05, 0x00, 0x0d, 0x00, 0x00, 0x00, 0x1e, 0x48, // ......W........H
	0x00, 0x00, 0x1c, 0x48, 0x00, 0x00, 0x6f, 0x47, 0x00, 0x00, 0x51, 0x00, 0x05, 0x00, 0x07, 0x00, // ...H..oG..Q.....
	0x00, 0x00, 0x06, 0x48, 0x00, 0x00, 0x1e, 0x48, 0x00, 0x00, 0x00, 0x00, 0x00, 0x00, 0xf9, 0x00, // ...H...H........
	0x02, 0x00, 0x14, 0x48, 0x00, 0x00, 0xf8, 0x00, 0x02, 0x00, 0x07, 0x48, 0x00, 0x00, 0xf7, 0x00, // ...H.......H....
	0x03, 0x00, 0x0f, 0x48, 0x00, 0x00, 0x00, 0x00, 0x00, 0x00, 0xfa, 0x00, 0x04, 0x00, 0x19, 0x33, // ...H...........3
	0x00, 0x00, 0x0a, 0x48, 0x00, 0x00, 0x0f, 0x48, 0x00, 0x00, 0xf8, 0x00, 0x02, 0x00, 0x0a, 0x48, // ...H...H.......H
	0x00, 0x00, 0x56, 0x00, 0x05, 0x00, 0x2e, 0x01, 0x00, 0x00, 0x25, 0x48, 0x00, 0x00, 0xfe, 0x00, // ..V.......%H....
	0x00, 0x00, 0xfc, 0x00, 0x00, 0x00, 0x57, 0x00, 0x05, 0x00, 0x0d, 0x00, 0x00, 0x00, 0x27, 0x48, // ......W.......'H
	0x00, 0x00, 0x25, 0x48, 0x00, 0x00, 0x6f, 0x47, 0x00, 0x00, 0x51, 0x00, 0x05, 0x00, 0x07, 0x00, // ..%H..oG..Q.....
	0x00, 0x00, 0x0e, 0x48, 0x00, 0x00, 0x27, 0x48, 0x00, 0x00, 0x00, 0x00, 0x00, 0x00, 0xf9, 0x00, // ...H..'H........
	0x02, 0x00, 0x14, 0x48, 0x00, 0x00, 0xf8, 0x00, 0x02, 0x00, 0x0f, 0x48, 0x00, 0x00, 0x56, 0x00, // ...H.......H..V.
	0x05, 0x00, 0x2e, 0x01, 0x00, 0x00, 0x2e, 0x48, 0x00, 0x00, 0x04, 0x01, 0x00, 0x00, 0x02, 0x01, // .......H........
	0x00, 0x00, 0x57, 0x00, 0x05, 0x00, 0x0d, 0x00, 0x00, 0x00, 0x30, 0x48, 0x00, 0x00, 0x2e, 0x48, // ..W.......0H...H
	0x00, 0x00, 0x6f, 0x47, 0x00, 0x00, 0x51, 0x00, 0x05, 0x00, 0x07, 0x00, 0x00, 0x00, 0x13, 0x48, // ..oG..Q........H
	0x00, 0x00, 0x30, 0x48, 0x00, 0x00, 0x00, 0x00, 0x00, 0x00, 0xf9, 0x00, 0x02, 0x00, 0x14, 0x48, // ..0H...........H
	0x00, 0x00, 0xf8, 0x00, 0x02, 0x00, 0x14, 0x48, 0x00, 0x00, 0xf5, 0x00, 0x09, 0x00, 0x07, 0x00, // .......H........
	0x00, 0x00, 0x71, 0x5f, 0x00, 0x00, 0x06, 0x48, 0x00, 0x00, 0x02, 0x48, 0x00, 0x00, 0x0e, 0x48, // ..q_...H...H...H
	0x00, 0x00, 0x0a, 0x48, 0x00, 0x00, 0x13, 0x48, 0x00, 0x00, 0x0f, 0x48, 0x00, 0x00, 0xbe, 0x00, // ...H...H...H....
	0x05, 0x00, 0x97, 0x01, 0x00, 0x00, 0x9e, 0x47, 0x00, 0x00, 0x71, 0x5f, 0x00, 0x00, 0x85, 0x47, // .......G..q_...G
	0x00, 0x00, 0xa9, 0x00, 0x06, 0x00, 0x07, 0x00, 0x00, 0x00, 0x9f, 0x47, 0x00, 0x00, 0x9e, 0x47, // ...........G...G
	0x00, 0x00, 0xa1, 0x01, 0x00, 0x00, 0x73, 0x01, 0x00, 0x00, 0xf7, 0x00, 0x03, 0x00, 0x50, 0x48, // ......s.......PH
	0x00, 0x00, 0x00, 0x00, 0x00, 0x00, 0xfb, 0x00, 0x03, 0x00, 0xcc, 0x01, 0x00, 0x00, 0x3b, 0x48, // ..............;H
	0x00, 0x00, 0xf8, 0x00, 0x02, 0x00, 0x3b, 0x48, 0x00, 0x00, 0xf7, 0x00, 0x03, 0x00, 0x43, 0x48, // ......;H......CH
	0x00, 0x00, 0x00, 0x00, 0x00, 0x00, 0xfa, 0x00, 0x04, 0x00, 0x15, 0x33, 0x00, 0x00, 0x3e, 0x48, // ...........3..>H
	0x00, 0x00, 0x43, 0x48, 0x00, 0x00, 0xf8, 0x00, 0x02, 0x00, 0x3e, 0x48, 0x00, 0x00, 0x56, 0x00, // ..CH......>H..V.
	0x05, 0x00, 0x2e, 0x01, 0x00, 0x00, 0x58, 0x48, 0x00, 0x00, 0xf8, 0x00, 0x00, 0x00, 0xf6, 0x00, // ......XH........
	0x00, 0x00, 0x57, 0x00, 0x05, 0x00, 0x0d, 0x00, 0x00, 0x00, 0x5a, 0x48, 0x00, 0x00, 0x58, 0x48, // ..W.......ZH..XH
	0x00, 0x00, 0x73, 0x47, 0x00, 0x00, 0x51, 0x00, 0x05, 0x00, 0x07, 0x00, 0x00, 0x00, 0x42, 0x48, // ..sG..Q.......BH
	0x00, 0x00, 0x5a, 0x48, 0x00, 0x00, 0x00, 0x00, 0x00, 0x00, 0xf9, 0x00, 0x02, 0x00, 0x50, 0x48, // ..ZH..........PH
	0x00, 0x00, 0xf8, 0x00, 0x02, 0x00, 0x43, 0x48, 0x00, 0x00, 0xf7, 0x00, 0x03, 0x00, 0x4b, 0x48, // ......CH......KH
	0x00, 0x00, 0x00, 0x00, 0x00, 0x00, 0xfa, 0x00, 0x04, 0x00, 0x19, 0x33, 0x00, 0x00, 0x46, 0x48, // ...........3..FH
	0x00, 0x00, 0x4b, 0x48, 0x00, 0x00, 0xf8, 0x00, 0x02, 0x00, 0x46, 0x48, 0x00, 0x00, 0x56, 0x00, // ..KH......FH..V.
	0x05, 0x00, 0x2e, 0x01, 0x00, 0x00, 0x61, 0x48, 0x00, 0x00, 0xfe, 0x00, 0x00, 0x00, 0xfc, 0x00, // ......aH........
	0x00, 0x00, 0x57, 0x00, 0x05, 0x00, 0x0d, 0x00, 0x00, 0x00, 0x63, 0x48, 0x00, 0x00, 0x61, 0x48, // ..W.......cH..aH
	0x00, 0x00, 0x73, 0x47, 0x00, 0x00, 0x51, 0x00, 0x05, 0x00, 0x07, 0x00, 0x00, 0x00, 0x4a, 0x48, // ..sG..Q.......JH
	0x00, 0x00, 0x63, 0x48, 0x00, 0x00, 0x00, 0x00, 0x00, 0x00, 0xf9, 0x00, 0x02, 0x00, 0x50, 0x48, // ..cH..........PH
	0x00, 0x00, 0xf8, 0x00, 0x02, 0x00, 0x4b, 0x48, 0x00, 0x00, 0x56, 0x00, 0x05, 0x00, 0x2e, 0x01, // ......KH..V.....
	0x00, 0x00, 0x6a, 0x48, 0x00, 0x00, 0x04, 0x01, 0x00, 0x00, 0x02, 0x01, 0x00, 0x00, 0x57, 0x00, // ..jH..........W.
	0x05, 0x00, 0x0d, 0x00, 0x00, 0x00, 0x6c, 0x48, 0x00, 0x00, 0x6a, 0x48, 0x00, 0x00, 0x73, 0x47, // ......lH..jH..sG
	0x00, 0x00, 0x51, 0x00, 0x05, 0x00, 0x07, 0x00, 0x00, 0x00, 0x4f, 0x48, 0x00, 0x00, 0x6c, 0x48, // ..Q.......OH..lH
	0x00, 0x00, 0x00, 0x00, 0x00, 0x00, 0xf9, 0x00, 0x02, 0x00, 0x50, 0x48, 0x00, 0x00, 0xf8, 0x00, // ..........PH....
	0x02, 0x00, 0x50, 0x48, 0x00, 0x00, 0xf5, 0x00, 0x09, 0x00, 0x07, 0x00, 0x00, 0x00, 0x72, 0x5f, // ..PH..........r_
	0x00, 0x00, 0x42, 0x48, 0x00, 0x00, 0x3e, 0x48, 0x00, 0x00, 0x4a, 0x48, 0x00, 0x00, 0x46, 0x48, // ..BH..>H..JH..FH
	0x00, 0x00, 0x4f, 0x48, 0x00, 0x00, 0x4b, 0x48, 0x00, 0x00, 0xbe, 0x00, 0x05, 0x00, 0x97, 0x01, // ..OH..KH........
	0x00, 0x00, 0xa4, 0x47, 0x00, 0x00, 0x72, 0x5f, 0x00, 0x00, 0x8c, 0x47, 0x00, 0x00, 0xa9, 0x00, // ...G..r_...G....
	0x06, 0x00, 0x07, 0x00, 0x00, 0x00, 0xa5, 0x47, 0x00, 0x00, 0xa4, 0x47, 0x00, 0x00, 0xa1, 0x01, // .......G...G....
	0x00, 0x00, 0x73, 0x01, 0x00, 0x00, 0xf7, 0x00, 0x03, 0x00, 0x8c, 0x48, 0x00, 0x00, 0x00, 0x00, // ..s........H....
	0x00, 0x00, 0xfb, 0x00, 0x03, 0x00, 0xcc, 0x01, 0x00, 0x00, 0x77, 0x48, 0x00, 0x00, 0xf8, 0x00, // ..........wH....
	0x02, 0x00, 0x77, 0x48, 0x00, 0x00, 0xf7, 0x00, 0x03, 0x00, 0x7f, 0x48, 0x00, 0x00, 0x00, 0x00, // ..wH.......H....
	0x00, 0x00, 0xfa, 0x00, 0x04, 0x00, 0x15, 0x33, 0x00, 0x00, 0x7a, 0x48, 0x00, 0x00, 0x7f, 0x48, // .......3..zH...H
	0x00, 0x00, 0xf8, 0x00, 0x02, 0x00, 0x7a, 0x48, 0x00, 0x00, 0x56, 0x00, 0x05, 0x00, 0x2e, 0x01, // ......zH..V.....
	0x00, 0x00, 0x94, 0x48, 0x00, 0x00, 0xf8, 0x00, 0x00, 0x00, 0xf6, 0x00, 0x00, 0x00, 0x57, 0x00, // ...H..........W.
	0x05, 0x00, 0x0d, 0x00, 0x00, 0x00, 0x96, 0x48, 0x00, 0x00, 0x94, 0x48, 0x00, 0x00, 0x77, 0x47, // .......H...H..wG
	0x00, 0x00, 0x51, 0x00, 0x05, 0x00, 0x07, 0x00, 0x00, 0x00, 0x7e, 0x48, 0x00, 0x00, 0x96, 0x48, // ..Q.......~H...H
	0x00, 0x00, 0x00, 0x00, 0x00, 0x00, 0xf9, 0x00, 0x02, 0x00, 0x8c, 0x48, 0x00, 0x00, 0xf8, 0x00, // ...........H....
	0x02, 0x00, 0x7f, 0x48, 0x00, 0x00, 0xf7, 0x00, 0x03, 0x00, 0x87, 0x48, 0x00, 0x00, 0x00, 0x00, // ...H.......H....
	0x00, 0x00, 0xfa, 0x00, 0x04, 0x00, 0x19, 0x33, 0x00, 0x00, 0x82, 0x48, 0x00, 0x00, 0x87, 0x48, // .......3...H...H
	0x00, 0x00, 0xf8, 0x00, 0x02, 0x00, 0x82, 0x48, 0x00, 0x00, 0x56, 0x00, 0x05, 0x00, 0x2e, 0x01, // .......H..V.....
	0x00, 0x00, 0x9d, 0x48, 0x00, 0x00, 0xfe, 0x00, 0x00, 0x00, 0xfc, 0x00, 0x00, 0x00, 0x57, 0x00, // ...H..........W.
	0x05, 0x00, 0x0d, 0x00, 0x00, 0x00, 0x9f, 0x48, 0x00, 0x00, 0x9d, 0x48, 0x00, 0x00, 0x77, 0x47, // .......H...H..wG
	0x00, 0x00, 0x51, 0x00, 0x05, 0x00, 0x07, 0x00, 0x00, 0x00, 0x86, 0x48, 0x00, 0x00, 0x9f, 0x48, // ..Q........H...H
	0x00, 0x00, 0x00, 0x00, 0x00, 0x00, 0xf9, 0x00, 0x02, 0x00, 0x8c, 0x48, 0x00, 0x00, 0xf8, 0x00, // ...........H....
	0x02, 0x00, 0x87, 0x48, 0x00, 0x00, 0x56, 0x00, 0x05, 0x00, 0x2e, 0x01, 0x00, 0x00, 0xa6, 0x48, // ...H..V........H
	0x00, 0x00, 0x04, 0x01, 0x00, 0x00, 0x02, 0x01, 0x00, 0x00, 0x57, 0x00, 0x05, 0x00, 0x0d, 0x00, // ..........W.....
	0x00, 0x00, 0xa8, 0x48, 0x00, 0x00, 0xa6, 0x48, 0x00, 0x00, 0x77, 0x47, 0x00, 0x00, 0x51, 0x00, // ...H...H..wG..Q.
	0x05, 0x00, 0x07, 0x00, 0x00, 0x00, 0x8b, 0x48, 0x00, 0x00, 0xa8, 0x48, 0x00, 0x00, 0x00, 0x00, // .......H...H....
	0x00, 0x00, 0xf9, 0x00, 0x02, 0x00, 0x8c, 0x48, 0x00, 0x00, 0xf8, 0x00, 0x02, 0x00, 0x8c, 0x48, // .......H.......H
	0x00, 0x00, 0xf5, 0x00, 0x09, 0x00, 0x07, 0x00, 0x00, 0x00, 0x73, 0x5f, 0x00, 0x00, 0x7e, 0x48, // ..........s_..~H
	0x00, 0x00, 0x7a, 0x48, 0x00, 0x00, 0x86, 0x48, 0x00, 0x00, 0x82, 0x48, 0x00, 0x00, 0x8b, 0x48, // ..zH...H...H...H
	0x00, 0x00, 0x87, 0x48, 0x00, 0x00, 0xbe, 0x00, 0x05, 0x00, 0x97, 0x01, 0x00, 0x00, 0xaa, 0x47, // ...H...........G
	0x00, 0x00, 0x73, 0x5f, 0x00, 0x00, 0x93, 0x47, 0x00, 0x00, 0xa9, 0x00, 0x06, 0x00, 0x07, 0x00, // ..s_...G........
	0x00, 0x00, 0xab, 0x47, 0x00, 0x00, 0xaa, 0x47, 0x00, 0x00, 0xa1, 0x01, 0x00, 0x00, 0x73, 0x01, // ...G...G......s.
	0x00, 0x00, 0x51, 0x00, 0x05, 0x00, 0x07, 0x00, 0x00, 0x00, 0xaf, 0x47, 0x00, 0x00, 0x65, 0x47, // ..Q........G..eG
	0x00, 0x00, 0x00, 0x00, 0x00, 0x00, 0x0c, 0x00, 0x08, 0x00, 0x07, 0x00, 0x00, 0x00, 0xae, 0x48, // ...............H
	0x00, 0x00, 0x01, 0x00, 0x00, 0x00, 0x2e, 0x00, 0x00, 0x00, 0x99, 0x47, 0x00, 0x00, 0x9f, 0x47, // ...........G...G
	0x00, 0x00, 0xaf, 0x47, 0x00, 0x00, 0x0c, 0x00, 0x08, 0x00, 0x07, 0x00, 0x00, 0x00, 0xb4, 0x48, // ...G...........H
	0x00, 0x00, 0x01, 0x00, 0x00, 0x00, 0x2e, 0x00, 0x00, 0x00, 0xa5, 0x47, 0x00, 0x00, 0xab, 0x47, // ...........G...G
	0x00, 0x00, 0xaf, 0x47, 0x00, 0x00, 0x51, 0x00, 0x05, 0x00, 0x07, 0x00, 0x00, 0x00, 0xb7, 0x47, // ...G..Q........G
	0x00, 0x00, 0x65, 0x47, 0x00, 0x00, 0x01, 0x00, 0x00, 0x00, 0x0c, 0x00, 0x08, 0x00, 0x07, 0x00, // ..eG............
	0x00, 0x00, 0xba, 0x48, 0x00, 0x00, 0x01, 0x00, 0x00, 0x00, 0x2e, 0x00, 0x00, 0x00, 0xae, 0x48, // ...H...........H
	0x00, 0x00, 0xb4, 0x48, 0x00, 0x00, 0xb7, 0x47, 0x00, 0x00, 0x81, 0x00, 0x05, 0x00, 0x07, 0x00, // ...H...G........
	0x00, 0x00, 0xc0, 0x35, 0x00, 0x00, 0xaf, 0x35, 0x00, 0x00, 0xba, 0x48, 0x00, 0x00, 0x8e, 0x00, // ...5...5...H....
	0x05, 0x00, 0x0b, 0x00, 0x00, 0x00, 0xc3, 0x35, 0x00, 0x00, 0x9b, 0x03, 0x00, 0x00, 0xf4, 0x34, // .......5.......4
	0x00, 0x00, 0x81, 0x00, 0x05, 0x00, 0x0b, 0x00, 0x00, 0x00, 0xc6, 0x35, 0x00, 0x00, 0x25, 0x5d, // ...........5..%]
	0x00, 0x00, 0xc3, 0x35, 0x00, 0x00, 0x94, 0x00, 0x05, 0x00, 0x07, 0x00, 0x00, 0x00, 0xca, 0x35, // ...5...........5
	0x00, 0x00, 0xbf, 0x5e, 0x00, 0x00, 0xc3, 0x35, 0x00, 0x00, 0x81, 0x00, 0x05, 0x00, 0x07, 0x00, // ...^...5........
	0x00, 0x00, 0xcb, 0x35, 0x00, 0x00, 0xfe, 0x33, 0x00, 0x00, 0xca, 0x35, 0x00, 0x00, 0x88, 0x00, // ...5...3...5....
	0x05, 0x00, 0x0b, 0x00, 0x00, 0x00, 0xe1, 0x48, 0x00, 0x00, 0xc6, 0x35, 0x00, 0x00, 0x3f, 0x38, // .......H...5..?8
	0x00, 0x00, 0x83, 0x00, 0x05, 0x00, 0x0b, 0x00, 0x00, 0x00, 0xe3, 0x48, 0x00, 0x00, 0xe1, 0x48, // ...........H...H
	0x00, 0x00, 0xa4, 0x5d, 0x00, 0x00, 0x0c, 0x00, 0x06, 0x00, 0x0b, 0x00, 0x00, 0x00, 0xe5, 0x48, // ...]...........H
	0x00, 0x00, 0x01, 0x00, 0x00, 0x00, 0x08, 0x00, 0x00, 0x00, 0xe3, 0x48, 0x00, 0x00, 0x83, 0x00, // ...........H....
	0x05, 0x00, 0x0b, 0x00, 0x00, 0x00, 0xe8, 0x48, 0x00, 0x00, 0xe3, 0x48, 0x00, 0x00, 0xe5, 0x48, // .......H...H...H
	0x00, 0x00, 0x81, 0x00, 0x05, 0x00, 0x0b, 0x00, 0x00, 0x00, 0xeb, 0x48, 0x00, 0x00, 0xe5, 0x48, // ...........H...H
	0x00, 0x00, 0xa4, 0x5d, 0x00, 0x00, 0x8e, 0x00, 0x05, 0x00, 0x0b, 0x00, 0x00, 0x00, 0xed, 0x48, // ...]...........H
	0x00, 0x00, 0xeb, 0x48, 0x00, 0x00, 0xf5, 0x33, 0x00, 0x00, 0x81, 0x00, 0x05, 0x00, 0x0b, 0x00, // ...H...3........
	0x00, 0x00, 0xf2, 0x48, 0x00, 0x00, 0xed, 0x48, 0x00, 0x00, 0x50, 0x38, 0x00, 0x00, 0x81, 0x00, // ...H...H..P8....
	0x05, 0x00, 0x0b, 0x00, 0x00, 0x00, 0xf6, 0x48, 0x00, 0x00, 0xed, 0x48, 0x00, 0x00, 0x54, 0x38, // .......H...H..T8
	0x00, 0x00, 0x81, 0x00, 0x05, 0x00, 0x0b, 0x00, 0x00, 0x00, 0xfa, 0x48, 0x00, 0x00, 0xed, 0x48, // ...........H...H
	0x00, 0x00, 0x3f, 0x38, 0x00, 0x00, 0x83, 0x00, 0x05, 0x00, 0x0b, 0x00, 0x00, 0x00, 0xff, 0x48, // ..?8...........H
	0x00, 0x00, 0xed, 0x48, 0x00, 0x00, 0xc6, 0x35, 0x00, 0x00, 0x94, 0x00, 0x05, 0x00, 0x07, 0x00, // ...H...5........
	0x00, 0x00, 0x00, 0x49, 0x00, 0x00, 0xbf, 0x5e, 0x00, 0x00, 0xff, 0x48, 0x00, 0x00, 0x81, 0x00, // ...I...^...H....
	0x05, 0x00, 0x07, 0x00, 0x00, 0x00, 0x01, 0x49, 0x00, 0x00, 0xcb, 0x35, 0x00, 0x00, 0x00, 0x49, // .......I...5...I
	0x00, 0x00, 0x83, 0x00, 0x05, 0x00, 0x0b, 0x00, 0x00, 0x00, 0x06, 0x49, 0x00, 0x00, 0xf2, 0x48, // ...........I...H
	0x00, 0x00, 0xc6, 0x35, 0x00, 0x00, 0x94, 0x00, 0x05, 0x00, 0x07, 0x00, 0x00, 0x00, 0x07, 0x49, // ...5...........I
	0x00, 0x00, 0xbf, 0x5e, 0x00, 0x00, 0x06, 0x49, 0x00, 0x00, 0x81, 0x00, 0x05, 0x00, 0x07, 0x00, // ...^...I........
	0x00, 0x00, 0x08, 0x49, 0x00, 0x00, 0xcb, 0x35, 0x00, 0x00, 0x07, 0x49, 0x00, 0x00, 0x83, 0x00, // ...I...5...I....
	0x05, 0x00, 0x0b, 0x00, 0x00, 0x00, 0x0d, 0x49, 0x00, 0x00, 0xf6, 0x48, 0x00, 0x00, 0xc6, 0x35, // .......I...H...5
	0x00, 0x00, 0x94, 0x00, 0x05, 0x00, 0x07, 0x00, 0x00, 0x00, 0x0e, 0x49, 0x00, 0x00, 0xbf, 0x5e, // ...........I...^
	0x00, 0x00, 0x0d, 0x49, 0x00, 0x00, 0x81, 0x00, 0x05, 0x00, 0x07, 0x00, 0x00, 0x00, 0x0f, 0x49, // ...I...........I
	0x00, 0x00, 0xcb, 0x35, 0x00, 0x00, 0x0e, 0x49, 0x00, 0x00, 0x83, 0x00, 0x05, 0x00, 0x0b, 0x00, // ...5...I........
	0x00, 0x00, 0x14, 0x49, 0x00, 0x00, 0xfa, 0x48, 0x00, 0x00, 0xc6, 0x35, 0x00, 0x00, 0x94, 0x00, // ...I...H...5....
	0x05, 0x00, 0x07, 0x00, 0x00, 0x00, 0x15, 0x49, 0x00, 0x00, 0xbf, 0x5e, 0x00, 0x00, 0x14, 0x49, // .......I...^...I
	0x00, 0x00, 0x81, 0x00, 0x05, 0x00, 0x07, 0x00, 0x00, 0x00, 0x16, 0x49, 0x00, 0x00, 0xcb, 0x35, // ...........I...5
	0x00, 0x00, 0x15, 0x49, 0x00, 0x00, 0xf7, 0x00, 0x03, 0x00, 0x5b, 0x49, 0x00, 0x00, 0x00, 0x00, // ...I......[I....
	0x00, 0x00, 0xfb, 0x00, 0x03, 0x00, 0xcc, 0x01, 0x00, 0x00, 0x46, 0x49, 0x00, 0x00, 0xf8, 0x00, // ..........FI....
	0x02, 0x00, 0x46, 0x49, 0x00, 0x00, 0xf7, 0x00, 0x03, 0x00, 0x4e, 0x49, 0x00, 0x00, 0x00, 0x00, // ..FI......NI....
	0x00, 0x00, 0xfa, 0x00, 0x04, 0x00, 0x15, 0x33, 0x00, 0x00, 0x49, 0x49, 0x00, 0x00, 0x4e, 0x49, // .......3..II..NI
	0x00, 0x00, 0xf8, 0x00, 0x02, 0x00, 0x49, 0x49, 0x00, 0x00, 0x56, 0x00, 0x05, 0x00, 0x2e, 0x01, // ......II..V.....
	0x00, 0x00, 0x63, 0x49, 0x00, 0x00, 0xf8, 0x00, 0x00, 0x00, 0xf6, 0x00, 0x00, 0x00, 0x57, 0x00, // ..cI..........W.
	0x05, 0x00, 0x0d, 0x00, 0x00, 0x00, 0x65, 0x49, 0x00, 0x00, 0x63, 0x49, 0x00, 0x00, 0xed, 0x48, // ......eI..cI...H
	0x00, 0x00, 0x51, 0x00, 0x05, 0x00, 0x07, 0x00, 0x00, 0x00, 0x4d, 0x49, 0x00, 0x00, 0x65, 0x49, // ..Q.......MI..eI
	0x00, 0x00, 0x00, 0x00, 0x00, 0x00, 0xf9, 0x00, 0x02, 0x00, 0x5b, 0x49, 0x00, 0x00, 0xf8, 0x00, // ..........[I....
	0x02, 0x00, 0x4e, 0x49, 0x00, 0x00, 0xf7, 0x00, 0x03, 0x00, 0x56, 0x49, 0x00, 0x00, 0x00, 0x00, // ..NI......VI....
	0x00, 0x00, 0xfa, 0x00, 0x04, 0x00, 0x19, 0x33, 0x00, 0x00, 0x51, 0x49, 0x00, 0x00, 0x56, 0x49, // .......3..QI..VI
	0x00, 0x00, 0xf8, 0x00, 0x02, 0x00, 0x51, 0x49, 0x00, 0x00, 0x56, 0x00, 0x05, 0x00, 0x2e, 0x01, // ......QI..V.....
	0x00, 0x00, 0x6c, 0x49, 0x00, 0x00, 0xfe, 0x00, 0x00, 0x00, 0xfc, 0x00, 0x00, 0x00, 0x57, 0x00, // ..lI..........W.
	0x05, 0x00, 0x0d, 0x00, 0x00, 0x00, 0x6e, 0x49, 0x00, 0x00, 0x6c, 0x49, 0x00, 0x00, 0xed, 0x48, // ......nI..lI...H
	0x00, 0x00, 0x51, 0x00, 0x05, 0x00, 0x07, 0x00, 0x00, 0x00, 0x55, 0x49, 0x00, 0x00, 0x6e, 0x49, // ..Q.......UI..nI
	0x00, 0x00, 0x00, 0x00, 0x00, 0x00, 0xf9, 0x00, 0x02, 0x00, 0x5b, 0x49, 0x00, 0x00, 0xf8, 0x00, // ..........[I....
	0x02, 0x00, 0x56, 0x49, 0x00, 0x00, 0x56, 0x00, 0x05, 0x00, 0x2e, 0x01, 0x00, 0x00, 0x75, 0x49, // ..VI..V.......uI
	0x00, 0x00, 0x04, 0x01, 0x00, 0x00, 0x02, 0x01, 0x00, 0x00, 0x57, 0x00, 0x05, 0x00, 0x0d, 0x00, // ..........W.....
	0x00, 0x00, 0x77, 0x49, 0x00, 0x00, 0x75, 0x49, 0x00, 0x00, 0xed, 0x48, 0x00, 0x00, 0x51, 0x00, // ..wI..uI...H..Q.
	0x05, 0x00, 0x07, 0x00, 0x00, 0x00, 0x5a, 0x49, 0x00, 0x00, 0x77, 0x49, 0x00, 0x00, 0x00, 0x00, // ......ZI..wI....
	0x00, 0x00, 0xf9, 0x00, 0x02, 0x00, 0x5b, 0x49, 0x00, 0x00, 0xf8, 0x00, 0x02, 0x00, 0x5b, 0x49, // ......[I......[I
	0x00, 0x00, 0xf5, 0x00, 0x09, 0x00, 0x07, 0x00, 0x00, 0x00, 0x7c, 0x5f, 0x00, 0x00, 0x4d, 0x49, // ..........|_..MI
	0x00, 0x00, 0x49, 0x49, 0x00, 0x00, 0x55, 0x49, 0x00, 0x00, 0x51, 0x49, 0x00, 0x00, 0x5a, 0x49, // ..II..UI..QI..ZI
	0x00, 0x00, 0x56, 0x49, 0x00, 0x00, 0xbe, 0x00, 0x05, 0x00, 0x97, 0x01, 0x00, 0x00, 0x1b, 0x49, // ..VI...........I
	0x00, 0x00, 0x7c, 0x5f, 0x00, 0x00, 0x01, 0x49, 0x00, 0x00, 0xa9, 0x00, 0x06, 0x00, 0x07, 0x00, // ..|_...I........
	0x00, 0x00, 0x1c, 0x49, 0x00, 0x00, 0x1b, 0x49, 0x00, 0x00, 0xa1, 0x01, 0x00, 0x00, 0x73, 0x01, // ...I...I......s.
	0x00, 0x00, 0xf7, 0x00, 0x03, 0x00, 0x97, 0x49, 0x00, 0x00, 0x00, 0x00, 0x00, 0x00, 0xfb, 0x00, // .......I........
	0x03, 0x00, 0xcc, 0x01, 0x00, 0x00, 0x82, 0x49, 0x00, 0x00, 0xf8, 0x00, 0x02, 0x00, 0x82, 0x49, // .......I.......I
	0x00, 0x00, 0xf7, 0x00, 0x03, 0x00, 0x8a, 0x49, 0x00, 0x00, 0x00, 0x00, 0x00, 0x00, 0xfa, 0x00, // .......I........
	0x04, 0x00, 0x15, 0x33, 0x00, 0x00, 0x85, 0x49, 0x00, 0x00, 0x8a, 0x49, 0x00, 0x00, 0xf8, 0x00, // ...3...I...I....
	0x02, 0x00, 0x85, 0x49, 0x00, 0x00, 0x56, 0x00, 0x05, 0x00, 0x2e, 0x01, 0x00, 0x00, 0x9f, 0x49, // ...I..V........I
	0x00, 0x00, 0xf8, 0x00, 0x00, 0x00, 0xf6, 0x00, 0x00, 0x00, 0x57, 0x00, 0x05, 0x00, 0x0d, 0x00, // ..........W.....
	0x00, 0x00, 0xa1, 0x49, 0x00, 0x00, 0x9f, 0x49, 0x00, 0x00, 0xf2, 0x48, 0x00, 0x00, 0x51, 0x00, // ...I...I...H..Q.
	0x05, 0x00, 0x07, 0x00, 0x00, 0x00, 0x89, 0x49, 0x00, 0x00, 0xa1, 0x49, 0x00, 0x00, 0x00, 0x00, // .......I...I....
	0x00, 0x00, 0xf9, 0x00, 0x02, 0x00, 0x97, 0x49, 0x00, 0x00, 0xf8, 0x00, 0x02, 0x00, 0x8a, 0x49, // .......I.......I
	0x00, 0x00, 0xf7, 0x00, 0x03, 0x00, 0x92, 0x49, 0x00, 0x00, 0x00, 0x00, 0x00, 0x00, 0xfa, 0x00, // .......I........
	0x04, 0x00, 0x19, 0x33, 0x00, 0x00, 0x8d, 0x49, 0x00, 0x00, 0x92, 0x49, 0x00, 0x00, 0xf8, 0x00, // ...3...I...I....
	0x02, 0x00, 0x8d, 0x49, 0x00, 0x00, 0x56, 0x00, 0x05, 0x00, 0x2e, 0x01, 0x00, 0x00, 0xa8, 0x49, // ...I..V........I
	0x00, 0x00, 0xfe, 0x00, 0x00, 0x00, 0xfc, 0x00, 0x00, 0x00, 0x57, 0x00, 0x05, 0x00, 0x0d, 0x00, // ..........W.....
	0x00, 0x00, 0xaa, 0x49, 0x00, 0x00, 0xa8, 0x49, 0x00, 0x00, 0xf2, 0x48, 0x00, 0x00, 0x51, 0x00, // ...I...I...H..Q.
	0x05, 0x00, 0x07, 0x00, 0x00, 0x00, 0x91, 0x49, 0x00, 0x00, 0xaa, 0x49, 0x00, 0x00, 0x00, 0x00, // .......I...I....
	0x00, 0x00, 0xf9, 0x00, 0x02, 0x00, 0x97, 0x49, 0x00, 0x00, 0xf8, 0x00, 0x02, 0x00, 0x92, 0x49, // .......I.......I
	0x00, 0x00, 0x56, 0x00, 0x05, 0x00, 0x2e, 0x01, 0x00, 0x00, 0xb1, 0x49, 0x00, 0x00, 0x04, 0x01, // ..V........I....
	0x00, 0x00, 0x02, 0x01, 0x00, 0x00, 0x57, 0x00, 0x05, 0x00, 0x0d, 0x00, 0x00, 0x00, 0xb3, 0x49, // ......W........I
	0x00, 0x00, 0xb1, 0x49, 0x00, 0x00, 0xf2, 0x48, 0x00, 0x00, 0x51, 0x00, 0x05, 0x00, 0x07, 0x00, // ...I...H..Q.....
	0x00, 0x00, 0x96, 0x49, 0x00, 0x00, 0xb3, 0x49, 0x00, 0x00, 0x00, 0x00, 0x00, 0x00, 0xf9, 0x00, // ...I...I........
	0x02, 0x00, 0x97, 0x49, 0x00, 0x00, 0xf8, 0x00, 0x02, 0x00, 0x97, 0x49, 0x00, 0x00, 0xf5, 0x00, // ...I.......I....
	0x09, 0x00, 0x07, 0x00, 0x00, 0x00, 0x7d, 0x5f, 0x00, 0x00, 0x89, 0x49, 0x00, 0x00, 0x85, 0x49, // ......}_...I...I
	0x00, 0x00, 0x91, 0x49, 0x00, 0x00, 0x8d, 0x49, 0x00, 0x00, 0x96, 0x49, 0x00, 0x00, 0x92, 0x49, // ...I...I...I...I
	0x00, 0x00, 0xbe, 0x00, 0x05, 0x00, 0x97, 0x01, 0x00, 0x00, 0x21, 0x49, 0x00, 0x00, 0x7d, 0x5f, // ..........!I..}_
	0x00, 0x00, 0x08, 0x49, 0x00, 0x00, 0xa9, 0x00, 0x06, 0x00, 0x07, 0x00, 0x00, 0x00, 0x22, 0x49, // ...I.........."I
	0x00, 0x00, 0x21, 0x49, 0x00, 0x00, 0xa1, 0x01, 0x00, 0x00, 0x73, 0x01, 0x00, 0x00, 0xf7, 0x00, // ..!I......s.....
	0x03, 0x00, 0xd3, 0x49, 0x00, 0x00, 0x00, 0x00, 0x00, 0x00, 0xfb, 0x00, 0x03, 0x00, 0xcc, 0x01, // ...I............
	0x00, 0x00, 0xbe, 0x49, 0x00, 0x00, 0xf8, 0x00, 0x02, 0x00, 0xbe, 0x49, 0x00, 0x00, 0xf7, 0x00, // ...I.......I....
	0x03, 0x00, 0xc6, 0x49, 0x00, 0x00, 0x00, 0x00, 0x00, 0x00, 0xfa, 0x00, 0x04, 0x00, 0x15, 0x33, // ...I...........3
	0x00, 0x00, 0xc1, 0x49, 0x00, 0x00, 0xc6, 0x49, 0x00, 0x00, 0xf8, 0x00, 0x02, 0x00, 0xc1, 0x49, // ...I...I.......I
	0x00, 0x00, 0x56, 0x00, 0x05, 0x00, 0x2e, 0x01, 0x00, 0x00, 0xdb, 0x49, 0x00, 0x00, 0xf8, 0x00, // ..V........I....
	0x00, 0x00, 0xf6, 0x00, 0x00, 0x00, 0x57, 0x00, 0x05, 0x00, 0x0d, 0x00, 0x00, 0x00, 0xdd, 0x49, // ......W........I
	0x00, 0x00, 0xdb, 0x49, 0x00, 0x00, 0xf6, 0x48, 0x00, 0x00, 0x51, 0x00, 0x05, 0x00, 0x07, 0x00, // ...I...H..Q.....
	0x00, 0x00, 0xc5, 0x49, 0x00, 0x00, 0xdd, 0x49, 0x00, 0x00, 0x00, 0x00, 0x00, 0x00, 0xf9, 0x00, // ...I...I........
	0x02, 0x00, 0xd3, 0x49, 0x00, 0x00, 0xf8, 0x00, 0x02, 0x00, 0xc6, 0x49, 0x00, 0x00, 0xf7, 0x00, // ...I.......I....
	0x03, 0x00, 0xce, 0x49, 0x00, 0x00, 0x00, 0x00, 0x00, 0x00, 0xfa, 0x00, 0x04, 0x00, 0x19, 0x33, // ...I...........3
	0x00, 0x00, 0xc9, 0x49, 0x00, 0x00, 0xce, 0x49, 0x00, 0x00, 0xf8, 0x00, 0x02, 0x00, 0xc9, 0x49, // ...I...I.......I
	0x00, 0x00, 0x56, 0x00, 0x05, 0x00, 0x2e, 0x01, 0x00, 0x00, 0xe4, 0x49, 0x00, 0x00, 0xfe, 0x00, // ..V........I....
	0x00, 0x00, 0xfc, 0x00, 0x00, 0x00, 0x57, 0x00, 0x05, 0x00, 0x0d, 0x00, 0x00, 0x00, 0xe6, 0x49, // ......W........I
	0x00, 0x00, 0xe4, 0x49, 0x00, 0x00, 0xf6, 0x48, 0x00, 0x00, 0x51, 0x00, 0x05, 0x00, 0x07, 0x00, // ...I...H..Q.....
	0x00, 0x00, 0xcd, 0x49, 0x00, 0x00, 0xe6, 0x49, 0x00, 0x00, 0x00, 0x00, 0x00, 0x00, 0xf9, 0x00, // ...I...I........
	0x02, 0x00, 0xd3, 0x49, 0x00, 0x00, 0xf8, 0x00, 0x02, 0x00, 0xce, 0x49, 0x00, 0x00, 0x56, 0x00, // ...I.......I..V.
	0x05, 0x00, 0x2e, 0x01, 0x00, 0x00, 0xed, 0x49, 0x00, 0x00, 0x04, 0x01, 0x00, 0x00, 0x02, 0x01, // .......I........
	0x00, 0x00, 0x57, 0x00, 0x05, 0x00, 0x0d, 0x00, 0x00, 0x00, 0xef, 0x49, 0x00, 0x00, 0xed, 0x49, // ..W........I...I
	0x00, 0x00, 0xf6, 0x48, 0x00, 0x00, 0x51, 0x00, 0x05, 0x00, 0x07, 0x00, 0x00, 0x00, 0xd2, 0x49, // ...H..Q........I
	0x00, 0x00, 0xef, 0x49, 0x00, 0x00, 0x00, 0x00, 0x00, 0x00, 0xf9, 0x00, 0x02, 0x00, 0xd3, 0x49, // ...I...........I
	0x00, 0x00, 0xf8, 0x00, 0x02, 0x00, 0xd3, 0x49, 0x00, 0x00, 0xf5, 0x00, 0x09, 0x00, 0x07, 0x00, // .......I........
	0x00, 0x00, 0x7e, 0x5f, 0x00, 0x00, 0xc5, 0x49, 0x00, 0x00, 0xc1, 0x49, 0x00, 0x00, 0xcd, 0x49, // ..~_...I...I...I
	0x00, 0x00, 0xc9, 0x49, 0x00, 0x00, 0xd2, 0x49, 0x00, 0x00, 0xce, 0x49, 0x00, 0x00, 0xbe, 0x00, // ...I...I...I....
	0x05, 0x00, 0x97, 0x01, 0x00, 0x00, 0x27, 0x49, 0x00, 0x00, 0x7e, 0x5f, 0x00, 0x00, 0x0f, 0x49, // ......'I..~_...I
	0x00, 0x00, 0xa9, 0x00, 0x06, 0x00, 0x07, 0x00, 0x00, 0x00, 0x28, 0x49, 0x00, 0x00, 0x27, 0x49, // ..........(I..'I
	0x00, 0x00, 0xa1, 0x01, 0x00, 0x00, 0x73, 0x01, 0x00, 0x00, 0xf7, 0x00, 0x03, 0x00, 0x0f, 0x4a, // ......s........J
	0x00, 0x00, 0x00, 0x00, 0x00, 0x00, 0xfb, 0x00, 0x03, 0x00, 0xcc, 0x01, 0x00, 0x00, 0xfa, 0x49, // ...............I
	0x00, 0x00, 0xf8, 0x00, 0x02, 0x00, 0xfa, 0x49, 0x00, 0x00, 0xf7, 0x00, 0x03, 0x00, 0x02, 0x4a, // .......I.......J
	0x00, 0x00, 0x00, 0x00, 0x00, 0x00, 0xfa, 0x00, 0x04, 0x00, 0x15, 0x33, 0x00, 0x00, 0xfd, 0x49, // ...........3...I
	0x00, 0x00, 0x02, 0x4a, 0x00, 0x00, 0xf8, 0x00, 0x02, 0x00, 0xfd, 0x49, 0x00, 0x00, 0x56, 0x00, // ...J.......I..V.
	0x05, 0x00, 0x2e, 0x01, 0x00, 0x00, 0x17, 0x4a, 0x00, 0x00, 0xf8, 0x00, 0x00, 0x00, 0xf6, 0x00, // .......J........
	0x00, 0x00, 0x57, 0x00, 0x05, 0x00, 0x0d, 0x00, 0x00, 0x00, 0x19, 0x4a, 0x00, 0x00, 0x17, 0x4a, // ..W........J...J
	0x00, 0x00, 0xfa, 0x48, 0x00, 0x00, 0x51, 0x00, 0x05, 0x00, 0x07, 0x00, 0x00, 0x00, 0x01, 0x4a, // ...H..Q........J
	0x00, 0x00, 0x19, 0x4a, 0x00, 0x00, 0x00, 0x00, 0x00, 0x00, 0xf9, 0x00, 0x02, 0x00, 0x0f, 0x4a, // ...J...........J
	0x00, 0x00, 0xf8, 0x00, 0x02, 0x00, 0x02, 0x4a, 0x00, 0x00, 0xf7, 0x00, 0x03, 0x00, 0x0a, 0x4a, // .......J.......J
	0x00, 0x00, 0x00, 0x00, 0x00, 0x00, 0xfa, 0x00, 0x04, 0x00, 0x19, 0x33, 0x00, 0x00, 0x05, 0x4a, // ...........3...J
	0x00, 0x00, 0x0a, 0x4a, 0x00, 0x00, 0xf8, 0x00, 0x02, 0x00, 0x05, 0x4a, 0x00, 0x00, 0x56, 0x00, // ...J.......J..V.
	0x05, 0x00, 0x2e, 0x01, 0x00, 0x00, 0x20, 0x4a, 0x00, 0x00, 0xfe, 0x00, 0x00, 0x00, 0xfc, 0x00, // ...... J........
	0x00, 0x00, 0x57, 0x00, 0x05, 0x00, 0x0d, 0x00, 0x00, 0x00, 0x22, 0x4a, 0x00, 0x00, 0x20, 0x4a, // ..W......."J.. J
	0x00, 0x00, 0xfa, 0x48, 0x00, 0x00, 0x51, 0x00, 0x05, 0x00, 0x07, 0x00, 0x00, 0x00, 0x09, 0x4a, // ...H..Q........J
	0x00, 0x00, 0x22, 0x4a, 0x00, 0x00, 0x00, 0x00, 0x00, 0x00, 0xf9, 0x00, 0x02, 0x00, 0x0f, 0x4a, // .."J...........J
	0x00, 0x00, 0xf8, 0x00, 0x02, 0x00, 0x0a, 0x4a, 0x00, 0x00, 0x56, 0x00, 0x05, 0x00, 0x2e, 0x01, // .......J..V.....
	0x00, 0x00, 0x29, 0x4a, 0x00, 0x00, 0x04, 0x01, 0x00, 0x00, 0x02, 0x01, 0x00, 0x00, 0x57, 0x00, // ..)J..........W.
	0x05, 0x00, 0x0d, 0x00, 0x00, 0x00, 0x2b, 0x4a, 0x00, 0x00, 0x29, 0x4a, 0x00, 0x00, 0xfa, 0x48, // ......+J..)J...H
	0x00, 0x00, 0x51, 0x00, 0x05, 0x00, 0x07, 0x00, 0x00, 0x00, 0x0e, 0x4a, 0x00, 0x00, 0x2b, 0x4a, // ..Q........J..+J
	0x00, 0x00, 0x00, 0x00, 0x00, 0x00, 0xf9, 0x00, 0x02, 0x00, 0x0f, 0x4a, 0x00, 0x00, 0xf8, 0x00, // ...........J....
	0x02, 0x00, 0x0f, 0x4a, 0x00, 0x00, 0xf5, 0x00, 0x09, 0x00, 0x07, 0x00, 0x00, 0x00, 0x7f, 0x5f, // ...J..........._
	0x00, 0x00, 0x01, 0x4a, 0x00, 0x00, 0xfd, 0x49, 0x00, 0x00, 0x09, 0x4a, 0x00, 0x00, 0x05, 0x4a, // ...J...I...J...J
	0x00, 0x00, 0x0e, 0x4a, 0x00, 0x00, 0x0a, 0x4a, 0x00, 0x00, 0xbe, 0x00, 0x05, 0x00, 0x97, 0x01, // ...J...J........
	0x00, 0x00, 0x2d, 0x49, 0x00, 0x00, 0x7f, 0x5f, 0x00, 0x00, 0x16, 0x49, 0x00, 0x00, 0xa9, 0x00, // ..-I..._...I....
	0x06, 0x00, 0x07, 0x00, 0x00, 0x00, 0x2e, 0x49, 0x00, 0x00, 0x2d, 0x49, 0x00, 0x00, 0xa1, 0x01, // .......I..-I....
	0x00, 0x00, 0x73, 0x01, 0x00, 0x00, 0x51, 0x00, 0x05, 0x00, 0x07, 0x00, 0x00, 0x00, 0x32, 0x49, // ..s...Q.......2I
	0x00, 0x00, 0xe8, 0x48, 0x00, 0x00, 0x00, 0x00, 0x00, 0x00, 0x0c, 0x00, 0x08, 0x00, 0x07, 0x00, // ...H............
	0x00, 0x00, 0x31, 0x4a, 0x00, 0x00, 0x01, 0x00, 0x00, 0x00, 0x2e, 0x00, 0x00, 0x00, 0x1c, 0x49, // ..1J...........I
	0x00, 0x00, 0x22, 0x49, 0x00, 0x00, 0x32, 0x49, 0x00, 0x00, 0x0c, 0x00, 0x08, 0x00, 0x07, 0x00, // .."I..2I........
	0x00, 0x00, 0x37, 0x4a, 0x00, 0x00, 0x01, 0x00, 0x00, 0x00, 0x2e, 0x00, 0x00, 0x00, 0x28, 0x49, // ..7J..........(I
	0x00, 0x00, 0x2e, 0x49, 0x00, 0x00, 0x32, 0x49, 0x00, 0x00, 0x51, 0x00, 0x05, 0x00, 0x07, 0x00, // ...I..2I..Q.....
	0x00, 0x00, 0x3a, 0x49, 0x00, 0x00, 0xe8, 0x48, 0x00, 0x00, 0x01, 0x00, 0x00, 0x00, 0x0c, 0x00, // ..:I...H........
	0x08, 0x00, 0x07, 0x00, 0x00, 0x00, 0x3d, 0x4a, 0x00, 0x00, 0x01, 0x00, 0x00, 0x00, 0x2e, 0x00, // ......=J........
	0x00, 0x00, 0x31, 0x4a, 0x00, 0x00, 0x37, 0x4a, 0x00, 0x00, 0x3a, 0x49, 0x00, 0x00, 0x81, 0x00, // ..1J..7J..:I....
	0x05, 0x00, 0x07, 0x00, 0x00, 0x00, 0xd1, 0x35, 0x00, 0x00, 0xc0, 0x35, 0x00, 0x00, 0x3d, 0x4a, // .......5...5..=J
	0x00, 0x00, 0x8e, 0x00, 0x05, 0x00, 0x0b, 0x00, 0x00, 0x00, 0xd4, 0x35, 0x00, 0x00, 0x9c, 0x03, // ...........5....
	0x00, 0x00, 0xf4, 0x34, 0x00, 0x00, 0x81, 0x00, 0x05, 0x00, 0x0b, 0x00, 0x00, 0x00, 0xd7, 0x35, // ...4...........5
	0x00, 0x00, 0x25, 0x5d, 0x00, 0x00, 0xd4, 0x35, 0x00, 0x00, 0x94, 0x00, 0x05, 0x00, 0x07, 0x00, // ..%]...5........
	0x00, 0x00, 0xdb, 0x35, 0x00, 0x00, 0xbf, 0x5e, 0x00, 0x00, 0xd4, 0x35, 0x00, 0x00, 0x81, 0x00, // ...5...^...5....
	0x05, 0x00, 0x07, 0x00, 0x00, 0x00, 0xdc, 0x35, 0x00, 0x00, 0xfe, 0x33, 0x00, 0x00, 0xdb, 0x35, // .......5...3...5
	0x00, 0x00, 0x88, 0x00, 0x05, 0x00, 0x0b, 0x00, 0x00, 0x00, 0x64, 0x4a, 0x00, 0x00, 0xd7, 0x35, // ..........dJ...5
	0x00, 0x00, 0x3f, 0x38, 0x00, 0x00, 0x83, 0x00, 0x05, 0x00, 0x0b, 0x00, 0x00, 0x00, 0x66, 0x4a, // ..?8..........fJ
	0x00, 0x00, 0x64, 0x4a, 0x00, 0x00, 0xa4, 0x5d, 0x00, 0x00, 0x0c, 0x00, 0x06, 0x00, 0x0b, 0x00, // ..dJ...]........
	0x00, 0x00, 0x68, 0x4a, 0x00, 0x00, 0x01, 0x00, 0x00, 0x00, 0x08, 0x00, 0x00, 0x00, 0x66, 0x4a, // ..hJ..........fJ
	0x00, 0x00, 0x83, 0x00, 0x05, 0x00, 0x0b, 0x00, 0x00, 0x00, 0x6b, 0x4a, 0x00, 0x00, 0x66, 0x4a, // ..........kJ..fJ
	0x00, 0x00, 0x68, 0x4a, 0x00, 0x00, 0x81, 0x00, 0x05, 0x00, 0x0b, 0x00, 0x00, 0x00, 0x6e, 0x4a, // ..hJ..........nJ
	0x00, 0x00, 0x68, 0x4a, 0x00, 0x00, 0xa4, 0x5d, 0x00, 0x00, 0x8e, 0x00, 0x05, 0x00, 0x0b, 0x00, // ..hJ...]........
	0x00, 0x00, 0x70, 0x4a, 0x00, 0x00, 0x6e, 0x4a, 0x00, 0x00, 0xf5, 0x33, 0x00, 0x00, 0x81, 0x00, // ..pJ..nJ...3....
	0x05, 0x00, 0x0b, 0x00, 0x00, 0x00, 0x75, 0x4a, 0x00, 0x00, 0x70, 0x4a, 0x00, 0x00, 0x50, 0x38, // ......uJ..pJ..P8
	0x00, 0x00, 0x81, 0x00, 0x05, 0x00, 0x0b, 0x00, 0x00, 0x00, 0x79, 0x4a, 0x00, 0x00, 0x70, 0x4a, // ..........yJ..pJ
	0x00, 0x00, 0x54, 0x38, 0x00, 0x00, 0x81, 0x00, 0x05, 0x00, 0x0b, 0x00, 0x00, 0x00, 0x7d, 0x4a, // ..T8..........}J
	0x00, 0x00, 0x70, 0x4a, 0x00, 0x00, 0x3f, 0x38, 0x00, 0x00, 0x83, 0x00, 0x05, 0x00, 0x0b, 0x00, // ..pJ..?8........
	0x00, 0x00, 0x82, 0x4a, 0x00, 0x00, 0x70, 0x4a, 0x00, 0x00, 0xd7, 0x35, 0x00, 0x00, 0x94, 0x00, // ...J..pJ...5....
	0x05, 0x00, 0x07, 0x00, 0x00, 0x00, 0x83, 0x4a, 0x00, 0x00, 0xbf, 0x5e, 0x00, 0x00, 0x82, 0x4a, // .......J...^...J
	0x00, 0x00, 0x81, 0x00, 0x05, 0x00, 0x07, 0x00, 0x00, 0x00, 0x84, 0x4a, 0x00, 0x00, 0xdc, 0x35, // ...........J...5
	0x00, 0x00, 0x83, 0x4a, 0x00, 0x00, 0x83, 0x00, 0x05, 0x00, 0x0b, 0x00, 0x00, 0x00, 0x89, 0x4a, // ...J...........J
	0x00, 0x00, 0x75, 0x4a, 0x00, 0x00, 0xd7, 0x35, 0x00, 0x00, 0x94, 0x00, 0x05, 0x00, 0x07, 0x00, // ..uJ...5........
	0x00, 0x00, 0x8a, 0x4a, 0x00, 0x00, 0xbf, 0x5e, 0x00, 0x00, 0x89, 0x4a, 0x00, 0x00, 0x81, 0x00, // ...J...^...J....
	0x05, 0x00, 0x07, 0x00, 0x00, 0x00, 0x8b, 0x4a, 0x00, 0x00, 0xdc, 0x35, 0x00, 0x00, 0x8a, 0x4a, // .......J...5...J
	0x00, 0x00, 0x83, 0x00, 0x05, 0x00, 0x0b, 0x00, 0x00, 0x00, 0x90, 0x4a, 0x00, 0x00, 0x79, 0x4a, // ...........J..yJ
	0x00, 0x00, 0xd7, 0x35, 0x00, 0x00, 0x94, 0x00, 0x05, 0x00, 0x07, 0x00, 0x00, 0x00, 0x91, 0x4a, // ...5...........J
	0x00, 0x00, 0xbf, 0x5e, 0x00, 0x00, 0x90, 0x4a, 0x00, 0x00, 0x81, 0x00, 0x05, 0x00, 0x07, 0x00, // ...^...J........
	0x00, 0x00, 0x92, 0x4a, 0x00, 0x00, 0xdc, 0x35, 0x00, 0x00, 0x91, 0x4a, 0x00, 0x00, 0x83, 0x00, // ...J...5...J....
	0x05, 0x00, 0x0b, 0x00, 0x00, 0x00, 0x97, 0x4a, 0x00, 0x00, 0x7d, 0x4a, 0x00, 0x00, 0xd7, 0x35, // .......J..}J...5
	0x00, 0x00, 0x94, 0x00, 0x05, 0x00, 0x07, 0x00, 0x00, 0x00, 0x98, 0x4a, 0x00, 0x00, 0xbf, 0x5e, // ...........J...^
	0x00, 0x00, 0x97, 0x4a, 0x00, 0x00, 0x81, 0x00, 0x05, 0x00, 0x07, 0x00, 0x00, 0x00, 0x99, 0x4a, // ...J...........J
	0x00, 0x00, 0xdc, 0x35, 0x00, 0x00, 0x98, 0x4a, 0x00, 0x00, 0xf7, 0x00, 0x03, 0x00, 0xde, 0x4a, // ...5...J.......J
	0x00, 0x00, 0x00, 0x00, 0x00, 0x00, 0xfb, 0x00, 0x03, 0x00, 0xcc, 0x01, 0x00, 0x00, 0xc9, 0x4a, // ...............J
	0x00, 0x00, 0xf8, 0x00, 0x02, 0x00, 0xc9, 0x4a, 0x00, 0x00, 0xf7, 0x00, 0x03, 0x00, 0xd1, 0x4a, // .......J.......J
	0x00, 0x00, 0x00, 0x00, 0x00, 0x00, 0xfa, 0x00, 0x04, 0x00, 0x15, 0x33, 0x00, 0x00, 0xcc, 0x4a, // ...........3...J
	0x00, 0x00, 0xd1, 0x4a, 0x00, 0x00, 0xf8, 0x00, 0x02, 0x00, 0xcc, 0x4a, 0x00, 0x00, 0x56, 0x00, // ...J.......J..V.
	0x05, 0x00, 0x2e, 0x01, 0x00, 0x00, 0xe6, 0x4a, 0x00, 0x00, 0xf8, 0x00, 0x00, 0x00, 0xf6, 0x00, // .......J........
	0x00, 0x00, 0x57, 0x00, 0x05, 0x00, 0x0d, 0x00, 0x00, 0x00, 0xe8, 0x4a, 0x00, 0x00, 0xe6, 0x4a, // ..W........J...J
	0x00, 0x00, 0x70, 0x4a, 0x00, 0x00, 0x51, 0x00, 0x05, 0x00, 0x07, 0x00, 0x00, 0x00, 0xd0, 0x4a, // ..pJ..Q........J
	0x00, 0x00, 0xe8, 0x4a, 0x00, 0x00, 0x00, 0x00, 0x00, 0x00, 0xf9, 0x00, 0x02, 0x00, 0xde, 0x4a, // ...J...........J
	0x00, 0x00, 0xf8, 0x00, 0x02, 0x00, 0xd1, 0x4a, 0x00, 0x00, 0xf7, 0x00, 0x03, 0x00, 0xd9, 0x4a, // .......J.......J
	0x00, 0x00, 0x00, 0x00, 0x00, 0x00, 0xfa, 0x00, 0x04, 0x00, 0x19, 0x33, 0x00, 0x00, 0xd4, 0x4a, // ...........3...J
	0x00, 0x00, 0xd9, 0x4a, 0x00, 0x00, 0xf8, 0x00, 0x02, 0x00, 0xd4, 0x4a, 0x00, 0x00, 0x56, 0x00, // ...J.......J..V.
	0x05, 0x00, 0x2e, 0x01, 0x00, 0x00, 0xef, 0x4a, 0x00, 0x00, 0xfe, 0x00, 0x00, 0x00, 0xfc, 0x00, // .......J........
	0x00, 0x00, 0x57, 0x00, 0x05, 0x00, 0x0d, 0x00, 0x00, 0x00, 0xf1, 0x4a, 0x00, 0x00, 0xef, 0x4a, // ..W........J...J
	0x00, 0x00, 0x70, 0x4a, 0x00, 0x00, 0x51, 0x00, 0x05, 0x00, 0x07, 0x00, 0x00, 0x00, 0xd8, 0x4a, // ..pJ..Q........J
	0x00, 0x00, 0xf1, 0x4a, 0x00, 0x00, 0x00, 0x00, 0x00, 0x00, 0xf9, 0x00, 0x02, 0x00, 0xde, 0x4a, // ...J...........J
	0x00, 0x00, 0xf8, 0x00, 0x02, 0x00, 0xd9, 0x4a, 0x00, 0x00, 0x56, 0x00, 0x05, 0x00, 0x2e, 0x01, // .......J..V.....
	0x00, 0x00, 0xf8, 0x4a, 0x00, 0x00, 0x04, 0x01, 0x00, 0x00, 0x02, 0x01, 0x00, 0x00, 0x57, 0x00, // ...J..........W.
	0x05, 0x00, 0x0d, 0x00, 0x00, 0x00, 0xfa, 0x4a, 0x00, 0x00, 0xf8, 0x4a, 0x00, 0x00, 0x70, 0x4a, // .......J...J..pJ
	0x00, 0x00, 0x51, 0x00, 0x05, 0x00, 0x07, 0x00, 0x00, 0x00, 0xdd, 0x4a, 0x00, 0x00, 0xfa, 0x4a, // ..Q........J...J
	0x00, 0x00, 0x00, 0x00, 0x00, 0x00, 0xf9, 0x00, 0x02, 0x00, 0xde, 0x4a, 0x00, 0x00, 0xf8, 0x00, // ...........J....
	0x02, 0x00, 0xde, 0x4a, 0x00, 0x00, 0xf5, 0x00, 0x09, 0x00, 0x07, 0x00, 0x00, 0x00, 0x88, 0x5f, // ...J..........._
	0x00, 0x00, 0xd0, 0x4a, 0x00, 0x00, 0xcc, 0x4a, 0x00, 0x00, 0xd8, 0x4a, 0x00, 0x00, 0xd4, 0x4a, // ...J...J...J...J
	0x00, 0x00, 0xdd, 0x4a, 0x00, 0x00, 0xd9, 0x4a, 0x00, 0x00, 0xbe, 0x00, 0x05, 0x00, 0x97, 0x01, // ...J...J........
	0x00, 0x00, 0x9e, 0x4a, 0x00, 0x00, 0x88, 0x5f, 0x00, 0x00, 0x84, 0x4a, 0x00, 0x00, 0xa9, 0x00, // ...J..._...J....
	0x06, 0x00, 0x07, 0x00, 0x00, 0x00, 0x9f, 0x4a, 0x00, 0x00, 0x9e, 0x4a, 0x00, 0x00, 0xa1, 0x01, // .......J...J....
	0x00, 0x00, 0x73, 0x01, 0x00, 0x00, 0xf7, 0x00, 0x03, 0x00, 0x1a, 0x4b, 0x00, 0x00, 0x00, 0x00, // ..s........K....
	0x00, 0x00, 0xfb, 0x00, 0x03, 0x00, 0xcc, 0x01, 0x00, 0x00, 0x05, 0x4b, 0x00, 0x00, 0xf8, 0x00, // ...........K....
	0x02, 0x00, 0x05, 0x4b, 0x00, 0x00, 0xf7, 0x00, 0x03, 0x00, 0x0d, 0x4b, 0x00, 0x00, 0x00, 0x00, // ...K.......K....
	0x00, 0x00, 0xfa, 0x00, 0x04, 0x00, 0x15, 0x33, 0x00, 0x00, 0x08, 0x4b, 0x00, 0x00, 0x0d, 0x4b, // .......3...K...K
	0x00, 0x00, 0xf8, 0x00, 0x02, 0x00, 0x08, 0x4b, 0x00, 0x00, 0x56, 0x00, 0x05, 0x00, 0x2e, 0x01, // .......K..V.....
	0x00, 0x00, 0x22, 0x4b, 0x00, 0x00, 0xf8, 0x00, 0x00, 0x00, 0xf6, 0x00, 0x00, 0x00, 0x57, 0x00, // .."K..........W.
	0x05, 0x00, 0x0d, 0x00, 0x00, 0x00, 0x24, 0x4b, 0x00, 0x00, 0x22, 0x4b, 0x00, 0x00, 0x75, 0x4a, // ......$K.."K..uJ
	0x00, 0x00, 0x51, 0x00, 0x05, 0x00, 0x07, 0x00, 0x00, 0x00, 0x0c, 0x4b, 0x00, 0x00, 0x24, 0x4b, // ..Q........K..$K
	0x00, 0x00, 0x00, 0x00, 0x00, 0x00, 0xf9, 0x00, 0x02, 0x00, 0x1a, 0x4b, 0x00, 0x00, 0xf8, 0x00, // ...........K....
	0x02, 0x00, 0x0d, 0x4b, 0x00, 0x00, 0xf7, 0x00, 0x03, 0x00, 0x15, 0x4b, 0x00, 0x00, 0x00, 0x00, // ...K.......K....
	0x00, 0x00, 0xfa, 0x00, 0x04, 0x00, 0x19, 0x33, 0x00, 0x00, 0x10, 0x4b, 0x00, 0x00, 0x15, 0x4b, // .......3...K...K
	0x00, 0x00, 0xf8, 0x00, 0x02, 0x00, 0x10, 0x4b, 0x00, 0x00, 0x56, 0x00, 0x05, 0x00, 0x2e, 0x01, // .......K..V.....
	0x00, 0x00, 0x2b, 0x4b, 0x00, 0x00, 0xfe, 0x00, 0x00, 0x00, 0xfc, 0x00, 0x00, 0x00, 0x57, 0x00, // ..+K..........W.
	0x05, 0x00, 0x0d, 0x00, 0x00, 0x00, 0x2d, 0x4b, 0x00, 0x00, 0x2b, 0x4b, 0x00, 0x00, 0x75, 0x4a, // ......-K..+K..uJ
	0x00, 0x00, 0x51, 0x00, 0x05, 0x00, 0x07, 0x00, 0x00, 0x00, 0x14, 0x4b, 0x00, 0x00, 0x2d, 0x4b, // ..Q........K..-K
	0x00, 0x00, 0x00, 0x00, 0x00, 0x00, 0xf9, 0x00, 0x02, 0x00, 0x1a, 0x4b, 0x00, 0x00, 0xf8, 0x00, // ...........K....
	0x02, 0x00, 0x15, 0x4b, 0x00, 0x00, 0x56, 0x00, 0x05, 0x00, 0x2e, 0x01, 0x00, 0x00, 0x34, 0x4b, // ...K..V.......4K
	0x00, 0x00, 0x04, 0x01, 0x00, 0x00, 0x02, 0x01, 0x00, 0x00, 0x57, 0x00, 0x05, 0x00, 0x0d, 0x00, // ..........W.....
	0x00, 0x00, 0x36, 0x4b, 0x00, 0x00, 0x34, 0x4b, 0x00, 0x00, 0x75, 0x4a, 0x00, 0x00, 0x51, 0x00, // ..6K..4K..uJ..Q.
	0x05, 0x00, 0x07, 0x00, 0x00, 0x00, 0x19, 0x4b, 0x00, 0x00, 0x36, 0x4b, 0x00, 0x00, 0x00, 0x00, // .......K..6K....
	0x00, 0x00, 0xf9, 0x00, 0x02, 0x00, 0x1a, 0x4b, 0x00, 0x00, 0xf8, 0x00, 0x02, 0x00, 0x1a, 0x4b, // .......K.......K
	0x00, 0x00, 0xf5, 0x00, 0x09, 0x00, 0x07, 0x00, 0x00, 0x00, 0x89, 0x5f, 0x00, 0x00, 0x0c, 0x4b, // ..........._...K
	0x00, 0x00, 0x08, 0x4b, 0x00, 0x00, 0x14, 0x4b, 0x00, 0x00, 0x10, 0x4b, 0x00, 0x00, 0x19, 0x4b, // ...K...K...K...K
	0x00, 0x00, 0x15, 0x4b, 0x00, 0x00, 0xbe, 0x00, 0x05, 0x00, 0x97, 0x01, 0x00, 0x00, 0xa4, 0x4a, // ...K...........J
	0x00, 0x00, 0x89, 0x5f, 0x00, 0x00, 0x8b, 0x4a, 0x00, 0x00, 0xa9, 0x00, 0x06, 0x00, 0x07, 0x00, // ..._...J........
	0x00, 0x00, 0xa5, 0x4a, 0x00, 0x00, 0xa4, 0x4a, 0x00, 0x00, 0xa1, 0x01, 0x00, 0x00, 0x73, 0x01, // ...J...J......s.
	0x00, 0x00, 0xf7, 0x00, 0x03, 0x00, 0x56, 0x4b, 0x00, 0x00, 0x00, 0x00, 0x00, 0x00, 0xfb, 0x00, // ......VK........
	0x03, 0x00, 0xcc, 0x01, 0x00, 0x00, 0x41, 0x4b, 0x00, 0x00, 0xf8, 0x00, 0x02, 0x00, 0x41, 0x4b, // ......AK......AK
	0x00, 0x00, 0xf7, 0x00, 0x03, 0x00, 0x49, 0x4b, 0x00, 0x00, 0x00, 0x00, 0x00, 0x00, 0xfa, 0x00, // ......IK........
	0x04, 0x00, 0x15, 0x33, 0x00, 0x00, 0x44, 0x4b, 0x00, 0x00, 0x49, 0x4b, 0x00, 0x00, 0xf8, 0x00, // ...3..DK..IK....
	0x02, 0x00, 0x44, 0x4b, 0x00, 0x00, 0x56, 0x00, 0x05, 0x00, 0x2e, 0x01, 0x00, 0x00, 0x5e, 0x4b, // ..DK..V.......^K
	0x00, 0x00, 0xf8, 0x00, 0x00, 0x00, 0xf6, 0x00, 0x00, 0x00, 0x57, 0x00, 0x05, 0x00, 0x0d, 0x00, // ..........W.....
	0x00, 0x00, 0x60, 0x4b, 0x00, 0x00, 0x5e, 0x4b, 0x00, 0x00, 0x79, 0x4a, 0x00, 0x00, 0x51, 0x00, // ..`K..^K..yJ..Q.
	0x05, 0x00, 0x07, 0x00, 0x00, 0x00, 0x48, 0x4b, 0x00, 0x00, 0x60, 0x4b, 0x00, 0x00, 0x00, 0x00, // ......HK..`K....
	0x00, 0x00, 0xf9, 0x00, 0x02, 0x00, 0x56, 0x4b, 0x00, 0x00, 0xf8, 0x00, 0x02, 0x00, 0x49, 0x4b, // ......VK......IK
	0x00, 0x00, 0xf7, 0x00, 0x03, 0x00, 0x51, 0x4b, 0x00, 0x00, 0x00, 0x00, 0x00, 0x00, 0xfa, 0x00, // ......QK........
	0x04, 0x00, 0x19, 0x33, 0x00, 0x00, 0x4c, 0x4b, 0x00, 0x00, 0x51, 0x4b, 0x00, 0x00, 0xf8, 0x00, // ...3..LK..QK....
	0x02, 0x00, 0x4c, 0x4b, 0x00, 0x00, 0x56, 0x00, 0x05, 0x00, 0x2e, 0x01, 0x00, 0x00, 0x67, 0x4b, // ..LK..V.......gK
	0x00, 0x00, 0xfe, 0x00, 0x00, 0x00, 0xfc, 0x00, 0x00, 0x00, 0x57, 0x00, 0x05, 0x00, 0x0d, 0x00, // ..........W.....
	0x00, 0x00, 0x69, 0x4b, 0x00, 0x00, 0x67, 0x4b, 0x00, 0x00, 0x79, 0x4a, 0x00, 0x00, 0x51, 0x00, // ..iK..gK..yJ..Q.
	0x05, 0x00, 0x07, 0x00, 0x00, 0x00, 0x50, 0x4b, 0x00, 0x00, 0x69, 0x4b, 0x00, 0x00, 0x00, 0x00, // ......PK..iK....
	0x00, 0x00, 0xf9, 0x00, 0x02, 0x00, 0x56, 0x4b, 0x00, 0x00, 0xf8, 0x00, 0x02, 0x00, 0x51, 0x4b, // ......VK......QK
	0x00, 0x00, 0x56, 0x00, 0x05, 0x00, 0x2e, 0x01, 0x00, 0x00, 0x70, 0x4b, 0x00, 0x00, 0x04, 0x01, // ..V.......pK....
	0x00, 0x00, 0x02, 0x01, 0x00, 0x00, 0x57, 0x00, 0x05, 0x00, 0x0d, 0x00, 0x00, 0x00, 0x72, 0x4b, // ......W.......rK
	0x00, 0x00, 0x70, 0x4b, 0x00, 0x00, 0x79, 0x4a, 0x00, 0x00, 0x51, 0x00, 0x05, 0x00, 0x07, 0x00, // ..pK..yJ..Q.....
	0x00, 0x00, 0x55, 0x4b, 0x00, 0x00, 0x72, 0x4b, 0x00, 0x00, 0x00, 0x00, 0x00, 0x00, 0xf9, 0x00, // ..UK..rK........
	0x02, 0x00, 0x56, 0x4b, 0x00, 0x00, 0xf8, 0x00, 0x02, 0x00, 0x56, 0x4b, 0x00, 0x00, 0xf5, 0x00, // ..VK......VK....
	0x09, 0x00, 0x07, 0x00, 0x00, 0x00, 0x8a, 0x5f, 0x00, 0x00, 0x48, 0x4b, 0x00, 0x00, 0x44, 0x4b, // ......._..HK..DK
	0x00, 0x00, 0x50, 0x4b, 0x00, 0x00, 0x4c, 0x4b, 0x00, 0x00, 0x55, 0x4b, 0x00, 0x00, 0x51, 0x4b, // ..PK..LK..UK..QK
	0x00, 0x00, 0xbe, 0x00, 0x05, 0x00, 0x97, 0x01, 0x00, 0x00, 0xaa, 0x4a, 0x00, 0x00, 0x8a, 0x5f, // ...........J..._
	0x00, 0x00, 0x92, 0x4a, 0x00, 0x00, 0xa9, 0x00, 0x06, 0x00, 0x07, 0x00, 0x00, 0x00, 0xab, 0x4a, // ...J...........J
	0x00, 0x00, 0xaa, 0x4a, 0x00, 0x00, 0xa1, 0x01, 0x00, 0x00, 0x73, 0x01, 0x00, 0x00, 0xf7, 0x00, // ...J......s.....
	0x03, 0x00, 0x92, 0x4b, 0x00, 0x00, 0x00, 0x00, 0x00, 0x00, 0xfb, 0x00, 0x03, 0x00, 0xcc, 0x01, // ...K............
	0x00, 0x00, 0x7d, 0x4b, 0x00, 0x00, 0xf8, 0x00, 0x02, 0x00, 0x7d, 0x4b, 0x00, 0x00, 0xf7, 0x00, // ..}K......}K....
	0x03, 0x00, 0x85, 0x4b, 0x00, 0x00, 0x00, 0x00, 0x00, 0x00, 0xfa, 0x00, 0x04, 0x00, 0x15, 0x33, // ...K...........3
	0x00, 0x00, 0x80, 0x4b, 0x00, 0x00, 0x85, 0x4b, 0x00, 0x00, 0xf8, 0x00, 0x02, 0x00, 0x80, 0x4b, // ...K...K.......K
	0x00, 0x00, 0x56, 0x00, 0x05, 0x00, 0x2e, 0x01, 0x00, 0x00, 0x9a, 0x4b, 0x00, 0x00, 0xf8, 0x00, // ..V........K....
	0x00, 0x00, 0xf6, 0x00, 0x00, 0x00, 0x57, 0x00, 0x05, 0x00, 0x0d, 0x00, 0x00, 0x00, 0x9c, 0x4b, // ......W........K
	0x00, 0x00, 0x9a, 0x4b, 0x00, 0x00, 0x7d, 0x4a, 0x00, 0x00, 0x51, 0x00, 0x05, 0x00, 0x07, 0x00, // ...K..}J..Q.....
	0x00, 0x00, 0x84, 0x4b, 0x00, 0x00, 0x9c, 0x4b, 0x00, 0x00, 0x00, 0x00, 0x00, 0x00, 0xf9, 0x00, // ...K...K........
	0x02, 0x00, 0x92, 0x4b, 0x00, 0x00, 0xf8, 0x00, 0x02, 0x00, 0x85, 0x4b, 0x00, 0x00, 0xf7, 0x00, // ...K.......K....
	0x03, 0x00, 0x8d, 0x4b, 0x00, 0x00, 0x00, 0x00, 0x00, 0x00, 0xfa, 0x00, 0x04, 0x00, 0x19, 0x33, // ...K...........3
	0x00, 0x00, 0x88, 0x4b, 0x00, 0x00, 0x8d, 0x4b, 0x00, 0x00, 0xf8, 0x00, 0x02, 0x00, 0x88, 0x4b, // ...K...K.......K
	0x00, 0x00, 0x56, 0x00, 0x05, 0x00, 0x2e, 0x01, 0x00, 0x00, 0xa3, 0x4b, 0x00, 0x00, 0xfe, 0x00, // ..V........K....
	0x00, 0x00, 0xfc, 0x00, 0x00, 0x00, 0x57, 0x00, 0x05, 0x00, 0x0d, 0x00, 0x00, 0x00, 0xa5, 0x4b, // ......W........K
	0x00, 0x00, 0xa3, 0x4b, 0x00, 0x00, 0x7d, 0x4a, 0x00, 0x00, 0x51, 0x00, 0x05, 0x00, 0x07, 0x00, // ...K..}J..Q.....
	0x00, 0x00, 0x8c, 0x4b, 0x00, 0x00, 0xa5, 0x4b, 0x00, 0x00, 0x00, 0x00, 0x00, 0x00, 0xf9, 0x00, // ...K...K........
	0x02, 0x00, 0x92, 0x4b, 0x00, 0x00, 0xf8, 0x00, 0x02, 0x00, 0x8d, 0x4b, 0x00, 0x00, 0x56, 0x00, // ...K.......K..V.
	0x05, 0x00, 0x2e, 0x01, 0x00, 0x00, 0xac, 0x4b, 0x00, 0x00, 0x04, 0x01, 0x00, 0x00, 0x02, 0x01, // .......K........
	0x00, 0x00, 0x57, 0x00, 0x05, 0x00, 0x0d, 0x00, 0x00, 0x00, 0xae, 0x4b, 0x00, 0x00, 0xac, 0x4b, // ..W........K...K
	0x00, 0x00, 0x7d, 0x4a, 0x00, 0x00, 0x51, 0x00, 0x05, 0x00, 0x07, 0x00, 0x00, 0x00, 0x91, 0x4b, // ..}J..Q........K
	0x00, 0x00, 0xae, 0x4b, 0x00, 0x00, 0x00, 0x00, 0x00, 0x00, 0xf9, 0x00, 0x02, 0x00, 0x92, 0x4b, // ...K...........K
	0x00, 0x00, 0xf8, 0x00, 0x02, 0x00, 0x92, 0x4b, 0x00, 0x00, 0xf5, 0x00, 0x09, 0x00, 0x07, 0x00, // .......K........
	0x00, 0x00, 0x8b, 0x5f, 0x00, 0x00, 0x84, 0x4b, 0x00, 0x00, 0x80, 0x4b, 0x00, 0x00, 0x8c, 0x4b, // ..._...K...K...K
	0x00, 0x00, 0x88, 0x4b, 0x00, 0x00, 0x91, 0x4b, 0x00, 0x00, 0x8d, 0x4b, 0x00, 0x00, 0xbe, 0x00, // ...K...K...K....
	0x05, 0x00, 0x97, 0x01, 0x00, 0x00, 0xb0, 0x4a, 0x00, 0x00, 0x8b, 0x5f, 0x00, 0x00, 0x99, 0x4a, // .......J..._...J
	0x00, 0x00, 0xa9, 0x00, 0x06, 0x00, 0x07, 0x00, 0x00, 0x00, 0xb1, 0x4a, 0x00, 0x00, 0xb0, 0x4a, // ...........J...J
	0x00, 0x00, 0xa1, 0x01, 0x00, 0x00, 0x73, 0x01, 0x00, 0x00, 0x51, 0x00, 0x05, 0x00, 0x07, 0x00, // ......s...Q.....
	0x00, 0x00, 0xb5, 0x4a, 0x00, 0x00, 0x6b, 0x4a, 0x00, 0x00, 0x00, 0x00, 0x00, 0x00, 0x0c, 0x00, // ...J..kJ........
	0x08, 0x00, 0x07, 0x00, 0x00, 0x00, 0xb4, 0x4b, 0x00, 0x00, 0x01, 0x00, 0x00, 0x00, 0x2e, 0x00, // .......K........
	0x00, 0x00, 0x9f, 0x4a, 0x00, 0x00, 0xa5, 0x4a, 0x00, 0x00, 0xb5, 0x4a, 0x00, 0x00, 0x0c, 0x00, // ...J...J...J....
	0x08, 0x00, 0x07, 0x00, 0x00, 0x00, 0xba, 0x4b, 0x00, 0x00, 0x01, 0x00, 0x00, 0x00, 0x2e, 0x00, // .......K........
	0x00, 0x00, 0xab, 0x4a, 0x00, 0x00, 0xb1, 0x4a, 0x00, 0x00, 0xb5, 0x4a, 0x00, 0x00, 0x51, 0x00, // ...J...J...J..Q.
	0x05, 0x00, 0x07, 0x00, 0x00, 0x00, 0xbd, 0x4a, 0x00, 0x00, 0x6b, 0x4a, 0x00, 0x00, 0x01, 0x00, // .......J..kJ....
	0x00, 0x00, 0x0c, 0x00, 0x08, 0x00, 0x07, 0x00, 0x00, 0x00, 0xc0, 0x4b, 0x00, 0x00, 0x01, 0x00, // ...........K....
	0x00, 0x00, 0x2e, 0x00, 0x00, 0x00, 0xb4, 0x4b, 0x00, 0x00, 0xba, 0x4b, 0x00, 0x00, 0xbd, 0x4a, // .......K...K...J
	0x00, 0x00, 0x81, 0x00, 0x05, 0x00, 0x07, 0x00, 0x00, 0x00, 0xe2, 0x35, 0x00, 0x00, 0xd1, 0x35, // ...........5...5
	0x00, 0x00, 0xc0, 0x4b, 0x00, 0x00, 0x8e, 0x00, 0x05, 0x00, 0x0b, 0x00, 0x00, 0x00, 0xe5, 0x35, // ...K...........5
	0x00, 0x00, 0x9d, 0x03, 0x00, 0x00, 0xf4, 0x34, 0x00, 0x00, 0x81, 0x00, 0x05, 0x00, 0x0b, 0x00, // .......4........
	0x00, 0x00, 0xe8, 0x35, 0x00, 0x00, 0x25, 0x5d, 0x00, 0x00, 0xe5, 0x35, 0x00, 0x00, 0x94, 0x00, // ...5..%]...5....
	0x05, 0x00, 0x07, 0x00, 0x00, 0x00, 0xec, 0x35, 0x00, 0x00, 0xbf, 0x5e, 0x00, 0x00, 0xe5, 0x35, // .......5...^...5
	0x00, 0x00, 0x81, 0x00, 0x05, 0x00, 0x07, 0x00, 0x00, 0x00, 0xed, 0x35, 0x00, 0x00, 0xfe, 0x33, // ...........5...3
	0x00, 0x00, 0xec, 0x35, 0x00, 0x00, 0x88, 0x00, 0x05, 0x00, 0x0b, 0x00, 0x00, 0x00, 0xe7, 0x4b, // ...5...........K
	0x00, 0x00, 0xe8, 0x35, 0x00, 0x00, 0x3f, 0x38, 0x00, 0x00, 0x83, 0x00, 0x05, 0x00, 0x0b, 0x00, // ...5..?8........
	0x00, 0x00, 0xe9, 0x4b, 0x00, 0x00, 0xe7, 0x4b, 0x00, 0x00, 0xa4, 0x5d, 0x00, 0x00, 0x0c, 0x00, // ...K...K...]....
	0x06, 0x00, 0x0b, 0x00, 0x00, 0x00, 0xeb, 0x4b, 0x00, 0x00, 0x01, 0x00, 0x00, 0x00, 0x08, 0x00, // .......K........
	0x00, 0x00, 0xe9, 0x4b, 0x00, 0x00, 0x83, 0x00, 0x05, 0x00, 0x0b, 0x00, 0x00, 0x00, 0xee, 0x4b, // ...K...........K
	0x00, 0x00, 0xe9, 0x4b, 0x00, 0x00, 0xeb, 0x4b, 0x00, 0x00, 0x81, 0x00, 0x05, 0x00, 0x0b, 0x00, // ...K...K........
	0x00, 0x00, 0xf1, 0x4b, 0x00, 0x00, 0xeb, 0x4b, 0x00, 0x00, 0xa4, 0x5d, 0x00, 0x00, 0x8e, 0x00, // ...K...K...]....
	0x05, 0x00, 0x0b, 0x00, 0x00, 0x00, 0xf3, 0x4b, 0x00, 0x00, 0xf1, 0x4b, 0x00, 0x00, 0xf5, 0x33, // .......K...K...3
	0x00, 0x00, 0x81, 0x00, 0x05, 0x00, 0x0b, 0x00, 0x00, 0x00, 0xf8, 0x4b, 0x00, 0x00, 0xf3, 0x4b, // ...........K...K
	0x00, 0x00, 0x50, 0x38, 0x00, 0x00, 0x81, 0x00, 0x05, 0x00, 0x0b, 0x00, 0x00, 0x00, 0xfc, 0x4b, // ..P8...........K
	0x00, 0x00, 0xf3, 0x4b, 0x00, 0x00, 0x54, 0x38, 0x00, 0x00, 0x81, 0x00, 0x05, 0x00, 0x0b, 0x00, // ...K..T8........
	0x00, 0x00, 0x00, 0x4c, 0x00, 0x00, 0xf3, 0x4b, 0x00, 0x00, 0x3f, 0x38, 0x00, 0x00, 0x83, 0x00, // ...L...K..?8....
	0x05, 0x00, 0x0b, 0x00, 0x00, 0x00, 0x05, 0x4c, 0x00, 0x00, 0xf3, 0x4b, 0x00, 0x00, 0xe8, 0x35, // .......L...K...5
	0x00, 0x00, 0x94, 0x00, 0x05, 0x00, 0x07, 0x00, 0x00, 0x00, 0x06, 0x4c, 0x00, 0x00, 0xbf, 0x5e, // ...........L...^
	0x00, 0x00, 0x05, 0x4c, 0x00, 0x00, 0x81, 0x00, 0x05, 0x00, 0x07, 0x00, 0x00, 0x00, 0x07, 0x4c, // ...L...........L
	0x00, 0x00, 0xed, 0x35, 0x00, 0x00, 0x06, 0x4c, 0x00, 0x00, 0x83, 0x00, 0x05, 0x00, 0x0b, 0x00, // ...5...L........
	0x00, 0x00, 0x0c, 0x4c, 0x00, 0x00, 0xf8, 0x4b, 0x00, 0x00, 0xe8, 0x35, 0x00, 0x00, 0x94, 0x00, // ...L...K...5....
	0x05, 0x00, 0x07, 0x00, 0x00, 0x00, 0x0d, 0x4c, 0x00, 0x00, 0xbf, 0x5e, 0x00, 0x00, 0x0c, 0x4c, // .......L...^...L
	0x00, 0x00, 0x81, 0x00, 0x05, 0x00, 0x07, 0x00, 0x00, 0x00, 0x0e, 0x4c, 0x00, 0x00, 0xed, 0x35, // ...........L...5
	0x00, 0x00, 0x0d, 0x4c, 0x00, 0x00, 0x83, 0x00, 0x05, 0x00, 0x0b, 0x00, 0x00, 0x00, 0x13, 0x4c, // ...L...........L
	0x00, 0x00, 0xfc, 0x4b, 0x00, 0x00, 0xe8, 0x35, 0x00, 0x00, 0x94, 0x00, 0x05, 0x00, 0x07, 0x00, // ...K...5........
	0x00, 0x00, 0x14, 0x4c, 0x00, 0x00, 0xbf, 0x5e, 0x00, 0x00, 0x13, 0x4c, 0x00, 0x00, 0x81, 0x00, // ...L...^...L....
	0x05, 0x00, 0x07, 0x00, 0x00, 0x00, 0x15, 0x4c, 0x00, 0x00, 0xed, 0x35, 0x00, 0x00, 0x14, 0x4c, // .......L...5...L
	0x00, 0x00, 0x83, 0x00, 0x05, 0x00, 0x0b, 0x00, 0x00, 0x00, 0x1a, 0x4c, 0x00, 0x00, 0x00, 0x4c, // ...........L...L
	0x00, 0x00, 0xe8, 0x35, 0x00, 0x00, 0x94, 0x00, 0x05, 0x00, 0x07, 0x00, 0x00, 0x00, 0x1b, 0x4c, // ...5...........L
	0x00, 0x00, 0xbf, 0x5e, 0x00, 0x00, 0x1a, 0x4c, 0x00, 0x00, 0x81, 0x00, 0x05, 0x00, 0x07, 0x00, // ...^...L........
	0x00, 0x00, 0x1c, 0x4c, 0x00, 0x00, 0xed, 0x35, 0x00, 0x00, 0x1b, 0x4c, 0x00, 0x00, 0xf7, 0x00, // ...L...5...L....
	0x03, 0x00, 0x61, 0x4c, 0x00, 0x00, 0x00, 0x00, 0x00, 0x00, 0xfb, 0x00, 0x03, 0x00, 0xcc, 0x01, // ..aL............
	0x00, 0x00, 0x4c, 0x4c, 0x00, 0x00, 0xf8, 0x00, 0x02, 0x00, 0x4c, 0x4c, 0x00, 0x00, 0xf7, 0x00, // ..LL......LL....
	0x03, 0x00, 0x54, 0x4c, 0x00, 0x00, 0x00, 0x00, 0x00, 0x00, 0xfa, 0x00, 0x04, 0x00, 0x15, 0x33, // ..TL...........3
	0x00, 0x00, 0x4f, 0x4c, 0x00, 0x00, 0x54, 0x4c, 0x00, 0x00, 0xf8, 0x00, 0x02, 0x00, 0x4f, 0x4c, // ..OL..TL......OL
	0x00, 0x00, 0x56, 0x00, 0x05, 0x00, 0x2e, 0x01, 0x00, 0x00, 0x69, 0x4c, 0x00, 0x00, 0xf8, 0x00, // ..V.......iL....
	0x00, 0x00, 0xf6, 0x00, 0x00, 0x00, 0x57, 0x00, 0x05, 0x00, 0x0d, 0x00, 0x00, 0x00, 0x6b, 0x4c, // ......W.......kL
	0x00, 0x00, 0x69, 0x4c, 0x00, 0x00, 0xf3, 0x4b, 0x00, 0x00, 0x51, 0x00, 0x05, 0x00, 0x07, 0x00, // ..iL...K..Q.....
	0x00, 0x00, 0x53, 0x4c, 0x00, 0x00, 0x6b, 0x4c, 0x00, 0x00, 0x00, 0x00, 0x00, 0x00, 0xf9, 0x00, // ..SL..kL........
	0x02, 0x00, 0x61, 0x4c, 0x00, 0x00, 0xf8, 0x00, 0x02, 0x00, 0x54, 0x4c, 0x00, 0x00, 0xf7, 0x00, // ..aL......TL....
	0x03, 0x00, 0x5c, 0x4c, 0x00, 0x00, 0x00, 0x00, 0x00, 0x00, 0xfa, 0x00, 0x04, 0x00, 0x19, 0x33, // ...L...........3
	0x00, 0x00, 0x57, 0x4c, 0x00, 0x00, 0x5c, 0x4c, 0x00, 0x00, 0xf8, 0x00, 0x02, 0x00, 0x57, 0x4c, // ..WL...L......WL
	0x00, 0x00, 0x56, 0x00, 0x05, 0x00, 0x2e, 0x01, 0x00, 0x00, 0x72, 0x4c, 0x00, 0x00, 0xfe, 0x00, // ..V.......rL....
	0x00, 0x00, 0xfc, 0x00, 0x00, 0x00, 0x57, 0x00, 0x05, 0x00, 0x0d, 0x00, 0x00, 0x00, 0x74, 0x4c, // ......W.......tL
	0x00, 0x00, 0x72, 0x4c, 0x00, 0x00, 0xf3, 0x4b, 0x00, 0x00, 0x51, 0x00, 0x05, 0x00, 0x07, 0x00, // ..rL...K..Q.....
	0x00, 0x00, 0x5b, 0x4c, 0x00, 0x00, 0x74, 0x4c, 0x00, 0x00, 0x00, 0x00, 0x00, 0x00, 0xf9, 0x00, // ..[L..tL........
	0x02, 0x00, 0x61, 0x4c, 0x00, 0x00, 0xf8, 0x00, 0x02, 0x00, 0x5c, 0x4c, 0x00, 0x00, 0x56, 0x00, // ..aL.......L..V.
	0x05, 0x00, 0x2e, 0x01, 0x00, 0x00, 0x7b, 0x4c, 0x00, 0x00, 0x04, 0x01, 0x00, 0x00, 0x02, 0x01, // ......{L........
	0x00, 0x00, 0x57, 0x00, 0x05, 0x00, 0x0d, 0x00, 0x00, 0x00, 0x7d, 0x4c, 0x00, 0x00, 0x7b, 0x4c, // ..W.......}L..{L
	0x00, 0x00, 0xf3, 0x4b, 0x00, 0x00, 0x51, 0x00, 0x05, 0x00, 0x07, 0x00, 0x00, 0x00, 0x60, 0x4c, // ...K..Q.......`L
	0x00, 0x00, 0x7d, 0x4c, 0x00, 0x00, 0x00, 0x00, 0x00, 0x00, 0xf9, 0x00, 0x02, 0x00, 0x61, 0x4c, // ..}L..........aL
	0x00, 0x00, 0xf8, 0x00, 0x02, 0x00, 0x61, 0x4c, 0x00, 0x00, 0xf5, 0x00, 0x09, 0x00, 0x07, 0x00, // ......aL........
	0x00, 0x00, 0x94, 0x5f, 0x00, 0x00, 0x53, 0x4c, 0x00, 0x00, 0x4f, 0x4c, 0x00, 0x00, 0x5b, 0x4c, // ..._..SL..OL..[L
	0x00, 0x00, 0x57, 0x4c, 0x00, 0x00, 0x60, 0x4c, 0x00, 0x00, 0x5c, 0x4c, 0x00, 0x00, 0xbe, 0x00, // ..WL..`L...L....
	0x05, 0x00, 0x97, 0x01, 0x00, 0x00, 0x21, 0x4c, 0x00, 0x00, 0x94, 0x5f, 0x00, 0x00, 0x07, 0x4c, // ......!L..._...L
	0x00, 0x00, 0xa9, 0x00, 0x06, 0x00, 0x07, 0x00, 0x00, 0x00, 0x22, 0x4c, 0x00, 0x00, 0x21, 0x4c, // .........."L..!L
	0x00, 0x00, 0xa1, 0x01, 0x00, 0x00, 0x73, 0x01, 0x00, 0x00, 0xf7, 0x00, 0x03, 0x00, 0x9d, 0x4c, // ......s........L
	0x00, 0x00, 0x00, 0x00, 0x00, 0x00, 0xfb, 0x00, 0x03, 0x00, 0xcc, 0x01, 0x00, 0x00, 0x88, 0x4c, // ...............L
	0x00, 0x00, 0xf8, 0x00, 0x02, 0x00, 0x88, 0x4c, 0x00, 0x00, 0xf7, 0x00, 0x03, 0x00, 0x90, 0x4c, // .......L.......L
	0x00, 0x00, 0x00, 0x00, 0x00, 0x00, 0xfa, 0x00, 0x04, 0x00, 0x15, 0x33, 0x00, 0x00, 0x8b, 0x4c, // ...........3...L
	0x00, 0x00, 0x90, 0x4c, 0x00, 0x00, 0xf8, 0x00, 0x02, 0x00, 0x8b, 0x4c, 0x00, 0x00, 0x56, 0x00, // ...L.......L..V.
	0x05, 0x00, 0x2e, 0x01, 0x00, 0x00, 0xa5, 0x4c, 0x00, 0x00, 0xf8, 0x00, 0x00, 0x00, 0xf6, 0x00, // .......L........
	0x00, 0x00, 0x57, 0x00, 0x05, 0x00, 0x0d, 0x00, 0x00, 0x00, 0xa7, 0x4c, 0x00, 0x00, 0xa5, 0x4c, // ..W........L...L
	0x00, 0x00, 0xf8, 0x4b, 0x00, 0x00, 0x51, 0x00, 0x05, 0x00, 0x07, 0x00, 0x00, 0x00, 0x8f, 0x4c, // ...K..Q........L
	0x00, 0x00, 0xa7, 0x4c, 0x00, 0x00, 0x00, 0x00, 0x00, 0x00, 0xf9, 0x00, 0x02, 0x00, 0x9d, 0x4c, // ...L...........L
	0x00, 0x00, 0xf8, 0x00, 0x02, 0x00, 0x90, 0x4c, 0x00, 0x00, 0xf7, 0x00, 0x03, 0x00, 0x98, 0x4c, // .......L.......L
	0x00, 0x00, 0x00, 0x00, 0x00, 0x00, 0xfa, 0x00, 0x04, 0x00, 0x19, 0x33, 0x00, 0x00, 0x93, 0x4c, // ...........3...L
	0x00, 0x00, 0x98, 0x4c, 0x00, 0x00, 0xf8, 0x00, 0x02, 0x00, 0x93, 0x4c, 0x00, 0x00, 0x56, 0x00, // ...L.......L..V.
	0x05, 0x00, 0x2e, 0x01, 0x00, 0x00, 0xae, 0x4c, 0x00, 0x00, 0xfe, 0x00, 0x00, 0x00, 0xfc, 0x00, // .......L........
	0x00, 0x00, 0x57, 0x00, 0x05, 0x00, 0x0d, 0x00, 0x00, 0x00, 0xb0, 0x4c, 0x00, 0x00, 0xae, 0x4c, // ..W........L...L
	0x00, 0x00, 0xf8, 0x4b, 0x00, 0x00, 0x51, 0x00, 0x05, 0x00, 0x07, 0x00, 0x00, 0x00, 0x97, 0x4c, // ...K..Q........L
	0x00, 0x00, 0xb0, 0x4c, 0x00, 0x00, 0x00, 0x00, 0x00, 0x00, 0xf9, 0x00, 0x02, 0x00, 0x9d, 0x4c, // ...L...........L
	0x00, 0x00, 0xf8, 0x00, 0x02, 0x00, 0x98, 0x4c, 0x00, 0x00, 0x56, 0x00, 0x05, 0x00, 0x2e, 0x01, // .......L..V.....
	0x00, 0x00, 0xb7, 0x4c, 0x00, 0x00, 0x04, 0x01, 0x00, 0x00, 0x02, 0x01, 0x00, 0x00, 0x57, 0x00, // ...L..........W.
	0x05, 0x00, 0x0d, 0x00, 0x00, 0x00, 0xb9, 0x4c, 0x00, 0x00, 0xb7, 0x4c, 0x00, 0x00, 0xf8, 0x4b, // .......L...L...K
	0x00, 0x00, 0x51, 0x00, 0x05, 0x00, 0x07, 0x00, 0x00, 0x00, 0x9c, 0x4c, 0x00, 0x00, 0xb9, 0x4c, // ..Q........L...L
	0x00, 0x00, 0x00, 0x00, 0x00, 0x00, 0xf9, 0x00, 0x02, 0x00, 0x9d, 0x4c, 0x00, 0x00, 0xf8, 0x00, // ...........L....
	0x02, 0x00, 0x9d, 0x4c, 0x00, 0x00, 0xf5, 0x00, 0x09, 0x00, 0x07, 0x00, 0x00, 0x00, 0x95, 0x5f, // ...L..........._
	0x00, 0x00, 0x8f, 0x4c, 0x00, 0x00, 0x8b, 0x4c, 0x00, 0x00, 0x97, 0x4c, 0x00, 0x00, 0x93, 0x4c, // ...L...L...L...L
	0x00, 0x00, 0x9c, 0x4c, 0x00, 0x00, 0x98, 0x4c, 0x00, 0x00, 0xbe, 0x00, 0x05, 0x00, 0x97, 0x01, // ...L...L........
	0x00, 0x00, 0x27, 0x4c, 0x00, 0x00, 0x95, 0x5f, 0x00, 0x00, 0x0e, 0x4c, 0x00, 0x00, 0xa9, 0x00, // ..'L..._...L....
	0x06, 0x00, 0x07, 0x00, 0x00, 0x00, 0x28, 0x4c, 0x00, 0x00, 0x27, 0x4c, 0x00, 0x00, 0xa1, 0x01, // ......(L..'L....
	0x00, 0x00, 0x73, 0x01, 0x00, 0x00, 0xf7, 0x00, 0x03, 0x00, 0xd9, 0x4c, 0x00, 0x00, 0x00, 0x00, // ..s........L....
	0x00, 0x00, 0xfb, 0x00, 0x03, 0x00, 0xcc, 0x01, 0x00, 0x00, 0xc4, 0x4c, 0x00, 0x00, 0xf8, 0x00, // ...........L....
	0x02, 0x00, 0xc4, 0x4c, 0x00, 0x00, 0xf7, 0x00, 0x03, 0x00, 0xcc, 0x4c, 0x00, 0x00, 0x00, 0x00, // ...L.......L....
	0x00, 0x00, 0xfa, 0x00, 0x04, 0x00, 0x15, 0x33, 0x00, 0x00, 0xc7, 0x4c, 0x00, 0x00, 0xcc, 0x4c, // .......3...L...L
	0x00, 0x00, 0xf8, 0x00, 0x02, 0x00, 0xc7, 0x4c, 0x00, 0x00, 0x56, 0x00, 0x05, 0x00, 0x2e, 0x01, // .......L..V.....
	0x00, 0x00, 0xe1, 0x4c, 0x00, 0x00, 0xf8, 0x00, 0x00, 0x00, 0xf6, 0x00, 0x00, 0x00, 0x57, 0x00, // ...L..........W.
	0x05, 0x00, 0x0d, 0x00, 0x00, 0x00, 0xe3, 0x4c, 0x00, 0x00, 0xe1, 0x4c, 0x00, 0x00, 0xfc, 0x4b, // .......L...L...K
	0x00, 0x00, 0x51, 0x00, 0x05, 0x00, 0x07, 0x00, 0x00, 0x00, 0xcb, 0x4c, 0x00, 0x00, 0xe3, 0x4c, // ..Q........L...L
	0x00, 0x00, 0x00, 0x00, 0x00, 0x00, 0xf9, 0x00, 0x02, 0x00, 0xd9, 0x4c, 0x00, 0x00, 0xf8, 0x00, // ...........L....
	0x02, 0x00, 0xcc, 0x4c, 0x00, 0x00, 0xf7, 0x00, 0x03, 0x00, 0xd4, 0x4c, 0x00, 0x00, 0x00, 0x00, // ...L.......L....
	0x00, 0x00, 0xfa, 0x00, 0x04, 0x00, 0x19, 0x33, 0x00, 0x00, 0xcf, 0x4c, 0x00, 0x00, 0xd4, 0x4c, // .......3...L...L
	0x00, 0x00, 0xf8, 0x00, 0x02, 0x00, 0xcf, 0x4c, 0x00, 0x00, 0x56, 0x00, 0x05, 0x00, 0x2e, 0x01, // .......L..V.....
	0x00, 0x00, 0xea, 0x4c, 0x00, 0x00, 0xfe, 0x00, 0x00, 0x00, 0xfc, 0x00, 0x00, 0x00, 0x57, 0x00, // ...L..........W.
	0x05, 0x00, 0x0d, 0x00, 0x00, 0x00, 0xec, 0x4c, 0x00, 0x00, 0xea, 0x4c, 0x00, 0x00, 0xfc, 0x4b, // .......L...L...K
	0x00, 0x00, 0x51, 0x00, 0x05, 0x00, 0x07, 0x00, 0x00, 0x00, 0xd3, 0x4c, 0x00, 0x00, 0xec, 0x4c, // ..Q........L...L
	0x00, 0x00, 0x00, 0x00, 0x00, 0x00, 0xf9, 0x00, 0x02, 0x00, 0xd9, 0x4c, 0x00, 0x00, 0xf8, 0x00, // ...........L....
	0x02, 0x00, 0xd4, 0x4c, 0x00, 0x00, 0x56, 0x00, 0x05, 0x00, 0x2e, 0x01, 0x00, 0x00, 0xf3, 0x4c, // ...L..V........L
	0x00, 0x00, 0x04, 0x01, 0x00, 0x00, 0x02, 0x01, 0x00, 0x00, 0x57, 0x00, 0x05, 0x00, 0x0d, 0x00, // ..........W.....
	0x00, 0x00, 0xf5, 0x4c, 0x00, 0x00, 0xf3, 0x4c, 0x00, 0x00, 0xfc, 0x4b, 0x00, 0x00, 0x51, 0x00, // ...L...L...K..Q.
	0x05, 0x00, 0x07, 0x00, 0x00, 0x00, 0xd8, 0x4c, 0x00, 0x00, 0xf5, 0x4c, 0x00, 0x00, 0x00, 0x00, // .......L...L....
	0x00, 0x00, 0xf9, 0x00, 0x02, 0x00, 0xd9, 0x4c, 0x00, 0x00, 0xf8, 0x00, 0x02, 0x00, 0xd9, 0x4c, // .......L.......L
	0x00, 0x00, 0xf5, 0x00, 0x09, 0x00, 0x07, 0x00, 0x00, 0x00, 0x96, 0x5f, 0x00, 0x00, 0xcb, 0x4c, // ..........._...L
	0x00, 0x00, 0xc7, 0x4c, 0x00, 0x00, 0xd3, 0x4c, 0x00, 0x00, 0xcf, 0x4c, 0x00, 0x00, 0xd8, 0x4c, // ...L...L...L...L
	0x00, 0x00, 0xd4, 0x4c, 0x00, 0x00, 0xbe, 0x00, 0x05, 0x00, 0x97, 0x01, 0x00, 0x00, 0x2d, 0x4c, // ...L..........-L
	0x00, 0x00, 0x96, 0x5f, 0x00, 0x00, 0x15, 0x4c, 0x00, 0x00, 0xa9, 0x00, 0x06, 0x00, 0x07, 0x00, // ..._...L........
	0x00, 0x00, 0x2e, 0x4c, 0x00, 0x00, 0x2d, 0x4c, 0x00, 0x00, 0xa1, 0x01, 0x00, 0x00, 0x73, 0x01, // ...L..-L......s.
	0x00, 0x00, 0xf7, 0x00, 0x03, 0x00, 0x15, 0x4d, 0x00, 0x00, 0x00, 0x00, 0x00, 0x00, 0xfb, 0x00, // .......M........
	0x03, 0x00, 0xcc, 0x01, 0x00, 0x00, 0x00, 0x4d, 0x00, 0x00, 0xf8, 0x00, 0x02, 0x00, 0x00, 0x4d, // .......M.......M
	0x00, 0x00, 0xf7, 0x00, 0x03, 0x00, 0x08, 0x4d, 0x00, 0x00, 0x00, 0x00, 0x00, 0x00, 0xfa, 0x00, // .......M........
	0x04, 0x00, 0x15, 0x33, 0x00, 0x00, 0x03, 0x4d, 0x00, 0x00, 0x08, 0x4d, 0x00, 0x00, 0xf8, 0x00, // ...3...M...M....
	0x02, 0x00, 0x03, 0x4d, 0x00, 0x00, 0x56, 0x00, 0x05, 0x00, 0x2e, 0x01, 0x00, 0x00, 0x1d, 0x4d, // ...M..V........M
	0x00, 0x00, 0xf8, 0x00, 0x00, 0x00, 0xf6, 0x00, 0x00, 0x00, 0x57, 0x00, 0x05, 0x00, 0x0d, 0x00, // ..........W.....
	0x00, 0x00, 0x1f, 0x4d, 0x00, 0x00, 0x1d, 0x4d, 0x00, 0x00, 0x00, 0x4c, 0x00, 0x00, 0x51, 0x00, // ...M...M...L..Q.
	0x05, 0x00, 0x07, 0x00, 0x00, 0x00, 0x07, 0x4d, 0x00, 0x00, 0x1f, 0x4d, 0x00, 0x00, 0x00, 0x00, // .......M...M....
	0x00, 0x00, 0xf9, 0x00, 0x02, 0x00, 0x15, 0x4d, 0x00, 0x00, 0xf8, 0x00, 0x02, 0x00, 0x08, 0x4d, // .......M.......M
	0x00, 0x00, 0xf7, 0x00, 0x03, 0x00, 0x10, 0x4d, 0x00, 0x00, 0x00, 0x00, 0x00, 0x00, 0xfa, 0x00, // .......M........
	0x04, 0x00, 0x19, 0x33, 0x00, 0x00, 0x0b, 0x4d, 0x00, 0x00, 0x10, 0x4d, 0x00, 0x00, 0xf8, 0x00, // ...3...M...M....
	0x02, 0x00, 0x0b, 0x4d, 0x00, 0x00, 0x56, 0x00, 0x05, 0x00, 0x2e, 0x01, 0x00, 0x00, 0x26, 0x4d, // ...M..V.......&M
	0x00, 0x00, 0xfe, 0x00, 0x00, 0x00, 0xfc, 0x00, 0x00, 0x00, 0x57, 0x00, 0x05, 0x00, 0x0d, 0x00, // ..........W.....
	0x00, 0x00, 0x28, 0x4d, 0x00, 0x00, 0x26, 0x4d, 0x00, 0x00, 0x00, 0x4c, 0x00, 0x00, 0x51, 0x00, // ..(M..&M...L..Q.
	0x05, 0x00, 0x07, 0x00, 0x00, 0x00, 0x0f, 0x4d, 0x00, 0x00, 0x28, 0x4d, 0x00, 0x00, 0x00, 0x00, // .......M..(M....
	0x00, 0x00, 0xf9, 0x00, 0x02, 0x00, 0x15, 0x4d, 0x00, 0x00, 0xf8, 0x00, 0x02, 0x00, 0x10, 0x4d, // .......M.......M
	0x00, 0x00, 0x56, 0x00, 0x05, 0x00, 0x2e, 0x01, 0x00, 0x00, 0x2f, 0x4d, 0x00, 0x00, 0x04, 0x01, // ..V......./M....
	0x00, 0x00, 0x02, 0x01, 0x00, 0x00, 0x57, 0x00, 0x05, 0x00, 0x0d, 0x00, 0x00, 0x00, 0x31, 0x4d, // ......W.......1M
	0x00, 0x00, 0x2f, 0x4d, 0x00, 0x00, 0x00, 0x4c, 0x00, 0x00, 0x51, 0x00, 0x05, 0x00, 0x07, 0x00, // ../M...L..Q.....
	0x00, 0x00, 0x14, 0x4d, 0x00, 0x00, 0x31, 0x4d, 0x00, 0x00, 0x00, 0x00, 0x00, 0x00, 0xf9, 0x00, // ...M..1M........
	0x02, 0x00, 0x15, 0x4d, 0x00, 0x00, 0xf8, 0x00, 0x02, 0x00, 0x15, 0x4d, 0x00, 0x00, 0xf5, 0x00, // ...M.......M....
	0x09, 0x00, 0x07, 0x00, 0x00, 0x00, 0x97, 0x5f, 0x00, 0x00, 0x07, 0x4d, 0x00, 0x00, 0x03, 0x4d, // ......._...M...M
	0x00, 0x00, 0x0f, 0x4d, 0x00, 0x00, 0x0b, 0x4d, 0x00, 0x00, 0x14, 0x4d, 0x00, 0x00, 0x10, 0x4d, // ...M...M...M...M
	0x00, 0x00, 0xbe, 0x00, 0x05, 0x00, 0x97, 0x01, 0x00, 0x00, 0x33, 0x4c, 0x00, 0x00, 0x97, 0x5f, // ..........3L..._
	0x00, 0x00, 0x1c, 0x4c, 0x00, 0x00, 0xa9, 0x00, 0x06, 0x00, 0x07, 0x00, 0x00, 0x00, 0x34, 0x4c, // ...L..........4L
	0x00, 0x00, 0x33, 0x4c, 0x00, 0x00, 0xa1, 0x01, 0x00, 0x00, 0x73, 0x01, 0x00, 0x00, 0x51, 0x00, // ..3L......s...Q.
	0x05, 0x00, 0x07, 0x00, 0x00, 0x00, 0x38, 0x4c, 0x00, 0x00, 0xee, 0x4b, 0x00, 0x00, 0x00, 0x00, // ......8L...K....
	0x00, 0x00, 0x0c, 0x00, 0x08, 0x00, 0x07, 0x00, 0x00, 0x00, 0x37, 0x4d, 0x00, 0x00, 0x01, 0x00, // ..........7M....
	0x00, 0x00, 0x2e, 0x00, 0x00, 0x00, 0x22, 0x4c, 0x00, 0x00, 0x28, 0x4c, 0x00, 0x00, 0x38, 0x4c, // ......"L..(L..8L
	0x00, 0x00, 0x0c, 0x00, 0x08, 0x00, 0x07, 0x00, 0x00, 0x00, 0x3d, 0x4d, 0x00, 0x00, 0x01, 0x00, // ..........=M....
	0x00, 0x00, 0x2e, 0x00, 0x00, 0x00, 0x2e, 0x4c, 0x00, 0x00, 0x34, 0x4c, 0x00, 0x00, 0x38, 0x4c, // .......L..4L..8L
	0x00, 0x00, 0x51, 0x00, 0x05, 0x00, 0x07, 0x00, 0x00, 0x00, 0x40, 0x4c, 0x00, 0x00, 0xee, 0x4b, // ..Q.......@L...K
	0x00, 0x00, 0x01, 0x00, 0x00, 0x00, 0x0c, 0x00, 0x08, 0x00, 0x07, 0x00, 0x00, 0x00, 0x43, 0x4d, // ..............CM
	0x00, 0x00, 0x01, 0x00, 0x00, 0x00, 0x2e, 0x00, 0x00, 0x00, 0x37, 0x4d, 0x00, 0x00, 0x3d, 0x4d, // ..........7M..=M
	0x00, 0x00, 0x40, 0x4c, 0x00, 0x00, 0x81, 0x00, 0x05, 0x00, 0x07, 0x00, 0x00, 0x00, 0xf3, 0x35, // ..@L...........5
	0x00, 0x00, 0xe2, 0x35, 0x00, 0x00, 0x43, 0x4d, 0x00, 0x00, 0x8e, 0x00, 0x05, 0x00, 0x0b, 0x00, // ...5..CM........
	0x00, 0x00, 0xf6, 0x35, 0x00, 0x00, 0x9e, 0x03, 0x00, 0x00, 0xf4, 0x34, 0x00, 0x00, 0x81, 0x00, // ...5.......4....
	0x05, 0x00, 0x0b, 0x00, 0x00, 0x00, 0xf9, 0x35, 0x00, 0x00, 0x25, 0x5d, 0x00, 0x00, 0xf6, 0x35, // .......5..%]...5
	0x00, 0x00, 0x94, 0x00, 0x05, 0x00, 0x07, 0x00, 0x00, 0x00, 0xfd, 0x35, 0x00, 0x00, 0xbf, 0x5e, // ...........5...^
	0x00, 0x00, 0xf6, 0x35, 0x00, 0x00, 0x81, 0x00, 0x05, 0x00, 0x07, 0x00, 0x00, 0x00, 0xfe, 0x35, // ...5...........5
	0x00, 0x00, 0xfe, 0x33, 0x00, 0x00, 0xfd, 0x35, 0x00, 0x00, 0x88, 0x00, 0x05, 0x00, 0x0b, 0x00, // ...3...5........
	0x00, 0x00, 0x6a, 0x4d, 0x00, 0x00, 0xf9, 0x35, 0x00, 0x00, 0x3f, 0x38, 0x00, 0x00, 0x83, 0x00, // ..jM...5..?8....
	0x05, 0x00, 0x0b, 0x00, 0x00, 0x00, 0x6c, 0x4d, 0x00, 0x00, 0x6a, 0x4d, 0x00, 0x00, 0xa4, 0x5d, // ......lM..jM...]
	0x00, 0x00, 0x0c, 0x00, 0x06, 0x00, 0x0b, 0x00, 0x00, 0x00, 0x6e, 0x4d, 0x00, 0x00, 0x01, 0x00, // ..........nM....
	0x00, 0x00, 0x08, 0x00, 0x00, 0x00, 0x6c, 0x4d, 0x00, 0x00, 0x83, 0x00, 0x05, 0x00, 0x0b, 0x00, // ......lM........
	0x00, 0x00, 0x71, 0x4d, 0x00, 0x00, 0x6c, 0x4d, 0x00, 0x00, 0x6e, 0x4d, 0x00, 0x00, 0x81, 0x00, // ..qM..lM..nM....
	0x05, 0x00, 0x0b, 0x00, 0x00, 0x00, 0x74, 0x4d, 0x00, 0x00, 0x6e, 0x4d, 0x00, 0x00, 0xa4, 0x5d, // ......tM..nM...]
	0x00, 0x00, 0x8e, 0x00, 0x05, 0x00, 0x0b, 0x00, 0x00, 0x00, 0x76, 0x4d, 0x00, 0x00, 0x74, 0x4d, // ..........vM..tM
	0x00, 0x00, 0xf5, 0x33, 0x00, 0x00, 0x81, 0x00, 0x05, 0x00, 0x0b, 0x00, 0x00, 0x00, 0x7b, 0x4d, // ...3..........{M
	0x00, 0x00, 0x76, 0x4d, 0x00, 0x00, 0x50, 0x38, 0x00, 0x00, 0x81, 0x00, 0x05, 0x00, 0x0b, 0x00, // ..vM..P8........
	0x00, 0x00, 0x7f, 0x4d, 0x00, 0x00, 0x76, 0x4d, 0x00, 0x00, 0x54, 0x38, 0x00, 0x00, 0x81, 0x00, // ...M..vM..T8....
	0x05, 0x00, 0x0b, 0x00, 0x00, 0x00, 0x83, 0x4d, 0x00, 0x00, 0x76, 0x4d, 0x00, 0x00, 0x3f, 0x38, // .......M..vM..?8
	0x00, 0x00, 0x83, 0x00, 0x05, 0x00, 0x0b, 0x00, 0x00, 0x00, 0x88, 0x4d, 0x00, 0x00, 0x76, 0x4d, // ...........M..vM
	0x00, 0x00, 0xf9, 0x35, 0x00, 0x00, 0x94, 0x00, 0x05, 0x00, 0x07, 0x00, 0x00, 0x00, 0x89, 0x4d, // ...5...........M
	0x00, 0x00, 0xbf, 0x5e, 0x00, 0x00, 0x88, 0x4d, 0x00, 0x00, 0x81, 0x00, 0x05, 0x00, 0x07, 0x00, // ...^...M........
	0x00, 0x00, 0x8a, 0x4d, 0x00, 0x00, 0xfe, 0x35, 0x00, 0x00, 0x89, 0x4d, 0x00, 0x00, 0x83, 0x00, // ...M...5...M....
	0x05, 0x00, 0x0b, 0x00, 0x00, 0x00, 0x8f, 0x4d, 0x00, 0x00, 0x7b, 0x4d, 0x00, 0x00, 0xf9, 0x35, // .......M..{M...5
	0x00, 0x00, 0x94, 0x00, 0x05, 0x00, 0x07, 0x00, 0x00, 0x00, 0x90, 0x4d, 0x00, 0x00, 0xbf, 0x5e, // ...........M...^
	0x00, 0x00, 0x8f, 0x4d, 0x00, 0x00, 0x81, 0x00, 0x05, 0x00, 0x07, 0x00, 0x00, 0x00, 0x91, 0x4d, // ...M...........M
	0x00, 0x00, 0xfe, 0x35, 0x00, 0x00, 0x90, 0x4d, 0x00, 0x00, 0x83, 0x00, 0x05, 0x00, 0x0b, 0x00, // ...5...M........
	0x00, 0x00, 0x96, 0x4d, 0x00, 0x00, 0x7f, 0x4d, 0x00, 0x00, 0xf9, 0x35, 0x00, 0x00, 0x94, 0x00, // ...M...M...5....
	0x05, 0x00, 0x07, 0x00, 0x00, 0x00, 0x97, 0x4d, 0x00, 0x00, 0xbf, 0x5e, 0x00, 0x00, 0x96, 0x4d, // .......M...^...M
	0x00, 0x00, 0x81, 0x00, 0x05, 0x00, 0x07, 0x00, 0x00, 0x00, 0x98, 0x4d, 0x00, 0x00, 0xfe, 0x35, // ...........M...5
	0x00, 0x00, 0x97, 0x4d, 0x00, 0x00, 0x83, 0x00, 0x05, 0x00, 0x0b, 0x00, 0x00, 0x00, 0x9d, 0x4d, // ...M...........M
	0x00, 0x00, 0x83, 0x4d, 0x00, 0x00, 0xf9, 0x35, 0x00, 0x00, 0x94, 0x00, 0x05, 0x00, 0x07, 0x00, // ...M...5........
	0x00, 0x00, 0x9e, 0x4d, 0x00, 0x00, 0xbf, 0x5e, 0x00, 0x00, 0x9d, 0x4d, 0x00, 0x00, 0x81, 0x00, // ...M...^...M....
	0x05, 0x00, 0x07, 0x00, 0x00, 0x00, 0x9f, 0x4d, 0x00, 0x00, 0xfe, 0x35, 0x00, 0x00, 0x9e, 0x4d, // .......M...5...M
	0x00, 0x00, 0xf7, 0x00, 0x03, 0x00, 0xe4, 0x4d, 0x00, 0x00, 0x00, 0x00, 0x00, 0x00, 0xfb, 0x00, // .......M........
	0x03, 0x00, 0xcc, 0x01, 0x00, 0x00, 0xcf, 0x4d, 0x00, 0x00, 0xf8, 0x00, 0x02, 0x00, 0xcf, 0x4d, // .......M.......M
	0x00, 0x00, 0xf7, 0x00, 0x03, 0x00, 0xd7, 0x4d, 0x00, 0x00, 0x00, 0x00, 0x00, 0x00, 0xfa, 0x00, // .......M........
	0x04, 0x00, 0x15, 0x33, 0x00, 0x00, 0xd2, 0x4d, 0x00, 0x00, 0xd7, 0x4d, 0x00, 0x00, 0xf8, 0x00, // ...3...M...M....
	0x02, 0x00, 0xd2, 0x4d, 0x00, 0x00, 0x56, 0x00, 0x05, 0x00, 0x2e, 0x01, 0x00, 0x00, 0xec, 0x4d, // ...M..V........M
	0x00, 0x00, 0xf8, 0x00, 0x00, 0x00, 0xf6, 0x00, 0x00, 0x00, 0x57, 0x00, 0x05, 0x00, 0x0d, 0x00, // ..........W.....
	0x00, 0x00, 0xee, 0x4d, 0x00, 0x00, 0xec, 0x4d, 0x00, 0x00, 0x76, 0x4d, 0x00, 0x00, 0x51, 0x00, // ...M...M..vM..Q.
	0x05, 0x00, 0x07, 0x00, 0x00, 0x00, 0xd6, 0x4d, 0x00, 0x00, 0xee, 0x4d, 0x00, 0x00, 0x00, 0x00, // .......M...M....
	0x00, 0x00, 0xf9, 0x00, 0x02, 0x00, 0xe4, 0x4d, 0x00, 0x00, 0xf8, 0x00, 0x02, 0x00, 0xd7, 0x4d, // .......M.......M
	0x00, 0x00, 0xf7, 0x00, 0x03, 0x00, 0xdf, 0x4d, 0x00, 0x00, 0x00, 0x00, 0x00, 0x00, 0xfa, 0x00, // .......M........
	0x04, 0x00, 0x19, 0x33, 0x00, 0x00, 0xda, 0x4d, 0x00, 0x00, 0xdf, 0x4d, 0x00, 0x00, 0xf8, 0x00, // ...3...M...M....
	0x02, 0x00, 0xda, 0x4d, 0x00, 0x00, 0x56, 0x00, 0x05, 0x00, 0x2e, 0x01, 0x00, 0x00, 0xf5, 0x4d, // ...M..V........M
	0x00, 0x00, 0xfe, 0x00, 0x00, 0x00, 0xfc, 0x00, 0x00, 0x00, 0x57, 0x00, 0x05, 0x00, 0x0d, 0x00, // ..........W.....
	0x00, 0x00, 0xf7, 0x4d, 0x00, 0x00, 0xf5, 0x4d, 0x00, 0x00, 0x76, 0x4d, 0x00, 0x00, 0x51, 0x00, // ...M...M..vM..Q.
	0x05, 0x00, 0x07, 0x00, 0x00, 0x00, 0xde, 0x4d, 0x00, 0x00, 0xf7, 0x4d, 0x00, 0x00, 0x00, 0x00, // .......M...M....
	0x00, 0x00, 0xf9, 0x00, 0x02, 0x00, 0xe4, 0x4d, 0x00, 0x00, 0xf8, 0x00, 0x02, 0x00, 0xdf, 0x4d, // .......M.......M
	0x00, 0x00, 0x56, 0x00, 0x05, 0x00, 0x2e, 0x01, 0x00, 0x00, 0xfe, 0x4d, 0x00, 0x00, 0x04, 0x01, // ..V........M....
	0x00, 0x00, 0x02, 0x01, 0x00, 0x00, 0x57, 0x00, 0x05, 0x00, 0x0d, 0x00, 0x00, 0x00, 0x00, 0x4e, // ......W........N
	0x00, 0x00, 0xfe, 0x4d, 0x00, 0x00, 0x76, 0x4d, 0x00, 0x00, 0x51, 0x00, 0x05, 0x00, 0x07, 0x00, // ...M..vM..Q.....
	0x00, 0x00, 0xe3, 0x4d, 0x00, 0x00, 0x00, 0x4e, 0x00, 0x00, 0x00, 0x00, 0x00, 0x00, 0xf9, 0x00, // ...M...N........
	0x02, 0x00, 0xe4, 0x4d, 0x00, 0x00, 0xf8, 0x00, 0x02, 0x00, 0xe4, 0x4d, 0x00, 0x00, 0xf5, 0x00, // ...M.......M....
	0x09, 0x00, 0x07, 0x00, 0x00, 0x00, 0xa0, 0x5f, 0x00, 0x00, 0xd6, 0x4d, 0x00, 0x00, 0xd2, 0x4d, // ......._...M...M
	0x00, 0x00, 0xde, 0x4d, 0x00, 0x00, 0xda, 0x4d, 0x00, 0x00, 0xe3, 0x4d, 0x00, 0x00, 0xdf, 0x4d, // ...M...M...M...M
	0x00, 0x00, 0xbe, 0x00, 0x05, 0x00, 0x97, 0x01, 0x00, 0x00, 0xa4, 0x4d, 0x00, 0x00, 0xa0, 0x5f, // ...........M..._
	0x00, 0x00, 0x8a, 0x4d, 0x00, 0x00, 0xa9, 0x00, 0x06, 0x00, 0x07, 0x00, 0x00, 0x00, 0xa5, 0x4d, // ...M...........M
	0x00, 0x00, 0xa4, 0x4d, 0x00, 0x00, 0xa1, 0x01, 0x00, 0x00, 0x73, 0x01, 0x00, 0x00, 0xf7, 0x00, // ...M......s.....
	0x03, 0x00, 0x20, 0x4e, 0x00, 0x00, 0x00, 0x00, 0x00, 0x00, 0xfb, 0x00, 0x03, 0x00, 0xcc, 0x01, // .. N............
	0x00, 0x00, 0x0b, 0x4e, 0x00, 0x00, 0xf8, 0x00, 0x02, 0x00, 0x0b, 0x4e, 0x00, 0x00, 0xf7, 0x00, // ...N.......N....
	0x03, 0x00, 0x13, 0x4e, 0x00, 0x00, 0x00, 0x00, 0x00, 0x00, 0xfa, 0x00, 0x04, 0x00, 0x15, 0x33, // ...N...........3
	0x00, 0x00, 0x0e, 0x4e, 0x00, 0x00, 0x13, 0x4e, 0x00, 0x00, 0xf8, 0x00, 0x02, 0x00, 0x0e, 0x4e, // ...N...N.......N
	0x00, 0x00, 0x56, 0x00, 0x05, 0x00, 0x2e, 0x01, 0x00, 0x00, 0x28, 0x4e, 0x00, 0x00, 0xf8, 0x00, // ..V.......(N....
	0x00, 0x00, 0xf6, 0x00, 0x00, 0x00, 0x57, 0x00, 0x05, 0x00, 0x0d, 0x00, 0x00, 0x00, 0x2a, 0x4e, // ......W.......*N
	0x00, 0x00, 0x28, 0x4e, 0x00, 0x00, 0x7b, 0x4d, 0x00, 0x00, 0x51, 0x00, 0x05, 0x00, 0x07, 0x00, // ..(N..{M..Q.....
	0x00, 0x00, 0x12, 0x4e, 0x00, 0x00, 0x2a, 0x4e, 0x00, 0x00, 0x00, 0x00, 0x00, 0x00, 0xf9, 0x00, // ...N..*N........
	0x02, 0x00, 0x20, 0x4e, 0x00, 0x00, 0xf8, 0x00, 0x02, 0x00, 0x13, 0x4e, 0x00, 0x00, 0xf7, 0x00, // .. N.......N....
	0x03, 0x00, 0x1b, 0x4e, 0x00, 0x00, 0x00, 0x00, 0x00, 0x00, 0xfa, 0x00, 0x04, 0x00, 0x19, 0x33, // ...N...........3
	0x00, 0x00, 0x16, 0x4e, 0x00, 0x00, 0x1b, 0x4e, 0x00, 0x00, 0xf8, 0x00, 0x02, 0x00, 0x16, 0x4e, // ...N...N.......N
	0x00, 0x00, 0x56, 0x00, 0x05, 0x00, 0x2e, 0x01, 0x00, 0x00, 0x31, 0x4e, 0x00, 0x00, 0xfe, 0x00, // ..V.......1N....
	0x00, 0x00, 0xfc, 0x00, 0x00, 0x00, 0x57, 0x00, 0x05, 0x00, 0x0d, 0x00, 0x00, 0x00, 0x33, 0x4e, // ......W.......3N
	0x00, 0x00, 0x31, 0x4e, 0x00, 0x00, 0x7b, 0x4d, 0x00, 0x00, 0x51, 0x00, 0x05, 0x00, 0x07, 0x00, // ..1N..{M..Q.....
	0x00, 0x00, 0x1a, 0x4e, 0x00, 0x00, 0x33, 0x4e, 0x00, 0x00, 0x00, 0x00, 0x00, 0x00, 0xf9, 0x00, // ...N..3N........
	0x02, 0x00, 0x20, 0x4e, 0x00, 0x00, 0xf8, 0x00, 0x02, 0x00, 0x1b, 0x4e, 0x00, 0x00, 0x56, 0x00, // .. N.......N..V.
	0x05, 0x00, 0x2e, 0x01, 0x00, 0x00, 0x3a, 0x4e, 0x00, 0x00, 0x04, 0x01, 0x00, 0x00, 0x02, 0x01, // ......:N........
	0x00, 0x00, 0x57, 0x00, 0x05, 0x00, 0x0d, 0x00, 0x00, 0x00, 0x3c, 0x4e, 0x00, 0x00, 0x3a, 0x4e, // ..W.......<N..:N
	0x00, 0x00, 0x7b, 0x4d, 0x00, 0x00, 0x51, 0x00, 0x05, 0x00, 0x07, 0x00, 0x00, 0x00, 0x1f, 0x4e, // ..{M..Q........N
	0x00, 0x00, 0x3c, 0x4e, 0x00, 0x00, 0x00, 0x00, 0x00, 0x00, 0xf9, 0x00, 0x02, 0x00, 0x20, 0x4e, // ..<N.......... N
	0x00, 0x00, 0xf8, 0x00, 0x02, 0x00, 0x20, 0x4e, 0x00, 0x00, 0xf5, 0x00, 0x09, 0x00, 0x07, 0x00, // ...... N........
	0x00, 0x00, 0xa1, 0x5f, 0x00, 0x00, 0x12, 0x4e, 0x00, 0x00, 0x0e, 0x4e, 0x00, 0x00, 0x1a, 0x4e, // ..._...N...N...N
	0x00, 0x00, 0x16, 0x4e, 0x00, 0x00, 0x1f, 0x4e, 0x00, 0x00, 0x1b, 0x4e, 0x00, 0x00, 0xbe, 0x00, // ...N...N...N....
	0x05, 0x00, 0x97, 0x01, 0x00, 0x00, 0xaa, 0x4d, 0x00, 0x00, 0xa1, 0x5f, 0x00, 0x00, 0x91, 0x4d, // .......M..._...M
	0x00, 0x00, 0xa9, 0x00, 0x06, 0x00, 0x07, 0x00, 0x00, 0x00, 0xab, 0x4d, 0x00, 0x00, 0xaa, 0x4d, // ...........M...M
	0x00, 0x00, 0xa1, 0x01, 0x00, 0x00, 0x73, 0x01, 0x00, 0x00, 0xf7, 0x00, 0x03, 0x00, 0x5c, 0x4e, // ......s........N
	0x00, 0x00, 0x00, 0x00, 0x00, 0x00, 0xfb, 0x00, 0x03, 0x00, 0xcc, 0x01, 0x00, 0x00, 0x47, 0x4e, // ..............GN
	0x00, 0x00, 0xf8, 0x00, 0x02, 0x00, 0x47, 0x4e, 0x00, 0x00, 0xf7, 0x00, 0x03, 0x00, 0x4f, 0x4e, // ......GN......ON
	0x00, 0x00, 0x00, 0x00, 0x00, 0x00, 0xfa, 0x00, 0x04, 0x00, 0x15, 0x33, 0x00, 0x00, 0x4a, 0x4e, // ...........3..JN
	0x00, 0x00, 0x4f, 0x4e, 0x00, 0x00, 0xf8, 0x00, 0x02, 0x00, 0x4a, 0x4e, 0x00, 0x00, 0x56, 0x00, // ..ON......JN..V.
	0x05, 0x00, 0x2e, 0x01, 0x00, 0x00, 0x64, 0x4e, 0x00, 0x00, 0xf8, 0x00, 0x00, 0x00, 0xf6, 0x00, // ......dN........
	0x00, 0x00, 0x57, 0x00, 0x05, 0x00, 0x0d, 0x00, 0x00, 0x00, 0x66, 0x4e, 0x00, 0x00, 0x64, 0x4e, // ..W.......fN..dN
	0x00, 0x00, 0x7f, 0x4d, 0x00, 0x00, 0x51, 0x00, 0x05, 0x00, 0x07, 0x00, 0x00, 0x00, 0x4e, 0x4e, // ...M..Q.......NN
	0x00, 0x00, 0x66, 0x4e, 0x00, 0x00, 0x00, 0x00, 0x00, 0x00, 0xf9, 0x00, 0x02, 0x00, 0x5c, 0x4e, // ..fN...........N
	0x00, 0x00, 0xf8, 0x00, 0x02, 0x00, 0x4f, 0x4e, 0x00, 0x00, 0xf7, 0x00, 0x03, 0x00, 0x57, 0x4e, // ......ON......WN
	0x00, 0x00, 0x00, 0x00, 0x00, 0x00, 0xfa, 0x00, 0x04, 0x00, 0x19, 0x33, 0x00, 0x00, 0x52, 0x4e, // ...........3..RN
	0x00, 0x00, 0x57, 0x4e, 0x00, 0x00, 0xf8, 0x00, 0x02, 0x00, 0x52, 0x4e, 0x00, 0x00, 0x56, 0x00, // ..WN......RN..V.
	0x05, 0x00, 0x2e, 0x01, 0x00, 0x00, 0x6d, 0x4e, 0x00, 0x00, 0xfe, 0x00, 0x00, 0x00, 0xfc, 0x00, // ......mN........
	0x00, 0x00, 0x57, 0x00, 0x05, 0x00, 0x0d, 0x00, 0x00, 0x00, 0x6f, 0x4e, 0x00, 0x00, 0x6d, 0x4e, // ..W.......oN..mN
	0x00, 0x00, 0x7f, 0x4d, 0x00, 0x00, 0x51, 0x00, 0x05, 0x00, 0x07, 0x00, 0x00, 0x00, 0x56, 0x4e, // ...M..Q.......VN
	0x00, 0x00, 0x6f, 0x4e, 0x00, 0x00, 0x00, 0x00, 0x00, 0x00, 0xf9, 0x00, 0x02, 0x00, 0x5c, 0x4e, // ..oN...........N
	0x00, 0x00, 0xf8, 0x00, 0x02, 0x00, 0x57, 0x4e, 0x00, 0x00, 0x56, 0x00, 0x05, 0x00, 0x2e, 0x01, // ......WN..V.....
	0x00, 0x00, 0x76, 0x4e, 0x00, 0x00, 0x04, 0x01, 0x00, 0x00, 0x02, 0x01, 0x00, 0x00, 0x57, 0x00, // ..vN..........W.
	0x05, 0x00, 0x0d, 0x00, 0x00, 0x00, 0x78, 0x4e, 0x00, 0x00, 0x76, 0x4e, 0x00, 0x00, 0x7f, 0x4d, // ......xN..vN...M
	0x00, 0x00, 0x51, 0x00, 0x05, 0x00, 0x07, 0x00, 0x00, 0x00, 0x5b, 0x4e, 0x00, 0x00, 0x78, 0x4e, // ..Q.......[N..xN
	0x00, 0x00, 0x00, 0x00, 0x00, 0x00, 0xf9, 0x00, 0x02, 0x00, 0x5c, 0x4e, 0x00, 0x00, 0xf8, 0x00, // ...........N....
	0x02, 0x00, 0x5c, 0x4e, 0x00, 0x00, 0xf5, 0x00, 0x09, 0x00, 0x07, 0x00, 0x00, 0x00, 0xa2, 0x5f, // ...N..........._
	0x00, 0x00, 0x4e, 0x4e, 0x00, 0x00, 0x4a, 0x4e, 0x00, 0x00, 0x56, 0x4e, 0x00, 0x00, 0x52, 0x4e, // ..NN..JN..VN..RN
	0x00, 0x00, 0x5b, 0x4e, 0x00, 0x00, 0x57, 0x4e, 0x00, 0x00, 0xbe, 0x00, 0x05, 0x00, 0x97, 0x01, // ..[N..WN........
	0x00, 0x00, 0xb0, 0x4d, 0x00, 0x00, 0xa2, 0x5f, 0x00, 0x00, 0x98, 0x4d, 0x00, 0x00, 0xa9, 0x00, // ...M..._...M....
	0x06, 0x00, 0x07, 0x00, 0x00, 0x00, 0xb1, 0x4d, 0x00, 0x00, 0xb0, 0x4d, 0x00, 0x00, 0xa1, 0x01, // .......M...M....
	0x00, 0x00, 0x73, 0x01, 0x00, 0x00, 0xf7, 0x00, 0x03, 0x00, 0x98, 0x4e, 0x00, 0x00, 0x00, 0x00, // ..s........N....
	0x00, 0x00, 0xfb, 0x00, 0x03, 0x00, 0xcc, 0x01, 0x00, 0x00, 0x83, 0x4e, 0x00, 0x00, 0xf8, 0x00, // ...........N....
	0x02, 0x00, 0x83, 0x4e, 0x00, 0x00, 0xf7, 0x00, 0x03, 0x00, 0x8b, 0x4e, 0x00, 0x00, 0x00, 0x00, // ...N.......N....
	0x00, 0x00, 0xfa, 0x00, 0x04, 0x00, 0x15, 0x33, 0x00, 0x00, 0x86, 0x4e, 0x00, 0x00, 0x8b, 0x4e, // .......3...N...N
	0x00, 0x00, 0xf8, 0x00, 0x02, 0x00, 0x86, 0x4e, 0x00, 0x00, 0x56, 0x00, 0x05, 0x00, 0x2e, 0x01, // .......N..V.....
	0x00, 0x00, 0xa0, 0x4e, 0x00, 0x00, 0xf8, 0x00, 0x00, 0x00, 0xf6, 0x00, 0x00, 0x00, 0x57, 0x00, // ...N..........W.
	0x05, 0x00, 0x0d, 0x00, 0x00, 0x00, 0xa2, 0x4e, 0x00, 0x00, 0xa0, 0x4e, 0x00, 0x00, 0x83, 0x4d, // .......N...N...M
	0x00, 0x00, 0x51, 0x00, 0x05, 0x00, 0x07, 0x00, 0x00, 0x00, 0x8a, 0x4e, 0x00, 0x00, 0xa2, 0x4e, // ..Q........N...N
	0x00, 0x00, 0x00, 0x00, 0x00, 0x00, 0xf9, 0x00, 0x02, 0x00, 0x98, 0x4e, 0x00, 0x00, 0xf8, 0x00, // ...........N....
	0x02, 0x00, 0x8b, 0x4e, 0x00, 0x00, 0xf7, 0x00, 0x03, 0x00, 0x93, 0x4e, 0x00, 0x00, 0x00, 0x00, // ...N.......N....
	0x00, 0x00, 0xfa, 0x00, 0x04, 0x00, 0x19, 0x33, 0x00, 0x00, 0x8e, 0x4e, 0x00, 0x00, 0x93, 0x4e, // .......3...N...N
	0x00, 0x00, 0xf8, 0x00, 0x02, 0x00, 0x8e, 0x4e, 0x00, 0x00, 0x56, 0x00, 0x05, 0x00, 0x2e, 0x01, // .......N..V.....
	0x00, 0x00, 0xa9, 0x4e, 0x00, 0x00, 0xfe, 0x00, 0x00, 0x00, 0xfc, 0x00, 0x00, 0x00, 0x57, 0x00, // ...N..........W.
	0x05, 0x00, 0x0d, 0x00, 0x00, 0x00, 0xab, 0x4e, 0x00, 0x00, 0xa9, 0x4e, 0x00, 0x00, 0x83, 0x4d, // .......N...N...M
	0x00, 0x00, 0x51, 0x00, 0x05, 0x00, 0x07, 0x00, 0x00, 0x00, 0x92, 0x4e, 0x00, 0x00, 0xab, 0x4e, // ..Q........N...N
	0x00, 0x00, 0x00, 0x00, 0x00, 0x00, 0xf9, 0x00, 0x02, 0x00, 0x98, 0x4e, 0x00, 0x00, 0xf8, 0x00, // ...........N....
	0x02, 0x00, 0x93, 0x4e, 0x00, 0x00, 0x56, 0x00, 0x05, 0x00, 0x2e, 0x01, 0x00, 0x00, 0xb2, 0x4e, // ...N..V........N
	0x00, 0x00, 0x04, 0x01, 0x00, 0x00, 0x02, 0x01, 0x00, 0x00, 0x57, 0x00, 0x05, 0x00, 0x0d, 0x00, // ..........W.....
	0x00, 0x00, 0xb4, 0x4e, 0x00, 0x00, 0xb2, 0x4e, 0x00, 0x00, 0x83, 0x4d, 0x00, 0x00, 0x51, 0x00, // ...N...N...M..Q.
	0x05, 0x00, 0x07, 0x00, 0x00, 0x00, 0x97, 0x4e, 0x00, 0x00, 0xb4, 0x4e, 0x00, 0x00, 0x00, 0x00, // .......N...N....
	0x00, 0x00, 0xf9, 0x00, 0x02, 0x00, 0x98, 0x4e, 0x00, 0x00, 0xf8, 0x00, 0x02, 0x00, 0x98, 0x4e, // .......N.......N
	0x00, 0x00, 0xf5, 0x00, 0x09, 0x00, 0x07, 0x00, 0x00, 0x00, 0xa3, 0x5f, 0x00, 0x00, 0x8a, 0x4e, // ..........._...N
	0x00, 0x00, 0x86, 0x4e, 0x00, 0x00, 0x92, 0x4e, 0x00, 0x00, 0x8e, 0x4e, 0x00, 0x00, 0x97, 0x4e, // ...N...N...N...N
	0x00, 0x00, 0x93, 0x4e, 0x00, 0x00, 0xbe, 0x00, 0x05, 0x00, 0x97, 0x01, 0x00, 0x00, 0xb6, 0x4d, // ...N...........M
	0x00, 0x00, 0xa3, 0x5f, 0x00, 0x00, 0x9f, 0x4d, 0x00, 0x00, 0xa9, 0x00, 0x06, 0x00, 0x07, 0x00, // ..._...M........
	0x00, 0x00, 0xb7, 0x4d, 0x00, 0x00, 0xb6, 0x4d, 0x00, 0x00, 0xa1, 0x01, 0x00, 0x00, 0x73, 0x01, // ...M...M......s.
	0x00, 0x00, 0x51, 0x00, 0x05, 0x00, 0x07, 0x00, 0x00, 0x00, 0xbb, 0x4d, 0x00, 0x00, 0x71, 0x4d, // ..Q........M..qM
	0x00, 0x00, 0x00, 0x00, 0x00, 0x00, 0x0c, 0x00, 0x08, 0x00, 0x07, 0x00, 0x00, 0x00, 0xba, 0x4e, // ...............N
	0x00, 0x00, 0x01, 0x00, 0x00, 0x00, 0x2e, 0x00, 0x00, 0x00, 0xa5, 0x4d, 0x00, 0x00, 0xab, 0x4d, // ...........M...M
	0x00, 0x00, 0xbb, 0x4d, 0x00, 0x00, 0x0c, 0x00, 0x08, 0x00, 0x07, 0x00, 0x00, 0x00, 0xc0, 0x4e, // ...M...........N
	0x00, 0x00, 0x01, 0x00, 0x00, 0x00, 0x2e, 0x00, 0x00, 0x00, 0xb1, 0x4d, 0x00, 0x00, 0xb7, 0x4d, // ...........M...M
	0x00, 0x00, 0xbb, 0x4d, 0x00, 0x00, 0x51, 0x00, 0x05, 0x00, 0x07, 0x00, 0x00, 0x00, 0xc3, 0x4d, // ...M..Q........M
	0x00, 0x00, 0x71, 0x4d, 0x00, 0x00, 0x01, 0x00, 0x00, 0x00, 0x0c, 0x00, 0x08, 0x00, 0x07, 0x00, // ..qM............
	0x00, 0x00, 0xc6, 0x4e, 0x00, 0x00, 0x01, 0x00, 0x00, 0x00, 0x2e, 0x00, 0x00, 0x00, 0xba, 0x4e, // ...N...........N
	0x00, 0x00, 0xc0, 0x4e, 0x00, 0x00, 0xc3, 0x4d, 0x00, 0x00, 0x81, 0x00, 0x05, 0x00, 0x07, 0x00, // ...N...M........
	0x00, 0x00, 0x04, 0x36, 0x00, 0x00, 0xf3, 0x35, 0x00, 0x00, 0xc6, 0x4e, 0x00, 0x00, 0x8e, 0x00, // ...6...5...N....
	0x05, 0x00, 0x0b, 0x00, 0x00, 0x00, 0x07, 0x36, 0x00, 0x00, 0x9f, 0x03, 0x00, 0x00, 0xf4, 0x34, // .......6.......4
	0x00, 0x00, 0x81, 0x00, 0x05, 0x00, 0x0b, 0x00, 0x00, 0x00, 0x0a, 0x36, 0x00, 0x00, 0x25, 0x5d, // ...........6..%]
	0x00, 0x00, 0x07, 0x36, 0x00, 0x00, 0x94, 0x00, 0x05, 0x00, 0x07, 0x00, 0x00, 0x00, 0x0e, 0x36, // ...6...........6
	0x00, 0x00, 0xbf, 0x5e, 0x00, 0x00, 0x07, 0x36, 0x00, 0x00, 0x81, 0x00, 0x05, 0x00, 0x07, 0x00, // ...^...6........
	0x00, 0x00, 0x0f, 0x36, 0x00, 0x00, 0xfe, 0x33, 0x00, 0x00, 0x0e, 0x36, 0x00, 0x00, 0x88, 0x00, // ...6...3...6....
	0x05, 0x00, 0x0b, 0x00, 0x00, 0x00, 0xed, 0x4e, 0x00, 0x00, 0x0a, 0x36, 0x00, 0x00, 0x3f, 0x38, // .......N...6..?8
	0x00, 0x00, 0x83, 0x00, 0x05, 0x00, 0x0b, 0x00, 0x00, 0x00, 0xef, 0x4e, 0x00, 0x00, 0xed, 0x4e, // ...........N...N
	0x00, 0x00, 0xa4, 0x5d, 0x00, 0x00, 0x0c, 0x00, 0x06, 0x00, 0x0b, 0x00, 0x00, 0x00, 0xf1, 0x4e, // ...]...........N
	0x00, 0x00, 0x01, 0x00, 0x00, 0x00, 0x08, 0x00, 0x00, 0x00, 0xef, 0x4e, 0x00, 0x00, 0x83, 0x00, // ...........N....
	0x05, 0x00, 0x0b, 0x00, 0x00, 0x00, 0xf4, 0x4e, 0x00, 0x00, 0xef, 0x4e, 0x00, 0x00, 0xf1, 0x4e, // .......N...N...N
	0x00, 0x00, 0x81, 0x00, 0x05, 0x00, 0x0b, 0x00, 0x00, 0x00, 0xf7, 0x4e, 0x00, 0x00, 0xf1, 0x4e, // ...........N...N
	0x00, 0x00, 0xa4, 0x5d, 0x00, 0x00, 0x8e, 0x00, 0x05, 0x00, 0x0b, 0x00, 0x00, 0x00, 0xf9, 0x4e, // ...]...........N
	0x00, 0x00, 0xf7, 0x4e, 0x00, 0x00, 0xf5, 0x33, 0x00, 0x00, 0x81, 0x00, 0x05, 0x00, 0x0b, 0x00, // ...N...3........
	0x00, 0x00, 0xfe, 0x4e, 0x00, 0x00, 0xf9, 0x4e, 0x00, 0x00, 0x50, 0x38, 0x00, 0x00, 0x81, 0x00, // ...N...N..P8....
	0x05, 0x00, 0x0b, 0x00, 0x00, 0x00, 0x02, 0x4f, 0x00, 0x00, 0xf9, 0x4e, 0x00, 0x00, 0x54, 0x38, // .......O...N..T8
	0x00, 0x00, 0x81, 0x00, 0x05, 0x00, 0x0b, 0x00, 0x00, 0x00, 0x06, 0x4f, 0x00, 0x00, 0xf9, 0x4e, // ...........O...N
	0x00, 0x00, 0x3f, 0x38, 0x00, 0x00, 0x83, 0x00, 0x05, 0x00, 0x0b, 0x00, 0x00, 0x00, 0x0b, 0x4f, // ..?8...........O
	0x00, 0x00, 0xf9, 0x4e, 0x00, 0x00, 0x0a, 0x36, 0x00, 0x00, 0x94, 0x00, 0x05, 0x00, 0x07, 0x00, // ...N...6........
	0x00, 0x00, 0x0c, 0x4f, 0x00, 0x00, 0xbf, 0x5e, 0x00, 0x00, 0x0b, 0x4f, 0x00, 0x00, 0x81, 0x00, // ...O...^...O....
	0x05, 0x00, 0x07, 0x00, 0x00, 0x00, 0x0d, 0x4f, 0x00, 0x00, 0x0f, 0x36, 0x00, 0x00, 0x0c, 0x4f, // .......O...6...O
	0x00, 0x00, 0x83, 0x00, 0x05, 0x00, 0x0b, 0x00, 0x00, 0x00, 0x12, 0x4f, 0x00, 0x00, 0xfe, 0x4e, // ...........O...N
	0x00, 0x00, 0x0a, 0x36, 0x00, 0x00, 0x94, 0x00, 0x05, 0x00, 0x07, 0x00, 0x00, 0x00, 0x13, 0x4f, // ...6...........O
	0x00, 0x00, 0xbf, 0x5e, 0x00, 0x00, 0x12, 0x4f, 0x00, 0x00, 0x81, 0x00, 0x05, 0x00, 0x07, 0x00, // ...^...O........
	0x00, 0x00, 0x14, 0x4f, 0x00, 0x00, 0x0f, 0x36, 0x00, 0x00, 0x13, 0x4f, 0x00, 0x00, 0x83, 0x00, // ...O...6...O....
	0x05, 0x00, 0x0b, 0x00, 0x00, 0x00, 0x19, 0x4f, 0x00, 0x00, 0x02, 0x4f, 0x00, 0x00, 0x0a, 0x36, // .......O...O...6
	0x00, 0x00, 0x94, 0x00, 0x05, 0x00, 0x07, 0x00, 0x00, 0x00, 0x1a, 0x4f, 0x00, 0x00, 0xbf, 0x5e, // ...........O...^
	0x00, 0x00, 0x19, 0x4f, 0x00, 0x00, 0x81, 0x00, 0x05, 0x00, 0x07, 0x00, 0x00, 0x00, 0x1b, 0x4f, // ...O...........O
	0x00, 0x00, 0x0f, 0x36, 0x00, 0x00, 0x1a, 0x4f, 0x00, 0x00, 0x83, 0x00, 0x05, 0x00, 0x0b, 0x00, // ...6...O........
	0x00, 0x00, 0x20, 0x4f, 0x00, 0x00, 0x06, 0x4f, 0x00, 0x00, 0x0a, 0x36, 0x00, 0x00, 0x94, 0x00, // .. O...O...6....
	0x05, 0x00, 0x07, 0x00, 0x00, 0x00, 0x21, 0x4f, 0x00, 0x00, 0xbf, 0x5e, 0x00, 0x00, 0x20, 0x4f, // ......!O...^.. O
	0x00, 0x00, 0x81, 0x00, 0x05, 0x00, 0x07, 0x00, 0x00, 0x00, 0x22, 0x4f, 0x00, 0x00, 0x0f, 0x36, // .........."O...6
	0x00, 0x00, 0x21, 0x4f, 0x00, 0x00, 0xf7, 0x00, 0x03, 0x00, 0x67, 0x4f, 0x00, 0x00, 0x00, 0x00, // ..!O......gO....
	0x00, 0x00, 0xfb, 0x00, 0x03, 0x00, 0xcc, 0x01, 0x00, 0x00, 0x52, 0x4f, 0x00, 0x00, 0xf8, 0x00, // ..........RO....
	0x02, 0x00, 0x52, 0x4f, 0x00, 0x00, 0xf7, 0x00, 0x03, 0x00, 0x5a, 0x4f, 0x00, 0x00, 0x00, 0x00, // ..RO......ZO....
	0x00, 0x00, 0xfa, 0x00, 0x04, 0x00, 0x15, 0x33, 0x00, 0x00, 0x55, 0x4f, 0x00, 0x00, 0x5a, 0x4f, // .......3..UO..ZO
	0x00, 0x00, 0xf8, 0x00, 0x02, 0x00, 0x55, 0x4f, 0x00, 0x00, 0x56, 0x00, 0x05, 0x00, 0x2e, 0x01, // ......UO..V.....
	0x00, 0x00, 0x6f, 0x4f, 0x00, 0x00, 0xf8, 0x00, 0x00, 0x00, 0xf6, 0x00, 0x00, 0x00, 0x57, 0x00, // ..oO..........W.
	0x05, 0x00, 0x0d, 0x00, 0x00, 0x00, 0x71, 0x4f, 0x00, 0x00, 0x6f, 0x4f, 0x00, 0x00, 0xf9, 0x4e, // ......qO..oO...N
	0x00, 0x00, 0x51, 0x00, 0x05, 0x00, 0x07, 0x00, 0x00, 0x00, 0x59, 0x4f, 0x00, 0x00, 0x71, 0x4f, // ..Q.......YO..qO
	0x00, 0x00, 0x00, 0x00, 0x00, 0x00, 0xf9, 0x00, 0x02, 0x00, 0x67, 0x4f, 0x00, 0x00, 0xf8, 0x00, // ..........gO....
	0x02, 0x00, 0x5a, 0x4f, 0x00, 0x00, 0xf7, 0x00, 0x03, 0x00, 0x62, 0x4f, 0x00, 0x00, 0x00, 0x00, // ..ZO......bO....
	0x00, 0x00, 0xfa, 0x00, 0x04, 0x00, 0x19, 0x33, 0x00, 0x00, 0x5d, 0x4f, 0x00, 0x00, 0x62, 0x4f, // .......3..]O..bO
	0x00, 0x00, 0xf8, 0x00, 0x02, 0x00, 0x5d, 0x4f, 0x00, 0x00, 0x56, 0x00, 0x05, 0x00, 0x2e, 0x01, // ......]O..V.....
	0x00, 0x00, 0x78, 0x4f, 0x00, 0x00, 0xfe, 0x00, 0x00, 0x00, 0xfc, 0x00, 0x00, 0x00, 0x57, 0x00, // ..xO..........W.
	0x05, 0x00, 0x0d, 0x00, 0x00, 0x00, 0x7a, 0x4f, 0x00, 0x00, 0x78, 0x4f, 0x00, 0x00, 0xf9, 0x4e, // ......zO..xO...N
	0x00, 0x00, 0x51, 0x00, 0x05, 0x00, 0x07, 0x00, 0x00, 0x00, 0x61, 0x4f, 0x00, 0x00, 0x7a, 0x4f, // ..Q.......aO..zO
	0x00, 0x00, 0x00, 0x00, 0x00, 0x00, 0xf9, 0x00, 0x02, 0x00, 0x67, 0x4f, 0x00, 0x00, 0xf8, 0x00, // ..........gO....
	0x02, 0x00, 0x62, 0x4f, 0x00, 0x00, 0x56, 0x00, 0x05, 0x00, 0x2e, 0x01, 0x00, 0x00, 0x81, 0x4f, // ..bO..V........O
	0x00, 0x00, 0x04, 0x01, 0x00, 0x00, 0x02, 0x01, 0x00, 0x00, 0x57, 0x00, 0x05, 0x00, 0x0d, 0x00, // ..........W.....
	0x00, 0x00, 0x83, 0x4f, 0x00, 0x00, 0x81, 0x4f, 0x00, 0x00, 0xf9, 0x4e, 0x00, 0x00, 0x51, 0x00, // ...O...O...N..Q.
	0x05, 0x00, 0x07, 0x00, 0x00, 0x00, 0x66, 0x4f, 0x00, 0x00, 0x83, 0x4f, 0x00, 0x00, 0x00, 0x00, // ......fO...O....
	0x00, 0x00, 0xf9, 0x00, 0x02, 0x00, 0x67, 0x4f, 0x00, 0x00, 0xf8, 0x00, 0x02, 0x00, 0x67, 0x4f, // ......gO......gO
	0x00, 0x00, 0xf5, 0x00, 0x09, 0x00, 0x07, 0x00, 0x00, 0x00, 0xac, 0x5f, 0x00, 0x00, 0x59, 0x4f, // ..........._..YO
	0x00, 0x00, 0x55, 0x4f, 0x00, 0x00, 0x61, 0x4f, 0x00, 0x00, 0x5d, 0x4f, 0x00, 0x00, 0x66, 0x4f, // ..UO..aO..]O..fO
	0x00, 0x00, 0x62, 0x4f, 0x00, 0x00, 0xbe, 0x00, 0x05, 0x00, 0x97, 0x01, 0x00, 0x00, 0x27, 0x4f, // ..bO..........'O
	0x00, 0x00, 0xac, 0x5f, 0x00, 0x00, 0x0d, 0x4f, 0x00, 0x00, 0xa9, 0x00, 0x06, 0x00, 0x07, 0x00, // ..._...O........
	0x00, 0x00, 0x28, 0x4f, 0x00, 0x00, 0x27, 0x4f, 0x00, 0x00, 0xa1, 0x01, 0x00, 0x00, 0x73, 0x01, // ..(O..'O......s.
	0x00, 0x00, 0xf7, 0x00, 0x03, 0x00, 0xa3, 0x4f, 0x00, 0x00, 0x00, 0x00, 0x00, 0x00, 0xfb, 0x00, // .......O........
	0x03, 0x00, 0xcc, 0x01, 0x00, 0x00, 0x8e, 0x4f, 0x00, 0x00, 0xf8, 0x00, 0x02, 0x00, 0x8e, 0x4f, // .......O.......O
	0x00, 0x00, 0xf7, 0x00, 0x03, 0x00, 0x96, 0x4f, 0x00, 0x00, 0x00, 0x00, 0x00, 0x00, 0xfa, 0x00, // .......O........
	0x04, 0x00, 0x15, 0x33, 0x00, 0x00, 0x91, 0x4f, 0x00, 0x00, 0x96, 0x4f, 0x00, 0x00, 0xf8, 0x00, // ...3...O...O....
	0x02, 0x00, 0x91, 0x4f, 0x00, 0x00, 0x56, 0x00, 0x05, 0x00, 0x2e, 0x01, 0x00, 0x00, 0xab, 0x4f, // ...O..V........O
	0x00, 0x00, 0xf8, 0x00, 0x00, 0x00, 0xf6, 0x00, 0x00, 0x00, 0x57, 0x00, 0x05, 0x00, 0x0d, 0x00, // ..........W.....
	0x00, 0x00, 0xad, 0x4f, 0x00, 0x00, 0xab, 0x4f, 0x00, 0x00, 0xfe, 0x4e, 0x00, 0x00, 0x51, 0x00, // ...O...O...N..Q.
	0x05, 0x00, 0x07, 0x00, 0x00, 0x00, 0x95, 0x4f, 0x00, 0x00, 0xad, 0x4f, 0x00, 0x00, 0x00, 0x00, // .......O...O....
	0x00, 0x00, 0xf9, 0x00, 0x02, 0x00, 0xa3, 0x4f, 0x00, 0x00, 0xf8, 0x00, 0x02, 0x00, 0x96, 0x4f, // .......O.......O
	0x00, 0x00, 0xf7, 0x00, 0x03, 0x00, 0x9e, 0x4f, 0x00, 0x00, 0x00, 0x00, 0x00, 0x00, 0xfa, 0x00, // .......O........
	0x04, 0x00, 0x19, 0x33, 0x00, 0x00, 0x99, 0x4f, 0x00, 0x00, 0x9e, 0x4f, 0x00, 0x00, 0xf8, 0x00, // ...3...O...O....
	0x02, 0x00, 0x99, 0x4f, 0x00, 0x00, 0x56, 0x00, 0x05, 0x00, 0x2e, 0x01, 0x00, 0x00, 0xb4, 0x4f, // ...O..V........O
	0x00, 0x00, 0xfe, 0x00, 0x00, 0x00, 0xfc, 0x00, 0x00, 0x00, 0x57, 0x00, 0x05, 0x00, 0x0d, 0x00, // ..........W.....
	0x00, 0x00, 0xb6, 0x4f, 0x00, 0x00, 0xb4, 0x4f, 0x00, 0x00, 0xfe, 0x4e, 0x00, 0x00, 0x51, 0x00, // ...O...O...N..Q.
	0x05, 0x00, 0x07, 0x00, 0x00, 0x00, 0x9d, 0x4f, 0x00, 0x00, 0xb6, 0x4f, 0x00, 0x00, 0x00, 0x00, // .......O...O....
	0x00, 0x00, 0xf9, 0x00, 0x02, 0x00, 0xa3, 0x4f, 0x00, 0x00, 0xf8, 0x00, 0x02, 0x00, 0x9e, 0x4f, // .......O.......O
	0x00, 0x00, 0x56, 0x00, 0x05, 0x00, 0x2e, 0x01, 0x00, 0x00, 0xbd, 0x4f, 0x00, 0x00, 0x04, 0x01, // ..V........O....
	0x00, 0x00, 0x02, 0x01, 0x00, 0x00, 0x57, 0x00, 0x05, 0x00, 0x0d, 0x00, 0x00, 0x00, 0xbf, 0x4f, // ......W........O
	0x00, 0x00, 0xbd, 0x4f, 0x00, 0x00, 0xfe, 0x4e, 0x00, 0x00, 0x51, 0x00, 0x05, 0x00, 0x07, 0x00, // ...O...N..Q.....
	0x00, 0x00, 0xa2, 0x4f, 0x00, 0x00, 0xbf, 0x4f, 0x00, 0x00, 0x00, 0x00, 0x00, 0x00, 0xf9, 0x00, // ...O...O........
	0x02, 0x00, 0xa3, 0x4f, 0x00, 0x00, 0xf8, 0x00, 0x02, 0x00, 0xa3, 0x4f, 0x00, 0x00, 0xf5, 0x00, // ...O.......O....
	0x09, 0x00, 0x07, 0x00, 0x00, 0x00, 0xad, 0x5f, 0x00, 0x00, 0x95, 0x4f, 0x00, 0x00, 0x91, 0x4f, // ......._...O...O
	0x00, 0x00, 0x9d, 0x4f, 0x00, 0x00, 0x99, 0x4f, 0x00, 0x00, 0xa2, 0x4f, 0x00, 0x00, 0x9e, 0x4f, // ...O...O...O...O
	0x00, 0x00, 0xbe, 0x00, 0x05, 0x00, 0x97, 0x01, 0x00, 0x00, 0x2d, 0x4f, 0x00, 0x00, 0xad, 0x5f, // ..........-O..._
	0x00, 0x00, 0x14, 0x4f, 0x00, 0x00, 0xa9, 0x00, 0x06, 0x00, 0x07, 0x00, 0x00, 0x00, 0x2e, 0x4f, // ...O...........O
	0x00, 0x00, 0x2d, 0x4f, 0x00, 0x00, 0xa1, 0x01, 0x00, 0x00, 0x73, 0x01, 0x00, 0x00, 0xf7, 0x00, // ..-O......s.....
	0x03, 0x00, 0xdf, 0x4f, 0x00, 0x00, 0x00, 0x00, 0x00, 0x00, 0xfb, 0x00, 0x03, 0x00, 0xcc, 0x01, // ...O............
	0x00, 0x00, 0xca, 0x4f, 0x00, 0x00, 0xf8, 0x00, 0x02, 0x00, 0xca, 0x4f, 0x00, 0x00, 0xf7, 0x00, // ...O.......O....
	0x03, 0x00, 0xd2, 0x4f, 0x00, 0x00, 0x00, 0x00, 0x00, 0x00, 0xfa, 0x00, 0x04, 0x00, 0x15, 0x33, // ...O...........3
	0x00, 0x00, 0xcd, 0x4f, 0x00, 0x00, 0xd2, 0x4f, 0x00, 0x00, 0xf8, 0x00, 0x02, 0x00, 0xcd, 0x4f, // ...O...O.......O
	0x00, 0x00, 0x56, 0x00, 0x05, 0x00, 0x2e, 0x01, 0x00, 0x00, 0xe7, 0x4f, 0x00, 0x00, 0xf8, 0x00, // ..V........O....
	0x00, 0x00, 0xf6, 0x00, 0x00, 0x00, 0x57, 0x00, 0x05, 0x00, 0x0d, 0x00, 0x00, 0x00, 0xe9, 0x4f, // ......W........O
	0x00, 0x00, 0xe7, 0x4f, 0x00, 0x00, 0x02, 0x4f, 0x00, 0x00, 0x51, 0x00, 0x05, 0x00, 0x07, 0x00, // ...O...O..Q.....
	0x00, 0x00, 0xd1, 0x4f, 0x00, 0x00, 0xe9, 0x4f, 0x00, 0x00, 0x00, 0x00, 0x00, 0x00, 0xf9, 0x00, // ...O...O........
	0x02, 0x00, 0xdf, 0x4f, 0x00, 0x00, 0xf8, 0x00, 0x02, 0x00, 0xd2, 0x4f, 0x00, 0x00, 0xf7, 0x00, // ...O.......O....
	0x03, 0x00, 0xda, 0x4f, 0x00, 0x00, 0x00, 0x00, 0x00, 0x00, 0xfa, 0x00, 0x04, 0x00, 0x19, 0x33, // ...O...........3
	0x00, 0x00, 0xd5, 0x4f, 0x00, 0x00, 0xda, 0x4f, 0x00, 0x00, 0xf8, 0x00, 0x02, 0x00, 0xd5, 0x4f, // ...O...O.......O
	0x00, 0x00, 0x56, 0x00, 0x05, 0x00, 0x2e, 0x01, 0x00, 0x00, 0xf0, 0x4f, 0x00, 0x00, 0xfe, 0x00, // ..V........O....
	0x00, 0x00, 0xfc, 0x00, 0x00, 0x00, 0x57, 0x00, 0x05, 0x00, 0x0d, 0x00, 0x00, 0x00, 0xf2, 0x4f, // ......W........O
	0x00, 0x00, 0xf0, 0x4f, 0x00, 0x00, 0x02, 0x4f, 0x00, 0x00, 0x51, 0x00, 0x05, 0x00, 0x07, 0x00, // ...O...O..Q.....
	0x00, 0x00, 0xd9, 0x4f, 0x00, 0x00, 0xf2, 0x4f, 0x00, 0x00, 0x00, 0x00, 0x00, 0x00, 0xf9, 0x00, // ...O...O........
	0x02, 0x00, 0xdf, 0x4f, 0x00, 0x00, 0xf8, 0x00, 0x02, 0x00, 0xda, 0x4f, 0x00, 0x00, 0x56, 0x00, // ...O.......O..V.
	0x05, 0x00, 0x2e, 0x01, 0x00, 0x00, 0xf9, 0x4f, 0x00, 0x00, 0x04, 0x01, 0x00, 0x00, 0x02, 0x01, // .......O........
	0x00, 0x00, 0x57, 0x00, 0x05, 0x00, 0x0d, 0x00, 0x00, 0x00, 0xfb, 0x4f, 0x00, 0x00, 0xf9, 0x4f, // ..W........O...O
	0x00, 0x00, 0x02, 0x4f, 0x00, 0x00, 0x51, 0x00, 0x05, 0x00, 0x07, 0x00, 0x00, 0x00, 0xde, 0x4f, // ...O..Q........O
	0x00, 0x00, 0xfb, 0x4f, 0x00, 0x00, 0x00, 0x00, 0x00, 0x00, 0xf9, 0x00, 0x02, 0x00, 0xdf, 0x4f, // ...O...........O
	0x00, 0x00, 0xf8, 0x00, 0x02, 0x00, 0xdf, 0x4f, 0x00, 0x00, 0xf5, 0x00, 0x09, 0x00, 0x07, 0x00, // .......O........
	0x00, 0x00, 0xae, 0x5f, 0x00, 0x00, 0xd1, 0x4f, 0x00, 0x00, 0xcd, 0x4f, 0x00, 0x00, 0xd9, 0x4f, // ..._...O...O...O
	0x00, 0x00, 0xd5, 0x4f, 0x00, 0x00, 0xde, 0x4f, 0x00, 0x00, 0xda, 0x4f, 0x00, 0x00, 0xbe, 0x00, // ...O...O...O....
	0x05, 0x00, 0x97, 0x01, 0x00, 0x00, 0x33, 0x4f, 0x00, 0x00, 0xae, 0x5f, 0x00, 0x00, 0x1b, 0x4f, // ......3O..._...O
	0x00, 0x00, 0xa9, 0x00, 0x06, 0x00, 0x07, 0x00, 0x00, 0x00, 0x34, 0x4f, 0x00, 0x00, 0x33, 0x4f, // ..........4O..3O
	0x00, 0x00, 0xa1, 0x01, 0x00, 0x00, 0x73, 0x01, 0x00, 0x00, 0xf7, 0x00, 0x03, 0x00, 0x1b, 0x50, // ......s........P
	0x00, 0x00, 0x00, 0x00, 0x00, 0x00, 0xfb, 0x00, 0x03, 0x00, 0xcc, 0x01, 0x00, 0x00, 0x06, 0x50, // ...............P
	0x00, 0x00, 0xf8, 0x00, 0x02, 0x00, 0x06, 0x50, 0x00, 0x00, 0xf7, 0x00, 0x03, 0x00, 0x0e, 0x50, // .......P.......P
	0x00, 0x00, 0x00, 0x00, 0x00, 0x00, 0xfa, 0x00, 0x04, 0x00, 0x15, 0x33, 0x00, 0x00, 0x09, 0x50, // ...........3...P
	0x00, 0x00, 0x0e, 0x50, 0x00, 0x00, 0xf8, 0x00, 0x02, 0x00, 0x09, 0x50, 0x00, 0x00, 0x56, 0x00, // ...P.......P..V.
	0x05, 0x00, 0x2e, 0x01, 0x00, 0x00, 0x23, 0x50, 0x00, 0x00, 0xf8, 0x00, 0x00, 0x00, 0xf6, 0x00, // ......#P........
	0x00, 0x00, 0x57, 0x00, 0x05, 0x00, 0x0d, 0x00, 0x00, 0x00, 0x25, 0x50, 0x00, 0x00, 0x23, 0x50, // ..W.......%P..#P
	0x00, 0x00, 0x06, 0x4f, 0x00, 0x00, 0x51, 0x00, 0x05, 0x00, 0x07, 0x00, 0x00, 0x00, 0x0d, 0x50, // ...O..Q........P
	0x00, 0x00, 0x25, 0x50, 0x00, 0x00, 0x00, 0x00, 0x00, 0x00, 0xf9, 0x00, 0x02, 0x00, 0x1b, 0x50, // ..%P...........P
	0x00, 0x00, 0xf8, 0x00, 0x02, 0x00, 0x0e, 0x50, 0x00, 0x00, 0xf7, 0x00, 0x03, 0x00, 0x16, 0x50, // .......P.......P
	0x00, 0x00, 0x00, 0x00, 0x00, 0x00, 0xfa, 0x00, 0x04, 0x00, 0x19, 0x33, 0x00, 0x00, 0x11, 0x50, // ...........3...P
	0x00, 0x00, 0x16, 0x50, 0x00, 0x00, 0xf8, 0x00, 0x02, 0x00, 0x11, 0x50, 0x00, 0x00, 0x56, 0x00, // ...P.......P..V.
	0x05, 0x00, 0x2e, 0x01, 0x00, 0x00, 0x2c, 0x50, 0x00, 0x00, 0xfe, 0x00, 0x00, 0x00, 0xfc, 0x00, // ......,P........
	0x00, 0x00, 0x57, 0x00, 0x05, 0x00, 0x0d, 0x00, 0x00, 0x00, 0x2e, 0x50, 0x00, 0x00, 0x2c, 0x50, // ..W........P..,P
	0x00, 0x00, 0x06, 0x4f, 0x00, 0x00, 0x51, 0x00, 0x05, 0x00, 0x07, 0x00, 0x00, 0x00, 0x15, 0x50, // ...O..Q........P
	0x00, 0x00, 0x2e, 0x50, 0x00, 0x00, 0x00, 0x00, 0x00, 0x00, 0xf9, 0x00, 0x02, 0x00, 0x1b, 0x50, // ...P...........P
	0x00, 0x00, 0xf8, 0x00, 0x02, 0x00, 0x16, 0x50, 0x00, 0x00, 0x56, 0x00, 0x05, 0x00, 0x2e, 0x01, // .......P..V.....
	0x00, 0x00, 0x35, 0x50, 0x00, 0x00, 0x04, 0x01, 0x00, 0x00, 0x02, 0x01, 0x00, 0x00, 0x57, 0x00, // ..5P..........W.
	0x05, 0x00, 0x0d, 0x00, 0x00, 0x00, 0x37, 0x50, 0x00, 0x00, 0x35, 0x50, 0x00, 0x00, 0x06, 0x4f, // ......7P..5P...O
	0x00, 0x00, 0x51, 0x00, 0x05, 0x00, 0x07, 0x00, 0x00, 0x00, 0x1a, 0x50, 0x00, 0x00, 0x37, 0x50, // ..Q........P..7P
	0x00, 0x00, 0x00, 0x00, 0x00, 0x00, 0xf9, 0x00, 0x02, 0x00, 0x1b, 0x50, 0x00, 0x00, 0xf8, 0x00, // ...........P....
	0x02, 0x00, 0x1b, 0x50, 0x00, 0x00, 0xf5, 0x00, 0x09, 0x00, 0x07, 0x00, 0x00, 0x00, 0xaf, 0x5f, // ...P..........._
	0x00, 0x00, 0x0d, 0x50, 0x00, 0x00, 0x09, 0x50, 0x00, 0x00, 0x15, 0x50, 0x00, 0x00, 0x11, 0x50, // ...P...P...P...P
	0x00, 0x00, 0x1a, 0x50, 0x00, 0x00, 0x16, 0x50, 0x00, 0x00, 0xbe, 0x00, 0x05, 0x00, 0x97, 0x01, // ...P...P........
	0x00, 0x00, 0x39, 0x4f, 0x00, 0x00, 0xaf, 0x5f, 0x00, 0x00, 0x22, 0x4f, 0x00, 0x00, 0xa9, 0x00, // ..9O..._.."O....
	0x06, 0x00, 0x07, 0x00, 0x00, 0x00, 0x3a, 0x4f, 0x00, 0x00, 0x39, 0x4f, 0x00, 0x00, 0xa1, 0x01, // ......:O..9O....
	0x00, 0x00, 0x73, 0x01, 0x00, 0x00, 0x51, 0x00, 0x05, 0x00, 0x07, 0x00, 0x00, 0x00, 0x3e, 0x4f, // ..s...Q.......>O
	0x00, 0x00, 0xf4, 0x4e, 0x00, 0x00, 0x00, 0x00, 0x00, 0x00, 0x0c, 0x00, 0x08, 0x00, 0x07, 0x00, // ...N............
	0x00, 0x00, 0x3d, 0x50, 0x00, 0x00, 0x01, 0x00, 0x00, 0x00, 0x2e, 0x00, 0x00, 0x00, 0x28, 0x4f, // ..=P..........(O
	0x00, 0x00, 0x2e, 0x4f, 0x00, 0x00, 0x3e, 0x4f, 0x00, 0x00, 0x0c, 0x00, 0x08, 0x00, 0x07, 0x00, // ...O..>O........
	0x00, 0x00, 0x43, 0x50, 0x00, 0x00, 0x01, 0x00, 0x00, 0x00, 0x2e, 0x00, 0x00, 0x00, 0x34, 0x4f, // ..CP..........4O
	0x00, 0x00, 0x3a, 0x4f, 0x00, 0x00, 0x3e, 0x4f, 0x00, 0x00, 0x51, 0x00, 0x05, 0x00, 0x07, 0x00, // ..:O..>O..Q.....
	0x00, 0x00, 0x46, 0x4f, 0x00, 0x00, 0xf4, 0x4e, 0x00, 0x00, 0x01, 0x00, 0x00, 0x00, 0x0c, 0x00, // ..FO...N........
	0x08, 0x00, 0x07, 0x00, 0x00, 0x00, 0x49, 0x50, 0x00, 0x00, 0x01, 0x00, 0x00, 0x00, 0x2e, 0x00, // ......IP........
	0x00, 0x00, 0x3d, 0x50, 0x00, 0x00, 0x43, 0x50, 0x00, 0x00, 0x46, 0x4f, 0x00, 0x00, 0x81, 0x00, // ..=P..CP..FO....
	0x05, 0x00, 0x07, 0x00, 0x00, 0x00, 0x15, 0x36, 0x00, 0x00, 0x04, 0x36, 0x00, 0x00, 0x49, 0x50, // .......6...6..IP
	0x00, 0x00, 0x85, 0x00, 0x05, 0x00, 0x07, 0x00, 0x00, 0x00, 0x17, 0x36, 0x00, 0x00, 0x15, 0x36, // ...........6...6
	0x00, 0x00, 0x7e, 0x07, 0x00, 0x00, 0xf9, 0x00, 0x02, 0x00, 0x18, 0x36, 0x00, 0x00, 0xf8, 0x00, // ..~........6....
	0x02, 0x00, 0x18, 0x36, 0x00, 0x00, 0xf5, 0x00, 0x09, 0x00, 0x07, 0x00, 0x00, 0x00, 0xb4, 0x5f, // ...6..........._
	0x00, 0x00, 0xa1, 0x01, 0x00, 0x00, 0x9b, 0x33, 0x00, 0x00, 0xa1, 0x01, 0x00, 0x00, 0xd6, 0x34, // .......3.......4
	0x00, 0x00, 0x17, 0x36, 0x00, 0x00, 0x1b, 0x50, 0x00, 0x00, 0x85, 0x00, 0x05, 0x00, 0x07, 0x00, // ...6...P........
	0x00, 0x00, 0x17, 0x14, 0x00, 0x00, 0x09, 0x14, 0x00, 0x00, 0x09, 0x14, 0x00, 0x00, 0x85, 0x00, // ................
	0x05, 0x00, 0x07, 0x00, 0x00, 0x00, 0x19, 0x14, 0x00, 0x00, 0x6f, 0x03, 0x00, 0x00, 0x09, 0x14, // ..........o.....
	0x00, 0x00, 0x83, 0x00, 0x05, 0x00, 0x07, 0x00, 0x00, 0x00, 0x1a, 0x14, 0x00, 0x00, 0x6e, 0x03, // ..............n.
	0x00, 0x00, 0x19, 0x14, 0x00, 0x00, 0x85, 0x00, 0x05, 0x00, 0x07, 0x00, 0x00, 0x00, 0x1b, 0x14, // ................
	0x00, 0x00, 0x17, 0x14, 0x00, 0x00, 0x1a, 0x14, 0x00, 0x00, 0x0c, 0x00, 0x08, 0x00, 0x07, 0x00, // ................
	0x00, 0x00, 0x4f, 0x50, 0x00, 0x00, 0x01, 0x00, 0x00, 0x00, 0x2e, 0x00, 0x00, 0x00, 0xba, 0x5e, // ..OP...........^
	0x00, 0x00, 0xb4, 0x5f, 0x00, 0x00, 0x1b, 0x14, 0x00, 0x00, 0xf9, 0x00, 0x02, 0x00, 0x20, 0x14, // ..._.......... .
	0x00, 0x00, 0xf8, 0x00, 0x02, 0x00, 0x20, 0x14, 0x00, 0x00, 0xf5, 0x00, 0x07, 0x00, 0x07, 0x00, // ...... .........
	0x00, 0x00, 0x5c, 0x60, 0x00, 0x00, 0xba, 0x5e, 0x00, 0x00, 0xf2, 0x13, 0x00, 0x00, 0x4f, 0x50, // ...`...^......OP
	0x00, 0x00, 0x18, 0x36, 0x00, 0x00, 0xf9, 0x00, 0x02, 0x00, 0x38, 0x14, 0x00, 0x00, 0xf8, 0x00, // ...6......8.....
	0x02, 0x00, 0x21, 0x14, 0x00, 0x00, 0x41, 0x00, 0x06, 0x00, 0x93, 0x01, 0x00, 0x00, 0x22, 0x14, // ..!...A.......".
	0x00, 0x00, 0x91, 0x01, 0x00, 0x00, 0xe1, 0x07, 0x00, 0x00, 0x4f, 0x01, 0x00, 0x00, 0x3d, 0x00, // ..........O...=.
	0x04, 0x00, 0x07, 0x00, 0x00, 0x00, 0x23, 0x14, 0x00, 0x00, 0x22, 0x14, 0x00, 0x00, 0x0c, 0x00, // ......#...".....
	0x07, 0x00, 0x07, 0x00, 0x00, 0x00, 0x24, 0x14, 0x00, 0x00, 0x01, 0x00, 0x00, 0x00, 0x28, 0x00, // ......$.......(.
	0x00, 0x00, 0x23, 0x14, 0x00, 0x00, 0xb0, 0x01, 0x00, 0x00, 0x83, 0x00, 0x05, 0x00, 0x07, 0x00, // ..#.............
	0x00, 0x00, 0x29, 0x14, 0x00, 0x00, 0xda, 0x13, 0x00, 0x00, 0x24, 0x14, 0x00, 0x00, 0x83, 0x00, // ..).......$.....
	0x05, 0x00, 0x07, 0x00, 0x00, 0x00, 0x2a, 0x14, 0x00, 0x00, 0xd5, 0x13, 0x00, 0x00, 0x29, 0x14, // ......*.......).
	0x00, 0x00, 0x88, 0x00, 0x05, 0x00, 0x07, 0x00, 0x00, 0x00, 0x2c, 0x14, 0x00, 0x00, 0x2a, 0x14, // ..........,...*.
	0x00, 0x00, 0x24, 0x14, 0x00, 0x00, 0x0c, 0x00, 0x08, 0x00, 0x07, 0x00, 0x00, 0x00, 0x2d, 0x14, // ..$...........-.
	0x00, 0x00, 0x01, 0x00, 0x00, 0x00, 0x2b, 0x00, 0x00, 0x00, 0x2c, 0x14, 0x00, 0x00, 0x73, 0x01, // ......+...,...s.
	0x00, 0x00, 0xa1, 0x01, 0x00, 0x00, 0x85, 0x00, 0x05, 0x00, 0x07, 0x00, 0x00, 0x00, 0x30, 0x14, // ..............0.
	0x00, 0x00, 0x2d, 0x14, 0x00, 0x00, 0x2d, 0x14, 0x00, 0x00, 0x85, 0x00, 0x05, 0x00, 0x07, 0x00, // ..-...-.........
	0x00, 0x00, 0x32, 0x14, 0x00, 0x00, 0x6f, 0x03, 0x00, 0x00, 0x2d, 0x14, 0x00, 0x00, 0x83, 0x00, // ..2...o...-.....
	0x05, 0x00, 0x07, 0x00, 0x00, 0x00, 0x33, 0x14, 0x00, 0x00, 0x6e, 0x03, 0x00, 0x00, 0x32, 0x14, // ......3...n...2.
	0x00, 0x00, 0x85, 0x00, 0x05, 0x00, 0x07, 0x00, 0x00, 0x00, 0x34, 0x14, 0x00, 0x00, 0x30, 0x14, // ..........4...0.
	0x00, 0x00, 0x33, 0x14, 0x00, 0x00, 0x0c, 0x00, 0x08, 0x00, 0x07, 0x00, 0x00, 0x00, 0x55, 0x50, // ..3...........UP
	0x00, 0x00, 0x01, 0x00, 0x00, 0x00, 0x2e, 0x00, 0x00, 0x00, 0xba, 0x5e, 0x00, 0x00, 0xa1, 0x01, // ...........^....
	0x00, 0x00, 0x34, 0x14, 0x00, 0x00, 0xf9, 0x00, 0x02, 0x00, 0x38, 0x14, 0x00, 0x00, 0xf8, 0x00, // ..4.......8.....
	0x02, 0x00, 0x38, 0x14, 0x00, 0x00, 0xf5, 0x00, 0x07, 0x00, 0x07, 0x00, 0x00, 0x00, 0x5b, 0x60, // ..8...........[`
	0x00, 0x00, 0x5c, 0x60, 0x00, 0x00, 0x20, 0x14, 0x00, 0x00, 0x55, 0x50, 0x00, 0x00, 0x21, 0x14, // ...`.. ...UP..!.
	0x00, 0x00, 0xf9, 0x00, 0x02, 0x00, 0x3a, 0x14, 0x00, 0x00, 0xf8, 0x00, 0x02, 0x00, 0x3a, 0x14, // ......:.......:.
	0x00, 0x00, 0xf5, 0x00, 0x0b, 0x00, 0x07, 0x00, 0x00, 0x00, 0x5d, 0x60, 0x00, 0x00, 0xa1, 0x01, // ..........]`....
	0x00, 0x00, 0xbc, 0x13, 0x00, 0x00, 0xa1, 0x01, 0x00, 0x00, 0xc8, 0x13, 0x00, 0x00, 0xa1, 0x01, // ................
	0x00, 0x00, 0xdd, 0x13, 0x00, 0x00, 0x5b, 0x60, 0x00, 0x00, 0x38, 0x14, 0x00, 0x00, 0x83, 0x00, // ......[`..8.....
	0x05, 0x00, 0x07, 0x00, 0x00, 0x00, 0xe7, 0x0f, 0x00, 0x00, 0xba, 0x13, 0x00, 0x00, 0xa1, 0x01, // ................
	0x00, 0x00, 0x41, 0x00, 0x06, 0x00, 0x93, 0x01, 0x00, 0x00, 0xe9, 0x0f, 0x00, 0x00, 0x91, 0x01, // ..A.............
	0x00, 0x00, 0x06, 0x0a, 0x00, 0x00, 0xcc, 0x01, 0x00, 0x00, 0x3d, 0x00, 0x04, 0x00, 0x07, 0x00, // ..........=.....
	0x00, 0x00, 0xea, 0x0f, 0x00, 0x00, 0xe9, 0x0f, 0x00, 0x00, 0xba, 0x00, 0x05, 0x00, 0x97, 0x01, // ................
	0x00, 0x00, 0xeb, 0x0f, 0x00, 0x00, 0xea, 0x0f, 0x00, 0x00, 0x96, 0x01, 0x00, 0x00, 0xf7, 0x00, // ................
	0x03, 0x00, 0x87, 0x11, 0x00, 0x00, 0x00, 0x00, 0x00, 0x00, 0xfa, 0x00, 0x04, 0x00, 0xeb, 0x0f, // ................
	0x00, 0x00, 0xec, 0x0f, 0x00, 0x00, 0xb8, 0x10, 0x00, 0x00, 0xf8, 0x00, 0x02, 0x00, 0xec, 0x0f, // ................
	0x00, 0x00, 0x41, 0x00, 0x06, 0x00, 0x93, 0x01, 0x00, 0x00, 0xed, 0x0f, 0x00, 0x00, 0x91, 0x01, // ..A.............
	0x00, 0x00, 0x06, 0x0a, 0x00, 0x00, 0xcf, 0x01, 0x00, 0x00, 0x3d, 0x00, 0x04, 0x00, 0x07, 0x00, // ..........=.....
	0x00, 0x00, 0xee, 0x0f, 0x00, 0x00, 0xed, 0x0f, 0x00, 0x00, 0x6e, 0x00, 0x04, 0x00, 0x1f, 0x00, // ..........n.....
	0x00, 0x00, 0xef, 0x0f, 0x00, 0x00, 0xee, 0x0f, 0x00, 0x00, 0x0c, 0x00, 0x08, 0x00, 0x1f, 0x00, // ................
	0x00, 0x00, 0xf0, 0x0f, 0x00, 0x00, 0x01, 0x00, 0x00, 0x00, 0x2d, 0x00, 0x00, 0x00, 0xef, 0x0f, // ..........-.....
	0x00, 0x00, 0x2a, 0x01, 0x00, 0x00, 0x10, 0x0a, 0x00, 0x00, 0xf9, 0x00, 0x02, 0x00, 0xf1, 0x0f, // ..*.............
	0x00, 0x00, 0xf8, 0x00, 0x02, 0x00, 0xf1, 0x0f, 0x00, 0x00, 0xf5, 0x00, 0x07, 0x00, 0x16, 0x00, // ................
	0x00, 0x00, 0x94, 0x62, 0x00, 0x00, 0x09, 0x02, 0x00, 0x00, 0xec, 0x0f, 0x00, 0x00, 0x2c, 0x10, // ...b..........,.
	0x00, 0x00, 0x2d, 0x10, 0x00, 0x00, 0xf5, 0x00, 0x07, 0x00, 0x1f, 0x00, 0x00, 0x00, 0x7a, 0x62, // ..-...........zb
	0x00, 0x00, 0x2a, 0x01, 0x00, 0x00, 0xec, 0x0f, 0x00, 0x00, 0x2f, 0x10, 0x00, 0x00, 0x2d, 0x10, // ..*......./...-.
	0x00, 0x00, 0xb1, 0x00, 0x05, 0x00, 0x97, 0x01, 0x00, 0x00, 0xf5, 0x0f, 0x00, 0x00, 0x7a, 0x62, // ..............zb
	0x00, 0x00, 0xf0, 0x0f, 0x00, 0x00, 0xf6, 0x00, 0x04, 0x00, 0x30, 0x10, 0x00, 0x00, 0x2d, 0x10, // ..........0...-.
	0x00, 0x00, 0x00, 0x00, 0x00, 0x00, 0xfa, 0x00, 0x04, 0x00, 0xf5, 0x0f, 0x00, 0x00, 0xf6, 0x0f, // ................
	0x00, 0x00, 0x30, 0x10, 0x00, 0x00, 0xf8, 0x00, 0x02, 0x00, 0xf6, 0x0f, 0x00, 0x00, 0x50, 0x00, // ..0...........P.
	0x06, 0x00, 0x44, 0x01, 0x00, 0x00, 0x62, 0x50, 0x00, 0x00, 0x2a, 0x01, 0x00, 0x00, 0x7a, 0x62, // ..D...bP..*...zb
	0x00, 0x00, 0x2a, 0x01, 0x00, 0x00, 0x4f, 0x00, 0x07, 0x00, 0x20, 0x00, 0x00, 0x00, 0x63, 0x50, // ..*...O... ...cP
	0x00, 0x00, 0x62, 0x50, 0x00, 0x00, 0x62, 0x50, 0x00, 0x00, 0x00, 0x00, 0x00, 0x00, 0x01, 0x00, // ..bP..bP........
	0x00, 0x00, 0x5f, 0x00, 0x07, 0x00, 0x0d, 0x00, 0x00, 0x00, 0x6a, 0x50, 0x00, 0x00, 0x18, 0x01, // .._.......jP....
	0x00, 0x00, 0x63, 0x50, 0x00, 0x00, 0x02, 0x00, 0x00, 0x00, 0x2a, 0x01, 0x00, 0x00, 0x50, 0x00, // ..cP......*...P.
	0x06, 0x00, 0x44, 0x01, 0x00, 0x00, 0x73, 0x50, 0x00, 0x00, 0x26, 0x01, 0x00, 0x00, 0x7a, 0x62, // ..D...sP..&...zb
	0x00, 0x00, 0x2a, 0x01, 0x00, 0x00, 0x4f, 0x00, 0x07, 0x00, 0x20, 0x00, 0x00, 0x00, 0x74, 0x50, // ..*...O... ...tP
	0x00, 0x00, 0x73, 0x50, 0x00, 0x00, 0x73, 0x50, 0x00, 0x00, 0x00, 0x00, 0x00, 0x00, 0x01, 0x00, // ..sP..sP........
	0x00, 0x00, 0x5f, 0x00, 0x07, 0x00, 0x0d, 0x00, 0x00, 0x00, 0x7b, 0x50, 0x00, 0x00, 0x18, 0x01, // .._.......{P....
	0x00, 0x00, 0x74, 0x50, 0x00, 0x00, 0x02, 0x00, 0x00, 0x00, 0x2a, 0x01, 0x00, 0x00, 0x50, 0x00, // ..tP......*...P.
	0x06, 0x00, 0x44, 0x01, 0x00, 0x00, 0x84, 0x50, 0x00, 0x00, 0xc1, 0x07, 0x00, 0x00, 0x7a, 0x62, // ..D....P......zb
	0x00, 0x00, 0x2a, 0x01, 0x00, 0x00, 0x4f, 0x00, 0x07, 0x00, 0x20, 0x00, 0x00, 0x00, 0x85, 0x50, // ..*...O... ....P
	0x00, 0x00, 0x84, 0x50, 0x00, 0x00, 0x84, 0x50, 0x00, 0x00, 0x00, 0x00, 0x00, 0x00, 0x01, 0x00, // ...P...P........
	0x00, 0x00, 0x5f, 0x00, 0x07, 0x00, 0x0d, 0x00, 0x00, 0x00, 0x8c, 0x50, 0x00, 0x00, 0x18, 0x01, // .._........P....
	0x00, 0x00, 0x85, 0x50, 0x00, 0x00, 0x02, 0x00, 0x00, 0x00, 0x2a, 0x01, 0x00, 0x00, 0x50, 0x00, // ...P......*...P.
	0x06, 0x00, 0x44, 0x01, 0x00, 0x00, 0x95, 0x50, 0x00, 0x00, 0x48, 0x04, 0x00, 0x00, 0x7a, 0x62, // ..D....P..H...zb
	0x00, 0x00, 0x2a, 0x01, 0x00, 0x00, 0x4f, 0x00, 0x07, 0x00, 0x20, 0x00, 0x00, 0x00, 0x96, 0x50, // ..*...O... ....P
	0x00, 0x00, 0x95, 0x50, 0x00, 0x00, 0x95, 0x50, 0x00, 0x00, 0x00, 0x00, 0x00, 0x00, 0x01, 0x00, // ...P...P........
	0x00, 0x00, 0x5f, 0x00, 0x07, 0x00, 0x0d, 0x00, 0x00, 0x00, 0x9d, 0x50, 0x00, 0x00, 0x18, 0x01, // .._........P....
	0x00, 0x00, 0x96, 0x50, 0x00, 0x00, 0x02, 0x00, 0x00, 0x00, 0x2a, 0x01, 0x00, 0x00, 0x51, 0x00, // ...P......*...Q.
	0x05, 0x00, 0x07, 0x00, 0x00, 0x00, 0x08, 0x10, 0x00, 0x00, 0x9d, 0x50, 0x00, 0x00, 0x03, 0x00, // ...........P....
	0x00, 0x00, 0x83, 0x00, 0x05, 0x00, 0x07, 0x00, 0x00, 0x00, 0x0a, 0x10, 0x00, 0x00, 0x08, 0x10, // ................
	0x00, 0x00, 0xe7, 0x0f, 0x00, 0x00, 0x0c, 0x00, 0x06, 0x00, 0x07, 0x00, 0x00, 0x00, 0x0b, 0x10, // ................
	0x00, 0x00, 0x01, 0x00, 0x00, 0x00, 0x04, 0x00, 0x00, 0x00, 0x0a, 0x10, 0x00, 0x00, 0xb8, 0x00, // ................
	0x05, 0x00, 0x97, 0x01, 0x00, 0x00, 0x0c, 0x10, 0x00, 0x00, 0x0b, 0x10, 0x00, 0x00, 0x96, 0x01, // ................
	0x00, 0x00, 0xa9, 0x00, 0x06, 0x00, 0x07, 0x00, 0x00, 0x00, 0x0e, 0x10, 0x00, 0x00, 0x0c, 0x10, // ................
	0x00, 0x00, 0x5d, 0x60, 0x00, 0x00, 0xa1, 0x01, 0x00, 0x00, 0x51, 0x00, 0x05, 0x00, 0x07, 0x00, // ..]`......Q.....
	0x00, 0x00, 0x10, 0x10, 0x00, 0x00, 0x6a, 0x50, 0x00, 0x00, 0x03, 0x00, 0x00, 0x00, 0x4f, 0x00, // ......jP......O.
	0x08, 0x00, 0x16, 0x00, 0x00, 0x00, 0x12, 0x10, 0x00, 0x00, 0x6a, 0x50, 0x00, 0x00, 0x6a, 0x50, // ..........jP..jP
	0x00, 0x00, 0x00, 0x00, 0x00, 0x00, 0x01, 0x00, 0x00, 0x00, 0x02, 0x00, 0x00, 0x00, 0x4f, 0x00, // ..............O.
	0x08, 0x00, 0x16, 0x00, 0x00, 0x00, 0x14, 0x10, 0x00, 0x00, 0x7b, 0x50, 0x00, 0x00, 0x7b, 0x50, // ..........{P..{P
	0x00, 0x00, 0x00, 0x00, 0x00, 0x00, 0x01, 0x00, 0x00, 0x00, 0x02, 0x00, 0x00, 0x00, 0x51, 0x00, // ..............Q.
	0x05, 0x00, 0x07, 0x00, 0x00, 0x00, 0x16, 0x10, 0x00, 0x00, 0x7b, 0x50, 0x00, 0x00, 0x03, 0x00, // ..........{P....
	0x00, 0x00, 0x4f, 0x00, 0x08, 0x00, 0x16, 0x00, 0x00, 0x00, 0x18, 0x10, 0x00, 0x00, 0x8c, 0x50, // ..O............P
	0x00, 0x00, 0x8c, 0x50, 0x00, 0x00, 0x00, 0x00, 0x00, 0x00, 0x01, 0x00, 0x00, 0x00, 0x02, 0x00, // ...P............
	0x00, 0x00, 0x51, 0x00, 0x05, 0x00, 0x07, 0x00, 0x00, 0x00, 0x1a, 0x10, 0x00, 0x00, 0x8c, 0x50, // ..Q............P
	0x00, 0x00, 0x03, 0x00, 0x00, 0x00, 0x51, 0x00, 0x05, 0x00, 0x07, 0x00, 0x00, 0x00, 0x1c, 0x10, // ......Q.........
	0x00, 0x00, 0x9d, 0x50, 0x00, 0x00, 0x00, 0x00, 0x00, 0x00, 0x51, 0x00, 0x05, 0x00, 0x07, 0x00, // ...P......Q.....
	0x00, 0x00, 0x1e, 0x10, 0x00, 0x00, 0x9d, 0x50, 0x00, 0x00, 0x01, 0x00, 0x00, 0x00, 0x51, 0x00, // .......P......Q.
	0x05, 0x00, 0x07, 0x00, 0x00, 0x00, 0x20, 0x10, 0x00, 0x00, 0x9d, 0x50, 0x00, 0x00, 0x02, 0x00, // ...... ....P....
	0x00, 0x00, 0xf7, 0x00, 0x03, 0x00, 0x57, 0x51, 0x00, 0x00, 0x00, 0x00, 0x00, 0x00, 0xfb, 0x00, // ......WQ........
	0x03, 0x00, 0xcc, 0x01, 0x00, 0x00, 0xc4, 0x50, 0x00, 0x00, 0xf8, 0x00, 0x02, 0x00, 0xc4, 0x50, // .......P.......P
	0x00, 0x00, 0x8e, 0x00, 0x05, 0x00, 0x16, 0x00, 0x00, 0x00, 0xc7, 0x50, 0x00, 0x00, 0x18, 0x10, // ...........P....
	0x00, 0x00, 0x1a, 0x10, 0x00, 0x00, 0xb8, 0x00, 0x05, 0x00, 0x97, 0x01, 0x00, 0x00, 0xc9, 0x50, // ...............P
	0x00, 0x00, 0x10, 0x10, 0x00, 0x00, 0x96, 0x01, 0x00, 0x00, 0xf7, 0x00, 0x03, 0x00, 0xff, 0x50, // ...............P
	0x00, 0x00, 0x00, 0x00, 0x00, 0x00, 0xfa, 0x00, 0x04, 0x00, 0xc9, 0x50, 0x00, 0x00, 0xca, 0x50, // ...........P...P
	0x00, 0x00, 0xce, 0x50, 0x00, 0x00, 0xf8, 0x00, 0x02, 0x00, 0xca, 0x50, 0x00, 0x00, 0x7f, 0x00, // ...P.......P....
	0x04, 0x00, 0x16, 0x00, 0x00, 0x00, 0xcc, 0x50, 0x00, 0x00, 0x14, 0x10, 0x00, 0x00, 0x0c, 0x00, // .......P........
	0x06, 0x00, 0x16, 0x00, 0x00, 0x00, 0xcd, 0x50, 0x00, 0x00, 0x01, 0x00, 0x00, 0x00, 0x45, 0x00, // .......P......E.
	0x00, 0x00, 0xcc, 0x50, 0x00, 0x00, 0xf9, 0x00, 0x02, 0x00, 0xff, 0x50, 0x00, 0x00, 0xf8, 0x00, // ...P.......P....
	0x02, 0x00, 0xce, 0x50, 0x00, 0x00, 0x83, 0x00, 0x05, 0x00, 0x16, 0x00, 0x00, 0x00, 0xd1, 0x50, // ...P...........P
	0x00, 0x00, 0x12, 0x10, 0x00, 0x00, 0xec, 0x0d, 0x00, 0x00, 0x0c, 0x00, 0x06, 0x00, 0x07, 0x00, // ................
	0x00, 0x00, 0xd3, 0x50, 0x00, 0x00, 0x01, 0x00, 0x00, 0x00, 0x42, 0x00, 0x00, 0x00, 0xd1, 0x50, // ...P......B....P
	0x00, 0x00, 0x0c, 0x00, 0x07, 0x00, 0x07, 0x00, 0x00, 0x00, 0xd6, 0x50, 0x00, 0x00, 0x01, 0x00, // ...........P....
	0x00, 0x00, 0x28, 0x00, 0x00, 0x00, 0xd3, 0x50, 0x00, 0x00, 0xb0, 0x01, 0x00, 0x00, 0x50, 0x00, // ..(....P......P.
	0x06, 0x00, 0x16, 0x00, 0x00, 0x00, 0xd7, 0x50, 0x00, 0x00, 0xd6, 0x50, 0x00, 0x00, 0xd6, 0x50, // .......P...P...P
	0x00, 0x00, 0xd6, 0x50, 0x00, 0x00, 0x88, 0x00, 0x05, 0x00, 0x16, 0x00, 0x00, 0x00, 0xd8, 0x50, // ...P...........P
	0x00, 0x00, 0xd1, 0x50, 0x00, 0x00, 0xd7, 0x50, 0x00, 0x00, 0xba, 0x00, 0x05, 0x00, 0x97, 0x01, // ...P...P........
	0x00, 0x00, 0xda, 0x50, 0x00, 0x00, 0x20, 0x10, 0x00, 0x00, 0xb0, 0x01, 0x00, 0x00, 0xa9, 0x00, // ...P.. .........
	0x06, 0x00, 0x07, 0x00, 0x00, 0x00, 0xdc, 0x50, 0x00, 0x00, 0xda, 0x50, 0x00, 0x00, 0x20, 0x10, // .......P...P.. .
	0x00, 0x00, 0x6c, 0x08, 0x00, 0x00, 0x0c, 0x00, 0x07, 0x00, 0x07, 0x00, 0x00, 0x00, 0x62, 0x51, // ..l...........bQ
	0x00, 0x00, 0x01, 0x00, 0x00, 0x00, 0x28, 0x00, 0x00, 0x00, 0xdc, 0x50, 0x00, 0x00, 0x54, 0x03, // ......(....P..T.
	0x00, 0x00, 0x0c, 0x00, 0x07, 0x00, 0x07, 0x00, 0x00, 0x00, 0x65, 0x51, 0x00, 0x00, 0x01, 0x00, // ..........eQ....
	0x00, 0x00, 0x28, 0x00, 0x00, 0x00, 0xd3, 0x50, 0x00, 0x00, 0x62, 0x51, 0x00, 0x00, 0x88, 0x00, // ..(....P..bQ....
	0x05, 0x00, 0x07, 0x00, 0x00, 0x00, 0x68, 0x51, 0x00, 0x00, 0x65, 0x51, 0x00, 0x00, 0x62, 0x51, // ......hQ..eQ..bQ
	0x00, 0x00, 0x85, 0x00, 0x05, 0x00, 0x07, 0x00, 0x00, 0x00, 0x6b, 0x51, 0x00, 0x00, 0x68, 0x51, // ..........kQ..hQ
	0x00, 0x00, 0x68, 0x51, 0x00, 0x00, 0x81, 0x00, 0x05, 0x00, 0x07, 0x00, 0x00, 0x00, 0x6c, 0x51, // ..hQ..........lQ
	0x00, 0x00, 0xa1, 0x01, 0x00, 0x00, 0x6b, 0x51, 0x00, 0x00, 0x88, 0x00, 0x05, 0x00, 0x07, 0x00, // ......kQ........
	0x00, 0x00, 0x6d, 0x51, 0x00, 0x00, 0xa1, 0x01, 0x00, 0x00, 0x6c, 0x51, 0x00, 0x00, 0x0c, 0x00, // ..mQ......lQ....
	0x07, 0x00, 0x07, 0x00, 0x00, 0x00, 0x70, 0x51, 0x00, 0x00, 0x01, 0x00, 0x00, 0x00, 0x28, 0x00, // ......pQ......(.
	0x00, 0x00, 0x16, 0x10, 0x00, 0x00, 0xb0, 0x01, 0x00, 0x00, 0x88, 0x00, 0x05, 0x00, 0x07, 0x00, // ................
	0x00, 0x00, 0x71, 0x51, 0x00, 0x00, 0xd3, 0x50, 0x00, 0x00, 0x70, 0x51, 0x00, 0x00, 0x0c, 0x00, // ..qQ...P..pQ....
	0x08, 0x00, 0x07, 0x00, 0x00, 0x00, 0x72, 0x51, 0x00, 0x00, 0x01, 0x00, 0x00, 0x00, 0x2b, 0x00, // ......rQ......+.
	0x00, 0x00, 0x71, 0x51, 0x00, 0x00, 0x73, 0x01, 0x00, 0x00, 0xa1, 0x01, 0x00, 0x00, 0x85, 0x00, // ..qQ..s.........
	0x05, 0x00, 0x07, 0x00, 0x00, 0x00, 0x75, 0x51, 0x00, 0x00, 0x72, 0x51, 0x00, 0x00, 0x72, 0x51, // ......uQ..rQ..rQ
	0x00, 0x00, 0x85, 0x00, 0x05, 0x00, 0x07, 0x00, 0x00, 0x00, 0x77, 0x51, 0x00, 0x00, 0x6f, 0x03, // ..........wQ..o.
	0x00, 0x00, 0x72, 0x51, 0x00, 0x00, 0x83, 0x00, 0x05, 0x00, 0x07, 0x00, 0x00, 0x00, 0x78, 0x51, // ..rQ..........xQ
	0x00, 0x00, 0x6e, 0x03, 0x00, 0x00, 0x77, 0x51, 0x00, 0x00, 0x85, 0x00, 0x05, 0x00, 0x07, 0x00, // ..n...wQ........
	0x00, 0x00, 0x79, 0x51, 0x00, 0x00, 0x75, 0x51, 0x00, 0x00, 0x78, 0x51, 0x00, 0x00, 0x83, 0x00, // ..yQ..uQ..xQ....
	0x05, 0x00, 0x07, 0x00, 0x00, 0x00, 0x7a, 0x51, 0x00, 0x00, 0xa1, 0x01, 0x00, 0x00, 0x79, 0x51, // ......zQ......yQ
	0x00, 0x00, 0x85, 0x00, 0x05, 0x00, 0x07, 0x00, 0x00, 0x00, 0x7d, 0x51, 0x00, 0x00, 0x7a, 0x51, // ..........}Q..zQ
	0x00, 0x00, 0x7a, 0x51, 0x00, 0x00, 0x85, 0x00, 0x05, 0x00, 0x07, 0x00, 0x00, 0x00, 0x80, 0x51, // ..zQ...........Q
	0x00, 0x00, 0x6d, 0x51, 0x00, 0x00, 0x7d, 0x51, 0x00, 0x00, 0x8e, 0x00, 0x05, 0x00, 0x16, 0x00, // ..mQ..}Q........
	0x00, 0x00, 0xe2, 0x50, 0x00, 0x00, 0xc7, 0x50, 0x00, 0x00, 0x80, 0x51, 0x00, 0x00, 0xba, 0x00, // ...P...P...Q....
	0x05, 0x00, 0x97, 0x01, 0x00, 0x00, 0xe4, 0x50, 0x00, 0x00, 0x10, 0x10, 0x00, 0x00, 0x78, 0x08, // .......P......x.
	0x00, 0x00, 0xf7, 0x00, 0x03, 0x00, 0xfe, 0x50, 0x00, 0x00, 0x00, 0x00, 0x00, 0x00, 0xfa, 0x00, // .......P........
	0x04, 0x00, 0xe4, 0x50, 0x00, 0x00, 0xe5, 0x50, 0x00, 0x00, 0xfe, 0x50, 0x00, 0x00, 0xf8, 0x00, // ...P...P...P....
	0x02, 0x00, 0xe5, 0x50, 0x00, 0x00, 0x0c, 0x00, 0x06, 0x00, 0x16, 0x00, 0x00, 0x00, 0xe7, 0x50, // ...P...........P
	0x00, 0x00, 0x01, 0x00, 0x00, 0x00, 0x45, 0x00, 0x00, 0x00, 0x14, 0x10, 0x00, 0x00, 0x7f, 0x00, // ......E.........
	0x04, 0x00, 0x16, 0x00, 0x00, 0x00, 0xe9, 0x50, 0x00, 0x00, 0xd8, 0x50, 0x00, 0x00, 0x94, 0x00, // .......P...P....
	0x05, 0x00, 0x07, 0x00, 0x00, 0x00, 0xea, 0x50, 0x00, 0x00, 0xe7, 0x50, 0x00, 0x00, 0xe9, 0x50, // .......P...P...P
	0x00, 0x00, 0x83, 0x00, 0x05, 0x00, 0x07, 0x00, 0x00, 0x00, 0xed, 0x50, 0x00, 0x00, 0xea, 0x50, // ...........P...P
	0x00, 0x00, 0x1e, 0x10, 0x00, 0x00, 0x83, 0x00, 0x05, 0x00, 0x07, 0x00, 0x00, 0x00, 0xf0, 0x50, // ...............P
	0x00, 0x00, 0x1c, 0x10, 0x00, 0x00, 0x1e, 0x10, 0x00, 0x00, 0x0c, 0x00, 0x07, 0x00, 0x07, 0x00, // ................
	0x00, 0x00, 0xf1, 0x50, 0x00, 0x00, 0x01, 0x00, 0x00, 0x00, 0x28, 0x00, 0x00, 0x00, 0xf0, 0x50, // ...P......(....P
	0x00, 0x00, 0xb0, 0x01, 0x00, 0x00, 0x88, 0x00, 0x05, 0x00, 0x07, 0x00, 0x00, 0x00, 0xf2, 0x50, // ...............P
	0x00, 0x00, 0xed, 0x50, 0x00, 0x00, 0xf1, 0x50, 0x00, 0x00, 0x0c, 0x00, 0x08, 0x00, 0x07, 0x00, // ...P...P........
	0x00, 0x00, 0xf3, 0x50, 0x00, 0x00, 0x01, 0x00, 0x00, 0x00, 0x2b, 0x00, 0x00, 0x00, 0xf2, 0x50, // ...P......+....P
	0x00, 0x00, 0x73, 0x01, 0x00, 0x00, 0xa1, 0x01, 0x00, 0x00, 0x85, 0x00, 0x05, 0x00, 0x07, 0x00, // ..s.............
	0x00, 0x00, 0xf6, 0x50, 0x00, 0x00, 0xf3, 0x50, 0x00, 0x00, 0xf3, 0x50, 0x00, 0x00, 0x85, 0x00, // ...P...P...P....
	0x05, 0x00, 0x07, 0x00, 0x00, 0x00, 0xf8, 0x50, 0x00, 0x00, 0x6f, 0x03, 0x00, 0x00, 0xf3, 0x50, // .......P..o....P
	0x00, 0x00, 0x83, 0x00, 0x05, 0x00, 0x07, 0x00, 0x00, 0x00, 0xf9, 0x50, 0x00, 0x00, 0x6e, 0x03, // ...........P..n.
	0x00, 0x00, 0xf8, 0x50, 0x00, 0x00, 0x85, 0x00, 0x05, 0x00, 0x07, 0x00, 0x00, 0x00, 0xfa, 0x50, // ...P...........P
	0x00, 0x00, 0xf6, 0x50, 0x00, 0x00, 0xf9, 0x50, 0x00, 0x00, 0x8e, 0x00, 0x05, 0x00, 0x16, 0x00, // ...P...P........
	0x00, 0x00, 0xfd, 0x50, 0x00, 0x00, 0xe2, 0x50, 0x00, 0x00, 0xfa, 0x50, 0x00, 0x00, 0xf9, 0x00, // ...P...P...P....
	0x02, 0x00, 0xfe, 0x50, 0x00, 0x00, 0xf8, 0x00, 0x02, 0x00, 0xfe, 0x50, 0x00, 0x00, 0xf5, 0x00, // ...P.......P....
	0x07, 0x00, 0x16, 0x00, 0x00, 0x00, 0x0d, 0x65, 0x00, 0x00, 0xe2, 0x50, 0x00, 0x00, 0xce, 0x50, // .......e...P...P
	0x00, 0x00, 0xfd, 0x50, 0x00, 0x00, 0xe5, 0x50, 0x00, 0x00, 0xf9, 0x00, 0x02, 0x00, 0xff, 0x50, // ...P...P.......P
	0x00, 0x00, 0xf8, 0x00, 0x02, 0x00, 0xff, 0x50, 0x00, 0x00, 0xf5, 0x00, 0x07, 0x00, 0x16, 0x00, // .......P........
	0x00, 0x00, 0x0c, 0x65, 0x00, 0x00, 0xc7, 0x50, 0x00, 0x00, 0xca, 0x50, 0x00, 0x00, 0x0d, 0x65, // ...e...P...P...e
	0x00, 0x00, 0xfe, 0x50, 0x00, 0x00, 0xf5, 0x00, 0x07, 0x00, 0x16, 0x00, 0x00, 0x00, 0x05, 0x65, // ...P...........e
	0x00, 0x00, 0xcd, 0x50, 0x00, 0x00, 0xca, 0x50, 0x00, 0x00, 0xd8, 0x50, 0x00, 0x00, 0xfe, 0x50, // ...P...P...P...P
	0x00, 0x00, 0x94, 0x00, 0x05, 0x00, 0x07, 0x00, 0x00, 0x00, 0x02, 0x51, 0x00, 0x00, 0xbc, 0x5d, // ...........Q...]
	0x00, 0x00, 0x05, 0x65, 0x00, 0x00, 0x0c, 0x00, 0x07, 0x00, 0x07, 0x00, 0x00, 0x00, 0x03, 0x51, // ...e...........Q
	0x00, 0x00, 0x01, 0x00, 0x00, 0x00, 0x28, 0x00, 0x00, 0x00, 0x02, 0x51, 0x00, 0x00, 0x73, 0x01, // ......(....Q..s.
	0x00, 0x00, 0xbc, 0x00, 0x05, 0x00, 0x97, 0x01, 0x00, 0x00, 0x05, 0x51, 0x00, 0x00, 0x03, 0x51, // ...........Q...Q
	0x00, 0x00, 0x9c, 0x08, 0x00, 0x00, 0xf7, 0x00, 0x03, 0x00, 0x08, 0x51, 0x00, 0x00, 0x00, 0x00, // ...........Q....
	0x00, 0x00, 0xfa, 0x00, 0x04, 0x00, 0x05, 0x51, 0x00, 0x00, 0x06, 0x51, 0x00, 0x00, 0x08, 0x51, // .......Q...Q...Q
	0x00, 0x00, 0xf8, 0x00, 0x02, 0x00, 0x06, 0x51, 0x00, 0x00, 0xf9, 0x00, 0x02, 0x00, 0x57, 0x51, // .......Q......WQ
	0x00, 0x00, 0xf8, 0x00, 0x02, 0x00, 0x08, 0x51, 0x00, 0x00, 0x81, 0x00, 0x05, 0x00, 0x16, 0x00, // .......Q........
	0x00, 0x00, 0x0b, 0x51, 0x00, 0x00, 0x9b, 0x0f, 0x00, 0x00, 0x05, 0x65, 0x00, 0x00, 0x0c, 0x00, // ...Q.......e....
	0x06, 0x00, 0x16, 0x00, 0x00, 0x00, 0x0c, 0x51, 0x00, 0x00, 0x01, 0x00, 0x00, 0x00, 0x45, 0x00, // .......Q......E.
	0x00, 0x00, 0x0b, 0x51, 0x00, 0x00, 0x94, 0x00, 0x05, 0x00, 0x07, 0x00, 0x00, 0x00, 0x0f, 0x51, // ...Q...........Q
	0x00, 0x00, 0xbc, 0x5d, 0x00, 0x00, 0x0c, 0x51, 0x00, 0x00, 0x0c, 0x00, 0x07, 0x00, 0x07, 0x00, // ...]...Q........
	0x00, 0x00, 0x10, 0x51, 0x00, 0x00, 0x01, 0x00, 0x00, 0x00, 0x28, 0x00, 0x00, 0x00, 0x0f, 0x51, // ...Q......(....Q
	0x00, 0x00, 0x73, 0x01, 0x00, 0x00, 0x94, 0x00, 0x05, 0x00, 0x07, 0x00, 0x00, 0x00, 0x13, 0x51, // ..s............Q
	0x00, 0x00, 0x0c, 0x51, 0x00, 0x00, 0x9b, 0x0f, 0x00, 0x00, 0x0c, 0x00, 0x07, 0x00, 0x07, 0x00, // ...Q............
	0x00, 0x00, 0x14, 0x51, 0x00, 0x00, 0x01, 0x00, 0x00, 0x00, 0x28, 0x00, 0x00, 0x00, 0x13, 0x51, // ...Q......(....Q
	0x00, 0x00, 0x73, 0x01, 0x00, 0x00, 0x0c, 0x00, 0x07, 0x00, 0x07, 0x00, 0x00, 0x00, 0x18, 0x51, // ..s............Q
	0x00, 0x00, 0x01, 0x00, 0x00, 0x00, 0x28, 0x00, 0x00, 0x00, 0x02, 0x51, 0x00, 0x00, 0xb0, 0x01, // ......(....Q....
	0x00, 0x00, 0x85, 0x00, 0x05, 0x00, 0x07, 0x00, 0x00, 0x00, 0x8c, 0x51, 0x00, 0x00, 0xca, 0x0f, // ...........Q....
	0x00, 0x00, 0xca, 0x0f, 0x00, 0x00, 0x85, 0x00, 0x05, 0x00, 0x07, 0x00, 0x00, 0x00, 0x8f, 0x51, // ...............Q
	0x00, 0x00, 0x8c, 0x51, 0x00, 0x00, 0x8c, 0x51, 0x00, 0x00, 0x85, 0x00, 0x05, 0x00, 0x07, 0x00, // ...Q...Q........
	0x00, 0x00, 0x92, 0x51, 0x00, 0x00, 0x10, 0x51, 0x00, 0x00, 0x10, 0x51, 0x00, 0x00, 0x83, 0x00, // ...Q...Q...Q....
	0x05, 0x00, 0x07, 0x00, 0x00, 0x00, 0x94, 0x51, 0x00, 0x00, 0x8f, 0x51, 0x00, 0x00, 0xa1, 0x01, // .......Q...Q....
	0x00, 0x00, 0x85, 0x00, 0x05, 0x00, 0x07, 0x00, 0x00, 0x00, 0x95, 0x51, 0x00, 0x00, 0x92, 0x51, // ...........Q...Q
	0x00, 0x00, 0x94, 0x51, 0x00, 0x00, 0x81, 0x00, 0x05, 0x00, 0x07, 0x00, 0x00, 0x00, 0x96, 0x51, // ...Q...........Q
	0x00, 0x00, 0x95, 0x51, 0x00, 0x00, 0xa1, 0x01, 0x00, 0x00, 0x85, 0x00, 0x05, 0x00, 0x07, 0x00, // ...Q............
	0x00, 0x00, 0x99, 0x51, 0x00, 0x00, 0x1f, 0x02, 0x00, 0x00, 0x96, 0x51, 0x00, 0x00, 0x85, 0x00, // ...Q.......Q....
	0x05, 0x00, 0x07, 0x00, 0x00, 0x00, 0x9b, 0x51, 0x00, 0x00, 0x99, 0x51, 0x00, 0x00, 0x96, 0x51, // .......Q...Q...Q
	0x00, 0x00, 0x0c, 0x00, 0x07, 0x00, 0x07, 0x00, 0x00, 0x00, 0x9c, 0x51, 0x00, 0x00, 0x01, 0x00, // ...........Q....
	0x00, 0x00, 0x28, 0x00, 0x00, 0x00, 0x9b, 0x51, 0x00, 0x00, 0x24, 0x02, 0x00, 0x00, 0x88, 0x00, // ..(....Q..$.....
	0x05, 0x00, 0x07, 0x00, 0x00, 0x00, 0x9d, 0x51, 0x00, 0x00, 0x8f, 0x51, 0x00, 0x00, 0x9c, 0x51, // .......Q...Q...Q
	0x00, 0x00, 0x81, 0x00, 0x05, 0x00, 0x07, 0x00, 0x00, 0x00, 0xb0, 0x51, 0x00, 0x00, 0xca, 0x0f, // ...........Q....
	0x00, 0x00, 0xa1, 0x01, 0x00, 0x00, 0x85, 0x00, 0x05, 0x00, 0x07, 0x00, 0x00, 0x00, 0xb3, 0x51, // ...............Q
	0x00, 0x00, 0xb0, 0x51, 0x00, 0x00, 0xb0, 0x51, 0x00, 0x00, 0x85, 0x00, 0x05, 0x00, 0x07, 0x00, // ...Q...Q........
	0x00, 0x00, 0xb4, 0x51, 0x00, 0x00, 0xb3, 0x51, 0x00, 0x00, 0xab, 0x5d, 0x00, 0x00, 0x83, 0x00, // ...Q...Q...]....
	0x05, 0x00, 0x07, 0x00, 0x00, 0x00, 0xb8, 0x51, 0x00, 0x00, 0xa1, 0x01, 0x00, 0x00, 0xb4, 0x51, // .......Q.......Q
	0x00, 0x00, 0x85, 0x00, 0x05, 0x00, 0x07, 0x00, 0x00, 0x00, 0xb9, 0x51, 0x00, 0x00, 0xce, 0x0f, // ...........Q....
	0x00, 0x00, 0xb8, 0x51, 0x00, 0x00, 0x81, 0x00, 0x05, 0x00, 0x07, 0x00, 0x00, 0x00, 0xbb, 0x51, // ...Q...........Q
	0x00, 0x00, 0xb9, 0x51, 0x00, 0x00, 0xb4, 0x51, 0x00, 0x00, 0x88, 0x00, 0x05, 0x00, 0x07, 0x00, // ...Q...Q........
	0x00, 0x00, 0xbc, 0x51, 0x00, 0x00, 0xce, 0x0f, 0x00, 0x00, 0xbb, 0x51, 0x00, 0x00, 0x85, 0x00, // ...Q.......Q....
	0x05, 0x00, 0x07, 0x00, 0x00, 0x00, 0xcb, 0x51, 0x00, 0x00, 0x18, 0x51, 0x00, 0x00, 0xb8, 0x51, // .......Q...Q...Q
	0x00, 0x00, 0x81, 0x00, 0x05, 0x00, 0x07, 0x00, 0x00, 0x00, 0xcd, 0x51, 0x00, 0x00, 0xcb, 0x51, // ...........Q...Q
	0x00, 0x00, 0xb4, 0x51, 0x00, 0x00, 0x88, 0x00, 0x05, 0x00, 0x07, 0x00, 0x00, 0x00, 0xce, 0x51, // ...Q...........Q
	0x00, 0x00, 0x18, 0x51, 0x00, 0x00, 0xcd, 0x51, 0x00, 0x00, 0x85, 0x00, 0x05, 0x00, 0x07, 0x00, // ...Q...Q........
	0x00, 0x00, 0xaa, 0x51, 0x00, 0x00, 0xbc, 0x51, 0x00, 0x00, 0xce, 0x51, 0x00, 0x00, 0x83, 0x00, // ...Q...Q...Q....
	0x05, 0x00, 0x16, 0x00, 0x00, 0x00, 0xd4, 0x51, 0x00, 0x00, 0x0a, 0x02, 0x00, 0x00, 0x8e, 0x13, // .......Q........
	0x00, 0x00, 0x83, 0x00, 0x05, 0x00, 0x07, 0x00, 0x00, 0x00, 0xd6, 0x51, 0x00, 0x00, 0xa1, 0x01, // ...........Q....
	0x00, 0x00, 0x14, 0x51, 0x00, 0x00, 0x0c, 0x00, 0x08, 0x00, 0x07, 0x00, 0x00, 0x00, 0xd7, 0x51, // ...Q...........Q
	0x00, 0x00, 0x01, 0x00, 0x00, 0x00, 0x2b, 0x00, 0x00, 0x00, 0xd6, 0x51, 0x00, 0x00, 0x73, 0x01, // ......+....Q..s.
	0x00, 0x00, 0xa1, 0x01, 0x00, 0x00, 0x0c, 0x00, 0x07, 0x00, 0x07, 0x00, 0x00, 0x00, 0xd8, 0x51, // ...............Q
	0x00, 0x00, 0x01, 0x00, 0x00, 0x00, 0x1a, 0x00, 0x00, 0x00, 0xd7, 0x51, 0x00, 0x00, 0x50, 0x02, // ...........Q..P.
	0x00, 0x00, 0x8e, 0x00, 0x05, 0x00, 0x16, 0x00, 0x00, 0x00, 0xd9, 0x51, 0x00, 0x00, 0xd4, 0x51, // ...........Q...Q
	0x00, 0x00, 0xd8, 0x51, 0x00, 0x00, 0x81, 0x00, 0x05, 0x00, 0x16, 0x00, 0x00, 0x00, 0xda, 0x51, // ...Q...........Q
	0x00, 0x00, 0x8e, 0x13, 0x00, 0x00, 0xd9, 0x51, 0x00, 0x00, 0x85, 0x00, 0x05, 0x00, 0x07, 0x00, // .......Q........
	0x00, 0x00, 0x25, 0x51, 0x00, 0x00, 0x9d, 0x51, 0x00, 0x00, 0xaa, 0x51, 0x00, 0x00, 0x8e, 0x00, // ..%Q...Q...Q....
	0x05, 0x00, 0x16, 0x00, 0x00, 0x00, 0x27, 0x51, 0x00, 0x00, 0xda, 0x51, 0x00, 0x00, 0x25, 0x51, // ......'Q...Q..%Q
	0x00, 0x00, 0x85, 0x00, 0x05, 0x00, 0x07, 0x00, 0x00, 0x00, 0x29, 0x51, 0x00, 0x00, 0xa7, 0x04, // ..........)Q....
	0x00, 0x00, 0xce, 0x0f, 0x00, 0x00, 0x85, 0x00, 0x05, 0x00, 0x07, 0x00, 0x00, 0x00, 0x2b, 0x51, // ..............+Q
	0x00, 0x00, 0x29, 0x51, 0x00, 0x00, 0x18, 0x51, 0x00, 0x00, 0x0c, 0x00, 0x07, 0x00, 0x07, 0x00, // ..)Q...Q........
	0x00, 0x00, 0x2c, 0x51, 0x00, 0x00, 0x01, 0x00, 0x00, 0x00, 0x28, 0x00, 0x00, 0x00, 0x2b, 0x51, // ..,Q......(...+Q
	0x00, 0x00, 0xb0, 0x01, 0x00, 0x00, 0x50, 0x00, 0x06, 0x00, 0x16, 0x00, 0x00, 0x00, 0x2d, 0x51, // ......P.......-Q
	0x00, 0x00, 0x2c, 0x51, 0x00, 0x00, 0x2c, 0x51, 0x00, 0x00, 0x2c, 0x51, 0x00, 0x00, 0x88, 0x00, // ..,Q..,Q..,Q....
	0x05, 0x00, 0x16, 0x00, 0x00, 0x00, 0x2e, 0x51, 0x00, 0x00, 0x27, 0x51, 0x00, 0x00, 0x2d, 0x51, // .......Q..'Q..-Q
	0x00, 0x00, 0xa8, 0x00, 0x04, 0x00, 0x97, 0x01, 0x00, 0x00, 0x30, 0x51, 0x00, 0x00, 0xc9, 0x50, // ..........0Q...P
	0x00, 0x00, 0xf7, 0x00, 0x03, 0x00, 0x36, 0x51, 0x00, 0x00, 0x00, 0x00, 0x00, 0x00, 0xfa, 0x00, // ......6Q........
	0x04, 0x00, 0x30, 0x51, 0x00, 0x00, 0x31, 0x51, 0x00, 0x00, 0x36, 0x51, 0x00, 0x00, 0xf8, 0x00, // ..0Q..1Q..6Q....
	0x02, 0x00, 0x31, 0x51, 0x00, 0x00, 0x0c, 0x00, 0x08, 0x00, 0x16, 0x00, 0x00, 0x00, 0x35, 0x51, // ..1Q..........5Q
	0x00, 0x00, 0x01, 0x00, 0x00, 0x00, 0x2b, 0x00, 0x00, 0x00, 0x2e, 0x51, 0x00, 0x00, 0x09, 0x02, // ......+....Q....
	0x00, 0x00, 0xac, 0x5d, 0x00, 0x00, 0xf9, 0x00, 0x02, 0x00, 0x36, 0x51, 0x00, 0x00, 0xf8, 0x00, // ...]......6Q....
	0x02, 0x00, 0x36, 0x51, 0x00, 0x00, 0xf5, 0x00, 0x07, 0x00, 0x16, 0x00, 0x00, 0x00, 0x0a, 0x65, // ..6Q...........e
	0x00, 0x00, 0x2e, 0x51, 0x00, 0x00, 0x08, 0x51, 0x00, 0x00, 0x35, 0x51, 0x00, 0x00, 0x31, 0x51, // ...Q...Q..5Q..1Q
	0x00, 0x00, 0x83, 0x00, 0x05, 0x00, 0x16, 0x00, 0x00, 0x00, 0x39, 0x51, 0x00, 0x00, 0x0a, 0x02, // ..........9Q....
	0x00, 0x00, 0xda, 0x51, 0x00, 0x00, 0x83, 0x00, 0x05, 0x00, 0x07, 0x00, 0x00, 0x00, 0x3b, 0x51, // ...Q..........;Q
	0x00, 0x00, 0xa1, 0x01, 0x00, 0x00, 0x84, 0x0f, 0x00, 0x00, 0x8e, 0x00, 0x05, 0x00, 0x16, 0x00, // ................
	0x00, 0x00, 0x3c, 0x51, 0x00, 0x00, 0x39, 0x51, 0x00, 0x00, 0x3b, 0x51, 0x00, 0x00, 0xa9, 0x00, // ..<Q..9Q..;Q....
	0x06, 0x00, 0x07, 0x00, 0x00, 0x00, 0x3f, 0x51, 0x00, 0x00, 0x30, 0x51, 0x00, 0x00, 0xee, 0x08, // ......?Q..0Q....
	0x00, 0x00, 0xa1, 0x01, 0x00, 0x00, 0x85, 0x00, 0x05, 0x00, 0x07, 0x00, 0x00, 0x00, 0x43, 0x51, // ..............CQ
	0x00, 0x00, 0xf4, 0x08, 0x00, 0x00, 0x84, 0x0f, 0x00, 0x00, 0x81, 0x00, 0x05, 0x00, 0x07, 0x00, // ................
	0x00, 0x00, 0x44, 0x51, 0x00, 0x00, 0xf3, 0x08, 0x00, 0x00, 0x43, 0x51, 0x00, 0x00, 0xa9, 0x00, // ..DQ......CQ....
	0x06, 0x00, 0x07, 0x00, 0x00, 0x00, 0x45, 0x51, 0x00, 0x00, 0x30, 0x51, 0x00, 0x00, 0x44, 0x51, // ......EQ..0Q..DQ
	0x00, 0x00, 0xa1, 0x01, 0x00, 0x00, 0x85, 0x00, 0x05, 0x00, 0x16, 0x00, 0x00, 0x00, 0x48, 0x51, // ..............HQ
	0x00, 0x00, 0x3c, 0x51, 0x00, 0x00, 0x92, 0x0f, 0x00, 0x00, 0x85, 0x00, 0x05, 0x00, 0x16, 0x00, // ..<Q............
	0x00, 0x00, 0x4a, 0x51, 0x00, 0x00, 0x48, 0x51, 0x00, 0x00, 0xaf, 0x5d, 0x00, 0x00, 0x8e, 0x00, // ..JQ..HQ...]....
	0x05, 0x00, 0x16, 0x00, 0x00, 0x00, 0x4c, 0x51, 0x00, 0x00, 0x4a, 0x51, 0x00, 0x00, 0x3f, 0x51, // ......LQ..JQ..?Q
	0x00, 0x00, 0x8e, 0x00, 0x05, 0x00, 0x16, 0x00, 0x00, 0x00, 0x4f, 0x51, 0x00, 0x00, 0x0a, 0x65, // ..........OQ...e
	0x00, 0x00, 0x45, 0x51, 0x00, 0x00, 0x81, 0x00, 0x05, 0x00, 0x16, 0x00, 0x00, 0x00, 0x50, 0x51, // ..EQ..........PQ
	0x00, 0x00, 0x4c, 0x51, 0x00, 0x00, 0x4f, 0x51, 0x00, 0x00, 0x85, 0x00, 0x05, 0x00, 0x16, 0x00, // ..LQ..OQ........
	0x00, 0x00, 0x52, 0x51, 0x00, 0x00, 0x50, 0x51, 0x00, 0x00, 0x0c, 0x65, 0x00, 0x00, 0x8e, 0x00, // ..RQ..PQ...e....
	0x05, 0x00, 0x16, 0x00, 0x00, 0x00, 0x54, 0x51, 0x00, 0x00, 0x52, 0x51, 0x00, 0x00, 0x03, 0x51, // ......TQ..RQ...Q
	0x00, 0x00, 0x8e, 0x00, 0x05, 0x00, 0x16, 0x00, 0x00, 0x00, 0x56, 0x51, 0x00, 0x00, 0x54, 0x51, // ..........VQ..TQ
	0x00, 0x00, 0x0e, 0x10, 0x00, 0x00, 0xf9, 0x00, 0x02, 0x00, 0x57, 0x51, 0x00, 0x00, 0xf8, 0x00, // ..........WQ....
	0x02, 0x00, 0x57, 0x51, 0x00, 0x00, 0xf5, 0x00, 0x07, 0x00, 0x16, 0x00, 0x00, 0x00, 0x0e, 0x65, // ..WQ...........e
	0x00, 0x00, 0x09, 0x02, 0x00, 0x00, 0x06, 0x51, 0x00, 0x00, 0x56, 0x51, 0x00, 0x00, 0x36, 0x51, // .......Q..VQ..6Q
	0x00, 0x00, 0x81, 0x00, 0x05, 0x00, 0x16, 0x00, 0x00, 0x00, 0x2c, 0x10, 0x00, 0x00, 0x94, 0x62, // ..........,....b
	0x00, 0x00, 0x0e, 0x65, 0x00, 0x00, 0xf9, 0x00, 0x02, 0x00, 0x2d, 0x10, 0x00, 0x00, 0xf8, 0x00, // ...e......-.....
	0x02, 0x00, 0x2d, 0x10, 0x00, 0x00, 0x80, 0x00, 0x05, 0x00, 0x1f, 0x00, 0x00, 0x00, 0x2f, 0x10, // ..-.........../.
	0x00, 0x00, 0x7a, 0x62, 0x00, 0x00, 0x26, 0x01, 0x00, 0x00, 0xf9, 0x00, 0x02, 0x00, 0xf1, 0x0f, // ..zb..&.........
	0x00, 0x00, 0xf8, 0x00, 0x02, 0x00, 0x30, 0x10, 0x00, 0x00, 0x51, 0x00, 0x05, 0x00, 0x07, 0x00, // ......0...Q.....
	0x00, 0x00, 0x32, 0x10, 0x00, 0x00, 0xec, 0x0d, 0x00, 0x00, 0x00, 0x00, 0x00, 0x00, 0x51, 0x00, // ..2...........Q.
	0x05, 0x00, 0x07, 0x00, 0x00, 0x00, 0x33, 0x10, 0x00, 0x00, 0xec, 0x0d, 0x00, 0x00, 0x01, 0x00, // ......3.........
	0x00, 0x00, 0x51, 0x00, 0x05, 0x00, 0x07, 0x00, 0x00, 0x00, 0x34, 0x10, 0x00, 0x00, 0xec, 0x0d, // ..Q.......4.....
	0x00, 0x00, 0x02, 0x00, 0x00, 0x00, 0x50, 0x00, 0x07, 0x00, 0x0d, 0x00, 0x00, 0x00, 0x35, 0x10, // ......P.......5.
	0x00, 0x00, 0x32, 0x10, 0x00, 0x00, 0x33, 0x10, 0x00, 0x00, 0x34, 0x10, 0x00, 0x00, 0xa1, 0x01, // ..2...3...4.....
	0x00, 0x00, 0x41, 0x00, 0x05, 0x00, 0xca, 0x03, 0x00, 0x00, 0x36, 0x10, 0x00, 0x00, 0x91, 0x01, // ..A.......6.....
	0x00, 0x00, 0x26, 0x01, 0x00, 0x00, 0x3d, 0x00, 0x04, 0x00, 0x87, 0x01, 0x00, 0x00, 0x37, 0x10, // ..&...=.......7.
	0x00, 0x00, 0x36, 0x10, 0x00, 0x00, 0x90, 0x00, 0x05, 0x00, 0x0d, 0x00, 0x00, 0x00, 0x38, 0x10, // ..6...........8.
	0x00, 0x00, 0x35, 0x10, 0x00, 0x00, 0x37, 0x10, 0x00, 0x00, 0x4f, 0x00, 0x07, 0x00, 0x0b, 0x00, // ..5...7...O.....
	0x00, 0x00, 0x3a, 0x10, 0x00, 0x00, 0x38, 0x10, 0x00, 0x00, 0x38, 0x10, 0x00, 0x00, 0x00, 0x00, // ..:...8...8.....
	0x00, 0x00, 0x01, 0x00, 0x00, 0x00, 0x51, 0x00, 0x05, 0x00, 0x07, 0x00, 0x00, 0x00, 0x3c, 0x10, // ......Q.......<.
	0x00, 0x00, 0x38, 0x10, 0x00, 0x00, 0x03, 0x00, 0x00, 0x00, 0x50, 0x00, 0x05, 0x00, 0x0b, 0x00, // ..8.......P.....
	0x00, 0x00, 0x3d, 0x10, 0x00, 0x00, 0x3c, 0x10, 0x00, 0x00, 0x3c, 0x10, 0x00, 0x00, 0x88, 0x00, // ..=...<...<.....
	0x05, 0x00, 0x0b, 0x00, 0x00, 0x00, 0x3e, 0x10, 0x00, 0x00, 0x3a, 0x10, 0x00, 0x00, 0x3d, 0x10, // ......>...:...=.
	0x00, 0x00, 0x8e, 0x00, 0x05, 0x00, 0x0b, 0x00, 0x00, 0x00, 0x3f, 0x10, 0x00, 0x00, 0x3e, 0x10, // ..........?...>.
	0x00, 0x00, 0x96, 0x01, 0x00, 0x00, 0x81, 0x00, 0x05, 0x00, 0x0b, 0x00, 0x00, 0x00, 0x41, 0x10, // ..............A.
	0x00, 0x00, 0x3f, 0x10, 0x00, 0x00, 0xa4, 0x5d, 0x00, 0x00, 0x51, 0x00, 0x05, 0x00, 0x07, 0x00, // ..?....]..Q.....
	0x00, 0x00, 0x43, 0x10, 0x00, 0x00, 0x41, 0x10, 0x00, 0x00, 0x01, 0x00, 0x00, 0x00, 0x83, 0x00, // ..C...A.........
	0x05, 0x00, 0x07, 0x00, 0x00, 0x00, 0x44, 0x10, 0x00, 0x00, 0xa1, 0x01, 0x00, 0x00, 0x43, 0x10, // ......D.......C.
	0x00, 0x00, 0x41, 0x00, 0x05, 0x00, 0xca, 0x03, 0x00, 0x00, 0x4b, 0x10, 0x00, 0x00, 0x91, 0x01, // ..A.......K.....
	0x00, 0x00, 0x2a, 0x01, 0x00, 0x00, 0x3d, 0x00, 0x04, 0x00, 0x87, 0x01, 0x00, 0x00, 0x4c, 0x10, // ..*...=.......L.
	0x00, 0x00, 0x4b, 0x10, 0x00, 0x00, 0x90, 0x00, 0x05, 0x00, 0x0d, 0x00, 0x00, 0x00, 0x4d, 0x10, // ..K...........M.
	0x00, 0x00, 0x35, 0x10, 0x00, 0x00, 0x4c, 0x10, 0x00, 0x00, 0x51, 0x00, 0x05, 0x00, 0x07, 0x00, // ..5...L...Q.....
	0x00, 0x00, 0x4f, 0x10, 0x00, 0x00, 0x41, 0x10, 0x00, 0x00, 0x00, 0x00, 0x00, 0x00, 0x85, 0x00, // ..O...A.........
	0x05, 0x00, 0x07, 0x00, 0x00, 0x00, 0x50, 0x10, 0x00, 0x00, 0x4f, 0x10, 0x00, 0x00, 0x99, 0x0a, // ......P...O.....
	0x00, 0x00, 0x6e, 0x00, 0x04, 0x00, 0x1f, 0x00, 0x00, 0x00, 0x51, 0x10, 0x00, 0x00, 0x50, 0x10, // ..n.......Q...P.
	0x00, 0x00, 0x0c, 0x00, 0x08, 0x00, 0x1f, 0x00, 0x00, 0x00, 0x52, 0x10, 0x00, 0x00, 0x01, 0x00, // ..........R.....
	0x00, 0x00, 0x2d, 0x00, 0x00, 0x00, 0x51, 0x10, 0x00, 0x00, 0x2a, 0x01, 0x00, 0x00, 0xa9, 0x03, // ..-...Q...*.....
	0x00, 0x00, 0x85, 0x00, 0x05, 0x00, 0x07, 0x00, 0x00, 0x00, 0x55, 0x10, 0x00, 0x00, 0x44, 0x10, // ..........U...D.
	0x00, 0x00, 0xa0, 0x0a, 0x00, 0x00, 0x6e, 0x00, 0x04, 0x00, 0x1f, 0x00, 0x00, 0x00, 0x56, 0x10, // ......n.......V.
	0x00, 0x00, 0x55, 0x10, 0x00, 0x00, 0x0c, 0x00, 0x08, 0x00, 0x1f, 0x00, 0x00, 0x00, 0x57, 0x10, // ..U...........W.
	0x00, 0x00, 0x01, 0x00, 0x00, 0x00, 0x2d, 0x00, 0x00, 0x00, 0x56, 0x10, 0x00, 0x00, 0x2a, 0x01, // ......-...V...*.
	0x00, 0x00, 0xbf, 0x01, 0x00, 0x00, 0x51, 0x00, 0x05, 0x00, 0x07, 0x00, 0x00, 0x00, 0x59, 0x10, // ......Q.......Y.
	0x00, 0x00, 0x4d, 0x10, 0x00, 0x00, 0x02, 0x00, 0x00, 0x00, 0x41, 0x00, 0x06, 0x00, 0x93, 0x01, // ..M.......A.....
	0x00, 0x00, 0x5a, 0x10, 0x00, 0x00, 0x91, 0x01, 0x00, 0x00, 0x06, 0x0a, 0x00, 0x00, 0x4f, 0x01, // ..Z...........O.
	0x00, 0x00, 0x3d, 0x00, 0x04, 0x00, 0x07, 0x00, 0x00, 0x00, 0x5b, 0x10, 0x00, 0x00, 0x5a, 0x10, // ..=.......[...Z.
	0x00, 0x00, 0x41, 0x00, 0x06, 0x00, 0x93, 0x01, 0x00, 0x00, 0x5c, 0x10, 0x00, 0x00, 0x91, 0x01, // ..A.............
	0x00, 0x00, 0x06, 0x0a, 0x00, 0x00, 0x88, 0x01, 0x00, 0x00, 0x3d, 0x00, 0x04, 0x00, 0x07, 0x00, // ..........=.....
	0x00, 0x00, 0x5d, 0x10, 0x00, 0x00, 0x5c, 0x10, 0x00, 0x00, 0xf7, 0x00, 0x03, 0x00, 0x04, 0x52, // ..]............R
	0x00, 0x00, 0x00, 0x00, 0x00, 0x00, 0xfb, 0x00, 0x03, 0x00, 0xcc, 0x01, 0x00, 0x00, 0xee, 0x51, // ...............Q
	0x00, 0x00, 0xf8, 0x00, 0x02, 0x00, 0xee, 0x51, 0x00, 0x00, 0x0c, 0x00, 0x07, 0x00, 0x07, 0x00, // .......Q........
	0x00, 0x00, 0xf1, 0x51, 0x00, 0x00, 0x01, 0x00, 0x00, 0x00, 0x28, 0x00, 0x00, 0x00, 0x59, 0x10, // ...Q......(...Y.
	0x00, 0x00, 0x5b, 0x10, 0x00, 0x00, 0x88, 0x00, 0x05, 0x00, 0x07, 0x00, 0x00, 0x00, 0xf4, 0x51, // ..[............Q
	0x00, 0x00, 0x5d, 0x10, 0x00, 0x00, 0x5b, 0x10, 0x00, 0x00, 0x0c, 0x00, 0x06, 0x00, 0x07, 0x00, // ..]...[.........
	0x00, 0x00, 0xf5, 0x51, 0x00, 0x00, 0x01, 0x00, 0x00, 0x00, 0x1c, 0x00, 0x00, 0x00, 0xf4, 0x51, // ...Q...........Q
	0x00, 0x00, 0xbc, 0x00, 0x05, 0x00, 0x97, 0x01, 0x00, 0x00, 0xf7, 0x51, 0x00, 0x00, 0xf5, 0x51, // ...........Q...Q
	0x00, 0x00, 0x73, 0x01, 0x00, 0x00, 0xf7, 0x00, 0x03, 0x00, 0xf9, 0x51, 0x00, 0x00, 0x00, 0x00, // ..s........Q....
	0x00, 0x00, 0xfa, 0x00, 0x04, 0x00, 0xf7, 0x51, 0x00, 0x00, 0xf8, 0x51, 0x00, 0x00, 0xf9, 0x51, // .......Q...Q...Q
	0x00, 0x00, 0xf8, 0x00, 0x02, 0x00, 0xf8, 0x51, 0x00, 0x00, 0xf9, 0x00, 0x02, 0x00, 0x04, 0x52, // .......Q.......R
	0x00, 0x00, 0xf8, 0x00, 0x02, 0x00, 0xf9, 0x51, 0x00, 0x00, 0x88, 0x00, 0x05, 0x00, 0x07, 0x00, // .......Q........
	0x00, 0x00, 0xfc, 0x51, 0x00, 0x00, 0xf1, 0x51, 0x00, 0x00, 0x5b, 0x10, 0x00, 0x00, 0x0c, 0x00, // ...Q...Q..[.....
	0x06, 0x00, 0x07, 0x00, 0x00, 0x00, 0xfd, 0x51, 0x00, 0x00, 0x01, 0x00, 0x00, 0x00, 0x1c, 0x00, // .......Q........
	0x00, 0x00, 0xfc, 0x51, 0x00, 0x00, 0x88, 0x00, 0x05, 0x00, 0x07, 0x00, 0x00, 0x00, 0xff, 0x51, // ...Q...........Q
	0x00, 0x00, 0xfd, 0x51, 0x00, 0x00, 0xf5, 0x51, 0x00, 0x00, 0x85, 0x00, 0x05, 0x00, 0x07, 0x00, // ...Q...Q........
	0x00, 0x00, 0x00, 0x52, 0x00, 0x00, 0xff, 0x51, 0x00, 0x00, 0x46, 0x08, 0x00, 0x00, 0x6e, 0x00, // ...R...Q..F...n.
	0x04, 0x00, 0x1f, 0x00, 0x00, 0x00, 0x01, 0x52, 0x00, 0x00, 0x00, 0x52, 0x00, 0x00, 0x0c, 0x00, // .......R...R....
	0x08, 0x00, 0x1f, 0x00, 0x00, 0x00, 0x03, 0x52, 0x00, 0x00, 0x01, 0x00, 0x00, 0x00, 0x2d, 0x00, // .......R......-.
	0x00, 0x00, 0x01, 0x52, 0x00, 0x00, 0x2a, 0x01, 0x00, 0x00, 0x4a, 0x08, 0x00, 0x00, 0xf9, 0x00, // ...R..*...J.....
	0x02, 0x00, 0x04, 0x52, 0x00, 0x00, 0xf8, 0x00, 0x02, 0x00, 0x04, 0x52, 0x00, 0x00, 0xf5, 0x00, // ...R.......R....
	0x07, 0x00, 0x1f, 0x00, 0x00, 0x00, 0x7b, 0x62, 0x00, 0x00, 0x2a, 0x01, 0x00, 0x00, 0xf8, 0x51, // ......{b..*....Q
	0x00, 0x00, 0x03, 0x52, 0x00, 0x00, 0xf9, 0x51, 0x00, 0x00, 0x84, 0x00, 0x05, 0x00, 0x1f, 0x00, // ...R...Q........
	0x00, 0x00, 0x60, 0x10, 0x00, 0x00, 0x57, 0x10, 0x00, 0x00, 0xac, 0x04, 0x00, 0x00, 0x80, 0x00, // ..`...W.........
	0x05, 0x00, 0x1f, 0x00, 0x00, 0x00, 0x62, 0x10, 0x00, 0x00, 0x60, 0x10, 0x00, 0x00, 0x52, 0x10, // ......b...`...R.
	0x00, 0x00, 0x50, 0x00, 0x06, 0x00, 0x44, 0x01, 0x00, 0x00, 0x0e, 0x52, 0x00, 0x00, 0x62, 0x10, // ..P...D....R..b.
	0x00, 0x00, 0x7b, 0x62, 0x00, 0x00, 0x2a, 0x01, 0x00, 0x00, 0x4f, 0x00, 0x07, 0x00, 0x20, 0x00, // ..{b..*...O... .
	0x00, 0x00, 0x0f, 0x52, 0x00, 0x00, 0x0e, 0x52, 0x00, 0x00, 0x0e, 0x52, 0x00, 0x00, 0x00, 0x00, // ...R...R...R....
	0x00, 0x00, 0x01, 0x00, 0x00, 0x00, 0x5f, 0x00, 0x07, 0x00, 0x0d, 0x00, 0x00, 0x00, 0x16, 0x52, // ......_........R
	0x00, 0x00, 0x1e, 0x01, 0x00, 0x00, 0x0f, 0x52, 0x00, 0x00, 0x02, 0x00, 0x00, 0x00, 0x2a, 0x01, // .......R......*.
	0x00, 0x00, 0x51, 0x00, 0x05, 0x00, 0x07, 0x00, 0x00, 0x00, 0x68, 0x10, 0x00, 0x00, 0x16, 0x52, // ..Q.......h....R
	0x00, 0x00, 0x00, 0x00, 0x00, 0x00, 0x81, 0x00, 0x05, 0x00, 0x07, 0x00, 0x00, 0x00, 0x69, 0x10, // ..............i.
	0x00, 0x00, 0x68, 0x10, 0x00, 0x00, 0x96, 0x01, 0x00, 0x00, 0x6e, 0x00, 0x04, 0x00, 0x1f, 0x00, // ..h.......n.....
	0x00, 0x00, 0x6a, 0x10, 0x00, 0x00, 0x69, 0x10, 0x00, 0x00, 0x51, 0x00, 0x05, 0x00, 0x07, 0x00, // ..j...i...Q.....
	0x00, 0x00, 0x6c, 0x10, 0x00, 0x00, 0x16, 0x52, 0x00, 0x00, 0x01, 0x00, 0x00, 0x00, 0x81, 0x00, // ..l....R........
	0x05, 0x00, 0x07, 0x00, 0x00, 0x00, 0x6d, 0x10, 0x00, 0x00, 0x6c, 0x10, 0x00, 0x00, 0x96, 0x01, // ......m...l.....
	0x00, 0x00, 0x6e, 0x00, 0x04, 0x00, 0x1f, 0x00, 0x00, 0x00, 0x6e, 0x10, 0x00, 0x00, 0x6d, 0x10, // ..n.......n...m.
	0x00, 0x00, 0xf9, 0x00, 0x02, 0x00, 0x6f, 0x10, 0x00, 0x00, 0xf8, 0x00, 0x02, 0x00, 0x6f, 0x10, // ......o.......o.
	0x00, 0x00, 0xf5, 0x00, 0x07, 0x00, 0x16, 0x00, 0x00, 0x00, 0x92, 0x62, 0x00, 0x00, 0x94, 0x62, // ...........b...b
	0x00, 0x00, 0x04, 0x52, 0x00, 0x00, 0xb3, 0x10, 0x00, 0x00, 0xb4, 0x10, 0x00, 0x00, 0xf5, 0x00, // ...R............
	0x07, 0x00, 0x1f, 0x00, 0x00, 0x00, 0x7c, 0x62, 0x00, 0x00, 0x2a, 0x01, 0x00, 0x00, 0x04, 0x52, // ......|b..*....R
	0x00, 0x00, 0xb6, 0x10, 0x00, 0x00, 0xb4, 0x10, 0x00, 0x00, 0xb1, 0x00, 0x05, 0x00, 0x97, 0x01, // ................
	0x00, 0x00, 0x72, 0x10, 0x00, 0x00, 0x7c, 0x62, 0x00, 0x00, 0xcc, 0x0a, 0x00, 0x00, 0xf6, 0x00, // ..r...|b........
	0x04, 0x00, 0xb7, 0x10, 0x00, 0x00, 0xb4, 0x10, 0x00, 0x00, 0x00, 0x00, 0x00, 0x00, 0xfa, 0x00, // ................
	0x04, 0x00, 0x72, 0x10, 0x00, 0x00, 0x73, 0x10, 0x00, 0x00, 0xb7, 0x10, 0x00, 0x00, 0xf8, 0x00, // ..r...s.........
	0x02, 0x00, 0x73, 0x10, 0x00, 0x00, 0xaf, 0x00, 0x05, 0x00, 0x97, 0x01, 0x00, 0x00, 0x76, 0x10, // ..s...........v.
	0x00, 0x00, 0x7c, 0x62, 0x00, 0x00, 0x6e, 0x10, 0x00, 0x00, 0xf7, 0x00, 0x03, 0x00, 0x78, 0x10, // ..|b..n.......x.
	0x00, 0x00, 0x00, 0x00, 0x00, 0x00, 0xfa, 0x00, 0x04, 0x00, 0x76, 0x10, 0x00, 0x00, 0x77, 0x10, // ..........v...w.
	0x00, 0x00, 0x78, 0x10, 0x00, 0x00, 0xf8, 0x00, 0x02, 0x00, 0x77, 0x10, 0x00, 0x00, 0xf9, 0x00, // ..x.......w.....
	0x02, 0x00, 0xb7, 0x10, 0x00, 0x00, 0xf8, 0x00, 0x02, 0x00, 0x78, 0x10, 0x00, 0x00, 0x80, 0x00, // ..........x.....
	0x05, 0x00, 0x1f, 0x00, 0x00, 0x00, 0x7b, 0x10, 0x00, 0x00, 0x6a, 0x10, 0x00, 0x00, 0x7c, 0x62, // ......{...j...|b
	0x00, 0x00, 0x8b, 0x00, 0x05, 0x00, 0x1f, 0x00, 0x00, 0x00, 0x7d, 0x10, 0x00, 0x00, 0x7b, 0x10, // ..........}...{.
	0x00, 0x00, 0xda, 0x0a, 0x00, 0x00, 0x87, 0x00, 0x05, 0x00, 0x1f, 0x00, 0x00, 0x00, 0x7f, 0x10, // ................
	0x00, 0x00, 0x7b, 0x10, 0x00, 0x00, 0xda, 0x0a, 0x00, 0x00, 0x50, 0x00, 0x06, 0x00, 0x44, 0x01, // ..{.......P...D.
	0x00, 0x00, 0x1f, 0x52, 0x00, 0x00, 0x7d, 0x10, 0x00, 0x00, 0x7f, 0x10, 0x00, 0x00, 0x2a, 0x01, // ...R..}.......*.
	0x00, 0x00, 0x4f, 0x00, 0x07, 0x00, 0x20, 0x00, 0x00, 0x00, 0x20, 0x52, 0x00, 0x00, 0x1f, 0x52, // ..O... ... R...R
	0x00, 0x00, 0x1f, 0x52, 0x00, 0x00, 0x00, 0x00, 0x00, 0x00, 0x01, 0x00, 0x00, 0x00, 0x5f, 0x00, // ...R.........._.
	0x07, 0x00, 0x0d, 0x00, 0x00, 0x00, 0x27, 0x52, 0x00, 0x00, 0x24, 0x01, 0x00, 0x00, 0x20, 0x52, // ......'R..$... R
	0x00, 0x00, 0x02, 0x00, 0x00, 0x00, 0x2a, 0x01, 0x00, 0x00, 0x51, 0x00, 0x05, 0x00, 0x07, 0x00, // ......*...Q.....
	0x00, 0x00, 0x83, 0x10, 0x00, 0x00, 0x27, 0x52, 0x00, 0x00, 0x00, 0x00, 0x00, 0x00, 0x81, 0x00, // ......'R........
	0x05, 0x00, 0x07, 0x00, 0x00, 0x00, 0x84, 0x10, 0x00, 0x00, 0x83, 0x10, 0x00, 0x00, 0x96, 0x01, // ................
	0x00, 0x00, 0x6e, 0x00, 0x04, 0x00, 0x1f, 0x00, 0x00, 0x00, 0x85, 0x10, 0x00, 0x00, 0x84, 0x10, // ..n.............
	0x00, 0x00, 0x0c, 0x00, 0x08, 0x00, 0x1f, 0x00, 0x00, 0x00, 0x86, 0x10, 0x00, 0x00, 0x01, 0x00, // ................
	0x00, 0x00, 0x2d, 0x00, 0x00, 0x00, 0x85, 0x10, 0x00, 0x00, 0x2a, 0x01, 0x00, 0x00, 0xe7, 0x0a, // ..-.......*.....
	0x00, 0x00, 0x50, 0x00, 0x06, 0x00, 0x44, 0x01, 0x00, 0x00, 0x30, 0x52, 0x00, 0x00, 0x2a, 0x01, // ..P...D...0R..*.
	0x00, 0x00, 0x86, 0x10, 0x00, 0x00, 0x2a, 0x01, 0x00, 0x00, 0x4f, 0x00, 0x07, 0x00, 0x20, 0x00, // ......*...O... .
	0x00, 0x00, 0x31, 0x52, 0x00, 0x00, 0x30, 0x52, 0x00, 0x00, 0x30, 0x52, 0x00, 0x00, 0x00, 0x00, // ..1R..0R..0R....
	0x00, 0x00, 0x01, 0x00, 0x00, 0x00, 0x5f, 0x00, 0x07, 0x00, 0x0d, 0x00, 0x00, 0x00, 0x38, 0x52, // ......_.......8R
	0x00, 0x00, 0x18, 0x01, 0x00, 0x00, 0x31, 0x52, 0x00, 0x00, 0x02, 0x00, 0x00, 0x00, 0x2a, 0x01, // ......1R......*.
	0x00, 0x00, 0x50, 0x00, 0x06, 0x00, 0x44, 0x01, 0x00, 0x00, 0x41, 0x52, 0x00, 0x00, 0x26, 0x01, // ..P...D...AR..&.
	0x00, 0x00, 0x86, 0x10, 0x00, 0x00, 0x2a, 0x01, 0x00, 0x00, 0x4f, 0x00, 0x07, 0x00, 0x20, 0x00, // ......*...O... .
	0x00, 0x00, 0x42, 0x52, 0x00, 0x00, 0x41, 0x52, 0x00, 0x00, 0x41, 0x52, 0x00, 0x00, 0x00, 0x00, // ..BR..AR..AR....
	0x00, 0x00, 0x01, 0x00, 0x00, 0x00, 0x5f, 0x00, 0x07, 0x00, 0x0d, 0x00, 0x00, 0x00, 0x49, 0x52, // ......_.......IR
	0x00, 0x00, 0x18, 0x01, 0x00, 0x00, 0x42, 0x52, 0x00, 0x00, 0x02, 0x00, 0x00, 0x00, 0x2a, 0x01, // ......BR......*.
	0x00, 0x00, 0x50, 0x00, 0x06, 0x00, 0x44, 0x01, 0x00, 0x00, 0x52, 0x52, 0x00, 0x00, 0xc1, 0x07, // ..P...D...RR....
	0x00, 0x00, 0x86, 0x10, 0x00, 0x00, 0x2a, 0x01, 0x00, 0x00, 0x4f, 0x00, 0x07, 0x00, 0x20, 0x00, // ......*...O... .
	0x00, 0x00, 0x53, 0x52, 0x00, 0x00, 0x52, 0x52, 0x00, 0x00, 0x52, 0x52, 0x00, 0x00, 0x00, 0x00, // ..SR..RR..RR....
	0x00, 0x00, 0x01, 0x00, 0x00, 0x00, 0x5f, 0x00, 0x07, 0x00, 0x0d, 0x00, 0x00, 0x00, 0x5a, 0x52, // ......_.......ZR
	0x00, 0x00, 0x18, 0x01, 0x00, 0x00, 0x53, 0x52, 0x00, 0x00, 0x02, 0x00, 0x00, 0x00, 0x2a, 0x01, // ......SR......*.
	0x00, 0x00, 0x50, 0x00, 0x06, 0x00, 0x44, 0x01, 0x00, 0x00, 0x63, 0x52, 0x00, 0x00, 0x48, 0x04, // ..P...D...cR..H.
	0x00, 0x00, 0x86, 0x10, 0x00, 0x00, 0x2a, 0x01, 0x00, 0x00, 0x4f, 0x00, 0x07, 0x00, 0x20, 0x00, // ......*...O... .
	0x00, 0x00, 0x64, 0x52, 0x00, 0x00, 0x63, 0x52, 0x00, 0x00, 0x63, 0x52, 0x00, 0x00, 0x00, 0x00, // ..dR..cR..cR....
	0x00, 0x00, 0x01, 0x00, 0x00, 0x00, 0x5f, 0x00, 0x07, 0x00, 0x0d, 0x00, 0x00, 0x00, 0x6b, 0x52, // ......_.......kR
	0x00, 0x00, 0x18, 0x01, 0x00, 0x00, 0x64, 0x52, 0x00, 0x00, 0x02, 0x00, 0x00, 0x00, 0x2a, 0x01, // ......dR......*.
	0x00, 0x00, 0x51, 0x00, 0x05, 0x00, 0x07, 0x00, 0x00, 0x00, 0x98, 0x10, 0x00, 0x00, 0x38, 0x52, // ..Q...........8R
	0x00, 0x00, 0x03, 0x00, 0x00, 0x00, 0x4f, 0x00, 0x08, 0x00, 0x16, 0x00, 0x00, 0x00, 0x9a, 0x10, // ......O.........
	0x00, 0x00, 0x38, 0x52, 0x00, 0x00, 0x38, 0x52, 0x00, 0x00, 0x00, 0x00, 0x00, 0x00, 0x01, 0x00, // ..8R..8R........
	0x00, 0x00, 0x02, 0x00, 0x00, 0x00, 0x4f, 0x00, 0x08, 0x00, 0x16, 0x00, 0x00, 0x00, 0x9c, 0x10, // ......O.........
	0x00, 0x00, 0x49, 0x52, 0x00, 0x00, 0x49, 0x52, 0x00, 0x00, 0x00, 0x00, 0x00, 0x00, 0x01, 0x00, // ..IR..IR........
	0x00, 0x00, 0x02, 0x00, 0x00, 0x00, 0x51, 0x00, 0x05, 0x00, 0x07, 0x00, 0x00, 0x00, 0x9e, 0x10, // ......Q.........
	0x00, 0x00, 0x49, 0x52, 0x00, 0x00, 0x03, 0x00, 0x00, 0x00, 0x4f, 0x00, 0x08, 0x00, 0x16, 0x00, // ..IR......O.....
	0x00, 0x00, 0xa0, 0x10, 0x00, 0x00, 0x5a, 0x52, 0x00, 0x00, 0x5a, 0x52, 0x00, 0x00, 0x00, 0x00, // ......ZR..ZR....
	0x00, 0x00, 0x01, 0x00, 0x00, 0x00, 0x02, 0x00, 0x00, 0x00, 0x51, 0x00, 0x05, 0x00, 0x07, 0x00, // ..........Q.....
	0x00, 0x00, 0xa2, 0x10, 0x00, 0x00, 0x5a, 0x52, 0x00, 0x00, 0x03, 0x00, 0x00, 0x00, 0x51, 0x00, // ......ZR......Q.
	0x05, 0x00, 0x07, 0x00, 0x00, 0x00, 0xa4, 0x10, 0x00, 0x00, 0x6b, 0x52, 0x00, 0x00, 0x00, 0x00, // ..........kR....
	0x00, 0x00, 0x51, 0x00, 0x05, 0x00, 0x07, 0x00, 0x00, 0x00, 0xa6, 0x10, 0x00, 0x00, 0x6b, 0x52, // ..Q...........kR
	0x00, 0x00, 0x01, 0x00, 0x00, 0x00, 0x51, 0x00, 0x05, 0x00, 0x07, 0x00, 0x00, 0x00, 0xa8, 0x10, // ......Q.........
	0x00, 0x00, 0x6b, 0x52, 0x00, 0x00, 0x02, 0x00, 0x00, 0x00, 0xf7, 0x00, 0x03, 0x00, 0x25, 0x53, // ..kR..........%S
	0x00, 0x00, 0x00, 0x00, 0x00, 0x00, 0xfb, 0x00, 0x03, 0x00, 0xcc, 0x01, 0x00, 0x00, 0x92, 0x52, // ...............R
	0x00, 0x00, 0xf8, 0x00, 0x02, 0x00, 0x92, 0x52, 0x00, 0x00, 0x8e, 0x00, 0x05, 0x00, 0x16, 0x00, // .......R........
	0x00, 0x00, 0x95, 0x52, 0x00, 0x00, 0xa0, 0x10, 0x00, 0x00, 0xa2, 0x10, 0x00, 0x00, 0xb8, 0x00, // ...R............
	0x05, 0x00, 0x97, 0x01, 0x00, 0x00, 0x97, 0x52, 0x00, 0x00, 0x98, 0x10, 0x00, 0x00, 0x96, 0x01, // .......R........
	0x00, 0x00, 0xf7, 0x00, 0x03, 0x00, 0xcd, 0x52, 0x00, 0x00, 0x00, 0x00, 0x00, 0x00, 0xfa, 0x00, // .......R........
	0x04, 0x00, 0x97, 0x52, 0x00, 0x00, 0x98, 0x52, 0x00, 0x00, 0x9c, 0x52, 0x00, 0x00, 0xf8, 0x00, // ...R...R...R....
	0x02, 0x00, 0x98, 0x52, 0x00, 0x00, 0x7f, 0x00, 0x04, 0x00, 0x16, 0x00, 0x00, 0x00, 0x9a, 0x52, // ...R...........R
	0x00, 0x00, 0x9c, 0x10, 0x00, 0x00, 0x0c, 0x00, 0x06, 0x00, 0x16, 0x00, 0x00, 0x00, 0x9b, 0x52, // ...............R
	0x00, 0x00, 0x01, 0x00, 0x00, 0x00, 0x45, 0x00, 0x00, 0x00, 0x9a, 0x52, 0x00, 0x00, 0xf9, 0x00, // ......E....R....
	0x02, 0x00, 0xcd, 0x52, 0x00, 0x00, 0xf8, 0x00, 0x02, 0x00, 0x9c, 0x52, 0x00, 0x00, 0x83, 0x00, // ...R.......R....
	0x05, 0x00, 0x16, 0x00, 0x00, 0x00, 0x9f, 0x52, 0x00, 0x00, 0x9a, 0x10, 0x00, 0x00, 0xec, 0x0d, // .......R........
	0x00, 0x00, 0x0c, 0x00, 0x06, 0x00, 0x07, 0x00, 0x00, 0x00, 0xa1, 0x52, 0x00, 0x00, 0x01, 0x00, // ...........R....
	0x00, 0x00, 0x42, 0x00, 0x00, 0x00, 0x9f, 0x52, 0x00, 0x00, 0x0c, 0x00, 0x07, 0x00, 0x07, 0x00, // ..B....R........
	0x00, 0x00, 0xa4, 0x52, 0x00, 0x00, 0x01, 0x00, 0x00, 0x00, 0x28, 0x00, 0x00, 0x00, 0xa1, 0x52, // ...R......(....R
	0x00, 0x00, 0xb0, 0x01, 0x00, 0x00, 0x50, 0x00, 0x06, 0x00, 0x16, 0x00, 0x00, 0x00, 0xa5, 0x52, // ......P........R
	0x00, 0x00, 0xa4, 0x52, 0x00, 0x00, 0xa4, 0x52, 0x00, 0x00, 0xa4, 0x52, 0x00, 0x00, 0x88, 0x00, // ...R...R...R....
	0x05, 0x00, 0x16, 0x00, 0x00, 0x00, 0xa6, 0x52, 0x00, 0x00, 0x9f, 0x52, 0x00, 0x00, 0xa5, 0x52, // .......R...R...R
	0x00, 0x00, 0xba, 0x00, 0x05, 0x00, 0x97, 0x01, 0x00, 0x00, 0xa8, 0x52, 0x00, 0x00, 0xa8, 0x10, // ...........R....
	0x00, 0x00, 0xb0, 0x01, 0x00, 0x00, 0xa9, 0x00, 0x06, 0x00, 0x07, 0x00, 0x00, 0x00, 0xaa, 0x52, // ...............R
	0x00, 0x00, 0xa8, 0x52, 0x00, 0x00, 0xa8, 0x10, 0x00, 0x00, 0x6c, 0x08, 0x00, 0x00, 0x0c, 0x00, // ...R......l.....
	0x07, 0x00, 0x07, 0x00, 0x00, 0x00, 0x30, 0x53, 0x00, 0x00, 0x01, 0x00, 0x00, 0x00, 0x28, 0x00, // ......0S......(.
	0x00, 0x00, 0xaa, 0x52, 0x00, 0x00, 0x54, 0x03, 0x00, 0x00, 0x0c, 0x00, 0x07, 0x00, 0x07, 0x00, // ...R..T.........
	0x00, 0x00, 0x33, 0x53, 0x00, 0x00, 0x01, 0x00, 0x00, 0x00, 0x28, 0x00, 0x00, 0x00, 0xa1, 0x52, // ..3S......(....R
	0x00, 0x00, 0x30, 0x53, 0x00, 0x00, 0x88, 0x00, 0x05, 0x00, 0x07, 0x00, 0x00, 0x00, 0x36, 0x53, // ..0S..........6S
	0x00, 0x00, 0x33, 0x53, 0x00, 0x00, 0x30, 0x53, 0x00, 0x00, 0x85, 0x00, 0x05, 0x00, 0x07, 0x00, // ..3S..0S........
	0x00, 0x00, 0x39, 0x53, 0x00, 0x00, 0x36, 0x53, 0x00, 0x00, 0x36, 0x53, 0x00, 0x00, 0x81, 0x00, // ..9S..6S..6S....
	0x05, 0x00, 0x07, 0x00, 0x00, 0x00, 0x3a, 0x53, 0x00, 0x00, 0xa1, 0x01, 0x00, 0x00, 0x39, 0x53, // ......:S......9S
	0x00, 0x00, 0x88, 0x00, 0x05, 0x00, 0x07, 0x00, 0x00, 0x00, 0x3b, 0x53, 0x00, 0x00, 0xa1, 0x01, // ..........;S....
	0x00, 0x00, 0x3a, 0x53, 0x00, 0x00, 0x0c, 0x00, 0x07, 0x00, 0x07, 0x00, 0x00, 0x00, 0x3e, 0x53, // ..:S..........>S
	0x00, 0x00, 0x01, 0x00, 0x00, 0x00, 0x28, 0x00, 0x00, 0x00, 0x9e, 0x10, 0x00, 0x00, 0xb0, 0x01, // ......(.........
	0x00, 0x00, 0x88, 0x00, 0x05, 0x00, 0x07, 0x00, 0x00, 0x00, 0x3f, 0x53, 0x00, 0x00, 0xa1, 0x52, // ..........?S...R
	0x00, 0x00, 0x3e, 0x53, 0x00, 0x00, 0x0c, 0x00, 0x08, 0x00, 0x07, 0x00, 0x00, 0x00, 0x40, 0x53, // ..>S..........@S
	0x00, 0x00, 0x01, 0x00, 0x00, 0x00, 0x2b, 0x00, 0x00, 0x00, 0x3f, 0x53, 0x00, 0x00, 0x73, 0x01, // ......+...?S..s.
	0x00, 0x00, 0xa1, 0x01, 0x00, 0x00, 0x85, 0x00, 0x05, 0x00, 0x07, 0x00, 0x00, 0x00, 0x43, 0x53, // ..............CS
	0x00, 0x00, 0x40, 0x53, 0x00, 0x00, 0x40, 0x53, 0x00, 0x00, 0x85, 0x00, 0x05, 0x00, 0x07, 0x00, // ..@S..@S........
	0x00, 0x00, 0x45, 0x53, 0x00, 0x00, 0x6f, 0x03, 0x00, 0x00, 0x40, 0x53, 0x00, 0x00, 0x83, 0x00, // ..ES..o...@S....
	0x05, 0x00, 0x07, 0x00, 0x00, 0x00, 0x46, 0x53, 0x00, 0x00, 0x6e, 0x03, 0x00, 0x00, 0x45, 0x53, // ......FS..n...ES
	0x00, 0x00, 0x85, 0x00, 0x05, 0x00, 0x07, 0x00, 0x00, 0x00, 0x47, 0x53, 0x00, 0x00, 0x43, 0x53, // ..........GS..CS
	0x00, 0x00, 0x46, 0x53, 0x00, 0x00, 0x83, 0x00, 0x05, 0x00, 0x07, 0x00, 0x00, 0x00, 0x48, 0x53, // ..FS..........HS
	0x00, 0x00, 0xa1, 0x01, 0x00, 0x00, 0x47, 0x53, 0x00, 0x00, 0x85, 0x00, 0x05, 0x00, 0x07, 0x00, // ......GS........
	0x00, 0x00, 0x4b, 0x53, 0x00, 0x00, 0x48, 0x53, 0x00, 0x00, 0x48, 0x53, 0x00, 0x00, 0x85, 0x00, // ..KS..HS..HS....
	0x05, 0x00, 0x07, 0x00, 0x00, 0x00, 0x4e, 0x53, 0x00, 0x00, 0x3b, 0x53, 0x00, 0x00, 0x4b, 0x53, // ......NS..;S..KS
	0x00, 0x00, 0x8e, 0x00, 0x05, 0x00, 0x16, 0x00, 0x00, 0x00, 0xb0, 0x52, 0x00, 0x00, 0x95, 0x52, // ...........R...R
	0x00, 0x00, 0x4e, 0x53, 0x00, 0x00, 0xba, 0x00, 0x05, 0x00, 0x97, 0x01, 0x00, 0x00, 0xb2, 0x52, // ..NS...........R
	0x00, 0x00, 0x98, 0x10, 0x00, 0x00, 0x78, 0x08, 0x00, 0x00, 0xf7, 0x00, 0x03, 0x00, 0xcc, 0x52, // ......x........R
	0x00, 0x00, 0x00, 0x00, 0x00, 0x00, 0xfa, 0x00, 0x04, 0x00, 0xb2, 0x52, 0x00, 0x00, 0xb3, 0x52, // ...........R...R
	0x00, 0x00, 0xcc, 0x52, 0x00, 0x00, 0xf8, 0x00, 0x02, 0x00, 0xb3, 0x52, 0x00, 0x00, 0x0c, 0x00, // ...R.......R....
	0x06, 0x00, 0x16, 0x00, 0x00, 0x00, 0xb5, 0x52, 0x00, 0x00, 0x01, 0x00, 0x00, 0x00, 0x45, 0x00, // .......R......E.
	0x00, 0x00, 0x9c, 0x10, 0x00, 0x00, 0x7f, 0x00, 0x04, 0x00, 0x16, 0x00, 0x00, 0x00, 0xb7, 0x52, // ...............R
	0x00, 0x00, 0xa6, 0x52, 0x00, 0x00, 0x94, 0x00, 0x05, 0x00, 0x07, 0x00, 0x00, 0x00, 0xb8, 0x52, // ...R...........R
	0x00, 0x00, 0xb5, 0x52, 0x00, 0x00, 0xb7, 0x52, 0x00, 0x00, 0x83, 0x00, 0x05, 0x00, 0x07, 0x00, // ...R...R........
	0x00, 0x00, 0xbb, 0x52, 0x00, 0x00, 0xb8, 0x52, 0x00, 0x00, 0xa6, 0x10, 0x00, 0x00, 0x83, 0x00, // ...R...R........
	0x05, 0x00, 0x07, 0x00, 0x00, 0x00, 0xbe, 0x52, 0x00, 0x00, 0xa4, 0x10, 0x00, 0x00, 0xa6, 0x10, // .......R........
	0x00, 0x00, 0x0c, 0x00, 0x07, 0x00, 0x07, 0x00, 0x00, 0x00, 0xbf, 0x52, 0x00, 0x00, 0x01, 0x00, // ...........R....
	0x00, 0x00, 0x28, 0x00, 0x00, 0x00, 0xbe, 0x52, 0x00, 0x00, 0xb0, 0x01, 0x00, 0x00, 0x88, 0x00, // ..(....R........
	0x05, 0x00, 0x07, 0x00, 0x00, 0x00, 0xc0, 0x52, 0x00, 0x00, 0xbb, 0x52, 0x00, 0x00, 0xbf, 0x52, // .......R...R...R
	0x00, 0x00, 0x0c, 0x00, 0x08, 0x00, 0x07, 0x00, 0x00, 0x00, 0xc1, 0x52, 0x00, 0x00, 0x01, 0x00, // ...........R....
	0x00, 0x00, 0x2b, 0x00, 0x00, 0x00, 0xc0, 0x52, 0x00, 0x00, 0x73, 0x01, 0x00, 0x00, 0xa1, 0x01, // ..+....R..s.....
	0x00, 0x00, 0x85, 0x00, 0x05, 0x00, 0x07, 0x00, 0x00, 0x00, 0xc4, 0x52, 0x00, 0x00, 0xc1, 0x52, // ...........R...R
	0x00, 0x00, 0xc1, 0x52, 0x00, 0x00, 0x85, 0x00, 0x05, 0x00, 0x07, 0x00, 0x00, 0x00, 0xc6, 0x52, // ...R...........R
	0x00, 0x00, 0x6f, 0x03, 0x00, 0x00, 0xc1, 0x52, 0x00, 0x00, 0x83, 0x00, 0x05, 0x00, 0x07, 0x00, // ..o....R........
	0x00, 0x00, 0xc7, 0x52, 0x00, 0x00, 0x6e, 0x03, 0x00, 0x00, 0xc6, 0x52, 0x00, 0x00, 0x85, 0x00, // ...R..n....R....
	0x05, 0x00, 0x07, 0x00, 0x00, 0x00, 0xc8, 0x52, 0x00, 0x00, 0xc4, 0x52, 0x00, 0x00, 0xc7, 0x52, // .......R...R...R
	0x00, 0x00, 0x8e, 0x00, 0x05, 0x00, 0x16, 0x00, 0x00, 0x00, 0xcb, 0x52, 0x00, 0x00, 0xb0, 0x52, // ...........R...R
	0x00, 0x00, 0xc8, 0x52, 0x00, 0x00, 0xf9, 0x00, 0x02, 0x00, 0xcc, 0x52, 0x00, 0x00, 0xf8, 0x00, // ...R.......R....
	0x02, 0x00, 0xcc, 0x52, 0x00, 0x00, 0xf5, 0x00, 0x07, 0x00, 0x16, 0x00, 0x00, 0x00, 0x8e, 0x62, // ...R...........b
	0x00, 0x00, 0xb0, 0x52, 0x00, 0x00, 0x9c, 0x52, 0x00, 0x00, 0xcb, 0x52, 0x00, 0x00, 0xb3, 0x52, // ...R...R...R...R
	0x00, 0x00, 0xf9, 0x00, 0x02, 0x00, 0xcd, 0x52, 0x00, 0x00, 0xf8, 0x00, 0x02, 0x00, 0xcd, 0x52, // .......R.......R
	0x00, 0x00, 0xf5, 0x00, 0x07, 0x00, 0x16, 0x00, 0x00, 0x00, 0x8d, 0x62, 0x00, 0x00, 0x95, 0x52, // ...........b...R
	0x00, 0x00, 0x98, 0x52, 0x00, 0x00, 0x8e, 0x62, 0x00, 0x00, 0xcc, 0x52, 0x00, 0x00, 0xf5, 0x00, // ...R...b...R....
	0x07, 0x00, 0x16, 0x00, 0x00, 0x00, 0x86, 0x62, 0x00, 0x00, 0x9b, 0x52, 0x00, 0x00, 0x98, 0x52, // .......b...R...R
	0x00, 0x00, 0xa6, 0x52, 0x00, 0x00, 0xcc, 0x52, 0x00, 0x00, 0x94, 0x00, 0x05, 0x00, 0x07, 0x00, // ...R...R........
	0x00, 0x00, 0xd0, 0x52, 0x00, 0x00, 0xbc, 0x5d, 0x00, 0x00, 0x86, 0x62, 0x00, 0x00, 0x0c, 0x00, // ...R...]...b....
	0x07, 0x00, 0x07, 0x00, 0x00, 0x00, 0xd1, 0x52, 0x00, 0x00, 0x01, 0x00, 0x00, 0x00, 0x28, 0x00, // .......R......(.
	0x00, 0x00, 0xd0, 0x52, 0x00, 0x00, 0x73, 0x01, 0x00, 0x00, 0xbc, 0x00, 0x05, 0x00, 0x97, 0x01, // ...R..s.........
	0x00, 0x00, 0xd3, 0x52, 0x00, 0x00, 0xd1, 0x52, 0x00, 0x00, 0x9c, 0x08, 0x00, 0x00, 0xf7, 0x00, // ...R...R........
	0x03, 0x00, 0xd6, 0x52, 0x00, 0x00, 0x00, 0x00, 0x00, 0x00, 0xfa, 0x00, 0x04, 0x00, 0xd3, 0x52, // ...R...........R
	0x00, 0x00, 0xd4, 0x52, 0x00, 0x00, 0xd6, 0x52, 0x00, 0x00, 0xf8, 0x00, 0x02, 0x00, 0xd4, 0x52, // ...R...R.......R
	0x00, 0x00, 0xf9, 0x00, 0x02, 0x00, 0x25, 0x53, 0x00, 0x00, 0xf8, 0x00, 0x02, 0x00, 0xd6, 0x52, // ......%S.......R
	0x00, 0x00, 0x81, 0x00, 0x05, 0x00, 0x16, 0x00, 0x00, 0x00, 0xd9, 0x52, 0x00, 0x00, 0x9b, 0x0f, // ...........R....
	0x00, 0x00, 0x86, 0x62, 0x00, 0x00, 0x0c, 0x00, 0x06, 0x00, 0x16, 0x00, 0x00, 0x00, 0xda, 0x52, // ...b...........R
	0x00, 0x00, 0x01, 0x00, 0x00, 0x00, 0x45, 0x00, 0x00, 0x00, 0xd9, 0x52, 0x00, 0x00, 0x94, 0x00, // ......E....R....
	0x05, 0x00, 0x07, 0x00, 0x00, 0x00, 0xdd, 0x52, 0x00, 0x00, 0xbc, 0x5d, 0x00, 0x00, 0xda, 0x52, // .......R...]...R
	0x00, 0x00, 0x0c, 0x00, 0x07, 0x00, 0x07, 0x00, 0x00, 0x00, 0xde, 0x52, 0x00, 0x00, 0x01, 0x00, // ...........R....
	0x00, 0x00, 0x28, 0x00, 0x00, 0x00, 0xdd, 0x52, 0x00, 0x00, 0x73, 0x01, 0x00, 0x00, 0x94, 0x00, // ..(....R..s.....
	0x05, 0x00, 0x07, 0x00, 0x00, 0x00, 0xe1, 0x52, 0x00, 0x00, 0xda, 0x52, 0x00, 0x00, 0x9b, 0x0f, // .......R...R....
	0x00, 0x00, 0x0c, 0x00, 0x07, 0x00, 0x07, 0x00, 0x00, 0x00, 0xe2, 0x52, 0x00, 0x00, 0x01, 0x00, // ...........R....
	0x00, 0x00, 0x28, 0x00, 0x00, 0x00, 0xe1, 0x52, 0x00, 0x00, 0x73, 0x01, 0x00, 0x00, 0x0c, 0x00, // ..(....R..s.....
	0x07, 0x00, 0x07, 0x00, 0x00, 0x00, 0xe6, 0x52, 0x00, 0x00, 0x01, 0x00, 0x00, 0x00, 0x28, 0x00, // .......R......(.
	0x00, 0x00, 0xd0, 0x52, 0x00, 0x00, 0xb0, 0x01, 0x00, 0x00, 0x85, 0x00, 0x05, 0x00, 0x07, 0x00, // ...R............
	0x00, 0x00, 0x5a, 0x53, 0x00, 0x00, 0xca, 0x0f, 0x00, 0x00, 0xca, 0x0f, 0x00, 0x00, 0x85, 0x00, // ..ZS............
	0x05, 0x00, 0x07, 0x00, 0x00, 0x00, 0x5d, 0x53, 0x00, 0x00, 0x5a, 0x53, 0x00, 0x00, 0x5a, 0x53, // ......]S..ZS..ZS
	0x00, 0x00, 0x85, 0x00, 0x05, 0x00, 0x07, 0x00, 0x00, 0x00, 0x60, 0x53, 0x00, 0x00, 0xde, 0x52, // ..........`S...R
	0x00, 0x00, 0xde, 0x52, 0x00, 0x00, 0x83, 0x00, 0x05, 0x00, 0x07, 0x00, 0x00, 0x00, 0x62, 0x53, // ...R..........bS
	0x00, 0x00, 0x5d, 0x53, 0x00, 0x00, 0xa1, 0x01, 0x00, 0x00, 0x85, 0x00, 0x05, 0x00, 0x07, 0x00, // ..]S............
	0x00, 0x00, 0x63, 0x53, 0x00, 0x00, 0x60, 0x53, 0x00, 0x00, 0x62, 0x53, 0x00, 0x00, 0x81, 0x00, // ..cS..`S..bS....
	0x05, 0x00, 0x07, 0x00, 0x00, 0x00, 0x64, 0x53, 0x00, 0x00, 0x63, 0x53, 0x00, 0x00, 0xa1, 0x01, // ......dS..cS....
	0x00, 0x00, 0x85, 0x00, 0x05, 0x00, 0x07, 0x00, 0x00, 0x00, 0x67, 0x53, 0x00, 0x00, 0x1f, 0x02, // ..........gS....
	0x00, 0x00, 0x64, 0x53, 0x00, 0x00, 0x85, 0x00, 0x05, 0x00, 0x07, 0x00, 0x00, 0x00, 0x69, 0x53, // ..dS..........iS
	0x00, 0x00, 0x67, 0x53, 0x00, 0x00, 0x64, 0x53, 0x00, 0x00, 0x0c, 0x00, 0x07, 0x00, 0x07, 0x00, // ..gS..dS........
	0x00, 0x00, 0x6a, 0x53, 0x00, 0x00, 0x01, 0x00, 0x00, 0x00, 0x28, 0x00, 0x00, 0x00, 0x69, 0x53, // ..jS......(...iS
	0x00, 0x00, 0x24, 0x02, 0x00, 0x00, 0x88, 0x00, 0x05, 0x00, 0x07, 0x00, 0x00, 0x00, 0x6b, 0x53, // ..$...........kS
	0x00, 0x00, 0x5d, 0x53, 0x00, 0x00, 0x6a, 0x53, 0x00, 0x00, 0x81, 0x00, 0x05, 0x00, 0x07, 0x00, // ..]S..jS........
	0x00, 0x00, 0x7e, 0x53, 0x00, 0x00, 0xca, 0x0f, 0x00, 0x00, 0xa1, 0x01, 0x00, 0x00, 0x85, 0x00, // ..~S............
	0x05, 0x00, 0x07, 0x00, 0x00, 0x00, 0x81, 0x53, 0x00, 0x00, 0x7e, 0x53, 0x00, 0x00, 0x7e, 0x53, // .......S..~S..~S
	0x00, 0x00, 0x85, 0x00, 0x05, 0x00, 0x07, 0x00, 0x00, 0x00, 0x82, 0x53, 0x00, 0x00, 0x81, 0x53, // ...........S...S
	0x00, 0x00, 0xab, 0x5d, 0x00, 0x00, 0x83, 0x00, 0x05, 0x00, 0x07, 0x00, 0x00, 0x00, 0x86, 0x53, // ...]...........S
	0x00, 0x00, 0xa1, 0x01, 0x00, 0x00, 0x82, 0x53, 0x00, 0x00, 0x85, 0x00, 0x05, 0x00, 0x07, 0x00, // .......S........
	0x00, 0x00, 0x87, 0x53, 0x00, 0x00, 0xce, 0x0f, 0x00, 0x00, 0x86, 0x53, 0x00, 0x00, 0x81, 0x00, // ...S.......S....
	0x05, 0x00, 0x07, 0x00, 0x00, 0x00, 0x89, 0x53, 0x00, 0x00, 0x87, 0x53, 0x00, 0x00, 0x82, 0x53, // .......S...S...S
	0x00, 0x00, 0x88, 0x00, 0x05, 0x00, 0x07, 0x00, 0x00, 0x00, 0x8a, 0x53, 0x00, 0x00, 0xce, 0x0f, // ...........S....
	0x00, 0x00, 0x89, 0x53, 0x00, 0x00, 0x85, 0x00, 0x05, 0x00, 0x07, 0x00, 0x00, 0x00, 0x99, 0x53, // ...S...........S
	0x00, 0x00, 0xe6, 0x52, 0x00, 0x00, 0x86, 0x53, 0x00, 0x00, 0x81, 0x00, 0x05, 0x00, 0x07, 0x00, // ...R...S........
	0x00, 0x00, 0x9b, 0x53, 0x00, 0x00, 0x99, 0x53, 0x00, 0x00, 0x82, 0x53, 0x00, 0x00, 0x88, 0x00, // ...S...S...S....
	0x05, 0x00, 0x07, 0x00, 0x00, 0x00, 0x9c, 0x53, 0x00, 0x00, 0xe6, 0x52, 0x00, 0x00, 0x9b, 0x53, // .......S...R...S
	0x00, 0x00, 0x85, 0x00, 0x05, 0x00, 0x07, 0x00, 0x00, 0x00, 0x78, 0x53, 0x00, 0x00, 0x8a, 0x53, // ..........xS...S
	0x00, 0x00, 0x9c, 0x53, 0x00, 0x00, 0x83, 0x00, 0x05, 0x00, 0x16, 0x00, 0x00, 0x00, 0xa2, 0x53, // ...S...........S
	0x00, 0x00, 0x0a, 0x02, 0x00, 0x00, 0x8e, 0x13, 0x00, 0x00, 0x83, 0x00, 0x05, 0x00, 0x07, 0x00, // ................
	0x00, 0x00, 0xa4, 0x53, 0x00, 0x00, 0xa1, 0x01, 0x00, 0x00, 0xe2, 0x52, 0x00, 0x00, 0x0c, 0x00, // ...S.......R....
	0x08, 0x00, 0x07, 0x00, 0x00, 0x00, 0xa5, 0x53, 0x00, 0x00, 0x01, 0x00, 0x00, 0x00, 0x2b, 0x00, // .......S......+.
	0x00, 0x00, 0xa4, 0x53, 0x00, 0x00, 0x73, 0x01, 0x00, 0x00, 0xa1, 0x01, 0x00, 0x00, 0x0c, 0x00, // ...S..s.........
	0x07, 0x00, 0x07, 0x00, 0x00, 0x00, 0xa6, 0x53, 0x00, 0x00, 0x01, 0x00, 0x00, 0x00, 0x1a, 0x00, // .......S........
	0x00, 0x00, 0xa5, 0x53, 0x00, 0x00, 0x50, 0x02, 0x00, 0x00, 0x8e, 0x00, 0x05, 0x00, 0x16, 0x00, // ...S..P.........
	0x00, 0x00, 0xa7, 0x53, 0x00, 0x00, 0xa2, 0x53, 0x00, 0x00, 0xa6, 0x53, 0x00, 0x00, 0x81, 0x00, // ...S...S...S....
	0x05, 0x00, 0x16, 0x00, 0x00, 0x00, 0xa8, 0x53, 0x00, 0x00, 0x8e, 0x13, 0x00, 0x00, 0xa7, 0x53, // .......S.......S
	0x00, 0x00, 0x85, 0x00, 0x05, 0x00, 0x07, 0x00, 0x00, 0x00, 0xf3, 0x52, 0x00, 0x00, 0x6b, 0x53, // ...........R..kS
	0x00, 0x00, 0x78, 0x53, 0x00, 0x00, 0x8e, 0x00, 0x05, 0x00, 0x16, 0x00, 0x00, 0x00, 0xf5, 0x52, // ..xS...........R
	0x00, 0x00, 0xa8, 0x53, 0x00, 0x00, 0xf3, 0x52, 0x00, 0x00, 0x85, 0x00, 0x05, 0x00, 0x07, 0x00, // ...S...R........
	0x00, 0x00, 0xf7, 0x52, 0x00, 0x00, 0xa7, 0x04, 0x00, 0x00, 0xce, 0x0f, 0x00, 0x00, 0x85, 0x00, // ...R............
	0x05, 0x00, 0x07, 0x00, 0x00, 0x00, 0xf9, 0x52, 0x00, 0x00, 0xf7, 0x52, 0x00, 0x00, 0xe6, 0x52, // .......R...R...R
	0x00, 0x00, 0x0c, 0x00, 0x07, 0x00, 0x07, 0x00, 0x00, 0x00, 0xfa, 0x52, 0x00, 0x00, 0x01, 0x00, // ...........R....
	0x00, 0x00, 0x28, 0x00, 0x00, 0x00, 0xf9, 0x52, 0x00, 0x00, 0xb0, 0x01, 0x00, 0x00, 0x50, 0x00, // ..(....R......P.
	0x06, 0x00, 0x16, 0x00, 0x00, 0x00, 0xfb, 0x52, 0x00, 0x00, 0xfa, 0x52, 0x00, 0x00, 0xfa, 0x52, // .......R...R...R
	0x00, 0x00, 0xfa, 0x52, 0x00, 0x00, 0x88, 0x00, 0x05, 0x00, 0x16, 0x00, 0x00, 0x00, 0xfc, 0x52, // ...R...........R
	0x00, 0x00, 0xf5, 0x52, 0x00, 0x00, 0xfb, 0x52, 0x00, 0x00, 0xa8, 0x00, 0x04, 0x00, 0x97, 0x01, // ...R...R........
	0x00, 0x00, 0xfe, 0x52, 0x00, 0x00, 0x97, 0x52, 0x00, 0x00, 0xf7, 0x00, 0x03, 0x00, 0x04, 0x53, // ...R...R.......S
	0x00, 0x00, 0x00, 0x00, 0x00, 0x00, 0xfa, 0x00, 0x04, 0x00, 0xfe, 0x52, 0x00, 0x00, 0xff, 0x52, // ...........R...R
	0x00, 0x00, 0x04, 0x53, 0x00, 0x00, 0xf8, 0x00, 0x02, 0x00, 0xff, 0x52, 0x00, 0x00, 0x0c, 0x00, // ...S.......R....
	0x08, 0x00, 0x16, 0x00, 0x00, 0x00, 0x03, 0x53, 0x00, 0x00, 0x01, 0x00, 0x00, 0x00, 0x2b, 0x00, // .......S......+.
	0x00, 0x00, 0xfc, 0x52, 0x00, 0x00, 0x09, 0x02, 0x00, 0x00, 0xac, 0x5d, 0x00, 0x00, 0xf9, 0x00, // ...R.......]....
	0x02, 0x00, 0x04, 0x53, 0x00, 0x00, 0xf8, 0x00, 0x02, 0x00, 0x04, 0x53, 0x00, 0x00, 0xf5, 0x00, // ...S.......S....
	0x07, 0x00, 0x16, 0x00, 0x00, 0x00, 0x8b, 0x62, 0x00, 0x00, 0xfc, 0x52, 0x00, 0x00, 0xd6, 0x52, // .......b...R...R
	0x00, 0x00, 0x03, 0x53, 0x00, 0x00, 0xff, 0x52, 0x00, 0x00, 0x83, 0x00, 0x05, 0x00, 0x16, 0x00, // ...S...R........
	0x00, 0x00, 0x07, 0x53, 0x00, 0x00, 0x0a, 0x02, 0x00, 0x00, 0xa8, 0x53, 0x00, 0x00, 0x83, 0x00, // ...S.......S....
	0x05, 0x00, 0x07, 0x00, 0x00, 0x00, 0x09, 0x53, 0x00, 0x00, 0xa1, 0x01, 0x00, 0x00, 0x84, 0x0f, // .......S........
	0x00, 0x00, 0x8e, 0x00, 0x05, 0x00, 0x16, 0x00, 0x00, 0x00, 0x0a, 0x53, 0x00, 0x00, 0x07, 0x53, // ...........S...S
	0x00, 0x00, 0x09, 0x53, 0x00, 0x00, 0xa9, 0x00, 0x06, 0x00, 0x07, 0x00, 0x00, 0x00, 0x0d, 0x53, // ...S...........S
	0x00, 0x00, 0xfe, 0x52, 0x00, 0x00, 0xee, 0x08, 0x00, 0x00, 0xa1, 0x01, 0x00, 0x00, 0x85, 0x00, // ...R............
	0x05, 0x00, 0x07, 0x00, 0x00, 0x00, 0x11, 0x53, 0x00, 0x00, 0xf4, 0x08, 0x00, 0x00, 0x84, 0x0f, // .......S........
	0x00, 0x00, 0x81, 0x00, 0x05, 0x00, 0x07, 0x00, 0x00, 0x00, 0x12, 0x53, 0x00, 0x00, 0xf3, 0x08, // ...........S....
	0x00, 0x00, 0x11, 0x53, 0x00, 0x00, 0xa9, 0x00, 0x06, 0x00, 0x07, 0x00, 0x00, 0x00, 0x13, 0x53, // ...S...........S
	0x00, 0x00, 0xfe, 0x52, 0x00, 0x00, 0x12, 0x53, 0x00, 0x00, 0xa1, 0x01, 0x00, 0x00, 0x85, 0x00, // ...R...S........
	0x05, 0x00, 0x16, 0x00, 0x00, 0x00, 0x16, 0x53, 0x00, 0x00, 0x0a, 0x53, 0x00, 0x00, 0x92, 0x0f, // .......S...S....
	0x00, 0x00, 0x85, 0x00, 0x05, 0x00, 0x16, 0x00, 0x00, 0x00, 0x18, 0x53, 0x00, 0x00, 0x16, 0x53, // ...........S...S
	0x00, 0x00, 0xaf, 0x5d, 0x00, 0x00, 0x8e, 0x00, 0x05, 0x00, 0x16, 0x00, 0x00, 0x00, 0x1a, 0x53, // ...]...........S
	0x00, 0x00, 0x18, 0x53, 0x00, 0x00, 0x0d, 0x53, 0x00, 0x00, 0x8e, 0x00, 0x05, 0x00, 0x16, 0x00, // ...S...S........
	0x00, 0x00, 0x1d, 0x53, 0x00, 0x00, 0x8b, 0x62, 0x00, 0x00, 0x13, 0x53, 0x00, 0x00, 0x81, 0x00, // ...S...b...S....
	0x05, 0x00, 0x16, 0x00, 0x00, 0x00, 0x1e, 0x53, 0x00, 0x00, 0x1a, 0x53, 0x00, 0x00, 0x1d, 0x53, // .......S...S...S
	0x00, 0x00, 0x85, 0x00, 0x05, 0x00, 0x16, 0x00, 0x00, 0x00, 0x20, 0x53, 0x00, 0x00, 0x1e, 0x53, // .......... S...S
	0x00, 0x00, 0x8d, 0x62, 0x00, 0x00, 0x8e, 0x00, 0x05, 0x00, 0x16, 0x00, 0x00, 0x00, 0x22, 0x53, // ...b.........."S
	0x00, 0x00, 0x20, 0x53, 0x00, 0x00, 0xd1, 0x52, 0x00, 0x00, 0x8e, 0x00, 0x05, 0x00, 0x16, 0x00, // .. S...R........
	0x00, 0x00, 0x24, 0x53, 0x00, 0x00, 0x22, 0x53, 0x00, 0x00, 0xa1, 0x01, 0x00, 0x00, 0xf9, 0x00, // ..$S.."S........
	0x02, 0x00, 0x25, 0x53, 0x00, 0x00, 0xf8, 0x00, 0x02, 0x00, 0x25, 0x53, 0x00, 0x00, 0xf5, 0x00, // ..%S......%S....
	0x07, 0x00, 0x16, 0x00, 0x00, 0x00, 0x8f, 0x62, 0x00, 0x00, 0x09, 0x02, 0x00, 0x00, 0xd4, 0x52, // .......b.......R
	0x00, 0x00, 0x24, 0x53, 0x00, 0x00, 0x04, 0x53, 0x00, 0x00, 0x81, 0x00, 0x05, 0x00, 0x16, 0x00, // ..$S...S........
	0x00, 0x00, 0xb3, 0x10, 0x00, 0x00, 0x92, 0x62, 0x00, 0x00, 0x8f, 0x62, 0x00, 0x00, 0xf9, 0x00, // .......b...b....
	0x02, 0x00, 0xb4, 0x10, 0x00, 0x00, 0xf8, 0x00, 0x02, 0x00, 0xb4, 0x10, 0x00, 0x00, 0x80, 0x00, // ................
	0x05, 0x00, 0x1f, 0x00, 0x00, 0x00, 0xb6, 0x10, 0x00, 0x00, 0x7c, 0x62, 0x00, 0x00, 0x26, 0x01, // ..........|b..&.
	0x00, 0x00, 0xf9, 0x00, 0x02, 0x00, 0x6f, 0x10, 0x00, 0x00, 0xf8, 0x00, 0x02, 0x00, 0xb7, 0x10, // ......o.........
	0x00, 0x00, 0xf9, 0x00, 0x02, 0x00, 0x87, 0x11, 0x00, 0x00, 0xf8, 0x00, 0x02, 0x00, 0xb8, 0x10, // ................
	0x00, 0x00, 0x41, 0x00, 0x06, 0x00, 0x93, 0x01, 0x00, 0x00, 0xb9, 0x10, 0x00, 0x00, 0x91, 0x01, // ..A.............
	0x00, 0x00, 0x3c, 0x0b, 0x00, 0x00, 0x88, 0x01, 0x00, 0x00, 0x3d, 0x00, 0x04, 0x00, 0x07, 0x00, // ..<.......=.....
	0x00, 0x00, 0xba, 0x10, 0x00, 0x00, 0xb9, 0x10, 0x00, 0x00, 0x6e, 0x00, 0x04, 0x00, 0x1f, 0x00, // ..........n.....
	0x00, 0x00, 0xbb, 0x10, 0x00, 0x00, 0xba, 0x10, 0x00, 0x00, 0xf9, 0x00, 0x02, 0x00, 0xbc, 0x10, // ................
	0x00, 0x00, 0xf8, 0x00, 0x02, 0x00, 0xbc, 0x10, 0x00, 0x00, 0xf5, 0x00, 0x07, 0x00, 0x16, 0x00, // ................
	0x00, 0x00, 0x76, 0x62, 0x00, 0x00, 0x09, 0x02, 0x00, 0x00, 0xb8, 0x10, 0x00, 0x00, 0x1f, 0x65, // ..vb...........e
	0x00, 0x00, 0x83, 0x11, 0x00, 0x00, 0xf5, 0x00, 0x07, 0x00, 0x1f, 0x00, 0x00, 0x00, 0x5e, 0x60, // ..............^`
	0x00, 0x00, 0x2a, 0x01, 0x00, 0x00, 0xb8, 0x10, 0x00, 0x00, 0x85, 0x11, 0x00, 0x00, 0x83, 0x11, // ..*.............
	0x00, 0x00, 0xb1, 0x00, 0x05, 0x00, 0x97, 0x01, 0x00, 0x00, 0xbf, 0x10, 0x00, 0x00, 0x5e, 0x60, // ..............^`
	0x00, 0x00, 0xbf, 0x01, 0x00, 0x00, 0xf6, 0x00, 0x04, 0x00, 0x86, 0x11, 0x00, 0x00, 0x83, 0x11, // ................
	0x00, 0x00, 0x00, 0x00, 0x00, 0x00, 0xfa, 0x00, 0x04, 0x00, 0xbf, 0x10, 0x00, 0x00, 0xc0, 0x10, // ................
	0x00, 0x00, 0x86, 0x11, 0x00, 0x00, 0xf8, 0x00, 0x02, 0x00, 0xc0, 0x10, 0x00, 0x00, 0xaf, 0x00, // ................
	0x05, 0x00, 0x97, 0x01, 0x00, 0x00, 0xc3, 0x10, 0x00, 0x00, 0x5e, 0x60, 0x00, 0x00, 0xbb, 0x10, // ..........^`....
	0x00, 0x00, 0xf7, 0x00, 0x03, 0x00, 0xc5, 0x10, 0x00, 0x00, 0x00, 0x00, 0x00, 0x00, 0xfa, 0x00, // ................
	0x04, 0x00, 0xc3, 0x10, 0x00, 0x00, 0xc4, 0x10, 0x00, 0x00, 0xc5, 0x10, 0x00, 0x00, 0xf8, 0x00, // ................
	0x02, 0x00, 0xc4, 0x10, 0x00, 0x00, 0xf9, 0x00, 0x02, 0x00, 0x86, 0x11, 0x00, 0x00, 0xf8, 0x00, // ................
	0x02, 0x00, 0xc5, 0x10, 0x00, 0x00, 0x41, 0x00, 0x07, 0x00, 0x93, 0x01, 0x00, 0x00, 0xc7, 0x10, // ......A.........
	0x00, 0x00, 0x91, 0x01, 0x00, 0x00, 0x4f, 0x0b, 0x00, 0x00, 0x5e, 0x60, 0x00, 0x00, 0x88, 0x01, // ......O...^`....
	0x00, 0x00, 0x3d, 0x00, 0x04, 0x00, 0x07, 0x00, 0x00, 0x00, 0xc8, 0x10, 0x00, 0x00, 0xc7, 0x10, // ..=.............
	0x00, 0x00, 0x41, 0x00, 0x06, 0x00, 0xb6, 0x01, 0x00, 0x00, 0xca, 0x10, 0x00, 0x00, 0x91, 0x01, // ..A.............
	0x00, 0x00, 0x54, 0x0b, 0x00, 0x00, 0x5e, 0x60, 0x00, 0x00, 0x3d, 0x00, 0x04, 0x00, 0x0d, 0x00, // ..T...^`..=.....
	0x00, 0x00, 0xcb, 0x10, 0x00, 0x00, 0xca, 0x10, 0x00, 0x00, 0x4f, 0x00, 0x08, 0x00, 0x16, 0x00, // ..........O.....
	0x00, 0x00, 0xcc, 0x10, 0x00, 0x00, 0xcb, 0x10, 0x00, 0x00, 0xcb, 0x10, 0x00, 0x00, 0x00, 0x00, // ................
	0x00, 0x00, 0x01, 0x00, 0x00, 0x00, 0x02, 0x00, 0x00, 0x00, 0x0c, 0x00, 0x07, 0x00, 0x16, 0x00, // ................
	0x00, 0x00, 0xbb, 0x53, 0x00, 0x00, 0x01, 0x00, 0x00, 0x00, 0x28, 0x00, 0x00, 0x00, 0xcc, 0x10, // ...S......(.....
	0x00, 0x00, 0x09, 0x02, 0x00, 0x00, 0x0c, 0x00, 0x07, 0x00, 0x16, 0x00, 0x00, 0x00, 0xbd, 0x53, // ...............S
	0x00, 0x00, 0x01, 0x00, 0x00, 0x00, 0x1a, 0x00, 0x00, 0x00, 0xbb, 0x53, 0x00, 0x00, 0xa3, 0x5d, // ...........S...]
	0x00, 0x00, 0x41, 0x00, 0x07, 0x00, 0x93, 0x01, 0x00, 0x00, 0xcf, 0x10, 0x00, 0x00, 0x91, 0x01, // ..A.............
	0x00, 0x00, 0x54, 0x0b, 0x00, 0x00, 0x5e, 0x60, 0x00, 0x00, 0x88, 0x01, 0x00, 0x00, 0x3d, 0x00, // ..T...^`......=.
	0x04, 0x00, 0x07, 0x00, 0x00, 0x00, 0xd0, 0x10, 0x00, 0x00, 0xcf, 0x10, 0x00, 0x00, 0x8e, 0x00, // ................
	0x05, 0x00, 0x16, 0x00, 0x00, 0x00, 0xd1, 0x10, 0x00, 0x00, 0xbd, 0x53, 0x00, 0x00, 0xd0, 0x10, // ...........S....
	0x00, 0x00, 0xb8, 0x00, 0x05, 0x00, 0x97, 0x01, 0x00, 0x00, 0xd3, 0x10, 0x00, 0x00, 0xc8, 0x10, // ................
	0x00, 0x00, 0x96, 0x01, 0x00, 0x00, 0xf7, 0x00, 0x03, 0x00, 0x1e, 0x11, 0x00, 0x00, 0x00, 0x00, // ................
	0x00, 0x00, 0xfa, 0x00, 0x04, 0x00, 0xd3, 0x10, 0x00, 0x00, 0xd4, 0x10, 0x00, 0x00, 0xdb, 0x10, // ................
	0x00, 0x00, 0xf8, 0x00, 0x02, 0x00, 0xd4, 0x10, 0x00, 0x00, 0x41, 0x00, 0x06, 0x00, 0xb6, 0x01, // ..........A.....
	0x00, 0x00, 0xd6, 0x10, 0x00, 0x00, 0x91, 0x01, 0x00, 0x00, 0x65, 0x0b, 0x00, 0x00, 0x5e, 0x60, // ..........e...^`
	0x00, 0x00, 0x3d, 0x00, 0x04, 0x00, 0x0d, 0x00, 0x00, 0x00, 0xd7, 0x10, 0x00, 0x00, 0xd6, 0x10, // ..=.............
	0x00, 0x00, 0x4f, 0x00, 0x08, 0x00, 0x16, 0x00, 0x00, 0x00, 0xd8, 0x10, 0x00, 0x00, 0xd7, 0x10, // ..O.............
	0x00, 0x00, 0xd7, 0x10, 0x00, 0x00, 0x00, 0x00, 0x00, 0x00, 0x01, 0x00, 0x00, 0x00, 0x02, 0x00, // ................
	0x00, 0x00, 0x7f, 0x00, 0x04, 0x00, 0x16, 0x00, 0x00, 0x00, 0xd9, 0x10, 0x00, 0x00, 0xd8, 0x10, // ................
	0x00, 0x00, 0x0c, 0x00, 0x06, 0x00, 0x16, 0x00, 0x00, 0x00, 0xda, 0x10, 0x00, 0x00, 0x01, 0x00, // ................
	0x00, 0x00, 0x45, 0x00, 0x00, 0x00, 0xd9, 0x10, 0x00, 0x00, 0xf9, 0x00, 0x02, 0x00, 0x1e, 0x11, // ..E.............
	0x00, 0x00, 0xf8, 0x00, 0x02, 0x00, 0xdb, 0x10, 0x00, 0x00, 0x41, 0x00, 0x06, 0x00, 0xb6, 0x01, // ..........A.....
	0x00, 0x00, 0xdd, 0x10, 0x00, 0x00, 0x91, 0x01, 0x00, 0x00, 0x4f, 0x0b, 0x00, 0x00, 0x5e, 0x60, // ..........O...^`
	0x00, 0x00, 0x3d, 0x00, 0x04, 0x00, 0x0d, 0x00, 0x00, 0x00, 0xde, 0x10, 0x00, 0x00, 0xdd, 0x10, // ..=.............
	0x00, 0x00, 0x4f, 0x00, 0x08, 0x00, 0x16, 0x00, 0x00, 0x00, 0xdf, 0x10, 0x00, 0x00, 0xde, 0x10, // ..O.............
	0x00, 0x00, 0xde, 0x10, 0x00, 0x00, 0x00, 0x00, 0x00, 0x00, 0x01, 0x00, 0x00, 0x00, 0x02, 0x00, // ................
	0x00, 0x00, 0x83, 0x00, 0x05, 0x00, 0x16, 0x00, 0x00, 0x00, 0xe1, 0x10, 0x00, 0x00, 0xdf, 0x10, // ................
	0x00, 0x00, 0xec, 0x0d, 0x00, 0x00, 0x0c, 0x00, 0x06, 0x00, 0x07, 0x00, 0x00, 0x00, 0xe3, 0x10, // ................
	0x00, 0x00, 0x01, 0x00, 0x00, 0x00, 0x42, 0x00, 0x00, 0x00, 0xe1, 0x10, 0x00, 0x00, 0x0c, 0x00, // ......B.........
	0x07, 0x00, 0x07, 0x00, 0x00, 0x00, 0xe6, 0x10, 0x00, 0x00, 0x01, 0x00, 0x00, 0x00, 0x28, 0x00, // ..............(.
	0x00, 0x00, 0xe3, 0x10, 0x00, 0x00, 0xb0, 0x01, 0x00, 0x00, 0x50, 0x00, 0x06, 0x00, 0x16, 0x00, // ..........P.....
	0x00, 0x00, 0xe7, 0x10, 0x00, 0x00, 0xe6, 0x10, 0x00, 0x00, 0xe6, 0x10, 0x00, 0x00, 0xe6, 0x10, // ................
	0x00, 0x00, 0x88, 0x00, 0x05, 0x00, 0x16, 0x00, 0x00, 0x00, 0xe8, 0x10, 0x00, 0x00, 0xe1, 0x10, // ................
	0x00, 0x00, 0xe7, 0x10, 0x00, 0x00, 0x41, 0x00, 0x07, 0x00, 0x93, 0x01, 0x00, 0x00, 0xea, 0x10, // ......A.........
	0x00, 0x00, 0x91, 0x01, 0x00, 0x00, 0x7d, 0x0b, 0x00, 0x00, 0x5e, 0x60, 0x00, 0x00, 0x4f, 0x01, // ......}...^`..O.
	0x00, 0x00, 0x3d, 0x00, 0x04, 0x00, 0x07, 0x00, 0x00, 0x00, 0xeb, 0x10, 0x00, 0x00, 0xea, 0x10, // ..=.............
	0x00, 0x00, 0xba, 0x00, 0x05, 0x00, 0x97, 0x01, 0x00, 0x00, 0xec, 0x10, 0x00, 0x00, 0xeb, 0x10, // ................
	0x00, 0x00, 0xb0, 0x01, 0x00, 0x00, 0xa9, 0x00, 0x06, 0x00, 0x07, 0x00, 0x00, 0x00, 0xf0, 0x10, // ................
	0x00, 0x00, 0xec, 0x10, 0x00, 0x00, 0xeb, 0x10, 0x00, 0x00, 0x6c, 0x08, 0x00, 0x00, 0x41, 0x00, // ..........l...A.
	0x07, 0x00, 0x93, 0x01, 0x00, 0x00, 0xf3, 0x10, 0x00, 0x00, 0x91, 0x01, 0x00, 0x00, 0x65, 0x0b, // ..............e.
	0x00, 0x00, 0x5e, 0x60, 0x00, 0x00, 0x88, 0x01, 0x00, 0x00, 0x3d, 0x00, 0x04, 0x00, 0x07, 0x00, // ..^`......=.....
	0x00, 0x00, 0xf4, 0x10, 0x00, 0x00, 0xf3, 0x10, 0x00, 0x00, 0x0c, 0x00, 0x07, 0x00, 0x07, 0x00, // ................
	0x00, 0x00, 0xcf, 0x53, 0x00, 0x00, 0x01, 0x00, 0x00, 0x00, 0x28, 0x00, 0x00, 0x00, 0xf0, 0x10, // ...S......(.....
	0x00, 0x00, 0x54, 0x03, 0x00, 0x00, 0x0c, 0x00, 0x07, 0x00, 0x07, 0x00, 0x00, 0x00, 0xd2, 0x53, // ..T............S
	0x00, 0x00, 0x01, 0x00, 0x00, 0x00, 0x28, 0x00, 0x00, 0x00, 0xe3, 0x10, 0x00, 0x00, 0xcf, 0x53, // ......(........S
	0x00, 0x00, 0x88, 0x00, 0x05, 0x00, 0x07, 0x00, 0x00, 0x00, 0xd5, 0x53, 0x00, 0x00, 0xd2, 0x53, // ...........S...S
	0x00, 0x00, 0xcf, 0x53, 0x00, 0x00, 0x85, 0x00, 0x05, 0x00, 0x07, 0x00, 0x00, 0x00, 0xd8, 0x53, // ...S...........S
	0x00, 0x00, 0xd5, 0x53, 0x00, 0x00, 0xd5, 0x53, 0x00, 0x00, 0x81, 0x00, 0x05, 0x00, 0x07, 0x00, // ...S...S........
	0x00, 0x00, 0xd9, 0x53, 0x00, 0x00, 0xa1, 0x01, 0x00, 0x00, 0xd8, 0x53, 0x00, 0x00, 0x88, 0x00, // ...S.......S....
	0x05, 0x00, 0x07, 0x00, 0x00, 0x00, 0xda, 0x53, 0x00, 0x00, 0xa1, 0x01, 0x00, 0x00, 0xd9, 0x53, // .......S.......S
	0x00, 0x00, 0x0c, 0x00, 0x07, 0x00, 0x07, 0x00, 0x00, 0x00, 0xdd, 0x53, 0x00, 0x00, 0x01, 0x00, // ...........S....
	0x00, 0x00, 0x28, 0x00, 0x00, 0x00, 0xf4, 0x10, 0x00, 0x00, 0xb0, 0x01, 0x00, 0x00, 0x88, 0x00, // ..(.............
	0x05, 0x00, 0x07, 0x00, 0x00, 0x00, 0xde, 0x53, 0x00, 0x00, 0xe3, 0x10, 0x00, 0x00, 0xdd, 0x53, // .......S.......S
	0x00, 0x00, 0x0c, 0x00, 0x08, 0x00, 0x07, 0x00, 0x00, 0x00, 0xdf, 0x53, 0x00, 0x00, 0x01, 0x00, // ...........S....
	0x00, 0x00, 0x2b, 0x00, 0x00, 0x00, 0xde, 0x53, 0x00, 0x00, 0x73, 0x01, 0x00, 0x00, 0xa1, 0x01, // ..+....S..s.....
	0x00, 0x00, 0x85, 0x00, 0x05, 0x00, 0x07, 0x00, 0x00, 0x00, 0xe2, 0x53, 0x00, 0x00, 0xdf, 0x53, // ...........S...S
	0x00, 0x00, 0xdf, 0x53, 0x00, 0x00, 0x85, 0x00, 0x05, 0x00, 0x07, 0x00, 0x00, 0x00, 0xe4, 0x53, // ...S...........S
	0x00, 0x00, 0x6f, 0x03, 0x00, 0x00, 0xdf, 0x53, 0x00, 0x00, 0x83, 0x00, 0x05, 0x00, 0x07, 0x00, // ..o....S........
	0x00, 0x00, 0xe5, 0x53, 0x00, 0x00, 0x6e, 0x03, 0x00, 0x00, 0xe4, 0x53, 0x00, 0x00, 0x85, 0x00, // ...S..n....S....
	0x05, 0x00, 0x07, 0x00, 0x00, 0x00, 0xe6, 0x53, 0x00, 0x00, 0xe2, 0x53, 0x00, 0x00, 0xe5, 0x53, // .......S...S...S
	0x00, 0x00, 0x83, 0x00, 0x05, 0x00, 0x07, 0x00, 0x00, 0x00, 0xe7, 0x53, 0x00, 0x00, 0xa1, 0x01, // ...........S....
	0x00, 0x00, 0xe6, 0x53, 0x00, 0x00, 0x85, 0x00, 0x05, 0x00, 0x07, 0x00, 0x00, 0x00, 0xea, 0x53, // ...S...........S
	0x00, 0x00, 0xe7, 0x53, 0x00, 0x00, 0xe7, 0x53, 0x00, 0x00, 0x85, 0x00, 0x05, 0x00, 0x07, 0x00, // ...S...S........
	0x00, 0x00, 0xed, 0x53, 0x00, 0x00, 0xda, 0x53, 0x00, 0x00, 0xea, 0x53, 0x00, 0x00, 0x8e, 0x00, // ...S...S...S....
	0x05, 0x00, 0x16, 0x00, 0x00, 0x00, 0xf8, 0x10, 0x00, 0x00, 0xd1, 0x10, 0x00, 0x00, 0xed, 0x53, // ...............S
	0x00, 0x00, 0xba, 0x00, 0x05, 0x00, 0x97, 0x01, 0x00, 0x00, 0xfa, 0x10, 0x00, 0x00, 0xc8, 0x10, // ................
	0x00, 0x00, 0x78, 0x08, 0x00, 0x00, 0xf7, 0x00, 0x03, 0x00, 0x1d, 0x11, 0x00, 0x00, 0x00, 0x00, // ..x.............
	0x00, 0x00, 0xfa, 0x00, 0x04, 0x00, 0xfa, 0x10, 0x00, 0x00, 0xfb, 0x10, 0x00, 0x00, 0x1d, 0x11, // ................
	0x00, 0x00, 0xf8, 0x00, 0x02, 0x00, 0xfb, 0x10, 0x00, 0x00, 0x41, 0x00, 0x06, 0x00, 0xb6, 0x01, // ..........A.....
	0x00, 0x00, 0xfd, 0x10, 0x00, 0x00, 0x91, 0x01, 0x00, 0x00, 0x65, 0x0b, 0x00, 0x00, 0x5e, 0x60, // ..........e...^`
	0x00, 0x00, 0x3d, 0x00, 0x04, 0x00, 0x0d, 0x00, 0x00, 0x00, 0xfe, 0x10, 0x00, 0x00, 0xfd, 0x10, // ..=.............
	0x00, 0x00, 0x4f, 0x00, 0x08, 0x00, 0x16, 0x00, 0x00, 0x00, 0xff, 0x10, 0x00, 0x00, 0xfe, 0x10, // ..O.............
	0x00, 0x00, 0xfe, 0x10, 0x00, 0x00, 0x00, 0x00, 0x00, 0x00, 0x01, 0x00, 0x00, 0x00, 0x02, 0x00, // ................
	0x00, 0x00, 0x0c, 0x00, 0x06, 0x00, 0x16, 0x00, 0x00, 0x00, 0x00, 0x11, 0x00, 0x00, 0x01, 0x00, // ................
	0x00, 0x00, 0x45, 0x00, 0x00, 0x00, 0xff, 0x10, 0x00, 0x00, 0x7f, 0x00, 0x04, 0x00, 0x16, 0x00, // ..E.............
	0x00, 0x00, 0x02, 0x11, 0x00, 0x00, 0xe8, 0x10, 0x00, 0x00, 0x94, 0x00, 0x05, 0x00, 0x07, 0x00, // ................
	0x00, 0x00, 0x03, 0x11, 0x00, 0x00, 0x00, 0x11, 0x00, 0x00, 0x02, 0x11, 0x00, 0x00, 0x41, 0x00, // ..............A.
	0x07, 0x00, 0x93, 0x01, 0x00, 0x00, 0x05, 0x11, 0x00, 0x00, 0x91, 0x01, 0x00, 0x00, 0x7d, 0x0b, // ..............}.
	0x00, 0x00, 0x5e, 0x60, 0x00, 0x00, 0xcc, 0x01, 0x00, 0x00, 0x3d, 0x00, 0x04, 0x00, 0x07, 0x00, // ..^`......=.....
	0x00, 0x00, 0x06, 0x11, 0x00, 0x00, 0x05, 0x11, 0x00, 0x00, 0x41, 0x00, 0x07, 0x00, 0x93, 0x01, // ..........A.....
	0x00, 0x00, 0x08, 0x11, 0x00, 0x00, 0x91, 0x01, 0x00, 0x00, 0x7d, 0x0b, 0x00, 0x00, 0x5e, 0x60, // ..........}...^`
	0x00, 0x00, 0xcf, 0x01, 0x00, 0x00, 0x3d, 0x00, 0x04, 0x00, 0x07, 0x00, 0x00, 0x00, 0x09, 0x11, // ......=.........
	0x00, 0x00, 0x08, 0x11, 0x00, 0x00, 0x83, 0x00, 0x05, 0x00, 0x07, 0x00, 0x00, 0x00, 0x0c, 0x11, // ................
	0x00, 0x00, 0x03, 0x11, 0x00, 0x00, 0x09, 0x11, 0x00, 0x00, 0x83, 0x00, 0x05, 0x00, 0x07, 0x00, // ................
	0x00, 0x00, 0x0f, 0x11, 0x00, 0x00, 0x06, 0x11, 0x00, 0x00, 0x09, 0x11, 0x00, 0x00, 0x0c, 0x00, // ................
	0x07, 0x00, 0x07, 0x00, 0x00, 0x00, 0x10, 0x11, 0x00, 0x00, 0x01, 0x00, 0x00, 0x00, 0x28, 0x00, // ..............(.
	0x00, 0x00, 0x0f, 0x11, 0x00, 0x00, 0xb0, 0x01, 0x00, 0x00, 0x88, 0x00, 0x05, 0x00, 0x07, 0x00, // ................
	0x00, 0x00, 0x11, 0x11, 0x00, 0x00, 0x0c, 0x11, 0x00, 0x00, 0x10, 0x11, 0x00, 0x00, 0x0c, 0x00, // ................
	0x08, 0x00, 0x07, 0x00, 0x00, 0x00, 0x12, 0x11, 0x00, 0x00, 0x01, 0x00, 0x00, 0x00, 0x2b, 0x00, // ..............+.
	0x00, 0x00, 0x11, 0x11, 0x00, 0x00, 0x73, 0x01, 0x00, 0x00, 0xa1, 0x01, 0x00, 0x00, 0x85, 0x00, // ......s.........
	0x05, 0x00, 0x07, 0x00, 0x00, 0x00, 0x15, 0x11, 0x00, 0x00, 0x12, 0x11, 0x00, 0x00, 0x12, 0x11, // ................
	0x00, 0x00, 0x85, 0x00, 0x05, 0x00, 0x07, 0x00, 0x00, 0x00, 0x17, 0x11, 0x00, 0x00, 0x6f, 0x03, // ..............o.
	0x00, 0x00, 0x12, 0x11, 0x00, 0x00, 0x83, 0x00, 0x05, 0x00, 0x07, 0x00, 0x00, 0x00, 0x18, 0x11, // ................
	0x00, 0x00, 0x6e, 0x03, 0x00, 0x00, 0x17, 0x11, 0x00, 0x00, 0x85, 0x00, 0x05, 0x00, 0x07, 0x00, // ..n.............
	0x00, 0x00, 0x19, 0x11, 0x00, 0x00, 0x15, 0x11, 0x00, 0x00, 0x18, 0x11, 0x00, 0x00, 0x8e, 0x00, // ................
	0x05, 0x00, 0x16, 0x00, 0x00, 0x00, 0x1c, 0x11, 0x00, 0x00, 0xf8, 0x10, 0x00, 0x00, 0x19, 0x11, // ................
	0x00, 0x00, 0xf9, 0x00, 0x02, 0x00, 0x1d, 0x11, 0x00, 0x00, 0xf8, 0x00, 0x02, 0x00, 0x1d, 0x11, // ................
	0x00, 0x00, 0xf5, 0x00, 0x07, 0x00, 0x16, 0x00, 0x00, 0x00, 0x71, 0x62, 0x00, 0x00, 0xf8, 0x10, // ..........qb....
	0x00, 0x00, 0xdb, 0x10, 0x00, 0x00, 0x1c, 0x11, 0x00, 0x00, 0xfb, 0x10, 0x00, 0x00, 0xf9, 0x00, // ................
	0x02, 0x00, 0x1e, 0x11, 0x00, 0x00, 0xf8, 0x00, 0x02, 0x00, 0x1e, 0x11, 0x00, 0x00, 0xf5, 0x00, // ................
	0x07, 0x00, 0x16, 0x00, 0x00, 0x00, 0x70, 0x62, 0x00, 0x00, 0xd1, 0x10, 0x00, 0x00, 0xd4, 0x10, // ......pb........
	0x00, 0x00, 0x71, 0x62, 0x00, 0x00, 0x1d, 0x11, 0x00, 0x00, 0xf5, 0x00, 0x07, 0x00, 0x16, 0x00, // ..qb............
	0x00, 0x00, 0x0b, 0x61, 0x00, 0x00, 0xda, 0x10, 0x00, 0x00, 0xd4, 0x10, 0x00, 0x00, 0xe8, 0x10, // ...a............
	0x00, 0x00, 0x1d, 0x11, 0x00, 0x00, 0x94, 0x00, 0x05, 0x00, 0x07, 0x00, 0x00, 0x00, 0x21, 0x11, // ..............!.
	0x00, 0x00, 0xbc, 0x5d, 0x00, 0x00, 0x0b, 0x61, 0x00, 0x00, 0x0c, 0x00, 0x07, 0x00, 0x07, 0x00, // ...]...a........
	0x00, 0x00, 0x22, 0x11, 0x00, 0x00, 0x01, 0x00, 0x00, 0x00, 0x28, 0x00, 0x00, 0x00, 0x21, 0x11, // ..".......(...!.
	0x00, 0x00, 0x73, 0x01, 0x00, 0x00, 0xbc, 0x00, 0x05, 0x00, 0x97, 0x01, 0x00, 0x00, 0x24, 0x11, // ..s...........$.
	0x00, 0x00, 0x22, 0x11, 0x00, 0x00, 0x9c, 0x08, 0x00, 0x00, 0xf7, 0x00, 0x03, 0x00, 0x26, 0x11, // .."...........&.
	0x00, 0x00, 0x00, 0x00, 0x00, 0x00, 0xfa, 0x00, 0x04, 0x00, 0x24, 0x11, 0x00, 0x00, 0x25, 0x11, // ..........$...%.
	0x00, 0x00, 0x26, 0x11, 0x00, 0x00, 0xf8, 0x00, 0x02, 0x00, 0x25, 0x11, 0x00, 0x00, 0xf9, 0x00, // ..&.......%.....
	0x02, 0x00, 0x83, 0x11, 0x00, 0x00, 0xf8, 0x00, 0x02, 0x00, 0x26, 0x11, 0x00, 0x00, 0x81, 0x00, // ..........&.....
	0x05, 0x00, 0x16, 0x00, 0x00, 0x00, 0x29, 0x11, 0x00, 0x00, 0x9b, 0x0f, 0x00, 0x00, 0x0b, 0x61, // ......)........a
	0x00, 0x00, 0x0c, 0x00, 0x06, 0x00, 0x16, 0x00, 0x00, 0x00, 0x2a, 0x11, 0x00, 0x00, 0x01, 0x00, // ..........*.....
	0x00, 0x00, 0x45, 0x00, 0x00, 0x00, 0x29, 0x11, 0x00, 0x00, 0x94, 0x00, 0x05, 0x00, 0x07, 0x00, // ..E...).........
	0x00, 0x00, 0x2d, 0x11, 0x00, 0x00, 0xbc, 0x5d, 0x00, 0x00, 0x2a, 0x11, 0x00, 0x00, 0x0c, 0x00, // ..-....]..*.....
	0x07, 0x00, 0x07, 0x00, 0x00, 0x00, 0x2e, 0x11, 0x00, 0x00, 0x01, 0x00, 0x00, 0x00, 0x28, 0x00, // ..............(.
	0x00, 0x00, 0x2d, 0x11, 0x00, 0x00, 0x73, 0x01, 0x00, 0x00, 0x94, 0x00, 0x05, 0x00, 0x07, 0x00, // ..-...s.........
	0x00, 0x00, 0x31, 0x11, 0x00, 0x00, 0x2a, 0x11, 0x00, 0x00, 0x9b, 0x0f, 0x00, 0x00, 0x0c, 0x00, // ..1...*.........
	0x07, 0x00, 0x07, 0x00, 0x00, 0x00, 0x32, 0x11, 0x00, 0x00, 0x01, 0x00, 0x00, 0x00, 0x28, 0x00, // ......2.......(.
	0x00, 0x00, 0x31, 0x11, 0x00, 0x00, 0x73, 0x01, 0x00, 0x00, 0x0c, 0x00, 0x07, 0x00, 0x07, 0x00, // ..1...s.........
	0x00, 0x00, 0x36, 0x11, 0x00, 0x00, 0x01, 0x00, 0x00, 0x00, 0x28, 0x00, 0x00, 0x00, 0x21, 0x11, // ..6.......(...!.
	0x00, 0x00, 0xb0, 0x01, 0x00, 0x00, 0x85, 0x00, 0x05, 0x00, 0x07, 0x00, 0x00, 0x00, 0xf5, 0x53, // ...............S
	0x00, 0x00, 0xca, 0x0f, 0x00, 0x00, 0xca, 0x0f, 0x00, 0x00, 0x85, 0x00, 0x05, 0x00, 0x07, 0x00, // ................
	0x00, 0x00, 0xf8, 0x53, 0x00, 0x00, 0xf5, 0x53, 0x00, 0x00, 0xf5, 0x53, 0x00, 0x00, 0x85, 0x00, // ...S...S...S....
	0x05, 0x00, 0x07, 0x00, 0x00, 0x00, 0xfb, 0x53, 0x00, 0x00, 0x2e, 0x11, 0x00, 0x00, 0x2e, 0x11, // .......S........
	0x00, 0x00, 0x83, 0x00, 0x05, 0x00, 0x07, 0x00, 0x00, 0x00, 0xfd, 0x53, 0x00, 0x00, 0xf8, 0x53, // ...........S...S
	0x00, 0x00, 0xa1, 0x01, 0x00, 0x00, 0x85, 0x00, 0x05, 0x00, 0x07, 0x00, 0x00, 0x00, 0xfe, 0x53, // ...............S
	0x00, 0x00, 0xfb, 0x53, 0x00, 0x00, 0xfd, 0x53, 0x00, 0x00, 0x81, 0x00, 0x05, 0x00, 0x07, 0x00, // ...S...S........
	0x00, 0x00, 0xff, 0x53, 0x00, 0x00, 0xfe, 0x53, 0x00, 0x00, 0xa1, 0x01, 0x00, 0x00, 0x85, 0x00, // ...S...S........
	0x05, 0x00, 0x07, 0x00, 0x00, 0x00, 0x02, 0x54, 0x00, 0x00, 0x1f, 0x02, 0x00, 0x00, 0xff, 0x53, // .......T.......S
	0x00, 0x00, 0x85, 0x00, 0x05, 0x00, 0x07, 0x00, 0x00, 0x00, 0x04, 0x54, 0x00, 0x00, 0x02, 0x54, // ...........T...T
	0x00, 0x00, 0xff, 0x53, 0x00, 0x00, 0x0c, 0x00, 0x07, 0x00, 0x07, 0x00, 0x00, 0x00, 0x05, 0x54, // ...S...........T
	0x00, 0x00, 0x01, 0x00, 0x00, 0x00, 0x28, 0x00, 0x00, 0x00, 0x04, 0x54, 0x00, 0x00, 0x24, 0x02, // ......(....T..$.
	0x00, 0x00, 0x88, 0x00, 0x05, 0x00, 0x07, 0x00, 0x00, 0x00, 0x06, 0x54, 0x00, 0x00, 0xf8, 0x53, // ...........T...S
	0x00, 0x00, 0x05, 0x54, 0x00, 0x00, 0x81, 0x00, 0x05, 0x00, 0x07, 0x00, 0x00, 0x00, 0x19, 0x54, // ...T...........T
	0x00, 0x00, 0xca, 0x0f, 0x00, 0x00, 0xa1, 0x01, 0x00, 0x00, 0x85, 0x00, 0x05, 0x00, 0x07, 0x00, // ................
	0x00, 0x00, 0x1c, 0x54, 0x00, 0x00, 0x19, 0x54, 0x00, 0x00, 0x19, 0x54, 0x00, 0x00, 0x85, 0x00, // ...T...T...T....
	0x05, 0x00, 0x07, 0x00, 0x00, 0x00, 0x1d, 0x54, 0x00, 0x00, 0x1c, 0x54, 0x00, 0x00, 0xab, 0x5d, // .......T...T...]
	0x00, 0x00, 0x83, 0x00, 0x05, 0x00, 0x07, 0x00, 0x00, 0x00, 0x21, 0x54, 0x00, 0x00, 0xa1, 0x01, // ..........!T....
	0x00, 0x00, 0x1d, 0x54, 0x00, 0x00, 0x85, 0x00, 0x05, 0x00, 0x07, 0x00, 0x00, 0x00, 0x22, 0x54, // ...T.........."T
	0x00, 0x00, 0xce, 0x0f, 0x00, 0x00, 0x21, 0x54, 0x00, 0x00, 0x81, 0x00, 0x05, 0x00, 0x07, 0x00, // ......!T........
	0x00, 0x00, 0x24, 0x54, 0x00, 0x00, 0x22, 0x54, 0x00, 0x00, 0x1d, 0x54, 0x00, 0x00, 0x88, 0x00, // ..$T.."T...T....
	0x05, 0x00, 0x07, 0x00, 0x00, 0x00, 0x25, 0x54, 0x00, 0x00, 0xce, 0x0f, 0x00, 0x00, 0x24, 0x54, // ......%T......$T
	0x00, 0x00, 0x85, 0x00, 0x05, 0x00, 0x07, 0x00, 0x00, 0x00, 0x34, 0x54, 0x00, 0x00, 0x36, 0x11, // ..........4T..6.
	0x00, 0x00, 0x21, 0x54, 0x00, 0x00, 0x81, 0x00, 0x05, 0x00, 0x07, 0x00, 0x00, 0x00, 0x36, 0x54, // ..!T..........6T
	0x00, 0x00, 0x34, 0x54, 0x00, 0x00, 0x1d, 0x54, 0x00, 0x00, 0x88, 0x00, 0x05, 0x00, 0x07, 0x00, // ..4T...T........
	0x00, 0x00, 0x37, 0x54, 0x00, 0x00, 0x36, 0x11, 0x00, 0x00, 0x36, 0x54, 0x00, 0x00, 0x85, 0x00, // ..7T..6...6T....
	0x05, 0x00, 0x07, 0x00, 0x00, 0x00, 0x13, 0x54, 0x00, 0x00, 0x25, 0x54, 0x00, 0x00, 0x37, 0x54, // .......T..%T..7T
	0x00, 0x00, 0x83, 0x00, 0x05, 0x00, 0x16, 0x00, 0x00, 0x00, 0x3d, 0x54, 0x00, 0x00, 0x0a, 0x02, // ..........=T....
	0x00, 0x00, 0x8e, 0x13, 0x00, 0x00, 0x83, 0x00, 0x05, 0x00, 0x07, 0x00, 0x00, 0x00, 0x3f, 0x54, // ..............?T
	0x00, 0x00, 0xa1, 0x01, 0x00, 0x00, 0x32, 0x11, 0x00, 0x00, 0x0c, 0x00, 0x08, 0x00, 0x07, 0x00, // ......2.........
	0x00, 0x00, 0x40, 0x54, 0x00, 0x00, 0x01, 0x00, 0x00, 0x00, 0x2b, 0x00, 0x00, 0x00, 0x3f, 0x54, // ..@T......+...?T
	0x00, 0x00, 0x73, 0x01, 0x00, 0x00, 0xa1, 0x01, 0x00, 0x00, 0x0c, 0x00, 0x07, 0x00, 0x07, 0x00, // ..s.............
	0x00, 0x00, 0x41, 0x54, 0x00, 0x00, 0x01, 0x00, 0x00, 0x00, 0x1a, 0x00, 0x00, 0x00, 0x40, 0x54, // ..AT..........@T
	0x00, 0x00, 0x50, 0x02, 0x00, 0x00, 0x8e, 0x00, 0x05, 0x00, 0x16, 0x00, 0x00, 0x00, 0x42, 0x54, // ..P...........BT
	0x00, 0x00, 0x3d, 0x54, 0x00, 0x00, 0x41, 0x54, 0x00, 0x00, 0x81, 0x00, 0x05, 0x00, 0x16, 0x00, // ..=T..AT........
	0x00, 0x00, 0x43, 0x54, 0x00, 0x00, 0x8e, 0x13, 0x00, 0x00, 0x42, 0x54, 0x00, 0x00, 0x85, 0x00, // ..CT......BT....
	0x05, 0x00, 0x07, 0x00, 0x00, 0x00, 0x43, 0x11, 0x00, 0x00, 0x06, 0x54, 0x00, 0x00, 0x13, 0x54, // ......C....T...T
	0x00, 0x00, 0x8e, 0x00, 0x05, 0x00, 0x16, 0x00, 0x00, 0x00, 0x45, 0x11, 0x00, 0x00, 0x43, 0x54, // ..........E...CT
	0x00, 0x00, 0x43, 0x11, 0x00, 0x00, 0x85, 0x00, 0x05, 0x00, 0x07, 0x00, 0x00, 0x00, 0x47, 0x11, // ..C...........G.
	0x00, 0x00, 0xa7, 0x04, 0x00, 0x00, 0xce, 0x0f, 0x00, 0x00, 0x85, 0x00, 0x05, 0x00, 0x07, 0x00, // ................
	0x00, 0x00, 0x49, 0x11, 0x00, 0x00, 0x47, 0x11, 0x00, 0x00, 0x36, 0x11, 0x00, 0x00, 0x0c, 0x00, // ..I...G...6.....
	0x07, 0x00, 0x07, 0x00, 0x00, 0x00, 0x4a, 0x11, 0x00, 0x00, 0x01, 0x00, 0x00, 0x00, 0x28, 0x00, // ......J.......(.
	0x00, 0x00, 0x49, 0x11, 0x00, 0x00, 0xb0, 0x01, 0x00, 0x00, 0x50, 0x00, 0x06, 0x00, 0x16, 0x00, // ..I.......P.....
	0x00, 0x00, 0x4b, 0x11, 0x00, 0x00, 0x4a, 0x11, 0x00, 0x00, 0x4a, 0x11, 0x00, 0x00, 0x4a, 0x11, // ..K...J...J...J.
	0x00, 0x00, 0x88, 0x00, 0x05, 0x00, 0x16, 0x00, 0x00, 0x00, 0x4c, 0x11, 0x00, 0x00, 0x45, 0x11, // ..........L...E.
	0x00, 0x00, 0x4b, 0x11, 0x00, 0x00, 0xa8, 0x00, 0x04, 0x00, 0x97, 0x01, 0x00, 0x00, 0x4e, 0x11, // ..K...........N.
	0x00, 0x00, 0xd3, 0x10, 0x00, 0x00, 0xf7, 0x00, 0x03, 0x00, 0x54, 0x11, 0x00, 0x00, 0x00, 0x00, // ..........T.....
	0x00, 0x00, 0xfa, 0x00, 0x04, 0x00, 0x4e, 0x11, 0x00, 0x00, 0x4f, 0x11, 0x00, 0x00, 0x54, 0x11, // ......N...O...T.
	0x00, 0x00, 0xf8, 0x00, 0x02, 0x00, 0x4f, 0x11, 0x00, 0x00, 0x0c, 0x00, 0x08, 0x00, 0x16, 0x00, // ......O.........
	0x00, 0x00, 0x53, 0x11, 0x00, 0x00, 0x01, 0x00, 0x00, 0x00, 0x2b, 0x00, 0x00, 0x00, 0x4c, 0x11, // ..S.......+...L.
	0x00, 0x00, 0x09, 0x02, 0x00, 0x00, 0xac, 0x5d, 0x00, 0x00, 0xf9, 0x00, 0x02, 0x00, 0x54, 0x11, // .......]......T.
	0x00, 0x00, 0xf8, 0x00, 0x02, 0x00, 0x54, 0x11, 0x00, 0x00, 0xf5, 0x00, 0x07, 0x00, 0x16, 0x00, // ......T.........
	0x00, 0x00, 0x6d, 0x62, 0x00, 0x00, 0x4c, 0x11, 0x00, 0x00, 0x26, 0x11, 0x00, 0x00, 0x53, 0x11, // ..mb..L...&...S.
	0x00, 0x00, 0x4f, 0x11, 0x00, 0x00, 0x83, 0x00, 0x05, 0x00, 0x16, 0x00, 0x00, 0x00, 0x57, 0x11, // ..O...........W.
	0x00, 0x00, 0x0a, 0x02, 0x00, 0x00, 0x43, 0x54, 0x00, 0x00, 0x83, 0x00, 0x05, 0x00, 0x07, 0x00, // ......CT........
	0x00, 0x00, 0x59, 0x11, 0x00, 0x00, 0xa1, 0x01, 0x00, 0x00, 0x84, 0x0f, 0x00, 0x00, 0x8e, 0x00, // ..Y.............
	0x05, 0x00, 0x16, 0x00, 0x00, 0x00, 0x5a, 0x11, 0x00, 0x00, 0x57, 0x11, 0x00, 0x00, 0x59, 0x11, // ......Z...W...Y.
	0x00, 0x00, 0xa9, 0x00, 0x06, 0x00, 0x07, 0x00, 0x00, 0x00, 0x5d, 0x11, 0x00, 0x00, 0x4e, 0x11, // ..........]...N.
	0x00, 0x00, 0xee, 0x08, 0x00, 0x00, 0xa1, 0x01, 0x00, 0x00, 0x85, 0x00, 0x05, 0x00, 0x07, 0x00, // ................
	0x00, 0x00, 0x61, 0x11, 0x00, 0x00, 0xf4, 0x08, 0x00, 0x00, 0x84, 0x0f, 0x00, 0x00, 0x81, 0x00, // ..a.............
	0x05, 0x00, 0x07, 0x00, 0x00, 0x00, 0x62, 0x11, 0x00, 0x00, 0xf3, 0x08, 0x00, 0x00, 0x61, 0x11, // ......b.......a.
	0x00, 0x00, 0xa9, 0x00, 0x06, 0x00, 0x07, 0x00, 0x00, 0x00, 0x63, 0x11, 0x00, 0x00, 0x4e, 0x11, // ..........c...N.
	0x00, 0x00, 0x62, 0x11, 0x00, 0x00, 0xa1, 0x01, 0x00, 0x00, 0x6f, 0x00, 0x04, 0x00, 0x07, 0x00, // ..b.......o.....
	0x00, 0x00, 0x67, 0x11, 0x00, 0x00, 0x5e, 0x60, 0x00, 0x00, 0x83, 0x00, 0x05, 0x00, 0x07, 0x00, // ..g...^`........
	0x00, 0x00, 0x69, 0x11, 0x00, 0x00, 0x67, 0x11, 0x00, 0x00, 0xe7, 0x0f, 0x00, 0x00, 0x0c, 0x00, // ..i...g.........
	0x06, 0x00, 0x07, 0x00, 0x00, 0x00, 0x6a, 0x11, 0x00, 0x00, 0x01, 0x00, 0x00, 0x00, 0x04, 0x00, // ......j.........
	0x00, 0x00, 0x69, 0x11, 0x00, 0x00, 0xb8, 0x00, 0x05, 0x00, 0x97, 0x01, 0x00, 0x00, 0x6b, 0x11, // ..i...........k.
	0x00, 0x00, 0x6a, 0x11, 0x00, 0x00, 0x96, 0x01, 0x00, 0x00, 0xa7, 0x00, 0x05, 0x00, 0x97, 0x01, // ..j.............
	0x00, 0x00, 0x6c, 0x11, 0x00, 0x00, 0xd3, 0x10, 0x00, 0x00, 0x6b, 0x11, 0x00, 0x00, 0xa9, 0x00, // ..l.......k.....
	0x06, 0x00, 0x07, 0x00, 0x00, 0x00, 0x47, 0x65, 0x00, 0x00, 0x6c, 0x11, 0x00, 0x00, 0x5d, 0x60, // ......Ge..l...]`
	0x00, 0x00, 0xa1, 0x01, 0x00, 0x00, 0x85, 0x00, 0x05, 0x00, 0x16, 0x00, 0x00, 0x00, 0x72, 0x11, // ..............r.
	0x00, 0x00, 0x5a, 0x11, 0x00, 0x00, 0x92, 0x0f, 0x00, 0x00, 0x85, 0x00, 0x05, 0x00, 0x16, 0x00, // ..Z.............
	0x00, 0x00, 0x74, 0x11, 0x00, 0x00, 0x72, 0x11, 0x00, 0x00, 0xaf, 0x5d, 0x00, 0x00, 0x8e, 0x00, // ..t...r....]....
	0x05, 0x00, 0x16, 0x00, 0x00, 0x00, 0x76, 0x11, 0x00, 0x00, 0x74, 0x11, 0x00, 0x00, 0x5d, 0x11, // ......v...t...].
	0x00, 0x00, 0x8e, 0x00, 0x05, 0x00, 0x16, 0x00, 0x00, 0x00, 0x79, 0x11, 0x00, 0x00, 0x6d, 0x62, // ..........y...mb
	0x00, 0x00, 0x63, 0x11, 0x00, 0x00, 0x81, 0x00, 0x05, 0x00, 0x16, 0x00, 0x00, 0x00, 0x7a, 0x11, // ..c...........z.
	0x00, 0x00, 0x76, 0x11, 0x00, 0x00, 0x79, 0x11, 0x00, 0x00, 0x85, 0x00, 0x05, 0x00, 0x16, 0x00, // ..v...y.........
	0x00, 0x00, 0x7c, 0x11, 0x00, 0x00, 0x7a, 0x11, 0x00, 0x00, 0x70, 0x62, 0x00, 0x00, 0x8e, 0x00, // ..|...z...pb....
	0x05, 0x00, 0x16, 0x00, 0x00, 0x00, 0x7e, 0x11, 0x00, 0x00, 0x7c, 0x11, 0x00, 0x00, 0x22, 0x11, // ......~...|...".
	0x00, 0x00, 0x8e, 0x00, 0x05, 0x00, 0x16, 0x00, 0x00, 0x00, 0x80, 0x11, 0x00, 0x00, 0x7e, 0x11, // ..............~.
	0x00, 0x00, 0x47, 0x65, 0x00, 0x00, 0x81, 0x00, 0x05, 0x00, 0x16, 0x00, 0x00, 0x00, 0x82, 0x11, // ..Ge............
	0x00, 0x00, 0x76, 0x62, 0x00, 0x00, 0x80, 0x11, 0x00, 0x00, 0xf9, 0x00, 0x02, 0x00, 0x83, 0x11, // ..vb............
	0x00, 0x00, 0xf8, 0x00, 0x02, 0x00, 0x83, 0x11, 0x00, 0x00, 0xf5, 0x00, 0x07, 0x00, 0x16, 0x00, // ................
	0x00, 0x00, 0x1f, 0x65, 0x00, 0x00, 0x76, 0x62, 0x00, 0x00, 0x25, 0x11, 0x00, 0x00, 0x82, 0x11, // ...e..vb..%.....
	0x00, 0x00, 0x54, 0x11, 0x00, 0x00, 0x80, 0x00, 0x05, 0x00, 0x1f, 0x00, 0x00, 0x00, 0x85, 0x11, // ..T.............
	0x00, 0x00, 0x5e, 0x60, 0x00, 0x00, 0x26, 0x01, 0x00, 0x00, 0xf9, 0x00, 0x02, 0x00, 0xbc, 0x10, // ..^`..&.........
	0x00, 0x00, 0xf8, 0x00, 0x02, 0x00, 0x86, 0x11, 0x00, 0x00, 0xf9, 0x00, 0x02, 0x00, 0x87, 0x11, // ................
	0x00, 0x00, 0xf8, 0x00, 0x02, 0x00, 0x87, 0x11, 0x00, 0x00, 0xf5, 0x00, 0x07, 0x00, 0x16, 0x00, // ................
	0x00, 0x00, 0xa4, 0x62, 0x00, 0x00, 0x92, 0x62, 0x00, 0x00, 0xb7, 0x10, 0x00, 0x00, 0x76, 0x62, // ...b...b......vb
	0x00, 0x00, 0x86, 0x11, 0x00, 0x00, 0x83, 0x00, 0x05, 0x00, 0x07, 0x00, 0x00, 0x00, 0x55, 0x54, // ..............UT
	0x00, 0x00, 0xa1, 0x01, 0x00, 0x00, 0xca, 0x0f, 0x00, 0x00, 0x50, 0x00, 0x06, 0x00, 0x16, 0x00, // ..........P.....
	0x00, 0x00, 0x66, 0x54, 0x00, 0x00, 0x55, 0x54, 0x00, 0x00, 0x55, 0x54, 0x00, 0x00, 0x55, 0x54, // ..fT..UT..UT..UT
	0x00, 0x00, 0x0c, 0x00, 0x07, 0x00, 0x16, 0x00, 0x00, 0x00, 0x58, 0x54, 0x00, 0x00, 0x01, 0x00, // ..........XT....
	0x00, 0x00, 0x28, 0x00, 0x00, 0x00, 0x66, 0x54, 0x00, 0x00, 0x8e, 0x13, 0x00, 0x00, 0x83, 0x00, // ..(...fT........
	0x05, 0x00, 0x16, 0x00, 0x00, 0x00, 0x5c, 0x54, 0x00, 0x00, 0x58, 0x54, 0x00, 0x00, 0x8e, 0x13, // .......T..XT....
	0x00, 0x00, 0x83, 0x00, 0x05, 0x00, 0x07, 0x00, 0x00, 0x00, 0x5e, 0x54, 0x00, 0x00, 0xa1, 0x01, // ..........^T....
	0x00, 0x00, 0xce, 0x0f, 0x00, 0x00, 0x0c, 0x00, 0x08, 0x00, 0x07, 0x00, 0x00, 0x00, 0x5f, 0x54, // .............._T
	0x00, 0x00, 0x01, 0x00, 0x00, 0x00, 0x2b, 0x00, 0x00, 0x00, 0x5e, 0x54, 0x00, 0x00, 0x73, 0x01, // ......+...^T..s.
	0x00, 0x00, 0xa1, 0x01, 0x00, 0x00, 0x0c, 0x00, 0x07, 0x00, 0x07, 0x00, 0x00, 0x00, 0x60, 0x54, // ..............`T
	0x00, 0x00, 0x01, 0x00, 0x00, 0x00, 0x1a, 0x00, 0x00, 0x00, 0x5f, 0x54, 0x00, 0x00, 0x50, 0x02, // .........._T..P.
	0x00, 0x00, 0x8e, 0x00, 0x05, 0x00, 0x16, 0x00, 0x00, 0x00, 0x61, 0x54, 0x00, 0x00, 0x5c, 0x54, // ..........aT...T
	0x00, 0x00, 0x60, 0x54, 0x00, 0x00, 0x81, 0x00, 0x05, 0x00, 0x16, 0x00, 0x00, 0x00, 0x62, 0x54, // ..`T..........bT
	0x00, 0x00, 0x8e, 0x13, 0x00, 0x00, 0x61, 0x54, 0x00, 0x00, 0x83, 0x00, 0x05, 0x00, 0x16, 0x00, // ......aT........
	0x00, 0x00, 0x8e, 0x11, 0x00, 0x00, 0x0a, 0x02, 0x00, 0x00, 0x62, 0x54, 0x00, 0x00, 0x83, 0x00, // ..........bT....
	0x05, 0x00, 0x07, 0x00, 0x00, 0x00, 0x90, 0x11, 0x00, 0x00, 0xa1, 0x01, 0x00, 0x00, 0x84, 0x0f, // ................
	0x00, 0x00, 0x8e, 0x00, 0x05, 0x00, 0x16, 0x00, 0x00, 0x00, 0x91, 0x11, 0x00, 0x00, 0x8e, 0x11, // ................
	0x00, 0x00, 0x90, 0x11, 0x00, 0x00, 0x41, 0x00, 0x05, 0x00, 0xb6, 0x01, 0x00, 0x00, 0x92, 0x11, // ......A.........
	0x00, 0x00, 0x91, 0x01, 0x00, 0x00, 0x3c, 0x0b, 0x00, 0x00, 0x3d, 0x00, 0x04, 0x00, 0x0d, 0x00, // ......<...=.....
	0x00, 0x00, 0x93, 0x11, 0x00, 0x00, 0x92, 0x11, 0x00, 0x00, 0x4f, 0x00, 0x08, 0x00, 0x16, 0x00, // ..........O.....
	0x00, 0x00, 0x94, 0x11, 0x00, 0x00, 0x93, 0x11, 0x00, 0x00, 0x93, 0x11, 0x00, 0x00, 0x00, 0x00, // ................
	0x00, 0x00, 0x01, 0x00, 0x00, 0x00, 0x02, 0x00, 0x00, 0x00, 0x0c, 0x00, 0x07, 0x00, 0x16, 0x00, // ................
	0x00, 0x00, 0x71, 0x54, 0x00, 0x00, 0x01, 0x00, 0x00, 0x00, 0x28, 0x00, 0x00, 0x00, 0x94, 0x11, // ..qT......(.....
	0x00, 0x00, 0x09, 0x02, 0x00, 0x00, 0x0c, 0x00, 0x07, 0x00, 0x16, 0x00, 0x00, 0x00, 0x73, 0x54, // ..............sT
	0x00, 0x00, 0x01, 0x00, 0x00, 0x00, 0x1a, 0x00, 0x00, 0x00, 0x71, 0x54, 0x00, 0x00, 0xa3, 0x5d, // ..........qT...]
	0x00, 0x00, 0x85, 0x00, 0x05, 0x00, 0x16, 0x00, 0x00, 0x00, 0x97, 0x11, 0x00, 0x00, 0x73, 0x54, // ..............sT
	0x00, 0x00, 0x53, 0x0c, 0x00, 0x00, 0x81, 0x00, 0x05, 0x00, 0x16, 0x00, 0x00, 0x00, 0x98, 0x11, // ..S.............
	0x00, 0x00, 0x97, 0x11, 0x00, 0x00, 0x58, 0x0c, 0x00, 0x00, 0x51, 0x00, 0x05, 0x00, 0x07, 0x00, // ......X...Q.....
	0x00, 0x00, 0x9a, 0x11, 0x00, 0x00, 0xbc, 0x5d, 0x00, 0x00, 0x01, 0x00, 0x00, 0x00, 0x85, 0x00, // .......]........
	0x05, 0x00, 0x07, 0x00, 0x00, 0x00, 0x9b, 0x11, 0x00, 0x00, 0x9a, 0x11, 0x00, 0x00, 0x96, 0x01, // ................
	0x00, 0x00, 0x81, 0x00, 0x05, 0x00, 0x07, 0x00, 0x00, 0x00, 0x9c, 0x11, 0x00, 0x00, 0x9b, 0x11, // ................
	0x00, 0x00, 0x96, 0x01, 0x00, 0x00, 0x0c, 0x00, 0x08, 0x00, 0x07, 0x00, 0x00, 0x00, 0x9d, 0x11, // ................
	0x00, 0x00, 0x01, 0x00, 0x00, 0x00, 0x2b, 0x00, 0x00, 0x00, 0x9c, 0x11, 0x00, 0x00, 0x73, 0x01, // ......+.......s.
	0x00, 0x00, 0xa1, 0x01, 0x00, 0x00, 0x85, 0x00, 0x05, 0x00, 0x07, 0x00, 0x00, 0x00, 0xa0, 0x11, // ................
	0x00, 0x00, 0x9d, 0x11, 0x00, 0x00, 0x9d, 0x11, 0x00, 0x00, 0x85, 0x00, 0x05, 0x00, 0x07, 0x00, // ................
	0x00, 0x00, 0xa2, 0x11, 0x00, 0x00, 0x6f, 0x03, 0x00, 0x00, 0x9d, 0x11, 0x00, 0x00, 0x83, 0x00, // ......o.........
	0x05, 0x00, 0x07, 0x00, 0x00, 0x00, 0xa3, 0x11, 0x00, 0x00, 0x6e, 0x03, 0x00, 0x00, 0xa2, 0x11, // ..........n.....
	0x00, 0x00, 0x85, 0x00, 0x05, 0x00, 0x07, 0x00, 0x00, 0x00, 0xa4, 0x11, 0x00, 0x00, 0xa0, 0x11, // ................
	0x00, 0x00, 0xa3, 0x11, 0x00, 0x00, 0x50, 0x00, 0x06, 0x00, 0x16, 0x00, 0x00, 0x00, 0xa6, 0x11, // ......P.........
	0x00, 0x00, 0xa4, 0x11, 0x00, 0x00, 0xa4, 0x11, 0x00, 0x00, 0xa4, 0x11, 0x00, 0x00, 0x0c, 0x00, // ................
	0x08, 0x00, 0x16, 0x00, 0x00, 0x00, 0x81, 0x54, 0x00, 0x00, 0x01, 0x00, 0x00, 0x00, 0x2e, 0x00, // .......T........
	0x00, 0x00, 0x98, 0x11, 0x00, 0x00, 0x73, 0x54, 0x00, 0x00, 0xa6, 0x11, 0x00, 0x00, 0x85, 0x00, // ......sT........
	0x05, 0x00, 0x07, 0x00, 0x00, 0x00, 0xab, 0x11, 0x00, 0x00, 0x72, 0x0c, 0x00, 0x00, 0x84, 0x0f, // ..........r.....
	0x00, 0x00, 0x81, 0x00, 0x05, 0x00, 0x07, 0x00, 0x00, 0x00, 0xac, 0x11, 0x00, 0x00, 0x71, 0x0c, // ..............q.
	0x00, 0x00, 0xab, 0x11, 0x00, 0x00, 0x85, 0x00, 0x05, 0x00, 0x07, 0x00, 0x00, 0x00, 0xaf, 0x11, // ................
	0x00, 0x00, 0x77, 0x0c, 0x00, 0x00, 0x55, 0x54, 0x00, 0x00, 0x81, 0x00, 0x05, 0x00, 0x07, 0x00, // ..w...UT........
	0x00, 0x00, 0xb0, 0x11, 0x00, 0x00, 0xa1, 0x01, 0x00, 0x00, 0xaf, 0x11, 0x00, 0x00, 0x85, 0x00, // ................
	0x05, 0x00, 0x16, 0x00, 0x00, 0x00, 0xb4, 0x11, 0x00, 0x00, 0x91, 0x11, 0x00, 0x00, 0x92, 0x0f, // ................
	0x00, 0x00, 0x8e, 0x00, 0x05, 0x00, 0x16, 0x00, 0x00, 0x00, 0xb6, 0x11, 0x00, 0x00, 0xb4, 0x11, // ................
	0x00, 0x00, 0xb0, 0x11, 0x00, 0x00, 0x8e, 0x00, 0x05, 0x00, 0x16, 0x00, 0x00, 0x00, 0xb9, 0x11, // ................
	0x00, 0x00, 0x62, 0x54, 0x00, 0x00, 0xac, 0x11, 0x00, 0x00, 0x81, 0x00, 0x05, 0x00, 0x16, 0x00, // ..bT............
	0x00, 0x00, 0xba, 0x11, 0x00, 0x00, 0xb6, 0x11, 0x00, 0x00, 0xb9, 0x11, 0x00, 0x00, 0x85, 0x00, // ................
	0x05, 0x00, 0x16, 0x00, 0x00, 0x00, 0xbb, 0x11, 0x00, 0x00, 0x81, 0x54, 0x00, 0x00, 0xba, 0x11, // ...........T....
	0x00, 0x00, 0x41, 0x00, 0x05, 0x00, 0xb6, 0x01, 0x00, 0x00, 0xbc, 0x11, 0x00, 0x00, 0x91, 0x01, // ..A.............
	0x00, 0x00, 0x89, 0x0c, 0x00, 0x00, 0x3d, 0x00, 0x04, 0x00, 0x0d, 0x00, 0x00, 0x00, 0xbd, 0x11, // ......=.........
	0x00, 0x00, 0xbc, 0x11, 0x00, 0x00, 0x4f, 0x00, 0x08, 0x00, 0x16, 0x00, 0x00, 0x00, 0xbe, 0x11, // ......O.........
	0x00, 0x00, 0xbd, 0x11, 0x00, 0x00, 0xbd, 0x11, 0x00, 0x00, 0x00, 0x00, 0x00, 0x00, 0x01, 0x00, // ................
	0x00, 0x00, 0x02, 0x00, 0x00, 0x00, 0x0c, 0x00, 0x07, 0x00, 0x16, 0x00, 0x00, 0x00, 0x88, 0x54, // ...............T
	0x00, 0x00, 0x01, 0x00, 0x00, 0x00, 0x28, 0x00, 0x00, 0x00, 0xbe, 0x11, 0x00, 0x00, 0x09, 0x02, // ......(.........
	0x00, 0x00, 0x0c, 0x00, 0x07, 0x00, 0x16, 0x00, 0x00, 0x00, 0x8a, 0x54, 0x00, 0x00, 0x01, 0x00, // ...........T....
	0x00, 0x00, 0x1a, 0x00, 0x00, 0x00, 0x88, 0x54, 0x00, 0x00, 0xa3, 0x5d, 0x00, 0x00, 0x41, 0x00, // .......T...]..A.
	0x06, 0x00, 0x93, 0x01, 0x00, 0x00, 0xc0, 0x11, 0x00, 0x00, 0x91, 0x01, 0x00, 0x00, 0x89, 0x0c, // ................
	0x00, 0x00, 0x88, 0x01, 0x00, 0x00, 0x3d, 0x00, 0x04, 0x00, 0x07, 0x00, 0x00, 0x00, 0xc1, 0x11, // ......=.........
	0x00, 0x00, 0xc0, 0x11, 0x00, 0x00, 0x8e, 0x00, 0x05, 0x00, 0x16, 0x00, 0x00, 0x00, 0xc2, 0x11, // ................
	0x00, 0x00, 0x8a, 0x54, 0x00, 0x00, 0xc1, 0x11, 0x00, 0x00, 0x85, 0x00, 0x05, 0x00, 0x16, 0x00, // ...T............
	0x00, 0x00, 0xc4, 0x11, 0x00, 0x00, 0xc2, 0x11, 0x00, 0x00, 0x14, 0x13, 0x00, 0x00, 0x81, 0x00, // ................
	0x05, 0x00, 0x16, 0x00, 0x00, 0x00, 0xc7, 0x11, 0x00, 0x00, 0xbb, 0x11, 0x00, 0x00, 0xa4, 0x62, // ...............b
	0x00, 0x00, 0x81, 0x00, 0x05, 0x00, 0x16, 0x00, 0x00, 0x00, 0xc9, 0x11, 0x00, 0x00, 0xc7, 0x11, // ................
	0x00, 0x00, 0xc4, 0x11, 0x00, 0x00, 0x8e, 0x00, 0x05, 0x00, 0x16, 0x00, 0x00, 0x00, 0xcb, 0x11, // ................
	0x00, 0x00, 0xc9, 0x11, 0x00, 0x00, 0x9a, 0x0c, 0x00, 0x00, 0x41, 0x00, 0x06, 0x00, 0x93, 0x01, // ..........A.....
	0x00, 0x00, 0xcc, 0x11, 0x00, 0x00, 0x91, 0x01, 0x00, 0x00, 0x35, 0x09, 0x00, 0x00, 0xcc, 0x01, // ..........5.....
	0x00, 0x00, 0x3d, 0x00, 0x04, 0x00, 0x07, 0x00, 0x00, 0x00, 0xcd, 0x11, 0x00, 0x00, 0xcc, 0x11, // ..=.............
	0x00, 0x00, 0xba, 0x00, 0x05, 0x00, 0x97, 0x01, 0x00, 0x00, 0xce, 0x11, 0x00, 0x00, 0xcd, 0x11, // ................
	0x00, 0x00, 0x96, 0x01, 0x00, 0x00, 0xf7, 0x00, 0x03, 0x00, 0xfd, 0x11, 0x00, 0x00, 0x00, 0x00, // ................
	0x00, 0x00, 0xfa, 0x00, 0x04, 0x00, 0xce, 0x11, 0x00, 0x00, 0xcf, 0x11, 0x00, 0x00, 0xfd, 0x11, // ................
	0x00, 0x00, 0xf8, 0x00, 0x02, 0x00, 0xcf, 0x11, 0x00, 0x00, 0x7f, 0x00, 0x04, 0x00, 0x16, 0x00, // ................
	0x00, 0x00, 0xd1, 0x11, 0x00, 0x00, 0x9b, 0x0f, 0x00, 0x00, 0x0c, 0x00, 0x07, 0x00, 0x16, 0x00, // ................
	0x00, 0x00, 0xd3, 0x11, 0x00, 0x00, 0x01, 0x00, 0x00, 0x00, 0x47, 0x00, 0x00, 0x00, 0xd1, 0x11, // ..........G.....
	0x00, 0x00, 0xbc, 0x5d, 0x00, 0x00, 0x0c, 0x00, 0x06, 0x00, 0x16, 0x00, 0x00, 0x00, 0xd4, 0x11, // ...]............
	0x00, 0x00, 0x01, 0x00, 0x00, 0x00, 0x45, 0x00, 0x00, 0x00, 0xd3, 0x11, 0x00, 0x00, 0xf7, 0x00, // ......E.........
	0x03, 0x00, 0xe1, 0x54, 0x00, 0x00, 0x00, 0x00, 0x00, 0x00, 0xfb, 0x00, 0x03, 0x00, 0xcc, 0x01, // ...T............
	0x00, 0x00, 0xa5, 0x54, 0x00, 0x00, 0xf8, 0x00, 0x02, 0x00, 0xa5, 0x54, 0x00, 0x00, 0x41, 0x00, // ...T.......T..A.
	0x06, 0x00, 0x93, 0x01, 0x00, 0x00, 0xa6, 0x54, 0x00, 0x00, 0x91, 0x01, 0x00, 0x00, 0x92, 0x01, // .......T........
	0x00, 0x00, 0x88, 0x01, 0x00, 0x00, 0x3d, 0x00, 0x04, 0x00, 0x07, 0x00, 0x00, 0x00, 0xa7, 0x54, // ......=........T
	0x00, 0x00, 0xa6, 0x54, 0x00, 0x00, 0xb8, 0x00, 0x05, 0x00, 0x97, 0x01, 0x00, 0x00, 0xa8, 0x54, // ...T...........T
	0x00, 0x00, 0xa7, 0x54, 0x00, 0x00, 0x96, 0x01, 0x00, 0x00, 0xf7, 0x00, 0x03, 0x00, 0xab, 0x54, // ...T...........T
	0x00, 0x00, 0x00, 0x00, 0x00, 0x00, 0xfa, 0x00, 0x04, 0x00, 0xa8, 0x54, 0x00, 0x00, 0xa9, 0x54, // ...........T...T
	0x00, 0x00, 0xab, 0x54, 0x00, 0x00, 0xf8, 0x00, 0x02, 0x00, 0xa9, 0x54, 0x00, 0x00, 0xf9, 0x00, // ...T.......T....
	0x02, 0x00, 0xe1, 0x54, 0x00, 0x00, 0xf8, 0x00, 0x02, 0x00, 0xab, 0x54, 0x00, 0x00, 0x0c, 0x00, // ...T.......T....
	0x07, 0x00, 0x16, 0x00, 0x00, 0x00, 0xb0, 0x54, 0x00, 0x00, 0x01, 0x00, 0x00, 0x00, 0x30, 0x00, // .......T......0.
	0x00, 0x00, 0x09, 0x02, 0x00, 0x00, 0xd4, 0x11, 0x00, 0x00, 0x0c, 0x00, 0x08, 0x00, 0x16, 0x00, // ................
	0x00, 0x00, 0xf4, 0x54, 0x00, 0x00, 0x01, 0x00, 0x00, 0x00, 0x2e, 0x00, 0x00, 0x00, 0xb0, 0x5d, // ...T...........]
	0x00, 0x00, 0x0a, 0x02, 0x00, 0x00, 0xb0, 0x54, 0x00, 0x00, 0x0c, 0x00, 0x06, 0x00, 0x16, 0x00, // .......T........
	0x00, 0x00, 0xb4, 0x54, 0x00, 0x00, 0x01, 0x00, 0x00, 0x00, 0x04, 0x00, 0x00, 0x00, 0xd4, 0x11, // ...T............
	0x00, 0x00, 0x0c, 0x00, 0x07, 0x00, 0x16, 0x00, 0x00, 0x00, 0xb6, 0x54, 0x00, 0x00, 0x01, 0x00, // ...........T....
	0x00, 0x00, 0x28, 0x00, 0x00, 0x00, 0xb4, 0x54, 0x00, 0x00, 0xb1, 0x5d, 0x00, 0x00, 0x85, 0x00, // ..(....T...]....
	0x05, 0x00, 0x16, 0x00, 0x00, 0x00, 0xb7, 0x54, 0x00, 0x00, 0xf4, 0x54, 0x00, 0x00, 0xb6, 0x54, // .......T...T...T
	0x00, 0x00, 0x41, 0x00, 0x05, 0x00, 0xb6, 0x01, 0x00, 0x00, 0xb8, 0x54, 0x00, 0x00, 0x91, 0x01, // ..A........T....
	0x00, 0x00, 0x92, 0x01, 0x00, 0x00, 0x3d, 0x00, 0x04, 0x00, 0x0d, 0x00, 0x00, 0x00, 0xb9, 0x54, // ......=........T
	0x00, 0x00, 0xb8, 0x54, 0x00, 0x00, 0x4f, 0x00, 0x08, 0x00, 0x16, 0x00, 0x00, 0x00, 0xba, 0x54, // ...T..O........T
	0x00, 0x00, 0xb9, 0x54, 0x00, 0x00, 0xb9, 0x54, 0x00, 0x00, 0x00, 0x00, 0x00, 0x00, 0x01, 0x00, // ...T...T........
	0x00, 0x00, 0x02, 0x00, 0x00, 0x00, 0x83, 0x00, 0x05, 0x00, 0x16, 0x00, 0x00, 0x00, 0xbc, 0x54, // ...............T
	0x00, 0x00, 0xba, 0x54, 0x00, 0x00, 0xec, 0x0d, 0x00, 0x00, 0x88, 0x00, 0x05, 0x00, 0x16, 0x00, // ...T............
	0x00, 0x00, 0xbe, 0x54, 0x00, 0x00, 0xbc, 0x54, 0x00, 0x00, 0xb7, 0x54, 0x00, 0x00, 0x41, 0x00, // ...T...T...T..A.
	0x05, 0x00, 0xb6, 0x01, 0x00, 0x00, 0xbf, 0x54, 0x00, 0x00, 0x91, 0x01, 0x00, 0x00, 0xbf, 0x01, // .......T........
	0x00, 0x00, 0x3d, 0x00, 0x04, 0x00, 0x0d, 0x00, 0x00, 0x00, 0xc0, 0x54, 0x00, 0x00, 0xbf, 0x54, // ..=........T...T
	0x00, 0x00, 0x4f, 0x00, 0x08, 0x00, 0x16, 0x00, 0x00, 0x00, 0xc1, 0x54, 0x00, 0x00, 0xc0, 0x54, // ..O........T...T
	0x00, 0x00, 0xc0, 0x54, 0x00, 0x00, 0x00, 0x00, 0x00, 0x00, 0x01, 0x00, 0x00, 0x00, 0x02, 0x00, // ...T............
	0x00, 0x00, 0x83, 0x00, 0x05, 0x00, 0x16, 0x00, 0x00, 0x00, 0xc3, 0x54, 0x00, 0x00, 0xc1, 0x54, // ...........T...T
	0x00, 0x00, 0xec, 0x0d, 0x00, 0x00, 0x88, 0x00, 0x05, 0x00, 0x16, 0x00, 0x00, 0x00, 0xc5, 0x54, // ...............T
	0x00, 0x00, 0xc3, 0x54, 0x00, 0x00, 0xb7, 0x54, 0x00, 0x00, 0x0c, 0x00, 0x07, 0x00, 0x16, 0x00, // ...T...T........
	0x00, 0x00, 0xc8, 0x54, 0x00, 0x00, 0x01, 0x00, 0x00, 0x00, 0x28, 0x00, 0x00, 0x00, 0xbe, 0x54, // ...T......(....T
	0x00, 0x00, 0xc5, 0x54, 0x00, 0x00, 0x51, 0x00, 0x05, 0x00, 0x07, 0x00, 0x00, 0x00, 0xca, 0x54, // ...T..Q........T
	0x00, 0x00, 0xc8, 0x54, 0x00, 0x00, 0x00, 0x00, 0x00, 0x00, 0x51, 0x00, 0x05, 0x00, 0x07, 0x00, // ...T......Q.....
	0x00, 0x00, 0xcc, 0x54, 0x00, 0x00, 0xc8, 0x54, 0x00, 0x00, 0x01, 0x00, 0x00, 0x00, 0x51, 0x00, // ...T...T......Q.
	0x05, 0x00, 0x07, 0x00, 0x00, 0x00, 0xce, 0x54, 0x00, 0x00, 0xc8, 0x54, 0x00, 0x00, 0x02, 0x00, // .......T...T....
	0x00, 0x00, 0x0c, 0x00, 0x07, 0x00, 0x07, 0x00, 0x00, 0x00, 0xcf, 0x54, 0x00, 0x00, 0x01, 0x00, // ...........T....
	0x00, 0x00, 0x25, 0x00, 0x00, 0x00, 0xcc, 0x54, 0x00, 0x00, 0xce, 0x54, 0x00, 0x00, 0x0c, 0x00, // ..%....T...T....
	0x07, 0x00, 0x07, 0x00, 0x00, 0x00, 0xd0, 0x54, 0x00, 0x00, 0x01, 0x00, 0x00, 0x00, 0x25, 0x00, // .......T......%.
	0x00, 0x00, 0xca, 0x54, 0x00, 0x00, 0xcf, 0x54, 0x00, 0x00, 0xbc, 0x00, 0x05, 0x00, 0x97, 0x01, // ...T...T........
	0x00, 0x00, 0xd2, 0x54, 0x00, 0x00, 0xd0, 0x54, 0x00, 0x00, 0x73, 0x01, 0x00, 0x00, 0xf7, 0x00, // ...T...T..s.....
	0x03, 0x00, 0xd5, 0x54, 0x00, 0x00, 0x00, 0x00, 0x00, 0x00, 0xfa, 0x00, 0x04, 0x00, 0xd2, 0x54, // ...T...........T
	0x00, 0x00, 0xd3, 0x54, 0x00, 0x00, 0xd5, 0x54, 0x00, 0x00, 0xf8, 0x00, 0x02, 0x00, 0xd3, 0x54, // ...T...T.......T
	0x00, 0x00, 0xf9, 0x00, 0x02, 0x00, 0xe1, 0x54, 0x00, 0x00, 0xf8, 0x00, 0x02, 0x00, 0xd5, 0x54, // .......T.......T
	0x00, 0x00, 0x8e, 0x00, 0x05, 0x00, 0x16, 0x00, 0x00, 0x00, 0xd9, 0x54, 0x00, 0x00, 0xd4, 0x11, // ...........T....
	0x00, 0x00, 0xd0, 0x54, 0x00, 0x00, 0x81, 0x00, 0x05, 0x00, 0x16, 0x00, 0x00, 0x00, 0xda, 0x54, // ...T...........T
	0x00, 0x00, 0xec, 0x0d, 0x00, 0x00, 0xd9, 0x54, 0x00, 0x00, 0x41, 0x00, 0x05, 0x00, 0xb6, 0x01, // .......T..A.....
	0x00, 0x00, 0xdc, 0x54, 0x00, 0x00, 0x91, 0x01, 0x00, 0x00, 0xe3, 0x01, 0x00, 0x00, 0x3d, 0x00, // ...T..........=.
	0x04, 0x00, 0x0d, 0x00, 0x00, 0x00, 0xdd, 0x54, 0x00, 0x00, 0xdc, 0x54, 0x00, 0x00, 0x4f, 0x00, // .......T...T..O.
	0x08, 0x00, 0x16, 0x00, 0x00, 0x00, 0xde, 0x54, 0x00, 0x00, 0xdd, 0x54, 0x00, 0x00, 0xdd, 0x54, // .......T...T...T
	0x00, 0x00, 0x00, 0x00, 0x00, 0x00, 0x01, 0x00, 0x00, 0x00, 0x02, 0x00, 0x00, 0x00, 0x83, 0x00, // ................
	0x05, 0x00, 0x16, 0x00, 0x00, 0x00, 0xdf, 0x54, 0x00, 0x00, 0xda, 0x54, 0x00, 0x00, 0xde, 0x54, // .......T...T...T
	0x00, 0x00, 0x0c, 0x00, 0x06, 0x00, 0x16, 0x00, 0x00, 0x00, 0xe0, 0x54, 0x00, 0x00, 0x01, 0x00, // ...........T....
	0x00, 0x00, 0x45, 0x00, 0x00, 0x00, 0xdf, 0x54, 0x00, 0x00, 0xf9, 0x00, 0x02, 0x00, 0xe1, 0x54, // ..E....T.......T
	0x00, 0x00, 0xf8, 0x00, 0x02, 0x00, 0xe1, 0x54, 0x00, 0x00, 0xf5, 0x00, 0x09, 0x00, 0x16, 0x00, // .......T........
	0x00, 0x00, 0xa7, 0x62, 0x00, 0x00, 0xd4, 0x11, 0x00, 0x00, 0xa9, 0x54, 0x00, 0x00, 0xd4, 0x11, // ...b.......T....
	0x00, 0x00, 0xd3, 0x54, 0x00, 0x00, 0xe0, 0x54, 0x00, 0x00, 0xd5, 0x54, 0x00, 0x00, 0x56, 0x00, // ...T...T...T..V.
	0x05, 0x00, 0x39, 0x01, 0x00, 0x00, 0xff, 0x54, 0x00, 0x00, 0x12, 0x01, 0x00, 0x00, 0x0f, 0x01, // ..9....T........
	0x00, 0x00, 0x58, 0x00, 0x07, 0x00, 0x0d, 0x00, 0x00, 0x00, 0x02, 0x55, 0x00, 0x00, 0xff, 0x54, // ..X........U...T
	0x00, 0x00, 0xa7, 0x62, 0x00, 0x00, 0x02, 0x00, 0x00, 0x00, 0x73, 0x01, 0x00, 0x00, 0x4f, 0x00, // ...b......s...O.
	0x08, 0x00, 0x16, 0x00, 0x00, 0x00, 0xdb, 0x11, 0x00, 0x00, 0x02, 0x55, 0x00, 0x00, 0x02, 0x55, // ...........U...U
	0x00, 0x00, 0x00, 0x00, 0x00, 0x00, 0x01, 0x00, 0x00, 0x00, 0x02, 0x00, 0x00, 0x00, 0x8e, 0x00, // ................
	0x05, 0x00, 0x16, 0x00, 0x00, 0x00, 0xe0, 0x11, 0x00, 0x00, 0x62, 0x54, 0x00, 0x00, 0x72, 0x0c, // ..........bT..r.
	0x00, 0x00, 0x85, 0x00, 0x05, 0x00, 0x07, 0x00, 0x00, 0x00, 0xe2, 0x11, 0x00, 0x00, 0xca, 0x0f, // ................
	0x00, 0x00, 0xc0, 0x0c, 0x00, 0x00, 0x83, 0x00, 0x05, 0x00, 0x07, 0x00, 0x00, 0x00, 0xe3, 0x11, // ................
	0x00, 0x00, 0xa1, 0x01, 0x00, 0x00, 0xe2, 0x11, 0x00, 0x00, 0x8e, 0x00, 0x05, 0x00, 0x16, 0x00, // ................
	0x00, 0x00, 0xe4, 0x11, 0x00, 0x00, 0xe0, 0x11, 0x00, 0x00, 0xe3, 0x11, 0x00, 0x00, 0x85, 0x00, // ................
	0x05, 0x00, 0x07, 0x00, 0x00, 0x00, 0xe6, 0x11, 0x00, 0x00, 0xca, 0x0f, 0x00, 0x00, 0xee, 0x08, // ................
	0x00, 0x00, 0x83, 0x00, 0x05, 0x00, 0x07, 0x00, 0x00, 0x00, 0xe7, 0x11, 0x00, 0x00, 0xa1, 0x01, // ................
	0x00, 0x00, 0xe6, 0x11, 0x00, 0x00, 0x50, 0x00, 0x06, 0x00, 0x16, 0x00, 0x00, 0x00, 0x1d, 0x55, // ......P........U
	0x00, 0x00, 0xe7, 0x11, 0x00, 0x00, 0xe7, 0x11, 0x00, 0x00, 0xe7, 0x11, 0x00, 0x00, 0x0c, 0x00, // ................
	0x08, 0x00, 0x16, 0x00, 0x00, 0x00, 0x23, 0x55, 0x00, 0x00, 0x01, 0x00, 0x00, 0x00, 0x2e, 0x00, // ......#U........
	0x00, 0x00, 0xe4, 0x11, 0x00, 0x00, 0x1d, 0x55, 0x00, 0x00, 0xd1, 0x0f, 0x00, 0x00, 0x8e, 0x00, // .......U........
	0x05, 0x00, 0x16, 0x00, 0x00, 0x00, 0xf0, 0x11, 0x00, 0x00, 0x23, 0x55, 0x00, 0x00, 0x54, 0x0f, // ..........#U..T.
	0x00, 0x00, 0x0c, 0x00, 0x08, 0x00, 0x16, 0x00, 0x00, 0x00, 0xf3, 0x11, 0x00, 0x00, 0x01, 0x00, // ................
	0x00, 0x00, 0x2b, 0x00, 0x00, 0x00, 0xf0, 0x11, 0x00, 0x00, 0x09, 0x02, 0x00, 0x00, 0x0a, 0x02, // ..+.............
	0x00, 0x00, 0x83, 0x00, 0x05, 0x00, 0x16, 0x00, 0x00, 0x00, 0xf7, 0x11, 0x00, 0x00, 0x0a, 0x02, // ................
	0x00, 0x00, 0xf3, 0x11, 0x00, 0x00, 0x85, 0x00, 0x05, 0x00, 0x16, 0x00, 0x00, 0x00, 0xf8, 0x11, // ................
	0x00, 0x00, 0xcb, 0x11, 0x00, 0x00, 0xf7, 0x11, 0x00, 0x00, 0x85, 0x00, 0x05, 0x00, 0x16, 0x00, // ................
	0x00, 0x00, 0xfb, 0x11, 0x00, 0x00, 0xdb, 0x11, 0x00, 0x00, 0xf3, 0x11, 0x00, 0x00, 0x81, 0x00, // ................
	0x05, 0x00, 0x16, 0x00, 0x00, 0x00, 0xfc, 0x11, 0x00, 0x00, 0xf8, 0x11, 0x00, 0x00, 0xfb, 0x11, // ................
	0x00, 0x00, 0xf9, 0x00, 0x02, 0x00, 0xfd, 0x11, 0x00, 0x00, 0xf8, 0x00, 0x02, 0x00, 0xfd, 0x11, // ................
	0x00, 0x00, 0xf5, 0x00, 0x07, 0x00, 0x16, 0x00, 0x00, 0x00, 0xb1, 0x62, 0x00, 0x00, 0xcb, 0x11, // ...........b....
	0x00, 0x00, 0x87, 0x11, 0x00, 0x00, 0xfc, 0x11, 0x00, 0x00, 0xe1, 0x54, 0x00, 0x00, 0x41, 0x00, // ...........T..A.
	0x06, 0x00, 0x93, 0x01, 0x00, 0x00, 0xfe, 0x11, 0x00, 0x00, 0x91, 0x01, 0x00, 0x00, 0x48, 0x04, // ..............H.
	0x00, 0x00, 0x88, 0x01, 0x00, 0x00, 0x3d, 0x00, 0x04, 0x00, 0x07, 0x00, 0x00, 0x00, 0xff, 0x11, // ......=.........
	0x00, 0x00, 0xfe, 0x11, 0x00, 0x00, 0xba, 0x00, 0x05, 0x00, 0x97, 0x01, 0x00, 0x00, 0x00, 0x12, // ................
	0x00, 0x00, 0xff, 0x11, 0x00, 0x00, 0x96, 0x01, 0x00, 0x00, 0xf7, 0x00, 0x03, 0x00, 0x61, 0x12, // ..............a.
	0x00, 0x00, 0x00, 0x00, 0x00, 0x00, 0xfa, 0x00, 0x04, 0x00, 0x00, 0x12, 0x00, 0x00, 0x01, 0x12, // ................
	0x00, 0x00, 0x61, 0x12, 0x00, 0x00, 0xf8, 0x00, 0x02, 0x00, 0x01, 0x12, 0x00, 0x00, 0x51, 0x00, // ..a...........Q.
	0x05, 0x00, 0x07, 0x00, 0x00, 0x00, 0x03, 0x12, 0x00, 0x00, 0xec, 0x0d, 0x00, 0x00, 0x00, 0x00, // ................
	0x00, 0x00, 0x51, 0x00, 0x05, 0x00, 0x07, 0x00, 0x00, 0x00, 0x04, 0x12, 0x00, 0x00, 0xec, 0x0d, // ..Q.............
	0x00, 0x00, 0x01, 0x00, 0x00, 0x00, 0x51, 0x00, 0x05, 0x00, 0x07, 0x00, 0x00, 0x00, 0x05, 0x12, // ......Q.........
	0x00, 0x00, 0xec, 0x0d, 0x00, 0x00, 0x02, 0x00, 0x00, 0x00, 0x50, 0x00, 0x07, 0x00, 0x0d, 0x00, // ..........P.....
	0x00, 0x00, 0x06, 0x12, 0x00, 0x00, 0x03, 0x12, 0x00, 0x00, 0x04, 0x12, 0x00, 0x00, 0x05, 0x12, // ................
	0x00, 0x00, 0xa1, 0x01, 0x00, 0x00, 0x41, 0x00, 0x05, 0x00, 0xca, 0x03, 0x00, 0x00, 0x07, 0x12, // ......A.........
	0x00, 0x00, 0x91, 0x01, 0x00, 0x00, 0xc1, 0x07, 0x00, 0x00, 0x3d, 0x00, 0x04, 0x00, 0x87, 0x01, // ..........=.....
	0x00, 0x00, 0x08, 0x12, 0x00, 0x00, 0x07, 0x12, 0x00, 0x00, 0x90, 0x00, 0x05, 0x00, 0x0d, 0x00, // ................
	0x00, 0x00, 0x09, 0x12, 0x00, 0x00, 0x06, 0x12, 0x00, 0x00, 0x08, 0x12, 0x00, 0x00, 0x51, 0x00, // ..............Q.
	0x05, 0x00, 0x07, 0x00, 0x00, 0x00, 0x0b, 0x12, 0x00, 0x00, 0x09, 0x12, 0x00, 0x00, 0x03, 0x00, // ................
	0x00, 0x00, 0xba, 0x00, 0x05, 0x00, 0x97, 0x01, 0x00, 0x00, 0x0c, 0x12, 0x00, 0x00, 0x0b, 0x12, // ................
	0x00, 0x00, 0xb0, 0x01, 0x00, 0x00, 0xf7, 0x00, 0x03, 0x00, 0x60, 0x12, 0x00, 0x00, 0x00, 0x00, // ..........`.....
	0x00, 0x00, 0xfa, 0x00, 0x04, 0x00, 0x0c, 0x12, 0x00, 0x00, 0x0d, 0x12, 0x00, 0x00, 0x60, 0x12, // ..............`.
	0x00, 0x00, 0xf8, 0x00, 0x02, 0x00, 0x0d, 0x12, 0x00, 0x00, 0x4f, 0x00, 0x07, 0x00, 0x0b, 0x00, // ..........O.....
	0x00, 0x00, 0x0f, 0x12, 0x00, 0x00, 0x09, 0x12, 0x00, 0x00, 0x09, 0x12, 0x00, 0x00, 0x00, 0x00, // ................
	0x00, 0x00, 0x01, 0x00, 0x00, 0x00, 0x50, 0x00, 0x05, 0x00, 0x0b, 0x00, 0x00, 0x00, 0x12, 0x12, // ......P.........
	0x00, 0x00, 0x0b, 0x12, 0x00, 0x00, 0x0b, 0x12, 0x00, 0x00, 0x88, 0x00, 0x05, 0x00, 0x0b, 0x00, // ................
	0x00, 0x00, 0x13, 0x12, 0x00, 0x00, 0x0f, 0x12, 0x00, 0x00, 0x12, 0x12, 0x00, 0x00, 0x8e, 0x00, // ................
	0x05, 0x00, 0x0b, 0x00, 0x00, 0x00, 0x14, 0x12, 0x00, 0x00, 0x13, 0x12, 0x00, 0x00, 0x96, 0x01, // ................
	0x00, 0x00, 0x81, 0x00, 0x05, 0x00, 0x0b, 0x00, 0x00, 0x00, 0x16, 0x12, 0x00, 0x00, 0x14, 0x12, // ................
	0x00, 0x00, 0xa4, 0x5d, 0x00, 0x00, 0x41, 0x00, 0x06, 0x00, 0x93, 0x01, 0x00, 0x00, 0x17, 0x12, // ...]..A.........
	0x00, 0x00, 0x91, 0x01, 0x00, 0x00, 0x48, 0x04, 0x00, 0x00, 0xcf, 0x01, 0x00, 0x00, 0x3d, 0x00, // ......H.......=.
	0x04, 0x00, 0x07, 0x00, 0x00, 0x00, 0x18, 0x12, 0x00, 0x00, 0x17, 0x12, 0x00, 0x00, 0xba, 0x00, // ................
	0x05, 0x00, 0x97, 0x01, 0x00, 0x00, 0x19, 0x12, 0x00, 0x00, 0x18, 0x12, 0x00, 0x00, 0x96, 0x01, // ................
	0x00, 0x00, 0xf7, 0x00, 0x03, 0x00, 0x1f, 0x12, 0x00, 0x00, 0x00, 0x00, 0x00, 0x00, 0xfa, 0x00, // ................
	0x04, 0x00, 0x19, 0x12, 0x00, 0x00, 0x1a, 0x12, 0x00, 0x00, 0x1f, 0x12, 0x00, 0x00, 0xf8, 0x00, // ................
	0x02, 0x00, 0x1a, 0x12, 0x00, 0x00, 0x51, 0x00, 0x05, 0x00, 0x07, 0x00, 0x00, 0x00, 0x1c, 0x12, // ......Q.........
	0x00, 0x00, 0x16, 0x12, 0x00, 0x00, 0x01, 0x00, 0x00, 0x00, 0x83, 0x00, 0x05, 0x00, 0x07, 0x00, // ................
	0x00, 0x00, 0x1d, 0x12, 0x00, 0x00, 0xa1, 0x01, 0x00, 0x00, 0x1c, 0x12, 0x00, 0x00, 0x52, 0x00, // ..............R.
	0x06, 0x00, 0x0b, 0x00, 0x00, 0x00, 0x8d, 0x5d, 0x00, 0x00, 0x1d, 0x12, 0x00, 0x00, 0x16, 0x12, // .......]........
	0x00, 0x00, 0x01, 0x00, 0x00, 0x00, 0xf9, 0x00, 0x02, 0x00, 0x1f, 0x12, 0x00, 0x00, 0xf8, 0x00, // ................
	0x02, 0x00, 0x1f, 0x12, 0x00, 0x00, 0xf5, 0x00, 0x07, 0x00, 0x0b, 0x00, 0x00, 0x00, 0xab, 0x62, // ...............b
	0x00, 0x00, 0x16, 0x12, 0x00, 0x00, 0x0d, 0x12, 0x00, 0x00, 0x8d, 0x5d, 0x00, 0x00, 0x1a, 0x12, // ...........]....
	0x00, 0x00, 0x51, 0x00, 0x05, 0x00, 0x07, 0x00, 0x00, 0x00, 0x21, 0x12, 0x00, 0x00, 0xab, 0x62, // ..Q.......!....b
	0x00, 0x00, 0x00, 0x00, 0x00, 0x00, 0x0c, 0x00, 0x08, 0x00, 0x07, 0x00, 0x00, 0x00, 0x22, 0x12, // ..............".
	0x00, 0x00, 0x01, 0x00, 0x00, 0x00, 0x31, 0x00, 0x00, 0x00, 0x73, 0x01, 0x00, 0x00, 0x2c, 0x09, // ......1...s...,.
	0x00, 0x00, 0x21, 0x12, 0x00, 0x00, 0x51, 0x00, 0x05, 0x00, 0x07, 0x00, 0x00, 0x00, 0x24, 0x12, // ..!...Q.......$.
	0x00, 0x00, 0xab, 0x62, 0x00, 0x00, 0x01, 0x00, 0x00, 0x00, 0x0c, 0x00, 0x08, 0x00, 0x07, 0x00, // ...b............
	0x00, 0x00, 0x25, 0x12, 0x00, 0x00, 0x01, 0x00, 0x00, 0x00, 0x31, 0x00, 0x00, 0x00, 0x73, 0x01, // ..%.......1...s.
	0x00, 0x00, 0x2c, 0x09, 0x00, 0x00, 0x24, 0x12, 0x00, 0x00, 0x85, 0x00, 0x05, 0x00, 0x07, 0x00, // ..,...$.........
	0x00, 0x00, 0x26, 0x12, 0x00, 0x00, 0x22, 0x12, 0x00, 0x00, 0x25, 0x12, 0x00, 0x00, 0x83, 0x00, // ..&..."...%.....
	0x05, 0x00, 0x07, 0x00, 0x00, 0x00, 0x29, 0x12, 0x00, 0x00, 0xa1, 0x01, 0x00, 0x00, 0x21, 0x12, // ......).......!.
	0x00, 0x00, 0x0c, 0x00, 0x08, 0x00, 0x07, 0x00, 0x00, 0x00, 0x2a, 0x12, 0x00, 0x00, 0x01, 0x00, // ..........*.....
	0x00, 0x00, 0x31, 0x00, 0x00, 0x00, 0x73, 0x01, 0x00, 0x00, 0x2c, 0x09, 0x00, 0x00, 0x29, 0x12, // ..1...s...,...).
	0x00, 0x00, 0x85, 0x00, 0x05, 0x00, 0x07, 0x00, 0x00, 0x00, 0x2b, 0x12, 0x00, 0x00, 0x26, 0x12, // ..........+...&.
	0x00, 0x00, 0x2a, 0x12, 0x00, 0x00, 0x83, 0x00, 0x05, 0x00, 0x07, 0x00, 0x00, 0x00, 0x2e, 0x12, // ..*.............
	0x00, 0x00, 0xa1, 0x01, 0x00, 0x00, 0x24, 0x12, 0x00, 0x00, 0x0c, 0x00, 0x08, 0x00, 0x07, 0x00, // ......$.........
	0x00, 0x00, 0x2f, 0x12, 0x00, 0x00, 0x01, 0x00, 0x00, 0x00, 0x31, 0x00, 0x00, 0x00, 0x73, 0x01, // ../.......1...s.
	0x00, 0x00, 0x2c, 0x09, 0x00, 0x00, 0x2e, 0x12, 0x00, 0x00, 0x85, 0x00, 0x05, 0x00, 0x07, 0x00, // ..,.............
	0x00, 0x00, 0x30, 0x12, 0x00, 0x00, 0x2b, 0x12, 0x00, 0x00, 0x2f, 0x12, 0x00, 0x00, 0xba, 0x00, // ..0...+.../.....
	0x05, 0x00, 0x97, 0x01, 0x00, 0x00, 0x32, 0x12, 0x00, 0x00, 0x30, 0x12, 0x00, 0x00, 0x1e, 0x0d, // ......2...0.....
	0x00, 0x00, 0xba, 0x00, 0x05, 0x00, 0x97, 0x01, 0x00, 0x00, 0x35, 0x12, 0x00, 0x00, 0x21, 0x12, // ..........5...!.
	0x00, 0x00, 0x73, 0x01, 0x00, 0x00, 0xa7, 0x00, 0x05, 0x00, 0x97, 0x01, 0x00, 0x00, 0x36, 0x12, // ..s...........6.
	0x00, 0x00, 0x32, 0x12, 0x00, 0x00, 0x35, 0x12, 0x00, 0x00, 0xb8, 0x00, 0x05, 0x00, 0x97, 0x01, // ..2...5.........
	0x00, 0x00, 0x39, 0x12, 0x00, 0x00, 0x21, 0x12, 0x00, 0x00, 0xa1, 0x01, 0x00, 0x00, 0xa7, 0x00, // ..9...!.........
	0x05, 0x00, 0x97, 0x01, 0x00, 0x00, 0x3a, 0x12, 0x00, 0x00, 0x36, 0x12, 0x00, 0x00, 0x39, 0x12, // ......:...6...9.
	0x00, 0x00, 0xba, 0x00, 0x05, 0x00, 0x97, 0x01, 0x00, 0x00, 0x3d, 0x12, 0x00, 0x00, 0x24, 0x12, // ..........=...$.
	0x00, 0x00, 0x73, 0x01, 0x00, 0x00, 0xa7, 0x00, 0x05, 0x00, 0x97, 0x01, 0x00, 0x00, 0x3e, 0x12, // ..s...........>.
	0x00, 0x00, 0x3a, 0x12, 0x00, 0x00, 0x3d, 0x12, 0x00, 0x00, 0xb8, 0x00, 0x05, 0x00, 0x97, 0x01, // ..:...=.........
	0x00, 0x00, 0x41, 0x12, 0x00, 0x00, 0x24, 0x12, 0x00, 0x00, 0xa1, 0x01, 0x00, 0x00, 0xa7, 0x00, // ..A...$.........
	0x05, 0x00, 0x97, 0x01, 0x00, 0x00, 0x42, 0x12, 0x00, 0x00, 0x3e, 0x12, 0x00, 0x00, 0x41, 0x12, // ......B...>...A.
	0x00, 0x00, 0xf7, 0x00, 0x03, 0x00, 0x5f, 0x12, 0x00, 0x00, 0x00, 0x00, 0x00, 0x00, 0xfa, 0x00, // ......_.........
	0x04, 0x00, 0x42, 0x12, 0x00, 0x00, 0x43, 0x12, 0x00, 0x00, 0x5f, 0x12, 0x00, 0x00, 0xf8, 0x00, // ..B...C..._.....
	0x02, 0x00, 0x43, 0x12, 0x00, 0x00, 0x56, 0x00, 0x05, 0x00, 0x2e, 0x01, 0x00, 0x00, 0x36, 0x55, // ..C...V.......6U
	0x00, 0x00, 0x0a, 0x01, 0x00, 0x00, 0x08, 0x01, 0x00, 0x00, 0x57, 0x00, 0x05, 0x00, 0x0d, 0x00, // ..........W.....
	0x00, 0x00, 0x38, 0x55, 0x00, 0x00, 0x36, 0x55, 0x00, 0x00, 0xab, 0x62, 0x00, 0x00, 0x4f, 0x00, // ..8U..6U...b..O.
	0x08, 0x00, 0x16, 0x00, 0x00, 0x00, 0x47, 0x12, 0x00, 0x00, 0x38, 0x55, 0x00, 0x00, 0x38, 0x55, // ......G...8U..8U
	0x00, 0x00, 0x00, 0x00, 0x00, 0x00, 0x01, 0x00, 0x00, 0x00, 0x02, 0x00, 0x00, 0x00, 0x51, 0x00, // ..............Q.
	0x05, 0x00, 0x07, 0x00, 0x00, 0x00, 0x49, 0x12, 0x00, 0x00, 0x8e, 0x13, 0x00, 0x00, 0x00, 0x00, // ......I.........
	0x00, 0x00, 0x83, 0x00, 0x05, 0x00, 0x07, 0x00, 0x00, 0x00, 0x4c, 0x12, 0x00, 0x00, 0xa1, 0x01, // ..........L.....
	0x00, 0x00, 0x49, 0x12, 0x00, 0x00, 0x0c, 0x00, 0x07, 0x00, 0x07, 0x00, 0x00, 0x00, 0x4f, 0x12, // ..I...........O.
	0x00, 0x00, 0x01, 0x00, 0x00, 0x00, 0x1a, 0x00, 0x00, 0x00, 0x5e, 0x54, 0x00, 0x00, 0x50, 0x02, // ..........^T..P.
	0x00, 0x00, 0x85, 0x00, 0x05, 0x00, 0x07, 0x00, 0x00, 0x00, 0x50, 0x12, 0x00, 0x00, 0x4c, 0x12, // ..........P...L.
	0x00, 0x00, 0x4f, 0x12, 0x00, 0x00, 0x81, 0x00, 0x05, 0x00, 0x07, 0x00, 0x00, 0x00, 0x51, 0x12, // ..O...........Q.
	0x00, 0x00, 0x49, 0x12, 0x00, 0x00, 0x50, 0x12, 0x00, 0x00, 0x0c, 0x00, 0x08, 0x00, 0x07, 0x00, // ..I...P.........
	0x00, 0x00, 0x3e, 0x55, 0x00, 0x00, 0x01, 0x00, 0x00, 0x00, 0x2e, 0x00, 0x00, 0x00, 0xee, 0x08, // ..>U............
	0x00, 0x00, 0xa1, 0x01, 0x00, 0x00, 0x84, 0x0f, 0x00, 0x00, 0x85, 0x00, 0x05, 0x00, 0x07, 0x00, // ................
	0x00, 0x00, 0x55, 0x12, 0x00, 0x00, 0x51, 0x12, 0x00, 0x00, 0x3e, 0x55, 0x00, 0x00, 0x85, 0x00, // ..U...Q...>U....
	0x05, 0x00, 0x07, 0x00, 0x00, 0x00, 0x57, 0x12, 0x00, 0x00, 0xca, 0x0f, 0x00, 0x00, 0x71, 0x0c, // ......W.......q.
	0x00, 0x00, 0x83, 0x00, 0x05, 0x00, 0x07, 0x00, 0x00, 0x00, 0x58, 0x12, 0x00, 0x00, 0xa1, 0x01, // ..........X.....
	0x00, 0x00, 0x57, 0x12, 0x00, 0x00, 0x85, 0x00, 0x05, 0x00, 0x07, 0x00, 0x00, 0x00, 0x59, 0x12, // ..W...........Y.
	0x00, 0x00, 0x55, 0x12, 0x00, 0x00, 0x58, 0x12, 0x00, 0x00, 0x85, 0x00, 0x05, 0x00, 0x07, 0x00, // ..U...X.........
	0x00, 0x00, 0x5b, 0x12, 0x00, 0x00, 0x59, 0x12, 0x00, 0x00, 0x30, 0x12, 0x00, 0x00, 0x85, 0x00, // ..[...Y...0.....
	0x05, 0x00, 0x07, 0x00, 0x00, 0x00, 0x5d, 0x12, 0x00, 0x00, 0x5b, 0x12, 0x00, 0x00, 0x54, 0x0f, // ......]...[...T.
	0x00, 0x00, 0x0c, 0x00, 0x08, 0x00, 0x07, 0x00, 0x00, 0x00, 0x5e, 0x12, 0x00, 0x00, 0x01, 0x00, // ..........^.....
	0x00, 0x00, 0x2b, 0x00, 0x00, 0x00, 0x5d, 0x12, 0x00, 0x00, 0x73, 0x01, 0x00, 0x00, 0xa1, 0x01, // ..+...]...s.....
	0x00, 0x00, 0xf9, 0x00, 0x02, 0x00, 0x5f, 0x12, 0x00, 0x00, 0xf8, 0x00, 0x02, 0x00, 0x5f, 0x12, // ......_......._.
	0x00, 0x00, 0xf5, 0x00, 0x07, 0x00, 0x16, 0x00, 0x00, 0x00, 0x35, 0x64, 0x00, 0x00, 0x09, 0x02, // ..........5d....
	0x00, 0x00, 0x1f, 0x12, 0x00, 0x00, 0x47, 0x12, 0x00, 0x00, 0x43, 0x12, 0x00, 0x00, 0xf5, 0x00, // ......G...C.....
	0x07, 0x00, 0x07, 0x00, 0x00, 0x00, 0x74, 0x63, 0x00, 0x00, 0x73, 0x01, 0x00, 0x00, 0x1f, 0x12, // ......tc..s.....
	0x00, 0x00, 0x5e, 0x12, 0x00, 0x00, 0x43, 0x12, 0x00, 0x00, 0xf9, 0x00, 0x02, 0x00, 0x60, 0x12, // ..^...C.......`.
	0x00, 0x00, 0xf8, 0x00, 0x02, 0x00, 0x60, 0x12, 0x00, 0x00, 0xf5, 0x00, 0x07, 0x00, 0x16, 0x00, // ......`.........
	0x00, 0x00, 0x34, 0x64, 0x00, 0x00, 0x09, 0x02, 0x00, 0x00, 0x01, 0x12, 0x00, 0x00, 0x35, 0x64, // ..4d..........5d
	0x00, 0x00, 0x5f, 0x12, 0x00, 0x00, 0xf5, 0x00, 0x07, 0x00, 0x07, 0x00, 0x00, 0x00, 0x73, 0x63, // .._...........sc
	0x00, 0x00, 0x73, 0x01, 0x00, 0x00, 0x01, 0x12, 0x00, 0x00, 0x74, 0x63, 0x00, 0x00, 0x5f, 0x12, // ..s.......tc.._.
	0x00, 0x00, 0xf9, 0x00, 0x02, 0x00, 0x61, 0x12, 0x00, 0x00, 0xf8, 0x00, 0x02, 0x00, 0x61, 0x12, // ......a.......a.
	0x00, 0x00, 0xf5, 0x00, 0x07, 0x00, 0x16, 0x00, 0x00, 0x00, 0x76, 0x63, 0x00, 0x00, 0x09, 0x02, // ..........vc....
	0x00, 0x00, 0xfd, 0x11, 0x00, 0x00, 0x34, 0x64, 0x00, 0x00, 0x60, 0x12, 0x00, 0x00, 0xf5, 0x00, // ......4d..`.....
	0x07, 0x00, 0x07, 0x00, 0x00, 0x00, 0xb5, 0x62, 0x00, 0x00, 0x73, 0x01, 0x00, 0x00, 0xfd, 0x11, // .......b..s.....
	0x00, 0x00, 0x73, 0x63, 0x00, 0x00, 0x60, 0x12, 0x00, 0x00, 0x41, 0x00, 0x06, 0x00, 0x93, 0x01, // ..sc..`...A.....
	0x00, 0x00, 0x62, 0x12, 0x00, 0x00, 0x91, 0x01, 0x00, 0x00, 0x53, 0x0d, 0x00, 0x00, 0xcc, 0x01, // ..b.......S.....
	0x00, 0x00, 0x3d, 0x00, 0x04, 0x00, 0x07, 0x00, 0x00, 0x00, 0x63, 0x12, 0x00, 0x00, 0x62, 0x12, // ..=.......c...b.
	0x00, 0x00, 0xb8, 0x00, 0x05, 0x00, 0x97, 0x01, 0x00, 0x00, 0x64, 0x12, 0x00, 0x00, 0x63, 0x12, // ..........d...c.
	0x00, 0x00, 0x96, 0x01, 0x00, 0x00, 0xf7, 0x00, 0x03, 0x00, 0x6f, 0x12, 0x00, 0x00, 0x00, 0x00, // ..........o.....
	0x00, 0x00, 0xfa, 0x00, 0x04, 0x00, 0x64, 0x12, 0x00, 0x00, 0x65, 0x12, 0x00, 0x00, 0x6f, 0x12, // ......d...e...o.
	0x00, 0x00, 0xf8, 0x00, 0x02, 0x00, 0x65, 0x12, 0x00, 0x00, 0x8e, 0x00, 0x05, 0x00, 0x16, 0x00, // ......e.........
	0x00, 0x00, 0x49, 0x55, 0x00, 0x00, 0xb1, 0x62, 0x00, 0x00, 0xec, 0x01, 0x00, 0x00, 0x81, 0x00, // ..IU...b........
	0x05, 0x00, 0x16, 0x00, 0x00, 0x00, 0x4c, 0x55, 0x00, 0x00, 0x49, 0x55, 0x00, 0x00, 0xb2, 0x5d, // ......LU..IU...]
	0x00, 0x00, 0x85, 0x00, 0x05, 0x00, 0x16, 0x00, 0x00, 0x00, 0x4d, 0x55, 0x00, 0x00, 0xb1, 0x62, // ..........MU...b
	0x00, 0x00, 0x4c, 0x55, 0x00, 0x00, 0x8e, 0x00, 0x05, 0x00, 0x16, 0x00, 0x00, 0x00, 0x51, 0x55, // ..LU..........QU
	0x00, 0x00, 0xb1, 0x62, 0x00, 0x00, 0xf0, 0x01, 0x00, 0x00, 0x81, 0x00, 0x05, 0x00, 0x16, 0x00, // ...b............
	0x00, 0x00, 0x54, 0x55, 0x00, 0x00, 0x51, 0x55, 0x00, 0x00, 0xb3, 0x5d, 0x00, 0x00, 0x85, 0x00, // ..TU..QU...]....
	0x05, 0x00, 0x16, 0x00, 0x00, 0x00, 0x55, 0x55, 0x00, 0x00, 0xb1, 0x62, 0x00, 0x00, 0x54, 0x55, // ......UU...b..TU
	0x00, 0x00, 0x81, 0x00, 0x05, 0x00, 0x16, 0x00, 0x00, 0x00, 0x58, 0x55, 0x00, 0x00, 0x55, 0x55, // ..........XU..UU
	0x00, 0x00, 0xb4, 0x5d, 0x00, 0x00, 0x88, 0x00, 0x05, 0x00, 0x16, 0x00, 0x00, 0x00, 0x59, 0x55, // ...]..........YU
	0x00, 0x00, 0x4d, 0x55, 0x00, 0x00, 0x58, 0x55, 0x00, 0x00, 0x0c, 0x00, 0x08, 0x00, 0x16, 0x00, // ..MU..XU........
	0x00, 0x00, 0x5a, 0x55, 0x00, 0x00, 0x01, 0x00, 0x00, 0x00, 0x2b, 0x00, 0x00, 0x00, 0x59, 0x55, // ..ZU......+...YU
	0x00, 0x00, 0x09, 0x02, 0x00, 0x00, 0x0a, 0x02, 0x00, 0x00, 0x0c, 0x00, 0x07, 0x00, 0x16, 0x00, // ................
	0x00, 0x00, 0x61, 0x55, 0x00, 0x00, 0x01, 0x00, 0x00, 0x00, 0x28, 0x00, 0x00, 0x00, 0x5a, 0x55, // ..aU......(...ZU
	0x00, 0x00, 0x09, 0x02, 0x00, 0x00, 0x0c, 0x00, 0x07, 0x00, 0x16, 0x00, 0x00, 0x00, 0x63, 0x55, // ..............cU
	0x00, 0x00, 0x01, 0x00, 0x00, 0x00, 0x1a, 0x00, 0x00, 0x00, 0x61, 0x55, 0x00, 0x00, 0xb5, 0x5d, // ..........aU...]
	0x00, 0x00, 0x50, 0x00, 0x06, 0x00, 0x16, 0x00, 0x00, 0x00, 0x6b, 0x12, 0x00, 0x00, 0xb5, 0x62, // ..P.......k....b
	0x00, 0x00, 0xb5, 0x62, 0x00, 0x00, 0xb5, 0x62, 0x00, 0x00, 0x0c, 0x00, 0x08, 0x00, 0x16, 0x00, // ...b...b........
	0x00, 0x00, 0x71, 0x55, 0x00, 0x00, 0x01, 0x00, 0x00, 0x00, 0x2e, 0x00, 0x00, 0x00, 0x63, 0x55, // ..qU..........cU
	0x00, 0x00, 0x76, 0x63, 0x00, 0x00, 0x6b, 0x12, 0x00, 0x00, 0xf9, 0x00, 0x02, 0x00, 0x6f, 0x12, // ..vc..k.......o.
	0x00, 0x00, 0xf8, 0x00, 0x02, 0x00, 0x6f, 0x12, 0x00, 0x00, 0xf5, 0x00, 0x07, 0x00, 0x16, 0x00, // ......o.........
	0x00, 0x00, 0x38, 0x64, 0x00, 0x00, 0xb1, 0x62, 0x00, 0x00, 0x61, 0x12, 0x00, 0x00, 0x71, 0x55, // ..8d...b..a...qU
	0x00, 0x00, 0x65, 0x12, 0x00, 0x00, 0xf9, 0x00, 0x02, 0x00, 0xcd, 0x12, 0x00, 0x00, 0xf8, 0x00, // ..e.............
	0x02, 0x00, 0x70, 0x12, 0x00, 0x00, 0x56, 0x00, 0x05, 0x00, 0x2e, 0x01, 0x00, 0x00, 0x78, 0x55, // ..p...V.......xU
	0x00, 0x00, 0xe0, 0x00, 0x00, 0x00, 0xdd, 0x00, 0x00, 0x00, 0x57, 0x00, 0x05, 0x00, 0x0d, 0x00, // ..........W.....
	0x00, 0x00, 0x7a, 0x55, 0x00, 0x00, 0x78, 0x55, 0x00, 0x00, 0xe6, 0x0d, 0x00, 0x00, 0x4f, 0x00, // ..zU..xU......O.
	0x08, 0x00, 0x16, 0x00, 0x00, 0x00, 0x74, 0x12, 0x00, 0x00, 0x7a, 0x55, 0x00, 0x00, 0x7a, 0x55, // ......t...zU..zU
	0x00, 0x00, 0x00, 0x00, 0x00, 0x00, 0x01, 0x00, 0x00, 0x00, 0x02, 0x00, 0x00, 0x00, 0x56, 0x00, // ..............V.
	0x05, 0x00, 0x2e, 0x01, 0x00, 0x00, 0x81, 0x55, 0x00, 0x00, 0xf2, 0x00, 0x00, 0x00, 0xf0, 0x00, // .......U........
	0x00, 0x00, 0x57, 0x00, 0x05, 0x00, 0x0d, 0x00, 0x00, 0x00, 0x83, 0x55, 0x00, 0x00, 0x81, 0x55, // ..W........U...U
	0x00, 0x00, 0xe6, 0x0d, 0x00, 0x00, 0x4f, 0x00, 0x08, 0x00, 0x16, 0x00, 0x00, 0x00, 0x78, 0x12, // ......O.......x.
	0x00, 0x00, 0x83, 0x55, 0x00, 0x00, 0x83, 0x55, 0x00, 0x00, 0x00, 0x00, 0x00, 0x00, 0x01, 0x00, // ...U...U........
	0x00, 0x00, 0x02, 0x00, 0x00, 0x00, 0x4f, 0x00, 0x08, 0x00, 0x16, 0x00, 0x00, 0x00, 0x7a, 0x12, // ......O.......z.
	0x00, 0x00, 0xb8, 0x5d, 0x00, 0x00, 0xb8, 0x5d, 0x00, 0x00, 0x00, 0x00, 0x00, 0x00, 0x01, 0x00, // ...]...]........
	0x00, 0x00, 0x02, 0x00, 0x00, 0x00, 0x85, 0x00, 0x05, 0x00, 0x16, 0x00, 0x00, 0x00, 0x7c, 0x12, // ..............|.
	0x00, 0x00, 0x7a, 0x12, 0x00, 0x00, 0x74, 0x12, 0x00, 0x00, 0x41, 0x00, 0x05, 0x00, 0xb6, 0x01, // ..z...t...A.....
	0x00, 0x00, 0x7d, 0x12, 0x00, 0x00, 0x91, 0x01, 0x00, 0x00, 0x89, 0x0c, 0x00, 0x00, 0x3d, 0x00, // ..}...........=.
	0x04, 0x00, 0x0d, 0x00, 0x00, 0x00, 0x7e, 0x12, 0x00, 0x00, 0x7d, 0x12, 0x00, 0x00, 0x4f, 0x00, // ......~...}...O.
	0x08, 0x00, 0x16, 0x00, 0x00, 0x00, 0x7f, 0x12, 0x00, 0x00, 0x7e, 0x12, 0x00, 0x00, 0x7e, 0x12, // ..........~...~.
	0x00, 0x00, 0x00, 0x00, 0x00, 0x00, 0x01, 0x00, 0x00, 0x00, 0x02, 0x00, 0x00, 0x00, 0x41, 0x00, // ..............A.
	0x06, 0x00, 0x93, 0x01, 0x00, 0x00, 0x80, 0x12, 0x00, 0x00, 0x91, 0x01, 0x00, 0x00, 0x89, 0x0c, // ................
	0x00, 0x00, 0x88, 0x01, 0x00, 0x00, 0x3d, 0x00, 0x04, 0x00, 0x07, 0x00, 0x00, 0x00, 0x81, 0x12, // ......=.........
	0x00, 0x00, 0x80, 0x12, 0x00, 0x00, 0x8e, 0x00, 0x05, 0x00, 0x16, 0x00, 0x00, 0x00, 0x82, 0x12, // ................
	0x00, 0x00, 0x7f, 0x12, 0x00, 0x00, 0x81, 0x12, 0x00, 0x00, 0x85, 0x00, 0x05, 0x00, 0x16, 0x00, // ................
	0x00, 0x00, 0x84, 0x12, 0x00, 0x00, 0x82, 0x12, 0x00, 0x00, 0x78, 0x12, 0x00, 0x00, 0x81, 0x00, // ..........x.....
	0x05, 0x00, 0x16, 0x00, 0x00, 0x00, 0x85, 0x12, 0x00, 0x00, 0x7c, 0x12, 0x00, 0x00, 0x84, 0x12, // ..........|.....
	0x00, 0x00, 0x41, 0x00, 0x06, 0x00, 0x93, 0x01, 0x00, 0x00, 0x86, 0x12, 0x00, 0x00, 0x91, 0x01, // ..A.............
	0x00, 0x00, 0x53, 0x0d, 0x00, 0x00, 0xcc, 0x01, 0x00, 0x00, 0x3d, 0x00, 0x04, 0x00, 0x07, 0x00, // ..S.......=.....
	0x00, 0x00, 0x87, 0x12, 0x00, 0x00, 0x86, 0x12, 0x00, 0x00, 0xba, 0x00, 0x05, 0x00, 0x97, 0x01, // ................
	0x00, 0x00, 0x88, 0x12, 0x00, 0x00, 0x87, 0x12, 0x00, 0x00, 0x96, 0x01, 0x00, 0x00, 0xf7, 0x00, // ................
	0x03, 0x00, 0xcc, 0x12, 0x00, 0x00, 0x00, 0x00, 0x00, 0x00, 0xfa, 0x00, 0x04, 0x00, 0x88, 0x12, // ................
	0x00, 0x00, 0x89, 0x12, 0x00, 0x00, 0x8c, 0x12, 0x00, 0x00, 0xf8, 0x00, 0x02, 0x00, 0x89, 0x12, // ................
	0x00, 0x00, 0x0c, 0x00, 0x07, 0x00, 0x16, 0x00, 0x00, 0x00, 0x8a, 0x55, 0x00, 0x00, 0x01, 0x00, // ...........U....
	0x00, 0x00, 0x28, 0x00, 0x00, 0x00, 0x85, 0x12, 0x00, 0x00, 0x09, 0x02, 0x00, 0x00, 0x0c, 0x00, // ..(.............
	0x07, 0x00, 0x16, 0x00, 0x00, 0x00, 0x8c, 0x55, 0x00, 0x00, 0x01, 0x00, 0x00, 0x00, 0x1a, 0x00, // .......U........
	0x00, 0x00, 0x8a, 0x55, 0x00, 0x00, 0xa3, 0x5d, 0x00, 0x00, 0xf9, 0x00, 0x02, 0x00, 0xcc, 0x12, // ...U...]........
	0x00, 0x00, 0xf8, 0x00, 0x02, 0x00, 0x8c, 0x12, 0x00, 0x00, 0x41, 0x00, 0x06, 0x00, 0x93, 0x01, // ..........A.....
	0x00, 0x00, 0x8d, 0x12, 0x00, 0x00, 0x91, 0x01, 0x00, 0x00, 0x48, 0x04, 0x00, 0x00, 0x88, 0x01, // ..........H.....
	0x00, 0x00, 0x3d, 0x00, 0x04, 0x00, 0x07, 0x00, 0x00, 0x00, 0x8e, 0x12, 0x00, 0x00, 0x8d, 0x12, // ..=.............
	0x00, 0x00, 0xba, 0x00, 0x05, 0x00, 0x97, 0x01, 0x00, 0x00, 0x8f, 0x12, 0x00, 0x00, 0x8e, 0x12, // ................
	0x00, 0x00, 0x96, 0x01, 0x00, 0x00, 0xf7, 0x00, 0x03, 0x00, 0xcb, 0x12, 0x00, 0x00, 0x00, 0x00, // ................
	0x00, 0x00, 0xfa, 0x00, 0x04, 0x00, 0x8f, 0x12, 0x00, 0x00, 0x90, 0x12, 0x00, 0x00, 0xcb, 0x12, // ................
	0x00, 0x00, 0xf8, 0x00, 0x02, 0x00, 0x90, 0x12, 0x00, 0x00, 0x51, 0x00, 0x05, 0x00, 0x07, 0x00, // ..........Q.....
	0x00, 0x00, 0x92, 0x12, 0x00, 0x00, 0xec, 0x0d, 0x00, 0x00, 0x00, 0x00, 0x00, 0x00, 0x51, 0x00, // ..............Q.
	0x05, 0x00, 0x07, 0x00, 0x00, 0x00, 0x93, 0x12, 0x00, 0x00, 0xec, 0x0d, 0x00, 0x00, 0x01, 0x00, // ................
	0x00, 0x00, 0x51, 0x00, 0x05, 0x00, 0x07, 0x00, 0x00, 0x00, 0x94, 0x12, 0x00, 0x00, 0xec, 0x0d, // ..Q.............
	0x00, 0x00, 0x02, 0x00, 0x00, 0x00, 0x50, 0x00, 0x07, 0x00, 0x0d, 0x00, 0x00, 0x00, 0x95, 0x12, // ......P.........
	0x00, 0x00, 0x92, 0x12, 0x00, 0x00, 0x93, 0x12, 0x00, 0x00, 0x94, 0x12, 0x00, 0x00, 0xa1, 0x01, // ................
	0x00, 0x00, 0x41, 0x00, 0x05, 0x00, 0xca, 0x03, 0x00, 0x00, 0x96, 0x12, 0x00, 0x00, 0x91, 0x01, // ..A.............
	0x00, 0x00, 0xc1, 0x07, 0x00, 0x00, 0x3d, 0x00, 0x04, 0x00, 0x87, 0x01, 0x00, 0x00, 0x97, 0x12, // ......=.........
	0x00, 0x00, 0x96, 0x12, 0x00, 0x00, 0x90, 0x00, 0x05, 0x00, 0x0d, 0x00, 0x00, 0x00, 0x98, 0x12, // ................
	0x00, 0x00, 0x95, 0x12, 0x00, 0x00, 0x97, 0x12, 0x00, 0x00, 0x51, 0x00, 0x05, 0x00, 0x07, 0x00, // ..........Q.....
	0x00, 0x00, 0x9a, 0x12, 0x00, 0x00, 0x98, 0x12, 0x00, 0x00, 0x03, 0x00, 0x00, 0x00, 0xba, 0x00, // ................
	0x05, 0x00, 0x97, 0x01, 0x00, 0x00, 0x9b, 0x12, 0x00, 0x00, 0x9a, 0x12, 0x00, 0x00, 0xb0, 0x01, // ................
	0x00, 0x00, 0xf7, 0x00, 0x03, 0x00, 0xca, 0x12, 0x00, 0x00, 0x00, 0x00, 0x00, 0x00, 0xfa, 0x00, // ................
	0x04, 0x00, 0x9b, 0x12, 0x00, 0x00, 0x9c, 0x12, 0x00, 0x00, 0xca, 0x12, 0x00, 0x00, 0xf8, 0x00, // ................
	0x02, 0x00, 0x9c, 0x12, 0x00, 0x00, 0x4f, 0x00, 0x07, 0x00, 0x0b, 0x00, 0x00, 0x00, 0x9e, 0x12, // ......O.........
	0x00, 0x00, 0x98, 0x12, 0x00, 0x00, 0x98, 0x12, 0x00, 0x00, 0x00, 0x00, 0x00, 0x00, 0x01, 0x00, // ................
	0x00, 0x00, 0x50, 0x00, 0x05, 0x00, 0x0b, 0x00, 0x00, 0x00, 0xa1, 0x12, 0x00, 0x00, 0x9a, 0x12, // ..P.............
	0x00, 0x00, 0x9a, 0x12, 0x00, 0x00, 0x88, 0x00, 0x05, 0x00, 0x0b, 0x00, 0x00, 0x00, 0xa2, 0x12, // ................
	0x00, 0x00, 0x9e, 0x12, 0x00, 0x00, 0xa1, 0x12, 0x00, 0x00, 0x8e, 0x00, 0x05, 0x00, 0x0b, 0x00, // ................
	0x00, 0x00, 0xa3, 0x12, 0x00, 0x00, 0xa2, 0x12, 0x00, 0x00, 0x96, 0x01, 0x00, 0x00, 0x81, 0x00, // ................
	0x05, 0x00, 0x0b, 0x00, 0x00, 0x00, 0xa5, 0x12, 0x00, 0x00, 0xa3, 0x12, 0x00, 0x00, 0xa4, 0x5d, // ...............]
	0x00, 0x00, 0x41, 0x00, 0x06, 0x00, 0x93, 0x01, 0x00, 0x00, 0xa6, 0x12, 0x00, 0x00, 0x91, 0x01, // ..A.............
	0x00, 0x00, 0x48, 0x04, 0x00, 0x00, 0xcf, 0x01, 0x00, 0x00, 0x3d, 0x00, 0x04, 0x00, 0x07, 0x00, // ..H.......=.....
	0x00, 0x00, 0xa7, 0x12, 0x00, 0x00, 0xa6, 0x12, 0x00, 0x00, 0xba, 0x00, 0x05, 0x00, 0x97, 0x01, // ................
	0x00, 0x00, 0xa8, 0x12, 0x00, 0x00, 0xa7, 0x12, 0x00, 0x00, 0x96, 0x01, 0x00, 0x00, 0xf7, 0x00, // ................
	0x03, 0x00, 0xae, 0x12, 0x00, 0x00, 0x00, 0x00, 0x00, 0x00, 0xfa, 0x00, 0x04, 0x00, 0xa8, 0x12, // ................
	0x00, 0x00, 0xa9, 0x12, 0x00, 0x00, 0xae, 0x12, 0x00, 0x00, 0xf8, 0x00, 0x02, 0x00, 0xa9, 0x12, // ................
	0x00, 0x00, 0x51, 0x00, 0x05, 0x00, 0x07, 0x00, 0x00, 0x00, 0xab, 0x12, 0x00, 0x00, 0xa5, 0x12, // ..Q.............
	0x00, 0x00, 0x01, 0x00, 0x00, 0x00, 0x83, 0x00, 0x05, 0x00, 0x07, 0x00, 0x00, 0x00, 0xac, 0x12, // ................
	0x00, 0x00, 0xa1, 0x01, 0x00, 0x00, 0xab, 0x12, 0x00, 0x00, 0x52, 0x00, 0x06, 0x00, 0x0b, 0x00, // ..........R.....
	0x00, 0x00, 0x9c, 0x5d, 0x00, 0x00, 0xac, 0x12, 0x00, 0x00, 0xa5, 0x12, 0x00, 0x00, 0x01, 0x00, // ...]............
	0x00, 0x00, 0xf9, 0x00, 0x02, 0x00, 0xae, 0x12, 0x00, 0x00, 0xf8, 0x00, 0x02, 0x00, 0xae, 0x12, // ................
	0x00, 0x00, 0xf5, 0x00, 0x07, 0x00, 0x0b, 0x00, 0x00, 0x00, 0xb9, 0x5d, 0x00, 0x00, 0xa5, 0x12, // ...........]....
	0x00, 0x00, 0x9c, 0x12, 0x00, 0x00, 0x9c, 0x5d, 0x00, 0x00, 0xa9, 0x12, 0x00, 0x00, 0x51, 0x00, // .......]......Q.
	0x05, 0x00, 0x07, 0x00, 0x00, 0x00, 0xb0, 0x12, 0x00, 0x00, 0xb9, 0x5d, 0x00, 0x00, 0x00, 0x00, // ...........]....
	0x00, 0x00, 0xba, 0x00, 0x05, 0x00, 0x97, 0x01, 0x00, 0x00, 0xb1, 0x12, 0x00, 0x00, 0xb0, 0x12, // ................
	0x00, 0x00, 0x73, 0x01, 0x00, 0x00, 0xb8, 0x00, 0x05, 0x00, 0x97, 0x01, 0x00, 0x00, 0xb4, 0x12, // ..s.............
	0x00, 0x00, 0xb0, 0x12, 0x00, 0x00, 0xa1, 0x01, 0x00, 0x00, 0xa7, 0x00, 0x05, 0x00, 0x97, 0x01, // ................
	0x00, 0x00, 0xb5, 0x12, 0x00, 0x00, 0xb1, 0x12, 0x00, 0x00, 0xb4, 0x12, 0x00, 0x00, 0x51, 0x00, // ..............Q.
	0x05, 0x00, 0x07, 0x00, 0x00, 0x00, 0xb7, 0x12, 0x00, 0x00, 0xb9, 0x5d, 0x00, 0x00, 0x01, 0x00, // ...........]....
	0x00, 0x00, 0xba, 0x00, 0x05, 0x00, 0x97, 0x01, 0x00, 0x00, 0xb8, 0x12, 0x00, 0x00, 0xb7, 0x12, // ................
	0x00, 0x00, 0x73, 0x01, 0x00, 0x00, 0xa7, 0x00, 0x05, 0x00, 0x97, 0x01, 0x00, 0x00, 0xb9, 0x12, // ..s.............
	0x00, 0x00, 0xb5, 0x12, 0x00, 0x00, 0xb8, 0x12, 0x00, 0x00, 0xb8, 0x00, 0x05, 0x00, 0x97, 0x01, // ................
	0x00, 0x00, 0xbc, 0x12, 0x00, 0x00, 0xb7, 0x12, 0x00, 0x00, 0xa1, 0x01, 0x00, 0x00, 0xa7, 0x00, // ................
	0x05, 0x00, 0x97, 0x01, 0x00, 0x00, 0xbd, 0x12, 0x00, 0x00, 0xb9, 0x12, 0x00, 0x00, 0xbc, 0x12, // ................
	0x00, 0x00, 0xf7, 0x00, 0x03, 0x00, 0xc9, 0x12, 0x00, 0x00, 0x00, 0x00, 0x00, 0x00, 0xfa, 0x00, // ................
	0x04, 0x00, 0xbd, 0x12, 0x00, 0x00, 0xbe, 0x12, 0x00, 0x00, 0xc9, 0x12, 0x00, 0x00, 0xf8, 0x00, // ................
	0x02, 0x00, 0xbe, 0x12, 0x00, 0x00, 0x56, 0x00, 0x05, 0x00, 0x2e, 0x01, 0x00, 0x00, 0x9b, 0x55, // ......V........U
	0x00, 0x00, 0x0a, 0x01, 0x00, 0x00, 0x08, 0x01, 0x00, 0x00, 0x57, 0x00, 0x05, 0x00, 0x0d, 0x00, // ..........W.....
	0x00, 0x00, 0x9d, 0x55, 0x00, 0x00, 0x9b, 0x55, 0x00, 0x00, 0xb9, 0x5d, 0x00, 0x00, 0x4f, 0x00, // ...U...U...]..O.
	0x08, 0x00, 0x16, 0x00, 0x00, 0x00, 0xc2, 0x12, 0x00, 0x00, 0x9d, 0x55, 0x00, 0x00, 0x9d, 0x55, // ...........U...U
	0x00, 0x00, 0x00, 0x00, 0x00, 0x00, 0x01, 0x00, 0x00, 0x00, 0x02, 0x00, 0x00, 0x00, 0x85, 0x00, // ................
	0x05, 0x00, 0x07, 0x00, 0x00, 0x00, 0xc4, 0x12, 0x00, 0x00, 0xca, 0x0d, 0x00, 0x00, 0x54, 0x0f, // ..............T.
	0x00, 0x00, 0x50, 0x00, 0x06, 0x00, 0x16, 0x00, 0x00, 0x00, 0xc5, 0x12, 0x00, 0x00, 0xc4, 0x12, // ..P.............
	0x00, 0x00, 0xc4, 0x12, 0x00, 0x00, 0xc4, 0x12, 0x00, 0x00, 0x0c, 0x00, 0x08, 0x00, 0x16, 0x00, // ................
	0x00, 0x00, 0xa3, 0x55, 0x00, 0x00, 0x01, 0x00, 0x00, 0x00, 0x2e, 0x00, 0x00, 0x00, 0x85, 0x12, // ...U............
	0x00, 0x00, 0xc2, 0x12, 0x00, 0x00, 0xc5, 0x12, 0x00, 0x00, 0xf9, 0x00, 0x02, 0x00, 0xc9, 0x12, // ................
	0x00, 0x00, 0xf8, 0x00, 0x02, 0x00, 0xc9, 0x12, 0x00, 0x00, 0xf5, 0x00, 0x07, 0x00, 0x16, 0x00, // ................
	0x00, 0x00, 0x3c, 0x64, 0x00, 0x00, 0x85, 0x12, 0x00, 0x00, 0xae, 0x12, 0x00, 0x00, 0xa3, 0x55, // ..<d...........U
	0x00, 0x00, 0xbe, 0x12, 0x00, 0x00, 0xf9, 0x00, 0x02, 0x00, 0xca, 0x12, 0x00, 0x00, 0xf8, 0x00, // ................
	0x02, 0x00, 0xca, 0x12, 0x00, 0x00, 0xf5, 0x00, 0x07, 0x00, 0x16, 0x00, 0x00, 0x00, 0x3b, 0x64, // ..............;d
	0x00, 0x00, 0x85, 0x12, 0x00, 0x00, 0x90, 0x12, 0x00, 0x00, 0x3c, 0x64, 0x00, 0x00, 0xc9, 0x12, // ..........<d....
	0x00, 0x00, 0xf9, 0x00, 0x02, 0x00, 0xcb, 0x12, 0x00, 0x00, 0xf8, 0x00, 0x02, 0x00, 0xcb, 0x12, // ................
	0x00, 0x00, 0xf5, 0x00, 0x07, 0x00, 0x16, 0x00, 0x00, 0x00, 0x3a, 0x64, 0x00, 0x00, 0x85, 0x12, // ..........:d....
	0x00, 0x00, 0x8c, 0x12, 0x00, 0x00, 0x3b, 0x64, 0x00, 0x00, 0xca, 0x12, 0x00, 0x00, 0xf9, 0x00, // ......;d........
	0x02, 0x00, 0xcc, 0x12, 0x00, 0x00, 0xf8, 0x00, 0x02, 0x00, 0xcc, 0x12, 0x00, 0x00, 0xf5, 0x00, // ................
	0x07, 0x00, 0x16, 0x00, 0x00, 0x00, 0x39, 0x64, 0x00, 0x00, 0x8c, 0x55, 0x00, 0x00, 0x89, 0x12, // ......9d...U....
	0x00, 0x00, 0x3a, 0x64, 0x00, 0x00, 0xcb, 0x12, 0x00, 0x00, 0xf9, 0x00, 0x02, 0x00, 0xcd, 0x12, // ..:d............
	0x00, 0x00, 0xf8, 0x00, 0x02, 0x00, 0xcd, 0x12, 0x00, 0x00, 0xf5, 0x00, 0x07, 0x00, 0x16, 0x00, // ................
	0x00, 0x00, 0x37, 0x64, 0x00, 0x00, 0x38, 0x64, 0x00, 0x00, 0x6f, 0x12, 0x00, 0x00, 0x39, 0x64, // ..7d..8d..o...9d
	0x00, 0x00, 0xcc, 0x12, 0x00, 0x00, 0x51, 0x00, 0x05, 0x00, 0x07, 0x00, 0x00, 0x00, 0xd0, 0x12, // ......Q.........
	0x00, 0x00, 0xb8, 0x5d, 0x00, 0x00, 0x03, 0x00, 0x00, 0x00, 0x51, 0x00, 0x05, 0x00, 0x07, 0x00, // ...]......Q.....
	0x00, 0x00, 0xd1, 0x12, 0x00, 0x00, 0x37, 0x64, 0x00, 0x00, 0x00, 0x00, 0x00, 0x00, 0x51, 0x00, // ......7d......Q.
	0x05, 0x00, 0x07, 0x00, 0x00, 0x00, 0xd2, 0x12, 0x00, 0x00, 0x37, 0x64, 0x00, 0x00, 0x01, 0x00, // ..........7d....
	0x00, 0x00, 0x51, 0x00, 0x05, 0x00, 0x07, 0x00, 0x00, 0x00, 0xd3, 0x12, 0x00, 0x00, 0x37, 0x64, // ..Q...........7d
	0x00, 0x00, 0x02, 0x00, 0x00, 0x00, 0x50, 0x00, 0x07, 0x00, 0x0d, 0x00, 0x00, 0x00, 0xd4, 0x12, // ......P.........
	0x00, 0x00, 0xd1, 0x12, 0x00, 0x00, 0xd2, 0x12, 0x00, 0x00, 0xd3, 0x12, 0x00, 0x00, 0xd0, 0x12, // ................
	0x00, 0x00, 0x3e, 0x00, 0x03, 0x00, 0xfc, 0x0d, 0x00, 0x00, 0xd4, 0x12, 0x00, 0x00, 0xfd, 0x00, // ..>.............
	0x01, 0x00, 0x38, 0x00, 0x01, 0x00, 0x00, 0x00, 0x20, 0x05,                                     // ..8..... .
};
