static const uint8_t fs_smaa_weights_spv[16665] =
{
	0x46, 0x53, 0x48, 0x0b, 0x6f, 0x1e, 0x3e, 0x3c, 0x00, 0x00, 0x00, 0x00, 0x05, 0x00, 0x0c, 0x75, // FSH.o.><.......u
	0x5f, 0x73, 0x6d, 0x61, 0x61, 0x43, 0x6f, 0x6e, 0x66, 0x69, 0x67, 0x12, 0x01, 0x10, 0x00, 0x01, // _smaaConfig.....
	0x00, 0x00, 0x00, 0x00, 0x00, 0x0b, 0x75, 0x5f, 0x73, 0x6d, 0x61, 0x61, 0x54, 0x65, 0x78, 0x65, // ......u_smaaTexe
	0x6c, 0x12, 0x01, 0x00, 0x00, 0x01, 0x00, 0x00, 0x00, 0x00, 0x00, 0x07, 0x73, 0x5f, 0x65, 0x64, // l...........s_ed
	0x67, 0x65, 0x73, 0x30, 0x00, 0x02, 0x00, 0x00, 0x00, 0x00, 0x02, 0x26, 0x00, 0x06, 0x73, 0x5f, // ges0.......&..s_
	0x61, 0x72, 0x65, 0x61, 0x30, 0x00, 0x03, 0x00, 0x00, 0x00, 0x00, 0x02, 0x26, 0x00, 0x08, 0x73, // area0.......&..s
	0x5f, 0x73, 0x65, 0x61, 0x72, 0x63, 0x68, 0x30, 0x00, 0x04, 0x00, 0x00, 0x00, 0x00, 0x02, 0x26, // _search0.......&
	0x00, 0xa0, 0x40, 0x00, 0x00, 0x03, 0x02, 0x23, 0x07, 0x00, 0x00, 0x01, 0x00, 0x0b, 0x00, 0x08, // ..@....#........
	0x00, 0xb2, 0x0e, 0x00, 0x00, 0x00, 0x00, 0x00, 0x00, 0x11, 0x00, 0x02, 0x00, 0x01, 0x00, 0x00, // ................
	0x00, 0x11, 0x00, 0x02, 0x00, 0x19, 0x00, 0x00, 0x00, 0x0b, 0x00, 0x06, 0x00, 0x01, 0x00, 0x00, // ................
	0x00, 0x47, 0x4c, 0x53, 0x4c, 0x2e, 0x73, 0x74, 0x64, 0x2e, 0x34, 0x35, 0x30, 0x00, 0x00, 0x00, // .GLSL.std.450...
	0x00, 0x0e, 0x00, 0x03, 0x00, 0x00, 0x00, 0x00, 0x00, 0x01, 0x00, 0x00, 0x00, 0x0f, 0x00, 0x07, // ................
	0x00, 0x04, 0x00, 0x00, 0x00, 0x04, 0x00, 0x00, 0x00, 0x6d, 0x61, 0x69, 0x6e, 0x00, 0x00, 0x00, // .........main...
	0x00, 0x62, 0x05, 0x00, 0x00, 0x6d, 0x05, 0x00, 0x00, 0x10, 0x00, 0x03, 0x00, 0x04, 0x00, 0x00, // .b...m..........
	0x00, 0x07, 0x00, 0x00, 0x00, 0x03, 0x00, 0x03, 0x00, 0x05, 0x00, 0x00, 0x00, 0xf4, 0x01, 0x00, // ................
	0x00, 0x05, 0x00, 0x04, 0x00, 0x04, 0x00, 0x00, 0x00, 0x6d, 0x61, 0x69, 0x6e, 0x00, 0x00, 0x00, // .........main...
	0x00, 0x05, 0x00, 0x06, 0x00, 0x74, 0x00, 0x00, 0x00, 0x73, 0x5f, 0x65, 0x64, 0x67, 0x65, 0x73, // .....t...s_edges
	0x53, 0x61, 0x6d, 0x70, 0x6c, 0x65, 0x72, 0x00, 0x00, 0x05, 0x00, 0x06, 0x00, 0x77, 0x00, 0x00, // Sampler......w..
	0x00, 0x73, 0x5f, 0x65, 0x64, 0x67, 0x65, 0x73, 0x54, 0x65, 0x78, 0x74, 0x75, 0x72, 0x65, 0x00, // .s_edgesTexture.
	0x00, 0x05, 0x00, 0x06, 0x00, 0x7b, 0x00, 0x00, 0x00, 0x73, 0x5f, 0x61, 0x72, 0x65, 0x61, 0x53, // .....{...s_areaS
	0x61, 0x6d, 0x70, 0x6c, 0x65, 0x72, 0x00, 0x00, 0x00, 0x05, 0x00, 0x06, 0x00, 0x7d, 0x00, 0x00, // ampler.......}..
	0x00, 0x73, 0x5f, 0x61, 0x72, 0x65, 0x61, 0x54, 0x65, 0x78, 0x74, 0x75, 0x72, 0x65, 0x00, 0x00, // .s_areaTexture..
	0x00, 0x05, 0x00, 0x06, 0x00, 0x81, 0x00, 0x00, 0x00, 0x73, 0x5f, 0x73, 0x65, 0x61, 0x72, 0x63, // .........s_searc
	0x68, 0x53, 0x61, 0x6d, 0x70, 0x6c, 0x65, 0x72, 0x00, 0x05, 0x00, 0x06, 0x00, 0x83, 0x00, 0x00, // hSampler........
	0x00, 0x73, 0x5f, 0x73, 0x65, 0x61, 0x72, 0x63, 0x68, 0x54, 0x65, 0x78, 0x74, 0x75, 0x72, 0x65, // .s_searchTexture
	0x00, 0x05, 0x00, 0x06, 0x00, 0xe3, 0x00, 0x00, 0x00, 0x55, 0x6e, 0x69, 0x66, 0x6f, 0x72, 0x6d, // .........Uniform
	0x42, 0x6c, 0x6f, 0x63, 0x6b, 0x00, 0x00, 0x00, 0x00, 0x06, 0x00, 0x06, 0x00, 0xe3, 0x00, 0x00, // Block...........
	0x00, 0x00, 0x00, 0x00, 0x00, 0x75, 0x5f, 0x73, 0x6d, 0x61, 0x61, 0x54, 0x65, 0x78, 0x65, 0x6c, // .....u_smaaTexel
	0x00, 0x06, 0x00, 0x07, 0x00, 0xe3, 0x00, 0x00, 0x00, 0x01, 0x00, 0x00, 0x00, 0x75, 0x5f, 0x73, // .............u_s
	0x6d, 0x61, 0x61, 0x43, 0x6f, 0x6e, 0x66, 0x69, 0x67, 0x00, 0x00, 0x00, 0x00, 0x05, 0x00, 0x03, // maaConfig.......
	0x00, 0xe5, 0x00, 0x00, 0x00, 0x00, 0x00, 0x00, 0x00, 0x05, 0x00, 0x05, 0x00, 0x62, 0x05, 0x00, // .............b..
	0x00, 0x76, 0x5f, 0x74, 0x65, 0x78, 0x63, 0x6f, 0x6f, 0x72, 0x64, 0x30, 0x00, 0x05, 0x00, 0x06, // .v_texcoord0....
	0x00, 0x6d, 0x05, 0x00, 0x00, 0x62, 0x67, 0x66, 0x78, 0x5f, 0x46, 0x72, 0x61, 0x67, 0x44, 0x61, // .m...bgfx_FragDa
	0x74, 0x61, 0x30, 0x00, 0x00, 0x47, 0x00, 0x04, 0x00, 0x74, 0x00, 0x00, 0x00, 0x21, 0x00, 0x00, // ta0..G...t...!..
	0x00, 0x12, 0x00, 0x00, 0x00, 0x47, 0x00, 0x04, 0x00, 0x74, 0x00, 0x00, 0x00, 0x22, 0x00, 0x00, // .....G...t..."..
	0x00, 0x00, 0x00, 0x00, 0x00, 0x47, 0x00, 0x04, 0x00, 0x77, 0x00, 0x00, 0x00, 0x21, 0x00, 0x00, // .....G...w...!..
	0x00, 0x02, 0x00, 0x00, 0x00, 0x47, 0x00, 0x04, 0x00, 0x77, 0x00, 0x00, 0x00, 0x22, 0x00, 0x00, // .....G...w..."..
	0x00, 0x00, 0x00, 0x00, 0x00, 0x47, 0x00, 0x04, 0x00, 0x7b, 0x00, 0x00, 0x00, 0x21, 0x00, 0x00, // .....G...{...!..
	0x00, 0x13, 0x00, 0x00, 0x00, 0x47, 0x00, 0x04, 0x00, 0x7b, 0x00, 0x00, 0x00, 0x22, 0x00, 0x00, // .....G...{..."..
	0x00, 0x00, 0x00, 0x00, 0x00, 0x47, 0x00, 0x04, 0x00, 0x7d, 0x00, 0x00, 0x00, 0x21, 0x00, 0x00, // .....G...}...!..
	0x00, 0x03, 0x00, 0x00, 0x00, 0x47, 0x00, 0x04, 0x00, 0x7d, 0x00, 0x00, 0x00, 0x22, 0x00, 0x00, // .....G...}..."..
	0x00, 0x00, 0x00, 0x00, 0x00, 0x47, 0x00, 0x04, 0x00, 0x81, 0x00, 0x00, 0x00, 0x21, 0x00, 0x00, // .....G.......!..
	0x00, 0x14, 0x00, 0x00, 0x00, 0x47, 0x00, 0x04, 0x00, 0x81, 0x00, 0x00, 0x00, 0x22, 0x00, 0x00, // .....G......."..
	0x00, 0x00, 0x00, 0x00, 0x00, 0x47, 0x00, 0x04, 0x00, 0x83, 0x00, 0x00, 0x00, 0x21, 0x00, 0x00, // .....G.......!..
	0x00, 0x04, 0x00, 0x00, 0x00, 0x47, 0x00, 0x04, 0x00, 0x83, 0x00, 0x00, 0x00, 0x22, 0x00, 0x00, // .....G......."..
	0x00, 0x00, 0x00, 0x00, 0x00, 0x47, 0x00, 0x03, 0x00, 0xe3, 0x00, 0x00, 0x00, 0x02, 0x00, 0x00, // .....G..........
	0x00, 0x48, 0x00, 0x05, 0x00, 0xe3, 0x00, 0x00, 0x00, 0x00, 0x00, 0x00, 0x00, 0x23, 0x00, 0x00, // .H...........#..
	0x00, 0x00, 0x00, 0x00, 0x00, 0x48, 0x00, 0x05, 0x00, 0xe3, 0x00, 0x00, 0x00, 0x01, 0x00, 0x00, // .....H..........
	0x00, 0x23, 0x00, 0x00, 0x00, 0x10, 0x00, 0x00, 0x00, 0x47, 0x00, 0x04, 0x00, 0xe5, 0x00, 0x00, // .#.......G......
	0x00, 0x21, 0x00, 0x00, 0x00, 0x01, 0x00, 0x00, 0x00, 0x47, 0x00, 0x04, 0x00, 0xe5, 0x00, 0x00, // .!.......G......
	0x00, 0x22, 0x00, 0x00, 0x00, 0x00, 0x00, 0x00, 0x00, 0x47, 0x00, 0x04, 0x00, 0x62, 0x05, 0x00, // .".......G...b..
	0x00, 0x1e, 0x00, 0x00, 0x00, 0x00, 0x00, 0x00, 0x00, 0x47, 0x00, 0x04, 0x00, 0x6d, 0x05, 0x00, // .........G...m..
	0x00, 0x1e, 0x00, 0x00, 0x00, 0x00, 0x00, 0x00, 0x00, 0x13, 0x00, 0x02, 0x00, 0x02, 0x00, 0x00, // ................
	0x00, 0x21, 0x00, 0x03, 0x00, 0x03, 0x00, 0x00, 0x00, 0x02, 0x00, 0x00, 0x00, 0x1a, 0x00, 0x02, // .!..............
	0x00, 0x06, 0x00, 0x00, 0x00, 0x16, 0x00, 0x03, 0x00, 0x07, 0x00, 0x00, 0x00, 0x20, 0x00, 0x00, // ............. ..
	0x00, 0x19, 0x00, 0x09, 0x00, 0x08, 0x00, 0x00, 0x00, 0x07, 0x00, 0x00, 0x00, 0x01, 0x00, 0x00, // ................
	0x00, 0x00, 0x00, 0x00, 0x00, 0x00, 0x00, 0x00, 0x00, 0x00, 0x00, 0x00, 0x00, 0x01, 0x00, 0x00, // ................
	0x00, 0x00, 0x00, 0x00, 0x00, 0x17, 0x00, 0x04, 0x00, 0x0b, 0x00, 0x00, 0x00, 0x07, 0x00, 0x00, // ................
	0x00, 0x02, 0x00, 0x00, 0x00, 0x17, 0x00, 0x04, 0x00, 0x0d, 0x00, 0x00, 0x00, 0x07, 0x00, 0x00, // ................
	0x00, 0x04, 0x00, 0x00, 0x00, 0x15, 0x00, 0x04, 0x00, 0x1a, 0x00, 0x00, 0x00, 0x20, 0x00, 0x00, // ............. ..
	0x00, 0x01, 0x00, 0x00, 0x00, 0x17, 0x00, 0x04, 0x00, 0x1b, 0x00, 0x00, 0x00, 0x1a, 0x00, 0x00, // ................
	0x00, 0x02, 0x00, 0x00, 0x00, 0x20, 0x00, 0x04, 0x00, 0x73, 0x00, 0x00, 0x00, 0x00, 0x00, 0x00, // ..... ...s......
	0x00, 0x06, 0x00, 0x00, 0x00, 0x3b, 0x00, 0x04, 0x00, 0x73, 0x00, 0x00, 0x00, 0x74, 0x00, 0x00, // .....;...s...t..
	0x00, 0x00, 0x00, 0x00, 0x00, 0x20, 0x00, 0x04, 0x00, 0x76, 0x00, 0x00, 0x00, 0x00, 0x00, 0x00, // ..... ...v......
	0x00, 0x08, 0x00, 0x00, 0x00, 0x3b, 0x00, 0x04, 0x00, 0x76, 0x00, 0x00, 0x00, 0x77, 0x00, 0x00, // .....;...v...w..
	0x00, 0x00, 0x00, 0x00, 0x00, 0x3b, 0x00, 0x04, 0x00, 0x73, 0x00, 0x00, 0x00, 0x7b, 0x00, 0x00, // .....;...s...{..
	0x00, 0x00, 0x00, 0x00, 0x00, 0x3b, 0x00, 0x04, 0x00, 0x76, 0x00, 0x00, 0x00, 0x7d, 0x00, 0x00, // .....;...v...}..
	0x00, 0x00, 0x00, 0x00, 0x00, 0x3b, 0x00, 0x04, 0x00, 0x73, 0x00, 0x00, 0x00, 0x81, 0x00, 0x00, // .....;...s......
	0x00, 0x00, 0x00, 0x00, 0x00, 0x3b, 0x00, 0x04, 0x00, 0x76, 0x00, 0x00, 0x00, 0x83, 0x00, 0x00, // .....;...v......
	0x00, 0x00, 0x00, 0x00, 0x00, 0x2b, 0x00, 0x04, 0x00, 0x1a, 0x00, 0x00, 0x00, 0x86, 0x00, 0x00, // .....+..........
	0x00, 0x01, 0x00, 0x00, 0x00, 0x2b, 0x00, 0x04, 0x00, 0x1a, 0x00, 0x00, 0x00, 0x8a, 0x00, 0x00, // .....+..........
	0x00, 0x00, 0x00, 0x00, 0x00, 0x1b, 0x00, 0x03, 0x00, 0x8e, 0x00, 0x00, 0x00, 0x08, 0x00, 0x00, // ................
	0x00, 0x15, 0x00, 0x04, 0x00, 0xad, 0x00, 0x00, 0x00, 0x20, 0x00, 0x00, 0x00, 0x00, 0x00, 0x00, // ......... ......
	0x00, 0x2b, 0x00, 0x04, 0x00, 0xad, 0x00, 0x00, 0x00, 0xae, 0x00, 0x00, 0x00, 0x00, 0x00, 0x00, // .+..............
	0x00, 0x2b, 0x00, 0x04, 0x00, 0x07, 0x00, 0x00, 0x00, 0xb1, 0x00, 0x00, 0x00, 0x00, 0x00, 0xa0, // .+..............
	0x40, 0x2b, 0x00, 0x04, 0x00, 0x07, 0x00, 0x00, 0x00, 0xb5, 0x00, 0x00, 0x00, 0x00, 0x00, 0x70, // @+.............p
	0x40, 0x2b, 0x00, 0x04, 0x00, 0x07, 0x00, 0x00, 0x00, 0xbb, 0x00, 0x00, 0x00, 0x00, 0x00, 0x00, // @+..............
	0x3f, 0x2c, 0x00, 0x05, 0x00, 0x0b, 0x00, 0x00, 0x00, 0xc6, 0x00, 0x00, 0x00, 0xb5, 0x00, 0x00, // ?,..............
	0x00, 0xb5, 0x00, 0x00, 0x00, 0x2b, 0x00, 0x04, 0x00, 0xad, 0x00, 0x00, 0x00, 0xcc, 0x00, 0x00, // .....+..........
	0x00, 0x02, 0x00, 0x00, 0x00, 0x2b, 0x00, 0x04, 0x00, 0x07, 0x00, 0x00, 0x00, 0xd7, 0x00, 0x00, // .....+..........
	0x00, 0x00, 0x00, 0x80, 0xbf, 0x2b, 0x00, 0x04, 0x00, 0x07, 0x00, 0x00, 0x00, 0xd8, 0x00, 0x00, // .....+..........
	0x00, 0x00, 0x00, 0x80, 0x3f, 0x1e, 0x00, 0x04, 0x00, 0xe3, 0x00, 0x00, 0x00, 0x0d, 0x00, 0x00, // ....?...........
	0x00, 0x0d, 0x00, 0x00, 0x00, 0x20, 0x00, 0x04, 0x00, 0xe4, 0x00, 0x00, 0x00, 0x02, 0x00, 0x00, // ..... ..........
	0x00, 0xe3, 0x00, 0x00, 0x00, 0x3b, 0x00, 0x04, 0x00, 0xe4, 0x00, 0x00, 0x00, 0xe5, 0x00, 0x00, // .....;..........
	0x00, 0x02, 0x00, 0x00, 0x00, 0x20, 0x00, 0x04, 0x00, 0xe6, 0x00, 0x00, 0x00, 0x02, 0x00, 0x00, // ..... ..........
	0x00, 0x07, 0x00, 0x00, 0x00, 0x14, 0x00, 0x02, 0x00, 0xea, 0x00, 0x00, 0x00, 0x2b, 0x00, 0x04, // .............+..
	0x00, 0xad, 0x00, 0x00, 0x00, 0xec, 0x00, 0x00, 0x00, 0x03, 0x00, 0x00, 0x00, 0x2b, 0x00, 0x04, // .............+..
	0x00, 0x07, 0x00, 0x00, 0x00, 0xef, 0x00, 0x00, 0x00, 0x66, 0x66, 0x66, 0x3f, 0x20, 0x00, 0x04, // .........fff? ..
	0x00, 0xf2, 0x00, 0x00, 0x00, 0x02, 0x00, 0x00, 0x00, 0x0d, 0x00, 0x00, 0x00, 0x17, 0x00, 0x04, // ................
	0x00, 0xf8, 0x00, 0x00, 0x00, 0x07, 0x00, 0x00, 0x00, 0x03, 0x00, 0x00, 0x00, 0x2b, 0x00, 0x04, // .............+..
	0x00, 0xad, 0x00, 0x00, 0x00, 0x01, 0x01, 0x00, 0x00, 0x01, 0x00, 0x00, 0x00, 0x2b, 0x00, 0x04, // .............+..
	0x00, 0x07, 0x00, 0x00, 0x00, 0x06, 0x01, 0x00, 0x00, 0x00, 0x00, 0x00, 0x00, 0x2c, 0x00, 0x05, // .............,..
	0x00, 0x0b, 0x00, 0x00, 0x00, 0x10, 0x01, 0x00, 0x00, 0xbb, 0x00, 0x00, 0x00, 0xbb, 0x00, 0x00, // ................
	0x00, 0x2b, 0x00, 0x04, 0x00, 0x07, 0x00, 0x00, 0x00, 0x1c, 0x01, 0x00, 0x00, 0x00, 0x00, 0x80, // .+..............
	0x3e, 0x2b, 0x00, 0x04, 0x00, 0x07, 0x00, 0x00, 0x00, 0x56, 0x01, 0x00, 0x00, 0x00, 0x00, 0xa0, // >+.......V......
	0x41, 0x2b, 0x00, 0x04, 0x00, 0x07, 0x00, 0x00, 0x00, 0x5b, 0x01, 0x00, 0x00, 0xcd, 0xcc, 0xcc, // A+.......[......
	0x3b, 0x2b, 0x00, 0x04, 0x00, 0x07, 0x00, 0x00, 0x00, 0x5c, 0x01, 0x00, 0x00, 0xa1, 0x0e, 0xea, // ;+..............
	0x3a, 0x2c, 0x00, 0x05, 0x00, 0x0b, 0x00, 0x00, 0x00, 0x5d, 0x01, 0x00, 0x00, 0x5b, 0x01, 0x00, // :,.......]...[..
	0x00, 0x5c, 0x01, 0x00, 0x00, 0x2b, 0x00, 0x04, 0x00, 0x07, 0x00, 0x00, 0x00, 0x60, 0x01, 0x00, // .....+.......`..
	0x00, 0xcd, 0xcc, 0x4c, 0x3b, 0x2b, 0x00, 0x04, 0x00, 0x07, 0x00, 0x00, 0x00, 0x61, 0x01, 0x00, // ...L;+.......a..
	0x00, 0xa1, 0x0e, 0x6a, 0x3a, 0x2c, 0x00, 0x05, 0x00, 0x0b, 0x00, 0x00, 0x00, 0x62, 0x01, 0x00, // ...j:,.......b..
	0x00, 0x60, 0x01, 0x00, 0x00, 0x61, 0x01, 0x00, 0x00, 0x2c, 0x00, 0x05, 0x00, 0x0b, 0x00, 0x00, // .`...a...,......
	0x00, 0x72, 0x01, 0x00, 0x00, 0x06, 0x01, 0x00, 0x00, 0x06, 0x01, 0x00, 0x00, 0x2c, 0x00, 0x05, // .r...........,..
	0x00, 0x0b, 0x00, 0x00, 0x00, 0x79, 0x01, 0x00, 0x00, 0xd7, 0x00, 0x00, 0x00, 0xd8, 0x00, 0x00, // .....y..........
	0x00, 0x2c, 0x00, 0x05, 0x00, 0x0b, 0x00, 0x00, 0x00, 0x92, 0x01, 0x00, 0x00, 0xd8, 0x00, 0x00, // .,..............
	0x00, 0xd7, 0x00, 0x00, 0x00, 0x2b, 0x00, 0x04, 0x00, 0x07, 0x00, 0x00, 0x00, 0xa2, 0x01, 0x00, // .....+..........
	0x00, 0x00, 0x00, 0x00, 0x40, 0x2b, 0x00, 0x04, 0x00, 0x1a, 0x00, 0x00, 0x00, 0xbc, 0x01, 0x00, // ....@+..........
	0x00, 0xff, 0xff, 0xff, 0xff, 0x2c, 0x00, 0x05, 0x00, 0x1b, 0x00, 0x00, 0x00, 0xbd, 0x01, 0x00, // .....,..........
	0x00, 0xbc, 0x01, 0x00, 0x00, 0x8a, 0x00, 0x00, 0x00, 0x2c, 0x00, 0x05, 0x00, 0x1b, 0x00, 0x00, // .........,......
	0x00, 0xcb, 0x01, 0x00, 0x00, 0x86, 0x00, 0x00, 0x00, 0x8a, 0x00, 0x00, 0x00, 0x2c, 0x00, 0x05, // .............,..
	0x00, 0x0b, 0x00, 0x00, 0x00, 0xf9, 0x01, 0x00, 0x00, 0xd7, 0x00, 0x00, 0x00, 0xd7, 0x00, 0x00, // ................
	0x00, 0x2c, 0x00, 0x05, 0x00, 0x0b, 0x00, 0x00, 0x00, 0x0f, 0x02, 0x00, 0x00, 0xd8, 0x00, 0x00, // .,..............
	0x00, 0xd8, 0x00, 0x00, 0x00, 0x2c, 0x00, 0x05, 0x00, 0x1b, 0x00, 0x00, 0x00, 0x4d, 0x02, 0x00, // .....,.......M..
	0x00, 0x8a, 0x00, 0x00, 0x00, 0xbc, 0x01, 0x00, 0x00, 0x2b, 0x00, 0x04, 0x00, 0x07, 0x00, 0x00, // .........+......
	0x00, 0x95, 0x02, 0x00, 0x00, 0x00, 0x00, 0x80, 0x41, 0x2c, 0x00, 0x05, 0x00, 0x0b, 0x00, 0x00, // ........A,......
	0x00, 0xa9, 0x02, 0x00, 0x00, 0x06, 0x01, 0x00, 0x00, 0xd8, 0x00, 0x00, 0x00, 0x2b, 0x00, 0x04, // .............+..
	0x00, 0x07, 0x00, 0x00, 0x00, 0xb5, 0x02, 0x00, 0x00, 0x5d, 0xfe, 0x53, 0x3f, 0x2b, 0x00, 0x04, // .........].S?+..
	0x00, 0x07, 0x00, 0x00, 0x00, 0xca, 0x02, 0x00, 0x00, 0x00, 0x00, 0x50, 0x40, 0x2b, 0x00, 0x04, // ...........P@+..
	0x00, 0x07, 0x00, 0x00, 0x00, 0xcb, 0x02, 0x00, 0x00, 0x02, 0x81, 0x00, 0x40, 0x2c, 0x00, 0x05, // ............@,..
	0x00, 0x0b, 0x00, 0x00, 0x00, 0x0b, 0x03, 0x00, 0x00, 0xd8, 0x00, 0x00, 0x00, 0x06, 0x01, 0x00, // ................
	0x00, 0x2b, 0x00, 0x04, 0x00, 0x07, 0x00, 0x00, 0x00, 0x6c, 0x03, 0x00, 0x00, 0x00, 0x00, 0x80, // .+.......l......
	0x40, 0x2c, 0x00, 0x05, 0x00, 0x1b, 0x00, 0x00, 0x00, 0x99, 0x03, 0x00, 0x00, 0x8a, 0x00, 0x00, // @,..............
	0x00, 0x86, 0x00, 0x00, 0x00, 0x2c, 0x00, 0x05, 0x00, 0x1b, 0x00, 0x00, 0x00, 0xaa, 0x03, 0x00, // .....,..........
	0x00, 0x86, 0x00, 0x00, 0x00, 0x86, 0x00, 0x00, 0x00, 0x2b, 0x00, 0x04, 0x00, 0x1a, 0x00, 0x00, // .........+......
	0x00, 0xbb, 0x03, 0x00, 0x00, 0xfe, 0xff, 0xff, 0xff, 0x2c, 0x00, 0x05, 0x00, 0x1b, 0x00, 0x00, // .........,......
	0x00, 0xbc, 0x03, 0x00, 0x00, 0x8a, 0x00, 0x00, 0x00, 0xbb, 0x03, 0x00, 0x00, 0x2c, 0x00, 0x05, // .............,..
	0x00, 0x1b, 0x00, 0x00, 0x00, 0xcd, 0x03, 0x00, 0x00, 0x86, 0x00, 0x00, 0x00, 0xbb, 0x03, 0x00, // ................
	0x00, 0x2c, 0x00, 0x05, 0x00, 0x1b, 0x00, 0x00, 0x00, 0x1a, 0x04, 0x00, 0x00, 0xbb, 0x03, 0x00, // .,..............
	0x00, 0x8a, 0x00, 0x00, 0x00, 0x2c, 0x00, 0x05, 0x00, 0x1b, 0x00, 0x00, 0x00, 0x2b, 0x04, 0x00, // .....,.......+..
	0x00, 0xbb, 0x03, 0x00, 0x00, 0x86, 0x00, 0x00, 0x00, 0x2b, 0x00, 0x04, 0x00, 0x07, 0x00, 0x00, // .........+......
	0x00, 0x56, 0x04, 0x00, 0x00, 0x00, 0x00, 0x80, 0xbe, 0x2b, 0x00, 0x04, 0x00, 0x07, 0x00, 0x00, // .V.......+......
	0x00, 0x57, 0x04, 0x00, 0x00, 0x00, 0x00, 0x00, 0xbe, 0x2b, 0x00, 0x04, 0x00, 0x07, 0x00, 0x00, // .W.......+......
	0x00, 0x58, 0x04, 0x00, 0x00, 0x00, 0x00, 0xa0, 0x3f, 0x2c, 0x00, 0x07, 0x00, 0x0d, 0x00, 0x00, // .X......?,......
	0x00, 0x59, 0x04, 0x00, 0x00, 0x56, 0x04, 0x00, 0x00, 0x57, 0x04, 0x00, 0x00, 0x58, 0x04, 0x00, // .Y...V...W...X..
	0x00, 0x57, 0x04, 0x00, 0x00, 0x2c, 0x00, 0x07, 0x00, 0x0d, 0x00, 0x00, 0x00, 0x61, 0x04, 0x00, // .W...,.......a..
	0x00, 0x57, 0x04, 0x00, 0x00, 0x56, 0x04, 0x00, 0x00, 0x57, 0x04, 0x00, 0x00, 0x58, 0x04, 0x00, // .W...V...W...X..
	0x00, 0x2c, 0x00, 0x07, 0x00, 0x0d, 0x00, 0x00, 0x00, 0x8b, 0x04, 0x00, 0x00, 0x06, 0x01, 0x00, // .,..............
	0x00, 0x06, 0x01, 0x00, 0x00, 0x06, 0x01, 0x00, 0x00, 0x06, 0x01, 0x00, 0x00, 0x20, 0x00, 0x04, // ............. ..
	0x00, 0x61, 0x05, 0x00, 0x00, 0x01, 0x00, 0x00, 0x00, 0x0b, 0x00, 0x00, 0x00, 0x3b, 0x00, 0x04, // .a...........;..
	0x00, 0x61, 0x05, 0x00, 0x00, 0x62, 0x05, 0x00, 0x00, 0x01, 0x00, 0x00, 0x00, 0x20, 0x00, 0x04, // .a...b....... ..
	0x00, 0x6c, 0x05, 0x00, 0x00, 0x03, 0x00, 0x00, 0x00, 0x0d, 0x00, 0x00, 0x00, 0x3b, 0x00, 0x04, // .l...........;..
	0x00, 0x6c, 0x05, 0x00, 0x00, 0x6d, 0x05, 0x00, 0x00, 0x03, 0x00, 0x00, 0x00, 0x2e, 0x00, 0x03, // .l...m..........
	0x00, 0x0b, 0x00, 0x00, 0x00, 0xe6, 0x0d, 0x00, 0x00, 0x2c, 0x00, 0x07, 0x00, 0x0d, 0x00, 0x00, // .........,......
	0x00, 0xe8, 0x0d, 0x00, 0x00, 0xbb, 0x00, 0x00, 0x00, 0xbb, 0x00, 0x00, 0x00, 0xbb, 0x00, 0x00, // ................
	0x00, 0xbb, 0x00, 0x00, 0x00, 0x2e, 0x00, 0x03, 0x00, 0x0d, 0x00, 0x00, 0x00, 0xe9, 0x0d, 0x00, // ................
	0x00, 0x2b, 0x00, 0x04, 0x00, 0x07, 0x00, 0x00, 0x00, 0xf1, 0x0d, 0x00, 0x00, 0x00, 0x00, 0x00, // .+..............
	0xc0, 0x2c, 0x00, 0x05, 0x00, 0x0b, 0x00, 0x00, 0x00, 0xf2, 0x0d, 0x00, 0x00, 0xbb, 0x00, 0x00, // .,..............
	0x00, 0xf1, 0x0d, 0x00, 0x00, 0x2b, 0x00, 0x04, 0x00, 0x07, 0x00, 0x00, 0x00, 0xf3, 0x0d, 0x00, // .....+..........
	0x00, 0x00, 0x00, 0x00, 0x3c, 0x2b, 0x00, 0x04, 0x00, 0x07, 0x00, 0x00, 0x00, 0xf4, 0x0d, 0x00, // ....<+..........
	0x00, 0x00, 0x00, 0x02, 0x40, 0x2c, 0x00, 0x05, 0x00, 0x0b, 0x00, 0x00, 0x00, 0xf5, 0x0d, 0x00, // ....@,..........
	0x00, 0xf3, 0x0d, 0x00, 0x00, 0xf4, 0x0d, 0x00, 0x00, 0x2b, 0x00, 0x04, 0x00, 0x07, 0x00, 0x00, // .........+......
	0x00, 0xfa, 0x0d, 0x00, 0x00, 0x00, 0x00, 0x06, 0x3f, 0x2c, 0x00, 0x05, 0x00, 0x0b, 0x00, 0x00, // ........?,......
	0x00, 0xfb, 0x0d, 0x00, 0x00, 0xfa, 0x0d, 0x00, 0x00, 0xf4, 0x0d, 0x00, 0x00, 0x01, 0x00, 0x03, // ................
	0x00, 0x0b, 0x00, 0x00, 0x00, 0x06, 0x0e, 0x00, 0x00, 0x01, 0x00, 0x03, 0x00, 0x0d, 0x00, 0x00, // ................
	0x00, 0xaf, 0x0e, 0x00, 0x00, 0x01, 0x00, 0x03, 0x00, 0xf8, 0x00, 0x00, 0x00, 0xb0, 0x0e, 0x00, // ................
	0x00, 0x01, 0x00, 0x03, 0x00, 0x0b, 0x00, 0x00, 0x00, 0xb1, 0x0e, 0x00, 0x00, 0x36, 0x00, 0x05, // .............6..
	0x00, 0x02, 0x00, 0x00, 0x00, 0x04, 0x00, 0x00, 0x00, 0x00, 0x00, 0x00, 0x00, 0x03, 0x00, 0x00, // ................
	0x00, 0xf8, 0x00, 0x02, 0x00, 0x05, 0x00, 0x00, 0x00, 0x3d, 0x00, 0x04, 0x00, 0x06, 0x00, 0x00, // .........=......
	0x00, 0x75, 0x00, 0x00, 0x00, 0x74, 0x00, 0x00, 0x00, 0x3d, 0x00, 0x04, 0x00, 0x08, 0x00, 0x00, // .u...t...=......
	0x00, 0x78, 0x00, 0x00, 0x00, 0x77, 0x00, 0x00, 0x00, 0x3d, 0x00, 0x04, 0x00, 0x06, 0x00, 0x00, // .x...w...=......
	0x00, 0x7c, 0x00, 0x00, 0x00, 0x7b, 0x00, 0x00, 0x00, 0x3d, 0x00, 0x04, 0x00, 0x08, 0x00, 0x00, // .|...{...=......
	0x00, 0x7e, 0x00, 0x00, 0x00, 0x7d, 0x00, 0x00, 0x00, 0x3d, 0x00, 0x04, 0x00, 0x06, 0x00, 0x00, // .~...}...=......
	0x00, 0x82, 0x00, 0x00, 0x00, 0x81, 0x00, 0x00, 0x00, 0x3d, 0x00, 0x04, 0x00, 0x08, 0x00, 0x00, // .........=......
	0x00, 0x84, 0x00, 0x00, 0x00, 0x83, 0x00, 0x00, 0x00, 0x3d, 0x00, 0x04, 0x00, 0x0b, 0x00, 0x00, // .........=......
	0x00, 0x63, 0x05, 0x00, 0x00, 0x62, 0x05, 0x00, 0x00, 0x41, 0x00, 0x05, 0x00, 0xf2, 0x00, 0x00, // .c...b...A......
	0x00, 0xbc, 0x05, 0x00, 0x00, 0xe5, 0x00, 0x00, 0x00, 0x8a, 0x00, 0x00, 0x00, 0x3d, 0x00, 0x04, // .............=..
	0x00, 0x0d, 0x00, 0x00, 0x00, 0xbd, 0x05, 0x00, 0x00, 0xbc, 0x05, 0x00, 0x00, 0x4f, 0x00, 0x07, // .............O..
	0x00, 0x0b, 0x00, 0x00, 0x00, 0xc2, 0x05, 0x00, 0x00, 0xbd, 0x05, 0x00, 0x00, 0xbd, 0x05, 0x00, // ................
	0x00, 0x02, 0x00, 0x00, 0x00, 0x03, 0x00, 0x00, 0x00, 0x85, 0x00, 0x05, 0x00, 0x0b, 0x00, 0x00, // ................
	0x00, 0xc3, 0x05, 0x00, 0x00, 0x63, 0x05, 0x00, 0x00, 0xc2, 0x05, 0x00, 0x00, 0x4f, 0x00, 0x09, // .....c.......O..
	0x00, 0x0d, 0x00, 0x00, 0x00, 0xc5, 0x05, 0x00, 0x00, 0x63, 0x05, 0x00, 0x00, 0x63, 0x05, 0x00, // .........c...c..
	0x00, 0x00, 0x00, 0x00, 0x00, 0x01, 0x00, 0x00, 0x00, 0x00, 0x00, 0x00, 0x00, 0x01, 0x00, 0x00, // ................
	0x00, 0x4f, 0x00, 0x09, 0x00, 0x0d, 0x00, 0x00, 0x00, 0xc7, 0x05, 0x00, 0x00, 0xbd, 0x05, 0x00, // .O..............
	0x00, 0xe6, 0x0d, 0x00, 0x00, 0x00, 0x00, 0x00, 0x00, 0x01, 0x00, 0x00, 0x00, 0x00, 0x00, 0x00, // ................
	0x00, 0x01, 0x00, 0x00, 0x00, 0x85, 0x00, 0x05, 0x00, 0x0d, 0x00, 0x00, 0x00, 0xc8, 0x05, 0x00, // ................
	0x00, 0xc7, 0x05, 0x00, 0x00, 0x59, 0x04, 0x00, 0x00, 0x81, 0x00, 0x05, 0x00, 0x0d, 0x00, 0x00, // .....Y..........
	0x00, 0xc9, 0x05, 0x00, 0x00, 0xc5, 0x05, 0x00, 0x00, 0xc8, 0x05, 0x00, 0x00, 0x85, 0x00, 0x05, // ................
	0x00, 0x0d, 0x00, 0x00, 0x00, 0xce, 0x05, 0x00, 0x00, 0xc7, 0x05, 0x00, 0x00, 0x61, 0x04, 0x00, // .............a..
	0x00, 0x81, 0x00, 0x05, 0x00, 0x0d, 0x00, 0x00, 0x00, 0xcf, 0x05, 0x00, 0x00, 0xc5, 0x05, 0x00, // ................
	0x00, 0xce, 0x05, 0x00, 0x00, 0x51, 0x00, 0x05, 0x00, 0x07, 0x00, 0x00, 0x00, 0xd1, 0x05, 0x00, // .....Q..........
	0x00, 0xc9, 0x05, 0x00, 0x00, 0x00, 0x00, 0x00, 0x00, 0x41, 0x00, 0x06, 0x00, 0xe6, 0x00, 0x00, // .........A......
	0x00, 0xd2, 0x05, 0x00, 0x00, 0xe5, 0x00, 0x00, 0x00, 0x86, 0x00, 0x00, 0x00, 0x01, 0x01, 0x00, // ................
	0x00, 0x3d, 0x00, 0x04, 0x00, 0x07, 0x00, 0x00, 0x00, 0xd3, 0x05, 0x00, 0x00, 0xd2, 0x05, 0x00, // .=..............
	0x00, 0x85, 0x00, 0x05, 0x00, 0x07, 0x00, 0x00, 0x00, 0xd4, 0x05, 0x00, 0x00, 0xa2, 0x01, 0x00, // ................
	0x00, 0xd3, 0x05, 0x00, 0x00, 0x51, 0x00, 0x05, 0x00, 0x07, 0x00, 0x00, 0x00, 0xd6, 0x05, 0x00, // .....Q..........
	0x00, 0xbd, 0x05, 0x00, 0x00, 0x00, 0x00, 0x00, 0x00, 0x85, 0x00, 0x05, 0x00, 0x07, 0x00, 0x00, // ................
	0x00, 0xd7, 0x05, 0x00, 0x00, 0xd4, 0x05, 0x00, 0x00, 0xd6, 0x05, 0x00, 0x00, 0x83, 0x00, 0x05, // ................
	0x00, 0x07, 0x00, 0x00, 0x00, 0xd8, 0x05, 0x00, 0x00, 0xd1, 0x05, 0x00, 0x00, 0xd7, 0x05, 0x00, // ................
	0x00, 0x51, 0x00, 0x05, 0x00, 0x07, 0x00, 0x00, 0x00, 0xda, 0x05, 0x00, 0x00, 0xc9, 0x05, 0x00, // .Q..............
	0x00, 0x02, 0x00, 0x00, 0x00, 0x81, 0x00, 0x05, 0x00, 0x07, 0x00, 0x00, 0x00, 0xe1, 0x05, 0x00, // ................
	0x00, 0xda, 0x05, 0x00, 0x00, 0xd7, 0x05, 0x00, 0x00, 0x51, 0x00, 0x05, 0x00, 0x07, 0x00, 0x00, // .........Q......
	0x00, 0xe3, 0x05, 0x00, 0x00, 0xcf, 0x05, 0x00, 0x00, 0x01, 0x00, 0x00, 0x00, 0x51, 0x00, 0x05, // .............Q..
	0x00, 0x07, 0x00, 0x00, 0x00, 0xe8, 0x05, 0x00, 0x00, 0xbd, 0x05, 0x00, 0x00, 0x01, 0x00, 0x00, // ................
	0x00, 0x85, 0x00, 0x05, 0x00, 0x07, 0x00, 0x00, 0x00, 0xe9, 0x05, 0x00, 0x00, 0xd4, 0x05, 0x00, // ................
	0x00, 0xe8, 0x05, 0x00, 0x00, 0x83, 0x00, 0x05, 0x00, 0x07, 0x00, 0x00, 0x00, 0xea, 0x05, 0x00, // ................
	0x00, 0xe3, 0x05, 0x00, 0x00, 0xe9, 0x05, 0x00, 0x00, 0x51, 0x00, 0x05, 0x00, 0x07, 0x00, 0x00, // .........Q......
	0x00, 0xec, 0x05, 0x00, 0x00, 0xcf, 0x05, 0x00, 0x00, 0x03, 0x00, 0x00, 0x00, 0x81, 0x00, 0x05, // ................
	0x00, 0x07, 0x00, 0x00, 0x00, 0xf3, 0x05, 0x00, 0x00, 0xec, 0x05, 0x00, 0x00, 0xe9, 0x05, 0x00, // ................
	0x00, 0x56, 0x00, 0x05, 0x00, 0x8e, 0x00, 0x00, 0x00, 0x9f, 0x06, 0x00, 0x00, 0x78, 0x00, 0x00, // .V...........x..
	0x00, 0x75, 0x00, 0x00, 0x00, 0x57, 0x00, 0x05, 0x00, 0x0d, 0x00, 0x00, 0x00, 0xa1, 0x06, 0x00, // .u...W..........
	0x00, 0x9f, 0x06, 0x00, 0x00, 0x63, 0x05, 0x00, 0x00, 0x4f, 0x00, 0x07, 0x00, 0x0b, 0x00, 0x00, // .....c...O......
	0x00, 0xf8, 0x05, 0x00, 0x00, 0xa1, 0x06, 0x00, 0x00, 0xa1, 0x06, 0x00, 0x00, 0x00, 0x00, 0x00, // ................
	0x00, 0x01, 0x00, 0x00, 0x00, 0x51, 0x00, 0x05, 0x00, 0x07, 0x00, 0x00, 0x00, 0xfa, 0x05, 0x00, // .....Q..........
	0x00, 0xa1, 0x06, 0x00, 0x00, 0x01, 0x00, 0x00, 0x00, 0xba, 0x00, 0x05, 0x00, 0xea, 0x00, 0x00, // ................
	0x00, 0xfb, 0x05, 0x00, 0x00, 0xfa, 0x05, 0x00, 0x00, 0x06, 0x01, 0x00, 0x00, 0xf7, 0x00, 0x03, // ................
	0x00, 0x4e, 0x06, 0x00, 0x00, 0x00, 0x00, 0x00, 0x00, 0xfa, 0x00, 0x04, 0x00, 0xfb, 0x05, 0x00, // .N..............
	0x00, 0xfc, 0x05, 0x00, 0x00, 0x4e, 0x06, 0x00, 0x00, 0xf8, 0x00, 0x02, 0x00, 0xfc, 0x05, 0x00, // .....N..........
	0x00, 0x51, 0x00, 0x05, 0x00, 0x07, 0x00, 0x00, 0x00, 0xd7, 0x06, 0x00, 0x00, 0xa1, 0x06, 0x00, // .Q..............
	0x00, 0x00, 0x00, 0x00, 0x00, 0xba, 0x00, 0x05, 0x00, 0xea, 0x00, 0x00, 0x00, 0xd8, 0x06, 0x00, // ................
	0x00, 0xd7, 0x06, 0x00, 0x00, 0x06, 0x01, 0x00, 0x00, 0xf7, 0x00, 0x03, 0x00, 0xee, 0x06, 0x00, // ................
	0x00, 0x00, 0x00, 0x00, 0x00, 0xfa, 0x00, 0x04, 0x00, 0xd8, 0x06, 0x00, 0x00, 0xd9, 0x06, 0x00, // ................
	0x00, 0xe9, 0x06, 0x00, 0x00, 0xf8, 0x00, 0x02, 0x00, 0xd9, 0x06, 0x00, 0x00, 0x51, 0x00, 0x05, // .............Q..
	0x00, 0x07, 0x00, 0x00, 0x00, 0xb2, 0x07, 0x00, 0x00, 0x63, 0x05, 0x00, 0x00, 0x00, 0x00, 0x00, // .........c......
	0x00, 0x51, 0x00, 0x05, 0x00, 0x07, 0x00, 0x00, 0x00, 0xb3, 0x07, 0x00, 0x00, 0x63, 0x05, 0x00, // .Q...........c..
	0x00, 0x01, 0x00, 0x00, 0x00, 0x50, 0x00, 0x07, 0x00, 0x0d, 0x00, 0x00, 0x00, 0xb4, 0x07, 0x00, // .....P..........
	0x00, 0xb2, 0x07, 0x00, 0x00, 0xb3, 0x07, 0x00, 0x00, 0xd7, 0x00, 0x00, 0x00, 0xd8, 0x00, 0x00, // ................
	0x00, 0xf9, 0x00, 0x02, 0x00, 0xb5, 0x07, 0x00, 0x00, 0xf8, 0x00, 0x02, 0x00, 0xb5, 0x07, 0x00, // ................
	0x00, 0xf5, 0x00, 0x07, 0x00, 0x0b, 0x00, 0x00, 0x00, 0x05, 0x0e, 0x00, 0x00, 0x06, 0x0e, 0x00, // ................
	0x00, 0xd9, 0x06, 0x00, 0x00, 0xd7, 0x07, 0x00, 0x00, 0xc1, 0x07, 0x00, 0x00, 0xf5, 0x00, 0x07, // ................
	0x00, 0x0d, 0x00, 0x00, 0x00, 0x04, 0x0e, 0x00, 0x00, 0xb4, 0x07, 0x00, 0x00, 0xd9, 0x06, 0x00, // ................
	0x00, 0x01, 0x0e, 0x00, 0x00, 0xc1, 0x07, 0x00, 0x00, 0x51, 0x00, 0x05, 0x00, 0x07, 0x00, 0x00, // .........Q......
	0x00, 0xb8, 0x07, 0x00, 0x00, 0x04, 0x0e, 0x00, 0x00, 0x02, 0x00, 0x00, 0x00, 0x41, 0x00, 0x06, // .............A..
	0x00, 0xe6, 0x00, 0x00, 0x00, 0xb9, 0x07, 0x00, 0x00, 0xe5, 0x00, 0x00, 0x00, 0x86, 0x00, 0x00, // ................
	0x00, 0xcc, 0x00, 0x00, 0x00, 0x3d, 0x00, 0x04, 0x00, 0x07, 0x00, 0x00, 0x00, 0xba, 0x07, 0x00, // .....=..........
	0x00, 0xb9, 0x07, 0x00, 0x00, 0x83, 0x00, 0x05, 0x00, 0x07, 0x00, 0x00, 0x00, 0xbb, 0x07, 0x00, // ................
	0x00, 0xba, 0x07, 0x00, 0x00, 0xd8, 0x00, 0x00, 0x00, 0xb8, 0x00, 0x05, 0x00, 0xea, 0x00, 0x00, // ................
	0x00, 0xbc, 0x07, 0x00, 0x00, 0xb8, 0x07, 0x00, 0x00, 0xbb, 0x07, 0x00, 0x00, 0x51, 0x00, 0x05, // .............Q..
	0x00, 0x07, 0x00, 0x00, 0x00, 0xbe, 0x07, 0x00, 0x00, 0x04, 0x0e, 0x00, 0x00, 0x03, 0x00, 0x00, // ................
	0x00, 0xba, 0x00, 0x05, 0x00, 0xea, 0x00, 0x00, 0x00, 0xbf, 0x07, 0x00, 0x00, 0xbe, 0x07, 0x00, // ................
	0x00, 0xef, 0x00, 0x00, 0x00, 0xa7, 0x00, 0x05, 0x00, 0xea, 0x00, 0x00, 0x00, 0xc0, 0x07, 0x00, // ................
	0x00, 0xbc, 0x07, 0x00, 0x00, 0xbf, 0x07, 0x00, 0x00, 0xf6, 0x00, 0x04, 0x00, 0xdc, 0x07, 0x00, // ................
	0x00, 0xc1, 0x07, 0x00, 0x00, 0x00, 0x00, 0x00, 0x00, 0xfa, 0x00, 0x04, 0x00, 0xc0, 0x07, 0x00, // ................
	0x00, 0xc1, 0x07, 0x00, 0x00, 0xdc, 0x07, 0x00, 0x00, 0xf8, 0x00, 0x02, 0x00, 0xc1, 0x07, 0x00, // ................
	0x00, 0x4f, 0x00, 0x07, 0x00, 0x0b, 0x00, 0x00, 0x00, 0xc4, 0x07, 0x00, 0x00, 0xbd, 0x05, 0x00, // .O..............
	0x00, 0xbd, 0x05, 0x00, 0x00, 0x00, 0x00, 0x00, 0x00, 0x01, 0x00, 0x00, 0x00, 0x85, 0x00, 0x05, // ................
	0x00, 0x0b, 0x00, 0x00, 0x00, 0xc6, 0x07, 0x00, 0x00, 0xc4, 0x07, 0x00, 0x00, 0x79, 0x01, 0x00, // .............y..
	0x00, 0x51, 0x00, 0x05, 0x00, 0x07, 0x00, 0x00, 0x00, 0xc7, 0x07, 0x00, 0x00, 0xc6, 0x07, 0x00, // .Q..............
	0x00, 0x00, 0x00, 0x00, 0x00, 0x51, 0x00, 0x05, 0x00, 0x07, 0x00, 0x00, 0x00, 0xc8, 0x07, 0x00, // .....Q..........
	0x00, 0xc6, 0x07, 0x00, 0x00, 0x01, 0x00, 0x00, 0x00, 0x50, 0x00, 0x06, 0x00, 0xf8, 0x00, 0x00, // .........P......
	0x00, 0xc9, 0x07, 0x00, 0x00, 0xc7, 0x07, 0x00, 0x00, 0xc8, 0x07, 0x00, 0x00, 0xd8, 0x00, 0x00, // ................
	0x00, 0x4f, 0x00, 0x08, 0x00, 0xf8, 0x00, 0x00, 0x00, 0xcb, 0x07, 0x00, 0x00, 0x04, 0x0e, 0x00, // .O..............
	0x00, 0x04, 0x0e, 0x00, 0x00, 0x00, 0x00, 0x00, 0x00, 0x01, 0x00, 0x00, 0x00, 0x02, 0x00, 0x00, // ................
	0x00, 0x81, 0x00, 0x05, 0x00, 0xf8, 0x00, 0x00, 0x00, 0xcc, 0x07, 0x00, 0x00, 0xcb, 0x07, 0x00, // ................
	0x00, 0xc9, 0x07, 0x00, 0x00, 0x51, 0x00, 0x05, 0x00, 0x07, 0x00, 0x00, 0x00, 0xce, 0x07, 0x00, // .....Q..........
	0x00, 0xcc, 0x07, 0x00, 0x00, 0x00, 0x00, 0x00, 0x00, 0x52, 0x00, 0x06, 0x00, 0x0d, 0x00, 0x00, // .........R......
	0x00, 0xf0, 0x0c, 0x00, 0x00, 0xce, 0x07, 0x00, 0x00, 0xaf, 0x0e, 0x00, 0x00, 0x00, 0x00, 0x00, // ................
	0x00, 0x51, 0x00, 0x05, 0x00, 0x07, 0x00, 0x00, 0x00, 0xd0, 0x07, 0x00, 0x00, 0xcc, 0x07, 0x00, // .Q..............
	0x00, 0x01, 0x00, 0x00, 0x00, 0x52, 0x00, 0x06, 0x00, 0x0d, 0x00, 0x00, 0x00, 0xf2, 0x0c, 0x00, // .....R..........
	0x00, 0xd0, 0x07, 0x00, 0x00, 0xf0, 0x0c, 0x00, 0x00, 0x01, 0x00, 0x00, 0x00, 0x51, 0x00, 0x05, // .............Q..
	0x00, 0x07, 0x00, 0x00, 0x00, 0xd2, 0x07, 0x00, 0x00, 0xcc, 0x07, 0x00, 0x00, 0x02, 0x00, 0x00, // ................
	0x00, 0x4f, 0x00, 0x07, 0x00, 0x0b, 0x00, 0x00, 0x00, 0xd5, 0x07, 0x00, 0x00, 0xf2, 0x0c, 0x00, // .O..............
	0x00, 0xf2, 0x0c, 0x00, 0x00, 0x00, 0x00, 0x00, 0x00, 0x01, 0x00, 0x00, 0x00, 0x56, 0x00, 0x05, // .............V..
	0x00, 0x8e, 0x00, 0x00, 0x00, 0xe5, 0x07, 0x00, 0x00, 0x78, 0x00, 0x00, 0x00, 0x75, 0x00, 0x00, // .........x...u..
	0x00, 0x58, 0x00, 0x07, 0x00, 0x0d, 0x00, 0x00, 0x00, 0xe8, 0x07, 0x00, 0x00, 0xe5, 0x07, 0x00, // .X..............
	0x00, 0xd5, 0x07, 0x00, 0x00, 0x02, 0x00, 0x00, 0x00, 0x06, 0x01, 0x00, 0x00, 0x4f, 0x00, 0x07, // .............O..
	0x00, 0x0b, 0x00, 0x00, 0x00, 0xd7, 0x07, 0x00, 0x00, 0xe8, 0x07, 0x00, 0x00, 0xe8, 0x07, 0x00, // ................
	0x00, 0x00, 0x00, 0x00, 0x00, 0x01, 0x00, 0x00, 0x00, 0x94, 0x00, 0x05, 0x00, 0x07, 0x00, 0x00, // ................
	0x00, 0xd9, 0x07, 0x00, 0x00, 0xd7, 0x07, 0x00, 0x00, 0x10, 0x01, 0x00, 0x00, 0x50, 0x00, 0x07, // .............P..
	0x00, 0x0d, 0x00, 0x00, 0x00, 0x01, 0x0e, 0x00, 0x00, 0xce, 0x07, 0x00, 0x00, 0xd0, 0x07, 0x00, // ................
	0x00, 0xd2, 0x07, 0x00, 0x00, 0xd9, 0x07, 0x00, 0x00, 0xf9, 0x00, 0x02, 0x00, 0xb5, 0x07, 0x00, // ................
	0x00, 0xf8, 0x00, 0x02, 0x00, 0xdc, 0x07, 0x00, 0x00, 0x52, 0x00, 0x06, 0x00, 0x0d, 0x00, 0x00, // .........R......
	0x00, 0xfa, 0x0c, 0x00, 0x00, 0xbe, 0x07, 0x00, 0x00, 0xaf, 0x0e, 0x00, 0x00, 0x02, 0x00, 0x00, // ................
	0x00, 0x51, 0x00, 0x05, 0x00, 0x07, 0x00, 0x00, 0x00, 0xe2, 0x06, 0x00, 0x00, 0x05, 0x0e, 0x00, // .Q..............
	0x00, 0x01, 0x00, 0x00, 0x00, 0xba, 0x00, 0x05, 0x00, 0xea, 0x00, 0x00, 0x00, 0xe3, 0x06, 0x00, // ................
	0x00, 0xe2, 0x06, 0x00, 0x00, 0xef, 0x00, 0x00, 0x00, 0xa9, 0x00, 0x06, 0x00, 0x07, 0x00, 0x00, // ................
	0x00, 0xe4, 0x06, 0x00, 0x00, 0xe3, 0x06, 0x00, 0x00, 0xd8, 0x00, 0x00, 0x00, 0x06, 0x01, 0x00, // ................
	0x00, 0x81, 0x00, 0x05, 0x00, 0x07, 0x00, 0x00, 0x00, 0xe7, 0x06, 0x00, 0x00, 0xb8, 0x07, 0x00, // ................
	0x00, 0xe4, 0x06, 0x00, 0x00, 0x52, 0x00, 0x06, 0x00, 0x0d, 0x00, 0x00, 0x00, 0xfe, 0x0c, 0x00, // .....R..........
	0x00, 0xe7, 0x06, 0x00, 0x00, 0xfa, 0x0c, 0x00, 0x00, 0x00, 0x00, 0x00, 0x00, 0xf9, 0x00, 0x02, // ................
	0x00, 0xee, 0x06, 0x00, 0x00, 0xf8, 0x00, 0x02, 0x00, 0xe9, 0x06, 0x00, 0x00, 0x52, 0x00, 0x06, // .............R..
	0x00, 0x0d, 0x00, 0x00, 0x00, 0x00, 0x0d, 0x00, 0x00, 0x06, 0x01, 0x00, 0x00, 0xaf, 0x0e, 0x00, // ................
	0x00, 0x00, 0x00, 0x00, 0x00, 0x52, 0x00, 0x06, 0x00, 0x0d, 0x00, 0x00, 0x00, 0x02, 0x0d, 0x00, // .....R..........
	0x00, 0x06, 0x01, 0x00, 0x00, 0x00, 0x0d, 0x00, 0x00, 0x02, 0x00, 0x00, 0x00, 0xf9, 0x00, 0x02, // ................
	0x00, 0xee, 0x06, 0x00, 0x00, 0xf8, 0x00, 0x02, 0x00, 0xee, 0x06, 0x00, 0x00, 0xf5, 0x00, 0x07, // ................
	0x00, 0x0d, 0x00, 0x00, 0x00, 0x0a, 0x0e, 0x00, 0x00, 0xfe, 0x0c, 0x00, 0x00, 0xdc, 0x07, 0x00, // ................
	0x00, 0x02, 0x0d, 0x00, 0x00, 0xe9, 0x06, 0x00, 0x00, 0x51, 0x00, 0x05, 0x00, 0x07, 0x00, 0x00, // .........Q......
	0x00, 0xf0, 0x07, 0x00, 0x00, 0x63, 0x05, 0x00, 0x00, 0x00, 0x00, 0x00, 0x00, 0x51, 0x00, 0x05, // .....c.......Q..
	0x00, 0x07, 0x00, 0x00, 0x00, 0xf1, 0x07, 0x00, 0x00, 0x63, 0x05, 0x00, 0x00, 0x01, 0x00, 0x00, // .........c......
	0x00, 0x50, 0x00, 0x07, 0x00, 0x0d, 0x00, 0x00, 0x00, 0xf2, 0x07, 0x00, 0x00, 0xf0, 0x07, 0x00, // .P..............
	0x00, 0xf1, 0x07, 0x00, 0x00, 0xd7, 0x00, 0x00, 0x00, 0xd8, 0x00, 0x00, 0x00, 0xf9, 0x00, 0x02, // ................
	0x00, 0xf3, 0x07, 0x00, 0x00, 0xf8, 0x00, 0x02, 0x00, 0xf3, 0x07, 0x00, 0x00, 0xf5, 0x00, 0x07, // ................
	0x00, 0x0d, 0x00, 0x00, 0x00, 0x08, 0x0e, 0x00, 0x00, 0xf2, 0x07, 0x00, 0x00, 0xee, 0x06, 0x00, // ................
	0x00, 0x00, 0x0e, 0x00, 0x00, 0xff, 0x07, 0x00, 0x00, 0x51, 0x00, 0x05, 0x00, 0x07, 0x00, 0x00, // .........Q......
	0x00, 0xf6, 0x07, 0x00, 0x00, 0x08, 0x0e, 0x00, 0x00, 0x02, 0x00, 0x00, 0x00, 0x41, 0x00, 0x06, // .............A..
	0x00, 0xe6, 0x00, 0x00, 0x00, 0xf7, 0x07, 0x00, 0x00, 0xe5, 0x00, 0x00, 0x00, 0x86, 0x00, 0x00, // ................
	0x00, 0xcc, 0x00, 0x00, 0x00, 0x3d, 0x00, 0x04, 0x00, 0x07, 0x00, 0x00, 0x00, 0xf8, 0x07, 0x00, // .....=..........
	0x00, 0xf7, 0x07, 0x00, 0x00, 0x83, 0x00, 0x05, 0x00, 0x07, 0x00, 0x00, 0x00, 0xf9, 0x07, 0x00, // ................
	0x00, 0xf8, 0x07, 0x00, 0x00, 0xd8, 0x00, 0x00, 0x00, 0xb8, 0x00, 0x05, 0x00, 0xea, 0x00, 0x00, // ................
	0x00, 0xfa, 0x07, 0x00, 0x00, 0xf6, 0x07, 0x00, 0x00, 0xf9, 0x07, 0x00, 0x00, 0x51, 0x00, 0x05, // .............Q..
	0x00, 0x07, 0x00, 0x00, 0x00, 0xfc, 0x07, 0x00, 0x00, 0x08, 0x0e, 0x00, 0x00, 0x03, 0x00, 0x00, // ................
	0x00, 0xba, 0x00, 0x05, 0x00, 0xea, 0x00, 0x00, 0x00, 0xfd, 0x07, 0x00, 0x00, 0xfc, 0x07, 0x00, // ................
	0x00, 0xef, 0x00, 0x00, 0x00, 0xa7, 0x00, 0x05, 0x00, 0xea, 0x00, 0x00, 0x00, 0xfe, 0x07, 0x00, // ................
	0x00, 0xfa, 0x07, 0x00, 0x00, 0xfd, 0x07, 0x00, 0x00, 0xf6, 0x00, 0x04, 0x00, 0x1a, 0x08, 0x00, // ................
	0x00, 0xff, 0x07, 0x00, 0x00, 0x00, 0x00, 0x00, 0x00, 0xfa, 0x00, 0x04, 0x00, 0xfe, 0x07, 0x00, // ................
	0x00, 0xff, 0x07, 0x00, 0x00, 0x1a, 0x08, 0x00, 0x00, 0xf8, 0x00, 0x02, 0x00, 0xff, 0x07, 0x00, // ................
	0x00, 0x4f, 0x00, 0x07, 0x00, 0x0b, 0x00, 0x00, 0x00, 0x02, 0x08, 0x00, 0x00, 0xbd, 0x05, 0x00, // .O..............
	0x00, 0xbd, 0x05, 0x00, 0x00, 0x00, 0x00, 0x00, 0x00, 0x01, 0x00, 0x00, 0x00, 0x85, 0x00, 0x05, // ................
	0x00, 0x0b, 0x00, 0x00, 0x00, 0x04, 0x08, 0x00, 0x00, 0x02, 0x08, 0x00, 0x00, 0x92, 0x01, 0x00, // ................
	0x00, 0x51, 0x00, 0x05, 0x00, 0x07, 0x00, 0x00, 0x00, 0x05, 0x08, 0x00, 0x00, 0x04, 0x08, 0x00, // .Q..............
	0x00, 0x00, 0x00, 0x00, 0x00, 0x51, 0x00, 0x05, 0x00, 0x07, 0x00, 0x00, 0x00, 0x06, 0x08, 0x00, // .....Q..........
	0x00, 0x04, 0x08, 0x00, 0x00, 0x01, 0x00, 0x00, 0x00, 0x50, 0x00, 0x06, 0x00, 0xf8, 0x00, 0x00, // .........P......
	0x00, 0x07, 0x08, 0x00, 0x00, 0x05, 0x08, 0x00, 0x00, 0x06, 0x08, 0x00, 0x00, 0xd8, 0x00, 0x00, // ................
	0x00, 0x4f, 0x00, 0x08, 0x00, 0xf8, 0x00, 0x00, 0x00, 0x09, 0x08, 0x00, 0x00, 0x08, 0x0e, 0x00, // .O..............
	0x00, 0x08, 0x0e, 0x00, 0x00, 0x00, 0x00, 0x00, 0x00, 0x01, 0x00, 0x00, 0x00, 0x02, 0x00, 0x00, // ................
	0x00, 0x81, 0x00, 0x05, 0x00, 0xf8, 0x00, 0x00, 0x00, 0x0a, 0x08, 0x00, 0x00, 0x09, 0x08, 0x00, // ................
	0x00, 0x07, 0x08, 0x00, 0x00, 0x51, 0x00, 0x05, 0x00, 0x07, 0x00, 0x00, 0x00, 0x0c, 0x08, 0x00, // .....Q..........
	0x00, 0x0a, 0x08, 0x00, 0x00, 0x00, 0x00, 0x00, 0x00, 0x52, 0x00, 0x06, 0x00, 0x0d, 0x00, 0x00, // .........R......
	0x00, 0x06, 0x0d, 0x00, 0x00, 0x0c, 0x08, 0x00, 0x00, 0xaf, 0x0e, 0x00, 0x00, 0x00, 0x00, 0x00, // ................
	0x00, 0x51, 0x00, 0x05, 0x00, 0x07, 0x00, 0x00, 0x00, 0x0e, 0x08, 0x00, 0x00, 0x0a, 0x08, 0x00, // .Q..............
	0x00, 0x01, 0x00, 0x00, 0x00, 0x52, 0x00, 0x06, 0x00, 0x0d, 0x00, 0x00, 0x00, 0x08, 0x0d, 0x00, // .....R..........
	0x00, 0x0e, 0x08, 0x00, 0x00, 0x06, 0x0d, 0x00, 0x00, 0x01, 0x00, 0x00, 0x00, 0x51, 0x00, 0x05, // .............Q..
	0x00, 0x07, 0x00, 0x00, 0x00, 0x10, 0x08, 0x00, 0x00, 0x0a, 0x08, 0x00, 0x00, 0x02, 0x00, 0x00, // ................
	0x00, 0x4f, 0x00, 0x07, 0x00, 0x0b, 0x00, 0x00, 0x00, 0x13, 0x08, 0x00, 0x00, 0x08, 0x0d, 0x00, // .O..............
	0x00, 0x08, 0x0d, 0x00, 0x00, 0x00, 0x00, 0x00, 0x00, 0x01, 0x00, 0x00, 0x00, 0x56, 0x00, 0x05, // .............V..
	0x00, 0x8e, 0x00, 0x00, 0x00, 0x23, 0x08, 0x00, 0x00, 0x78, 0x00, 0x00, 0x00, 0x75, 0x00, 0x00, // .....#...x...u..
	0x00, 0x58, 0x00, 0x07, 0x00, 0x0d, 0x00, 0x00, 0x00, 0x26, 0x08, 0x00, 0x00, 0x23, 0x08, 0x00, // .X.......&...#..
	0x00, 0x13, 0x08, 0x00, 0x00, 0x02, 0x00, 0x00, 0x00, 0x06, 0x01, 0x00, 0x00, 0x4f, 0x00, 0x07, // .............O..
	0x00, 0x0b, 0x00, 0x00, 0x00, 0x15, 0x08, 0x00, 0x00, 0x26, 0x08, 0x00, 0x00, 0x26, 0x08, 0x00, // .........&...&..
	0x00, 0x00, 0x00, 0x00, 0x00, 0x01, 0x00, 0x00, 0x00, 0x94, 0x00, 0x05, 0x00, 0x07, 0x00, 0x00, // ................
	0x00, 0x17, 0x08, 0x00, 0x00, 0x15, 0x08, 0x00, 0x00, 0x10, 0x01, 0x00, 0x00, 0x50, 0x00, 0x07, // .............P..
	0x00, 0x0d, 0x00, 0x00, 0x00, 0x00, 0x0e, 0x00, 0x00, 0x0c, 0x08, 0x00, 0x00, 0x0e, 0x08, 0x00, // ................
	0x00, 0x10, 0x08, 0x00, 0x00, 0x17, 0x08, 0x00, 0x00, 0xf9, 0x00, 0x02, 0x00, 0xf3, 0x07, 0x00, // ................
	0x00, 0xf8, 0x00, 0x02, 0x00, 0x1a, 0x08, 0x00, 0x00, 0x52, 0x00, 0x06, 0x00, 0x0d, 0x00, 0x00, // .........R......
	0x00, 0x0e, 0x0d, 0x00, 0x00, 0xf6, 0x07, 0x00, 0x00, 0x0a, 0x0e, 0x00, 0x00, 0x01, 0x00, 0x00, // ................
	0x00, 0x51, 0x00, 0x05, 0x00, 0x07, 0x00, 0x00, 0x00, 0xf7, 0x06, 0x00, 0x00, 0x0a, 0x0e, 0x00, // .Q..............
	0x00, 0x00, 0x00, 0x00, 0x00, 0x81, 0x00, 0x05, 0x00, 0x07, 0x00, 0x00, 0x00, 0xfa, 0x06, 0x00, // ................
	0x00, 0xf7, 0x06, 0x00, 0x00, 0xf6, 0x07, 0x00, 0x00, 0xba, 0x00, 0x05, 0x00, 0xea, 0x00, 0x00, // ................
	0x00, 0xfb, 0x06, 0x00, 0x00, 0xfa, 0x06, 0x00, 0x00, 0xa2, 0x01, 0x00, 0x00, 0xf7, 0x00, 0x03, // ................
	0x00, 0x3f, 0x07, 0x00, 0x00, 0x00, 0x00, 0x00, 0x00, 0xfa, 0x00, 0x04, 0x00, 0xfb, 0x06, 0x00, // .?..............
	0x00, 0xfc, 0x06, 0x00, 0x00, 0x3f, 0x07, 0x00, 0x00, 0xf8, 0x00, 0x02, 0x00, 0xfc, 0x06, 0x00, // .....?..........
	0x00, 0x83, 0x00, 0x05, 0x00, 0x07, 0x00, 0x00, 0x00, 0x02, 0x07, 0x00, 0x00, 0x1c, 0x01, 0x00, // ................
	0x00, 0xf7, 0x06, 0x00, 0x00, 0x83, 0x00, 0x05, 0x00, 0x07, 0x00, 0x00, 0x00, 0x0a, 0x07, 0x00, // ................
	0x00, 0x56, 0x04, 0x00, 0x00, 0xf6, 0x07, 0x00, 0x00, 0x50, 0x00, 0x07, 0x00, 0x0d, 0x00, 0x00, // .V.......P......
	0x00, 0x0b, 0x07, 0x00, 0x00, 0x02, 0x07, 0x00, 0x00, 0xf7, 0x06, 0x00, 0x00, 0xf6, 0x07, 0x00, // ................
	0x00, 0x0a, 0x07, 0x00, 0x00, 0x4f, 0x00, 0x09, 0x00, 0x0d, 0x00, 0x00, 0x00, 0x0e, 0x07, 0x00, // .....O..........
	0x00, 0xbd, 0x05, 0x00, 0x00, 0xbd, 0x05, 0x00, 0x00, 0x00, 0x00, 0x00, 0x00, 0x01, 0x00, 0x00, // ................
	0x00, 0x00, 0x00, 0x00, 0x00, 0x01, 0x00, 0x00, 0x00, 0x85, 0x00, 0x05, 0x00, 0x0d, 0x00, 0x00, // ................
	0x00, 0x0f, 0x07, 0x00, 0x00, 0x0b, 0x07, 0x00, 0x00, 0x0e, 0x07, 0x00, 0x00, 0x81, 0x00, 0x05, // ................
	0x00, 0x0d, 0x00, 0x00, 0x00, 0x10, 0x07, 0x00, 0x00, 0xc5, 0x05, 0x00, 0x00, 0x0f, 0x07, 0x00, // ................
	0x00, 0x4f, 0x00, 0x07, 0x00, 0x0b, 0x00, 0x00, 0x00, 0x13, 0x07, 0x00, 0x00, 0x10, 0x07, 0x00, // .O..............
	0x00, 0x10, 0x07, 0x00, 0x00, 0x00, 0x00, 0x00, 0x00, 0x01, 0x00, 0x00, 0x00, 0x56, 0x00, 0x05, // .............V..
	0x00, 0x8e, 0x00, 0x00, 0x00, 0x2d, 0x08, 0x00, 0x00, 0x78, 0x00, 0x00, 0x00, 0x75, 0x00, 0x00, // .....-...x...u..
	0x00, 0x58, 0x00, 0x08, 0x00, 0x0d, 0x00, 0x00, 0x00, 0x31, 0x08, 0x00, 0x00, 0x2d, 0x08, 0x00, // .X.......1...-..
	0x00, 0x13, 0x07, 0x00, 0x00, 0x0a, 0x00, 0x00, 0x00, 0x06, 0x01, 0x00, 0x00, 0xbd, 0x01, 0x00, // ................
	0x00, 0x51, 0x00, 0x05, 0x00, 0x07, 0x00, 0x00, 0x00, 0x17, 0x07, 0x00, 0x00, 0x31, 0x08, 0x00, // .Q...........1..
	0x00, 0x00, 0x00, 0x00, 0x00, 0x51, 0x00, 0x05, 0x00, 0x07, 0x00, 0x00, 0x00, 0x19, 0x07, 0x00, // .....Q..........
	0x00, 0x31, 0x08, 0x00, 0x00, 0x01, 0x00, 0x00, 0x00, 0x4f, 0x00, 0x07, 0x00, 0x0b, 0x00, 0x00, // .1.......O......
	0x00, 0x1c, 0x07, 0x00, 0x00, 0x10, 0x07, 0x00, 0x00, 0x10, 0x07, 0x00, 0x00, 0x02, 0x00, 0x00, // ................
	0x00, 0x03, 0x00, 0x00, 0x00, 0x56, 0x00, 0x05, 0x00, 0x8e, 0x00, 0x00, 0x00, 0x38, 0x08, 0x00, // .....V.......8..
	0x00, 0x78, 0x00, 0x00, 0x00, 0x75, 0x00, 0x00, 0x00, 0x58, 0x00, 0x08, 0x00, 0x0d, 0x00, 0x00, // .x...u...X......
	0x00, 0x3c, 0x08, 0x00, 0x00, 0x38, 0x08, 0x00, 0x00, 0x1c, 0x07, 0x00, 0x00, 0x0a, 0x00, 0x00, // .<...8..........
	0x00, 0x06, 0x01, 0x00, 0x00, 0xcb, 0x01, 0x00, 0x00, 0x51, 0x00, 0x05, 0x00, 0x07, 0x00, 0x00, // .........Q......
	0x00, 0x20, 0x07, 0x00, 0x00, 0x3c, 0x08, 0x00, 0x00, 0x00, 0x00, 0x00, 0x00, 0x51, 0x00, 0x05, // . ...<.......Q..
	0x00, 0x07, 0x00, 0x00, 0x00, 0x22, 0x07, 0x00, 0x00, 0x3c, 0x08, 0x00, 0x00, 0x01, 0x00, 0x00, // ....."...<......
	0x00, 0x50, 0x00, 0x07, 0x00, 0x0d, 0x00, 0x00, 0x00, 0xe7, 0x0d, 0x00, 0x00, 0x17, 0x07, 0x00, // .P..............
	0x00, 0x19, 0x07, 0x00, 0x00, 0x20, 0x07, 0x00, 0x00, 0x22, 0x07, 0x00, 0x00, 0x4f, 0x00, 0x07, // ..... ..."...O..
	0x00, 0x0b, 0x00, 0x00, 0x00, 0x40, 0x08, 0x00, 0x00, 0xe7, 0x0d, 0x00, 0x00, 0xe7, 0x0d, 0x00, // .....@..........
	0x00, 0x00, 0x00, 0x00, 0x00, 0x02, 0x00, 0x00, 0x00, 0x8e, 0x00, 0x05, 0x00, 0x0b, 0x00, 0x00, // ................
	0x00, 0x43, 0x08, 0x00, 0x00, 0x40, 0x08, 0x00, 0x00, 0xb1, 0x00, 0x00, 0x00, 0x83, 0x00, 0x05, // .C...@..........
	0x00, 0x0b, 0x00, 0x00, 0x00, 0x44, 0x08, 0x00, 0x00, 0x43, 0x08, 0x00, 0x00, 0xc6, 0x00, 0x00, // .....D...C......
	0x00, 0x0c, 0x00, 0x06, 0x00, 0x0b, 0x00, 0x00, 0x00, 0x45, 0x08, 0x00, 0x00, 0x01, 0x00, 0x00, // .........E......
	0x00, 0x04, 0x00, 0x00, 0x00, 0x44, 0x08, 0x00, 0x00, 0x85, 0x00, 0x05, 0x00, 0x0b, 0x00, 0x00, // .....D..........
	0x00, 0x46, 0x08, 0x00, 0x00, 0x40, 0x08, 0x00, 0x00, 0x45, 0x08, 0x00, 0x00, 0x51, 0x00, 0x05, // .F...@...E...Q..
	0x00, 0x07, 0x00, 0x00, 0x00, 0x48, 0x08, 0x00, 0x00, 0x46, 0x08, 0x00, 0x00, 0x00, 0x00, 0x00, // .....H...F......
	0x00, 0x52, 0x00, 0x06, 0x00, 0x0d, 0x00, 0x00, 0x00, 0x20, 0x0d, 0x00, 0x00, 0x48, 0x08, 0x00, // .R....... ...H..
	0x00, 0xe7, 0x0d, 0x00, 0x00, 0x00, 0x00, 0x00, 0x00, 0x51, 0x00, 0x05, 0x00, 0x07, 0x00, 0x00, // .........Q......
	0x00, 0x4a, 0x08, 0x00, 0x00, 0x46, 0x08, 0x00, 0x00, 0x01, 0x00, 0x00, 0x00, 0x52, 0x00, 0x06, // .J...F.......R..
	0x00, 0x0d, 0x00, 0x00, 0x00, 0x22, 0x0d, 0x00, 0x00, 0x4a, 0x08, 0x00, 0x00, 0x20, 0x0d, 0x00, // ....."...J... ..
	0x00, 0x02, 0x00, 0x00, 0x00, 0x81, 0x00, 0x05, 0x00, 0x0d, 0x00, 0x00, 0x00, 0x4d, 0x08, 0x00, // .............M..
	0x00, 0x22, 0x0d, 0x00, 0x00, 0xe8, 0x0d, 0x00, 0x00, 0x0c, 0x00, 0x06, 0x00, 0x0d, 0x00, 0x00, // ."..............
	0x00, 0x4e, 0x08, 0x00, 0x00, 0x01, 0x00, 0x00, 0x00, 0x08, 0x00, 0x00, 0x00, 0x4d, 0x08, 0x00, // .N...........M..
	0x00, 0x4f, 0x00, 0x07, 0x00, 0x0b, 0x00, 0x00, 0x00, 0x28, 0x07, 0x00, 0x00, 0x4e, 0x08, 0x00, // .O.......(...N..
	0x00, 0xe9, 0x0d, 0x00, 0x00, 0x01, 0x00, 0x00, 0x00, 0x03, 0x00, 0x00, 0x00, 0x8e, 0x00, 0x05, // ................
	0x00, 0x0b, 0x00, 0x00, 0x00, 0x29, 0x07, 0x00, 0x00, 0x28, 0x07, 0x00, 0x00, 0xa2, 0x01, 0x00, // .....)...(......
	0x00, 0x4f, 0x00, 0x07, 0x00, 0x0b, 0x00, 0x00, 0x00, 0x2b, 0x07, 0x00, 0x00, 0x4e, 0x08, 0x00, // .O.......+...N..
	0x00, 0xe9, 0x0d, 0x00, 0x00, 0x00, 0x00, 0x00, 0x00, 0x02, 0x00, 0x00, 0x00, 0x81, 0x00, 0x05, // ................
	0x00, 0x0b, 0x00, 0x00, 0x00, 0x2c, 0x07, 0x00, 0x00, 0x29, 0x07, 0x00, 0x00, 0x2b, 0x07, 0x00, // .....,...)...+..
	0x00, 0x51, 0x00, 0x05, 0x00, 0x07, 0x00, 0x00, 0x00, 0x2e, 0x07, 0x00, 0x00, 0x0a, 0x0e, 0x00, // .Q..............
	0x00, 0x02, 0x00, 0x00, 0x00, 0xbe, 0x00, 0x05, 0x00, 0xea, 0x00, 0x00, 0x00, 0x2f, 0x07, 0x00, // ............./..
	0x00, 0x2e, 0x07, 0x00, 0x00, 0xef, 0x00, 0x00, 0x00, 0xf7, 0x00, 0x03, 0x00, 0x32, 0x07, 0x00, // .............2..
	0x00, 0x00, 0x00, 0x00, 0x00, 0xfa, 0x00, 0x04, 0x00, 0x2f, 0x07, 0x00, 0x00, 0x30, 0x07, 0x00, // ........./...0..
	0x00, 0x32, 0x07, 0x00, 0x00, 0xf8, 0x00, 0x02, 0x00, 0x30, 0x07, 0x00, 0x00, 0x52, 0x00, 0x06, // .2.......0...R..
	0x00, 0x0b, 0x00, 0x00, 0x00, 0x25, 0x0d, 0x00, 0x00, 0x06, 0x01, 0x00, 0x00, 0x2c, 0x07, 0x00, // .....%.......,..
	0x00, 0x00, 0x00, 0x00, 0x00, 0xf9, 0x00, 0x02, 0x00, 0x32, 0x07, 0x00, 0x00, 0xf8, 0x00, 0x02, // .........2......
	0x00, 0x32, 0x07, 0x00, 0x00, 0xf5, 0x00, 0x07, 0x00, 0x0b, 0x00, 0x00, 0x00, 0x0c, 0x0e, 0x00, // .2..............
	0x00, 0x2c, 0x07, 0x00, 0x00, 0xfc, 0x06, 0x00, 0x00, 0x25, 0x0d, 0x00, 0x00, 0x30, 0x07, 0x00, // .,.......%...0..
	0x00, 0xbe, 0x00, 0x05, 0x00, 0xea, 0x00, 0x00, 0x00, 0x35, 0x07, 0x00, 0x00, 0xfc, 0x07, 0x00, // .........5......
	0x00, 0xef, 0x00, 0x00, 0x00, 0xf7, 0x00, 0x03, 0x00, 0x38, 0x07, 0x00, 0x00, 0x00, 0x00, 0x00, // .........8......
	0x00, 0xfa, 0x00, 0x04, 0x00, 0x35, 0x07, 0x00, 0x00, 0x36, 0x07, 0x00, 0x00, 0x38, 0x07, 0x00, // .....5...6...8..
	0x00, 0xf8, 0x00, 0x02, 0x00, 0x36, 0x07, 0x00, 0x00, 0x52, 0x00, 0x06, 0x00, 0x0b, 0x00, 0x00, // .....6...R......
	0x00, 0x28, 0x0d, 0x00, 0x00, 0x06, 0x01, 0x00, 0x00, 0x0c, 0x0e, 0x00, 0x00, 0x01, 0x00, 0x00, // .(..............
	0x00, 0xf9, 0x00, 0x02, 0x00, 0x38, 0x07, 0x00, 0x00, 0xf8, 0x00, 0x02, 0x00, 0x38, 0x07, 0x00, // .....8.......8..
	0x00, 0xf5, 0x00, 0x07, 0x00, 0x0b, 0x00, 0x00, 0x00, 0x0e, 0x0e, 0x00, 0x00, 0x0c, 0x0e, 0x00, // ................
	0x00, 0x32, 0x07, 0x00, 0x00, 0x28, 0x0d, 0x00, 0x00, 0x36, 0x07, 0x00, 0x00, 0x4f, 0x00, 0x07, // .2...(...6...O..
	0x00, 0x0b, 0x00, 0x00, 0x00, 0x3a, 0x07, 0x00, 0x00, 0x0e, 0x0d, 0x00, 0x00, 0x0e, 0x0d, 0x00, // .....:..........
	0x00, 0x00, 0x00, 0x00, 0x00, 0x01, 0x00, 0x00, 0x00, 0x8e, 0x00, 0x05, 0x00, 0x0b, 0x00, 0x00, // ................
	0x00, 0x56, 0x08, 0x00, 0x00, 0x0e, 0x0e, 0x00, 0x00, 0x56, 0x01, 0x00, 0x00, 0x81, 0x00, 0x05, // .V.......V......
	0x00, 0x0b, 0x00, 0x00, 0x00, 0x58, 0x08, 0x00, 0x00, 0x56, 0x08, 0x00, 0x00, 0x3a, 0x07, 0x00, // .....X...V...:..
	0x00, 0x85, 0x00, 0x05, 0x00, 0x0b, 0x00, 0x00, 0x00, 0x5a, 0x08, 0x00, 0x00, 0x5d, 0x01, 0x00, // .........Z...]..
	0x00, 0x58, 0x08, 0x00, 0x00, 0x81, 0x00, 0x05, 0x00, 0x0b, 0x00, 0x00, 0x00, 0x5b, 0x08, 0x00, // .X...........[..
	0x00, 0x5a, 0x08, 0x00, 0x00, 0x62, 0x01, 0x00, 0x00, 0x51, 0x00, 0x05, 0x00, 0x07, 0x00, 0x00, // .Z...b...Q......
	0x00, 0x5d, 0x08, 0x00, 0x00, 0x5b, 0x08, 0x00, 0x00, 0x00, 0x00, 0x00, 0x00, 0x81, 0x00, 0x05, // .]...[..........
	0x00, 0x07, 0x00, 0x00, 0x00, 0x5e, 0x08, 0x00, 0x00, 0x5d, 0x08, 0x00, 0x00, 0xbb, 0x00, 0x00, // .....^...]......
	0x00, 0x52, 0x00, 0x06, 0x00, 0x0b, 0x00, 0x00, 0x00, 0x2b, 0x0d, 0x00, 0x00, 0x5e, 0x08, 0x00, // .R.......+...^..
	0x00, 0x5b, 0x08, 0x00, 0x00, 0x00, 0x00, 0x00, 0x00, 0x56, 0x00, 0x05, 0x00, 0x8e, 0x00, 0x00, // .[.......V......
	0x00, 0x6a, 0x08, 0x00, 0x00, 0x7e, 0x00, 0x00, 0x00, 0x7c, 0x00, 0x00, 0x00, 0x58, 0x00, 0x07, // .j...~...|...X..
	0x00, 0x0d, 0x00, 0x00, 0x00, 0x6d, 0x08, 0x00, 0x00, 0x6a, 0x08, 0x00, 0x00, 0x2b, 0x0d, 0x00, // .....m...j...+..
	0x00, 0x02, 0x00, 0x00, 0x00, 0x06, 0x01, 0x00, 0x00, 0x4f, 0x00, 0x07, 0x00, 0x0b, 0x00, 0x00, // .........O......
	0x00, 0x63, 0x08, 0x00, 0x00, 0x6d, 0x08, 0x00, 0x00, 0x6d, 0x08, 0x00, 0x00, 0x00, 0x00, 0x00, // .c...m...m......
	0x00, 0x01, 0x00, 0x00, 0x00, 0xf9, 0x00, 0x02, 0x00, 0x3f, 0x07, 0x00, 0x00, 0xf8, 0x00, 0x02, // .........?......
	0x00, 0x3f, 0x07, 0x00, 0x00, 0xf5, 0x00, 0x07, 0x00, 0x0b, 0x00, 0x00, 0x00, 0x2b, 0x0e, 0x00, // .?...........+..
	0x00, 0x72, 0x01, 0x00, 0x00, 0x1a, 0x08, 0x00, 0x00, 0x63, 0x08, 0x00, 0x00, 0x38, 0x07, 0x00, // .r.......c...8..
	0x00, 0x41, 0x00, 0x06, 0x00, 0xe6, 0x00, 0x00, 0x00, 0x79, 0x08, 0x00, 0x00, 0xe5, 0x00, 0x00, // .A.......y......
	0x00, 0x8a, 0x00, 0x00, 0x00, 0xae, 0x00, 0x00, 0x00, 0x3d, 0x00, 0x04, 0x00, 0x07, 0x00, 0x00, // .........=......
	0x00, 0x7a, 0x08, 0x00, 0x00, 0x79, 0x08, 0x00, 0x00, 0x85, 0x00, 0x05, 0x00, 0x07, 0x00, 0x00, // .z...y..........
	0x00, 0x7b, 0x08, 0x00, 0x00, 0x1c, 0x01, 0x00, 0x00, 0x7a, 0x08, 0x00, 0x00, 0x81, 0x00, 0x05, // .{.......z......
	0x00, 0x07, 0x00, 0x00, 0x00, 0x7e, 0x08, 0x00, 0x00, 0xf0, 0x07, 0x00, 0x00, 0x7b, 0x08, 0x00, // .....~.......{..
	0x00, 0x52, 0x00, 0x06, 0x00, 0x0d, 0x00, 0x00, 0x00, 0x2e, 0x0d, 0x00, 0x00, 0x7e, 0x08, 0x00, // .R...........~..
	0x00, 0xf2, 0x07, 0x00, 0x00, 0x00, 0x00, 0x00, 0x00, 0xf9, 0x00, 0x02, 0x00, 0x80, 0x08, 0x00, // ................
	0x00, 0xf8, 0x00, 0x02, 0x00, 0x80, 0x08, 0x00, 0x00, 0xf5, 0x00, 0x07, 0x00, 0x0d, 0x00, 0x00, // ................
	0x00, 0x14, 0x0e, 0x00, 0x00, 0x2e, 0x0d, 0x00, 0x00, 0x3f, 0x07, 0x00, 0x00, 0xff, 0x0d, 0x00, // .........?......
	0x00, 0x8c, 0x08, 0x00, 0x00, 0x51, 0x00, 0x05, 0x00, 0x07, 0x00, 0x00, 0x00, 0x83, 0x08, 0x00, // .....Q..........
	0x00, 0x14, 0x0e, 0x00, 0x00, 0x02, 0x00, 0x00, 0x00, 0xb8, 0x00, 0x05, 0x00, 0xea, 0x00, 0x00, // ................
	0x00, 0x87, 0x08, 0x00, 0x00, 0x83, 0x08, 0x00, 0x00, 0xf9, 0x07, 0x00, 0x00, 0x51, 0x00, 0x05, // .............Q..
	0x00, 0x07, 0x00, 0x00, 0x00, 0x89, 0x08, 0x00, 0x00, 0x14, 0x0e, 0x00, 0x00, 0x03, 0x00, 0x00, // ................
	0x00, 0xba, 0x00, 0x05, 0x00, 0xea, 0x00, 0x00, 0x00, 0x8a, 0x08, 0x00, 0x00, 0x89, 0x08, 0x00, // ................
	0x00, 0xef, 0x00, 0x00, 0x00, 0xa7, 0x00, 0x05, 0x00, 0xea, 0x00, 0x00, 0x00, 0x8b, 0x08, 0x00, // ................
	0x00, 0x87, 0x08, 0x00, 0x00, 0x8a, 0x08, 0x00, 0x00, 0xf6, 0x00, 0x04, 0x00, 0xa8, 0x08, 0x00, // ................
	0x00, 0x8c, 0x08, 0x00, 0x00, 0x00, 0x00, 0x00, 0x00, 0xfa, 0x00, 0x04, 0x00, 0x8b, 0x08, 0x00, // ................
	0x00, 0x8c, 0x08, 0x00, 0x00, 0xa8, 0x08, 0x00, 0x00, 0xf8, 0x00, 0x02, 0x00, 0x8c, 0x08, 0x00, // ................
	0x00, 0x4f, 0x00, 0x07, 0x00, 0x0b, 0x00, 0x00, 0x00, 0x8f, 0x08, 0x00, 0x00, 0xbd, 0x05, 0x00, // .O..............
	0x00, 0xbd, 0x05, 0x00, 0x00, 0x00, 0x00, 0x00, 0x00, 0x01, 0x00, 0x00, 0x00, 0x85, 0x00, 0x05, // ................
	0x00, 0x0b, 0x00, 0x00, 0x00, 0x91, 0x08, 0x00, 0x00, 0x8f, 0x08, 0x00, 0x00, 0xf9, 0x01, 0x00, // ................
	0x00, 0x51, 0x00, 0x05, 0x00, 0x07, 0x00, 0x00, 0x00, 0x92, 0x08, 0x00, 0x00, 0x91, 0x08, 0x00, // .Q..............
	0x00, 0x00, 0x00, 0x00, 0x00, 0x51, 0x00, 0x05, 0x00, 0x07, 0x00, 0x00, 0x00, 0x93, 0x08, 0x00, // .....Q..........
	0x00, 0x91, 0x08, 0x00, 0x00, 0x01, 0x00, 0x00, 0x00, 0x50, 0x00, 0x06, 0x00, 0xf8, 0x00, 0x00, // .........P......
	0x00, 0x94, 0x08, 0x00, 0x00, 0x92, 0x08, 0x00, 0x00, 0x93, 0x08, 0x00, 0x00, 0xd8, 0x00, 0x00, // ................
	0x00, 0x4f, 0x00, 0x08, 0x00, 0xf8, 0x00, 0x00, 0x00, 0x96, 0x08, 0x00, 0x00, 0x14, 0x0e, 0x00, // .O..............
	0x00, 0x14, 0x0e, 0x00, 0x00, 0x00, 0x00, 0x00, 0x00, 0x01, 0x00, 0x00, 0x00, 0x02, 0x00, 0x00, // ................
	0x00, 0x81, 0x00, 0x05, 0x00, 0xf8, 0x00, 0x00, 0x00, 0x97, 0x08, 0x00, 0x00, 0x96, 0x08, 0x00, // ................
	0x00, 0x94, 0x08, 0x00, 0x00, 0x51, 0x00, 0x05, 0x00, 0x07, 0x00, 0x00, 0x00, 0x99, 0x08, 0x00, // .....Q..........
	0x00, 0x97, 0x08, 0x00, 0x00, 0x00, 0x00, 0x00, 0x00, 0x52, 0x00, 0x06, 0x00, 0x0d, 0x00, 0x00, // .........R......
	0x00, 0x32, 0x0d, 0x00, 0x00, 0x99, 0x08, 0x00, 0x00, 0xaf, 0x0e, 0x00, 0x00, 0x00, 0x00, 0x00, // .2..............
	0x00, 0x51, 0x00, 0x05, 0x00, 0x07, 0x00, 0x00, 0x00, 0x9b, 0x08, 0x00, 0x00, 0x97, 0x08, 0x00, // .Q..............
	0x00, 0x01, 0x00, 0x00, 0x00, 0x52, 0x00, 0x06, 0x00, 0x0d, 0x00, 0x00, 0x00, 0x34, 0x0d, 0x00, // .....R.......4..
	0x00, 0x9b, 0x08, 0x00, 0x00, 0x32, 0x0d, 0x00, 0x00, 0x01, 0x00, 0x00, 0x00, 0x51, 0x00, 0x05, // .....2.......Q..
	0x00, 0x07, 0x00, 0x00, 0x00, 0x9d, 0x08, 0x00, 0x00, 0x97, 0x08, 0x00, 0x00, 0x02, 0x00, 0x00, // ................
	0x00, 0x4f, 0x00, 0x07, 0x00, 0x0b, 0x00, 0x00, 0x00, 0xa0, 0x08, 0x00, 0x00, 0x34, 0x0d, 0x00, // .O...........4..
	0x00, 0x34, 0x0d, 0x00, 0x00, 0x00, 0x00, 0x00, 0x00, 0x01, 0x00, 0x00, 0x00, 0x56, 0x00, 0x05, // .4...........V..
	0x00, 0x8e, 0x00, 0x00, 0x00, 0xb1, 0x08, 0x00, 0x00, 0x78, 0x00, 0x00, 0x00, 0x75, 0x00, 0x00, // .........x...u..
	0x00, 0x58, 0x00, 0x07, 0x00, 0x0d, 0x00, 0x00, 0x00, 0xb4, 0x08, 0x00, 0x00, 0xb1, 0x08, 0x00, // .X..............
	0x00, 0xa0, 0x08, 0x00, 0x00, 0x02, 0x00, 0x00, 0x00, 0x06, 0x01, 0x00, 0x00, 0x4f, 0x00, 0x07, // .............O..
	0x00, 0x0b, 0x00, 0x00, 0x00, 0xa2, 0x08, 0x00, 0x00, 0xb4, 0x08, 0x00, 0x00, 0xb4, 0x08, 0x00, // ................
	0x00, 0x00, 0x00, 0x00, 0x00, 0x01, 0x00, 0x00, 0x00, 0x51, 0x00, 0x05, 0x00, 0x07, 0x00, 0x00, // .........Q......
	0x00, 0xb8, 0x08, 0x00, 0x00, 0xb4, 0x08, 0x00, 0x00, 0x00, 0x00, 0x00, 0x00, 0x85, 0x00, 0x05, // ................
	0x00, 0x07, 0x00, 0x00, 0x00, 0xbb, 0x08, 0x00, 0x00, 0xb1, 0x00, 0x00, 0x00, 0xb8, 0x08, 0x00, // ................
	0x00, 0x83, 0x00, 0x05, 0x00, 0x07, 0x00, 0x00, 0x00, 0xbc, 0x08, 0x00, 0x00, 0xbb, 0x08, 0x00, // ................
	0x00, 0xb5, 0x00, 0x00, 0x00, 0x0c, 0x00, 0x06, 0x00, 0x07, 0x00, 0x00, 0x00, 0xbd, 0x08, 0x00, // ................
	0x00, 0x01, 0x00, 0x00, 0x00, 0x04, 0x00, 0x00, 0x00, 0xbc, 0x08, 0x00, 0x00, 0x85, 0x00, 0x05, // ................
	0x00, 0x07, 0x00, 0x00, 0x00, 0xbe, 0x08, 0x00, 0x00, 0xb8, 0x08, 0x00, 0x00, 0xbd, 0x08, 0x00, // ................
	0x00, 0x52, 0x00, 0x06, 0x00, 0x0b, 0x00, 0x00, 0x00, 0x3a, 0x0d, 0x00, 0x00, 0xbe, 0x08, 0x00, // .R.......:......
	0x00, 0xa2, 0x08, 0x00, 0x00, 0x00, 0x00, 0x00, 0x00, 0x81, 0x00, 0x05, 0x00, 0x0b, 0x00, 0x00, // ................
	0x00, 0xc2, 0x08, 0x00, 0x00, 0x3a, 0x0d, 0x00, 0x00, 0x10, 0x01, 0x00, 0x00, 0x0c, 0x00, 0x06, // .....:..........
	0x00, 0x0b, 0x00, 0x00, 0x00, 0xc3, 0x08, 0x00, 0x00, 0x01, 0x00, 0x00, 0x00, 0x08, 0x00, 0x00, // ................
	0x00, 0xc2, 0x08, 0x00, 0x00, 0x94, 0x00, 0x05, 0x00, 0x07, 0x00, 0x00, 0x00, 0xa5, 0x08, 0x00, // ................
	0x00, 0xc3, 0x08, 0x00, 0x00, 0x10, 0x01, 0x00, 0x00, 0x50, 0x00, 0x07, 0x00, 0x0d, 0x00, 0x00, // .........P......
	0x00, 0xff, 0x0d, 0x00, 0x00, 0x99, 0x08, 0x00, 0x00, 0x9b, 0x08, 0x00, 0x00, 0x9d, 0x08, 0x00, // ................
	0x00, 0xa5, 0x08, 0x00, 0x00, 0xf9, 0x00, 0x02, 0x00, 0x80, 0x08, 0x00, 0x00, 0xf8, 0x00, 0x02, // ................
	0x00, 0xa8, 0x08, 0x00, 0x00, 0x50, 0x00, 0x07, 0x00, 0x0d, 0x00, 0x00, 0x00, 0x99, 0x0e, 0x00, // .....P..........
	0x00, 0x83, 0x08, 0x00, 0x00, 0xf6, 0x07, 0x00, 0x00, 0x89, 0x08, 0x00, 0x00, 0xfc, 0x07, 0x00, // ................
	0x00, 0x56, 0x00, 0x05, 0x00, 0x8e, 0x00, 0x00, 0x00, 0xca, 0x08, 0x00, 0x00, 0x78, 0x00, 0x00, // .V...........x..
	0x00, 0x75, 0x00, 0x00, 0x00, 0x58, 0x00, 0x08, 0x00, 0x0d, 0x00, 0x00, 0x00, 0xce, 0x08, 0x00, // .u...X..........
	0x00, 0xca, 0x08, 0x00, 0x00, 0x63, 0x05, 0x00, 0x00, 0x0a, 0x00, 0x00, 0x00, 0x06, 0x01, 0x00, // .....c..........
	0x00, 0xcb, 0x01, 0x00, 0x00, 0x51, 0x00, 0x05, 0x00, 0x07, 0x00, 0x00, 0x00, 0x4a, 0x07, 0x00, // .....Q.......J..
	0x00, 0xce, 0x08, 0x00, 0x00, 0x00, 0x00, 0x00, 0x00, 0xba, 0x00, 0x05, 0x00, 0xea, 0x00, 0x00, // ................
	0x00, 0x4b, 0x07, 0x00, 0x00, 0x4a, 0x07, 0x00, 0x00, 0x06, 0x01, 0x00, 0x00, 0xf7, 0x00, 0x03, // .K...J..........
	0x00, 0x61, 0x07, 0x00, 0x00, 0x00, 0x00, 0x00, 0x00, 0xfa, 0x00, 0x04, 0x00, 0x4b, 0x07, 0x00, // .a...........K..
	0x00, 0x4c, 0x07, 0x00, 0x00, 0x5c, 0x07, 0x00, 0x00, 0xf8, 0x00, 0x02, 0x00, 0x4c, 0x07, 0x00, // .L...........L..
	0x00, 0xf9, 0x00, 0x02, 0x00, 0xe1, 0x08, 0x00, 0x00, 0xf8, 0x00, 0x02, 0x00, 0xe1, 0x08, 0x00, // ................
	0x00, 0xf5, 0x00, 0x07, 0x00, 0x0b, 0x00, 0x00, 0x00, 0x18, 0x0e, 0x00, 0x00, 0x06, 0x0e, 0x00, // ................
	0x00, 0x4c, 0x07, 0x00, 0x00, 0x24, 0x09, 0x00, 0x00, 0xed, 0x08, 0x00, 0x00, 0xf5, 0x00, 0x07, // .L...$..........
	0x00, 0x0d, 0x00, 0x00, 0x00, 0x17, 0x0e, 0x00, 0x00, 0x2e, 0x0d, 0x00, 0x00, 0x4c, 0x07, 0x00, // .............L..
	0x00, 0xfe, 0x0d, 0x00, 0x00, 0xed, 0x08, 0x00, 0x00, 0x51, 0x00, 0x05, 0x00, 0x07, 0x00, 0x00, // .........Q......
	0x00, 0xe4, 0x08, 0x00, 0x00, 0x17, 0x0e, 0x00, 0x00, 0x02, 0x00, 0x00, 0x00, 0xb8, 0x00, 0x05, // ................
	0x00, 0xea, 0x00, 0x00, 0x00, 0xe8, 0x08, 0x00, 0x00, 0xe4, 0x08, 0x00, 0x00, 0xf9, 0x07, 0x00, // ................
	0x00, 0x51, 0x00, 0x05, 0x00, 0x07, 0x00, 0x00, 0x00, 0xea, 0x08, 0x00, 0x00, 0x17, 0x0e, 0x00, // .Q..............
	0x00, 0x03, 0x00, 0x00, 0x00, 0xba, 0x00, 0x05, 0x00, 0xea, 0x00, 0x00, 0x00, 0xeb, 0x08, 0x00, // ................
	0x00, 0xea, 0x08, 0x00, 0x00, 0xef, 0x00, 0x00, 0x00, 0xa7, 0x00, 0x05, 0x00, 0xea, 0x00, 0x00, // ................
	0x00, 0xec, 0x08, 0x00, 0x00, 0xe8, 0x08, 0x00, 0x00, 0xeb, 0x08, 0x00, 0x00, 0xf6, 0x00, 0x04, // ................
	0x00, 0x09, 0x09, 0x00, 0x00, 0xed, 0x08, 0x00, 0x00, 0x00, 0x00, 0x00, 0x00, 0xfa, 0x00, 0x04, // ................
	0x00, 0xec, 0x08, 0x00, 0x00, 0xed, 0x08, 0x00, 0x00, 0x09, 0x09, 0x00, 0x00, 0xf8, 0x00, 0x02, // ................
	0x00, 0xed, 0x08, 0x00, 0x00, 0x50, 0x00, 0x06, 0x00, 0xf8, 0x00, 0x00, 0x00, 0xf5, 0x08, 0x00, // .....P..........
	0x00, 0xd6, 0x05, 0x00, 0x00, 0xe8, 0x05, 0x00, 0x00, 0xd8, 0x00, 0x00, 0x00, 0x4f, 0x00, 0x08, // .............O..
	0x00, 0xf8, 0x00, 0x00, 0x00, 0xf7, 0x08, 0x00, 0x00, 0x17, 0x0e, 0x00, 0x00, 0x17, 0x0e, 0x00, // ................
	0x00, 0x00, 0x00, 0x00, 0x00, 0x01, 0x00, 0x00, 0x00, 0x02, 0x00, 0x00, 0x00, 0x81, 0x00, 0x05, // ................
	0x00, 0xf8, 0x00, 0x00, 0x00, 0xf8, 0x08, 0x00, 0x00, 0xf7, 0x08, 0x00, 0x00, 0xf5, 0x08, 0x00, // ................
	0x00, 0x51, 0x00, 0x05, 0x00, 0x07, 0x00, 0x00, 0x00, 0xfa, 0x08, 0x00, 0x00, 0xf8, 0x08, 0x00, // .Q..............
	0x00, 0x00, 0x00, 0x00, 0x00, 0x52, 0x00, 0x06, 0x00, 0x0d, 0x00, 0x00, 0x00, 0x47, 0x0d, 0x00, // .....R.......G..
	0x00, 0xfa, 0x08, 0x00, 0x00, 0xaf, 0x0e, 0x00, 0x00, 0x00, 0x00, 0x00, 0x00, 0x51, 0x00, 0x05, // .............Q..
	0x00, 0x07, 0x00, 0x00, 0x00, 0xfc, 0x08, 0x00, 0x00, 0xf8, 0x08, 0x00, 0x00, 0x01, 0x00, 0x00, // ................
	0x00, 0x52, 0x00, 0x06, 0x00, 0x0d, 0x00, 0x00, 0x00, 0x49, 0x0d, 0x00, 0x00, 0xfc, 0x08, 0x00, // .R.......I......
	0x00, 0x47, 0x0d, 0x00, 0x00, 0x01, 0x00, 0x00, 0x00, 0x51, 0x00, 0x05, 0x00, 0x07, 0x00, 0x00, // .G.......Q......
	0x00, 0xfe, 0x08, 0x00, 0x00, 0xf8, 0x08, 0x00, 0x00, 0x02, 0x00, 0x00, 0x00, 0x4f, 0x00, 0x07, // .............O..
	0x00, 0x0b, 0x00, 0x00, 0x00, 0x01, 0x09, 0x00, 0x00, 0x49, 0x0d, 0x00, 0x00, 0x49, 0x0d, 0x00, // .........I...I..
	0x00, 0x00, 0x00, 0x00, 0x00, 0x01, 0x00, 0x00, 0x00, 0x56, 0x00, 0x05, 0x00, 0x8e, 0x00, 0x00, // .........V......
	0x00, 0x12, 0x09, 0x00, 0x00, 0x78, 0x00, 0x00, 0x00, 0x75, 0x00, 0x00, 0x00, 0x58, 0x00, 0x07, // .....x...u...X..
	0x00, 0x0d, 0x00, 0x00, 0x00, 0x15, 0x09, 0x00, 0x00, 0x12, 0x09, 0x00, 0x00, 0x01, 0x09, 0x00, // ................
	0x00, 0x02, 0x00, 0x00, 0x00, 0x06, 0x01, 0x00, 0x00, 0x4f, 0x00, 0x07, 0x00, 0x0b, 0x00, 0x00, // .........O......
	0x00, 0x03, 0x09, 0x00, 0x00, 0x15, 0x09, 0x00, 0x00, 0x15, 0x09, 0x00, 0x00, 0x00, 0x00, 0x00, // ................
	0x00, 0x01, 0x00, 0x00, 0x00, 0x51, 0x00, 0x05, 0x00, 0x07, 0x00, 0x00, 0x00, 0x19, 0x09, 0x00, // .....Q..........
	0x00, 0x15, 0x09, 0x00, 0x00, 0x00, 0x00, 0x00, 0x00, 0x85, 0x00, 0x05, 0x00, 0x07, 0x00, 0x00, // ................
	0x00, 0x1c, 0x09, 0x00, 0x00, 0xb1, 0x00, 0x00, 0x00, 0x19, 0x09, 0x00, 0x00, 0x83, 0x00, 0x05, // ................
	0x00, 0x07, 0x00, 0x00, 0x00, 0x1d, 0x09, 0x00, 0x00, 0x1c, 0x09, 0x00, 0x00, 0xb5, 0x00, 0x00, // ................
	0x00, 0x0c, 0x00, 0x06, 0x00, 0x07, 0x00, 0x00, 0x00, 0x1e, 0x09, 0x00, 0x00, 0x01, 0x00, 0x00, // ................
	0x00, 0x04, 0x00, 0x00, 0x00, 0x1d, 0x09, 0x00, 0x00, 0x85, 0x00, 0x05, 0x00, 0x07, 0x00, 0x00, // ................
	0x00, 0x1f, 0x09, 0x00, 0x00, 0x19, 0x09, 0x00, 0x00, 0x1e, 0x09, 0x00, 0x00, 0x52, 0x00, 0x06, // .............R..
	0x00, 0x0b, 0x00, 0x00, 0x00, 0x4f, 0x0d, 0x00, 0x00, 0x1f, 0x09, 0x00, 0x00, 0x03, 0x09, 0x00, // .....O..........
	0x00, 0x00, 0x00, 0x00, 0x00, 0x81, 0x00, 0x05, 0x00, 0x0b, 0x00, 0x00, 0x00, 0x23, 0x09, 0x00, // .............#..
	0x00, 0x4f, 0x0d, 0x00, 0x00, 0x10, 0x01, 0x00, 0x00, 0x0c, 0x00, 0x06, 0x00, 0x0b, 0x00, 0x00, // .O..............
	0x00, 0x24, 0x09, 0x00, 0x00, 0x01, 0x00, 0x00, 0x00, 0x08, 0x00, 0x00, 0x00, 0x23, 0x09, 0x00, // .$...........#..
	0x00, 0x94, 0x00, 0x05, 0x00, 0x07, 0x00, 0x00, 0x00, 0x06, 0x09, 0x00, 0x00, 0x24, 0x09, 0x00, // .............$..
	0x00, 0x10, 0x01, 0x00, 0x00, 0x50, 0x00, 0x07, 0x00, 0x0d, 0x00, 0x00, 0x00, 0xfe, 0x0d, 0x00, // .....P..........
	0x00, 0xfa, 0x08, 0x00, 0x00, 0xfc, 0x08, 0x00, 0x00, 0xfe, 0x08, 0x00, 0x00, 0x06, 0x09, 0x00, // ................
	0x00, 0xf9, 0x00, 0x02, 0x00, 0xe1, 0x08, 0x00, 0x00, 0xf8, 0x00, 0x02, 0x00, 0x09, 0x09, 0x00, // ................
	0x00, 0x52, 0x00, 0x06, 0x00, 0x0d, 0x00, 0x00, 0x00, 0x55, 0x0d, 0x00, 0x00, 0xea, 0x08, 0x00, // .R.......U......
	0x00, 0x99, 0x0e, 0x00, 0x00, 0x03, 0x00, 0x00, 0x00, 0x51, 0x00, 0x05, 0x00, 0x07, 0x00, 0x00, // .........Q......
	0x00, 0x55, 0x07, 0x00, 0x00, 0x18, 0x0e, 0x00, 0x00, 0x01, 0x00, 0x00, 0x00, 0xba, 0x00, 0x05, // .U..............
	0x00, 0xea, 0x00, 0x00, 0x00, 0x56, 0x07, 0x00, 0x00, 0x55, 0x07, 0x00, 0x00, 0xef, 0x00, 0x00, // .....V...U......
	0x00, 0xa9, 0x00, 0x06, 0x00, 0x07, 0x00, 0x00, 0x00, 0x57, 0x07, 0x00, 0x00, 0x56, 0x07, 0x00, // .........W...V..
	0x00, 0xd8, 0x00, 0x00, 0x00, 0x06, 0x01, 0x00, 0x00, 0x81, 0x00, 0x05, 0x00, 0x07, 0x00, 0x00, // ................
	0x00, 0x5a, 0x07, 0x00, 0x00, 0xe4, 0x08, 0x00, 0x00, 0x57, 0x07, 0x00, 0x00, 0x52, 0x00, 0x06, // .Z.......W...R..
	0x00, 0x0d, 0x00, 0x00, 0x00, 0x59, 0x0d, 0x00, 0x00, 0x5a, 0x07, 0x00, 0x00, 0x55, 0x0d, 0x00, // .....Y...Z...U..
	0x00, 0x01, 0x00, 0x00, 0x00, 0xf9, 0x00, 0x02, 0x00, 0x61, 0x07, 0x00, 0x00, 0xf8, 0x00, 0x02, // .........a......
	0x00, 0x5c, 0x07, 0x00, 0x00, 0x52, 0x00, 0x06, 0x00, 0x0d, 0x00, 0x00, 0x00, 0x5b, 0x0d, 0x00, // .....R.......[..
	0x00, 0x06, 0x01, 0x00, 0x00, 0x99, 0x0e, 0x00, 0x00, 0x01, 0x00, 0x00, 0x00, 0x52, 0x00, 0x06, // .............R..
	0x00, 0x0d, 0x00, 0x00, 0x00, 0x5d, 0x0d, 0x00, 0x00, 0x06, 0x01, 0x00, 0x00, 0x5b, 0x0d, 0x00, // .....].......[..
	0x00, 0x03, 0x00, 0x00, 0x00, 0xf9, 0x00, 0x02, 0x00, 0x61, 0x07, 0x00, 0x00, 0xf8, 0x00, 0x02, // .........a......
	0x00, 0x61, 0x07, 0x00, 0x00, 0xf5, 0x00, 0x07, 0x00, 0x0d, 0x00, 0x00, 0x00, 0x21, 0x0e, 0x00, // .a...........!..
	0x00, 0x59, 0x0d, 0x00, 0x00, 0x09, 0x09, 0x00, 0x00, 0x5d, 0x0d, 0x00, 0x00, 0x5c, 0x07, 0x00, // .Y.......]......
	0x00, 0x51, 0x00, 0x05, 0x00, 0x07, 0x00, 0x00, 0x00, 0x63, 0x07, 0x00, 0x00, 0x21, 0x0e, 0x00, // .Q.......c...!..
	0x00, 0x00, 0x00, 0x00, 0x00, 0x51, 0x00, 0x05, 0x00, 0x07, 0x00, 0x00, 0x00, 0x65, 0x07, 0x00, // .....Q.......e..
	0x00, 0x21, 0x0e, 0x00, 0x00, 0x01, 0x00, 0x00, 0x00, 0x81, 0x00, 0x05, 0x00, 0x07, 0x00, 0x00, // .!..............
	0x00, 0x66, 0x07, 0x00, 0x00, 0x63, 0x07, 0x00, 0x00, 0x65, 0x07, 0x00, 0x00, 0xba, 0x00, 0x05, // .f...c...e......
	0x00, 0xea, 0x00, 0x00, 0x00, 0x67, 0x07, 0x00, 0x00, 0x66, 0x07, 0x00, 0x00, 0xa2, 0x01, 0x00, // .....g...f......
	0x00, 0xf7, 0x00, 0x03, 0x00, 0xa9, 0x07, 0x00, 0x00, 0x00, 0x00, 0x00, 0x00, 0xfa, 0x00, 0x04, // ................
	0x00, 0x67, 0x07, 0x00, 0x00, 0x68, 0x07, 0x00, 0x00, 0xa9, 0x07, 0x00, 0x00, 0xf8, 0x00, 0x02, // .g...h..........
	0x00, 0x68, 0x07, 0x00, 0x00, 0x7f, 0x00, 0x04, 0x00, 0x07, 0x00, 0x00, 0x00, 0x6d, 0x07, 0x00, // .h...........m..
	0x00, 0x63, 0x07, 0x00, 0x00, 0x50, 0x00, 0x07, 0x00, 0x0d, 0x00, 0x00, 0x00, 0x75, 0x07, 0x00, // .c...P.......u..
	0x00, 0x6d, 0x07, 0x00, 0x00, 0x6d, 0x07, 0x00, 0x00, 0x65, 0x07, 0x00, 0x00, 0x65, 0x07, 0x00, // .m...m...e...e..
	0x00, 0x4f, 0x00, 0x09, 0x00, 0x0d, 0x00, 0x00, 0x00, 0x78, 0x07, 0x00, 0x00, 0xbd, 0x05, 0x00, // .O.......x......
	0x00, 0xbd, 0x05, 0x00, 0x00, 0x00, 0x00, 0x00, 0x00, 0x01, 0x00, 0x00, 0x00, 0x00, 0x00, 0x00, // ................
	0x00, 0x01, 0x00, 0x00, 0x00, 0x85, 0x00, 0x05, 0x00, 0x0d, 0x00, 0x00, 0x00, 0x79, 0x07, 0x00, // .............y..
	0x00, 0x75, 0x07, 0x00, 0x00, 0x78, 0x07, 0x00, 0x00, 0x81, 0x00, 0x05, 0x00, 0x0d, 0x00, 0x00, // .u...x..........
	0x00, 0x7a, 0x07, 0x00, 0x00, 0xc5, 0x05, 0x00, 0x00, 0x79, 0x07, 0x00, 0x00, 0x4f, 0x00, 0x07, // .z.......y...O..
	0x00, 0x0b, 0x00, 0x00, 0x00, 0x7d, 0x07, 0x00, 0x00, 0x7a, 0x07, 0x00, 0x00, 0x7a, 0x07, 0x00, // .....}...z...z..
	0x00, 0x00, 0x00, 0x00, 0x00, 0x01, 0x00, 0x00, 0x00, 0x56, 0x00, 0x05, 0x00, 0x8e, 0x00, 0x00, // .........V......
	0x00, 0x2b, 0x09, 0x00, 0x00, 0x78, 0x00, 0x00, 0x00, 0x75, 0x00, 0x00, 0x00, 0x58, 0x00, 0x08, // .+...x...u...X..
	0x00, 0x0d, 0x00, 0x00, 0x00, 0x2f, 0x09, 0x00, 0x00, 0x2b, 0x09, 0x00, 0x00, 0x7d, 0x07, 0x00, // ...../...+...}..
	0x00, 0x0a, 0x00, 0x00, 0x00, 0x06, 0x01, 0x00, 0x00, 0xbd, 0x01, 0x00, 0x00, 0x51, 0x00, 0x05, // .............Q..
	0x00, 0x07, 0x00, 0x00, 0x00, 0x7f, 0x07, 0x00, 0x00, 0x2f, 0x09, 0x00, 0x00, 0x01, 0x00, 0x00, // ........./......
	0x00, 0x56, 0x00, 0x05, 0x00, 0x8e, 0x00, 0x00, 0x00, 0x36, 0x09, 0x00, 0x00, 0x78, 0x00, 0x00, // .V.......6...x..
	0x00, 0x75, 0x00, 0x00, 0x00, 0x58, 0x00, 0x08, 0x00, 0x0d, 0x00, 0x00, 0x00, 0x3a, 0x09, 0x00, // .u...X.......:..
	0x00, 0x36, 0x09, 0x00, 0x00, 0x7d, 0x07, 0x00, 0x00, 0x0a, 0x00, 0x00, 0x00, 0x06, 0x01, 0x00, // .6...}..........
	0x00, 0x4d, 0x02, 0x00, 0x00, 0x51, 0x00, 0x05, 0x00, 0x07, 0x00, 0x00, 0x00, 0x85, 0x07, 0x00, // .M...Q..........
	0x00, 0x3a, 0x09, 0x00, 0x00, 0x00, 0x00, 0x00, 0x00, 0x4f, 0x00, 0x07, 0x00, 0x0b, 0x00, 0x00, // .:.......O......
	0x00, 0x89, 0x07, 0x00, 0x00, 0x7a, 0x07, 0x00, 0x00, 0x7a, 0x07, 0x00, 0x00, 0x02, 0x00, 0x00, // .....z...z......
	0x00, 0x03, 0x00, 0x00, 0x00, 0x56, 0x00, 0x05, 0x00, 0x8e, 0x00, 0x00, 0x00, 0x41, 0x09, 0x00, // .....V.......A..
	0x00, 0x78, 0x00, 0x00, 0x00, 0x75, 0x00, 0x00, 0x00, 0x58, 0x00, 0x08, 0x00, 0x0d, 0x00, 0x00, // .x...u...X......
	0x00, 0x45, 0x09, 0x00, 0x00, 0x41, 0x09, 0x00, 0x00, 0x89, 0x07, 0x00, 0x00, 0x0a, 0x00, 0x00, // .E...A..........
	0x00, 0x06, 0x01, 0x00, 0x00, 0xcb, 0x01, 0x00, 0x00, 0x51, 0x00, 0x05, 0x00, 0x07, 0x00, 0x00, // .........Q......
	0x00, 0x8d, 0x07, 0x00, 0x00, 0x45, 0x09, 0x00, 0x00, 0x01, 0x00, 0x00, 0x00, 0x51, 0x00, 0x05, // .....E.......Q..
	0x00, 0x07, 0x00, 0x00, 0x00, 0x8f, 0x07, 0x00, 0x00, 0x45, 0x09, 0x00, 0x00, 0x00, 0x00, 0x00, // .........E......
	0x00, 0x50, 0x00, 0x07, 0x00, 0x0d, 0x00, 0x00, 0x00, 0xea, 0x0d, 0x00, 0x00, 0x7f, 0x07, 0x00, // .P..............
	0x00, 0x85, 0x07, 0x00, 0x00, 0x8d, 0x07, 0x00, 0x00, 0x8f, 0x07, 0x00, 0x00, 0x4f, 0x00, 0x07, // .............O..
	0x00, 0x0b, 0x00, 0x00, 0x00, 0x91, 0x07, 0x00, 0x00, 0xea, 0x0d, 0x00, 0x00, 0xea, 0x0d, 0x00, // ................
	0x00, 0x00, 0x00, 0x00, 0x00, 0x02, 0x00, 0x00, 0x00, 0x8e, 0x00, 0x05, 0x00, 0x0b, 0x00, 0x00, // ................
	0x00, 0x92, 0x07, 0x00, 0x00, 0x91, 0x07, 0x00, 0x00, 0xa2, 0x01, 0x00, 0x00, 0x4f, 0x00, 0x07, // .............O..
	0x00, 0x0b, 0x00, 0x00, 0x00, 0x94, 0x07, 0x00, 0x00, 0xea, 0x0d, 0x00, 0x00, 0xea, 0x0d, 0x00, // ................
	0x00, 0x01, 0x00, 0x00, 0x00, 0x03, 0x00, 0x00, 0x00, 0x81, 0x00, 0x05, 0x00, 0x0b, 0x00, 0x00, // ................
	0x00, 0x95, 0x07, 0x00, 0x00, 0x92, 0x07, 0x00, 0x00, 0x94, 0x07, 0x00, 0x00, 0x51, 0x00, 0x05, // .............Q..
	0x00, 0x07, 0x00, 0x00, 0x00, 0x97, 0x07, 0x00, 0x00, 0x21, 0x0e, 0x00, 0x00, 0x02, 0x00, 0x00, // .........!......
	0x00, 0xbe, 0x00, 0x05, 0x00, 0xea, 0x00, 0x00, 0x00, 0x98, 0x07, 0x00, 0x00, 0x97, 0x07, 0x00, // ................
	0x00, 0xef, 0x00, 0x00, 0x00, 0xf7, 0x00, 0x03, 0x00, 0x9b, 0x07, 0x00, 0x00, 0x00, 0x00, 0x00, // ................
	0x00, 0xfa, 0x00, 0x04, 0x00, 0x98, 0x07, 0x00, 0x00, 0x99, 0x07, 0x00, 0x00, 0x9b, 0x07, 0x00, // ................
	0x00, 0xf8, 0x00, 0x02, 0x00, 0x99, 0x07, 0x00, 0x00, 0x52, 0x00, 0x06, 0x00, 0x0b, 0x00, 0x00, // .........R......
	0x00, 0x6e, 0x0d, 0x00, 0x00, 0x06, 0x01, 0x00, 0x00, 0x95, 0x07, 0x00, 0x00, 0x00, 0x00, 0x00, // .n..............
	0x00, 0xf9, 0x00, 0x02, 0x00, 0x9b, 0x07, 0x00, 0x00, 0xf8, 0x00, 0x02, 0x00, 0x9b, 0x07, 0x00, // ................
	0x00, 0xf5, 0x00, 0x07, 0x00, 0x0b, 0x00, 0x00, 0x00, 0x23, 0x0e, 0x00, 0x00, 0x95, 0x07, 0x00, // .........#......
	0x00, 0x68, 0x07, 0x00, 0x00, 0x6e, 0x0d, 0x00, 0x00, 0x99, 0x07, 0x00, 0x00, 0x51, 0x00, 0x05, // .h...n.......Q..
	0x00, 0x07, 0x00, 0x00, 0x00, 0x9d, 0x07, 0x00, 0x00, 0x21, 0x0e, 0x00, 0x00, 0x03, 0x00, 0x00, // .........!......
	0x00, 0xbe, 0x00, 0x05, 0x00, 0xea, 0x00, 0x00, 0x00, 0x9e, 0x07, 0x00, 0x00, 0x9d, 0x07, 0x00, // ................
	0x00, 0xef, 0x00, 0x00, 0x00, 0xf7, 0x00, 0x03, 0x00, 0xa1, 0x07, 0x00, 0x00, 0x00, 0x00, 0x00, // ................
	0x00, 0xfa, 0x00, 0x04, 0x00, 0x9e, 0x07, 0x00, 0x00, 0x9f, 0x07, 0x00, 0x00, 0xa1, 0x07, 0x00, // ................
	0x00, 0xf8, 0x00, 0x02, 0x00, 0x9f, 0x07, 0x00, 0x00, 0x52, 0x00, 0x06, 0x00, 0x0b, 0x00, 0x00, // .........R......
	0x00, 0x71, 0x0d, 0x00, 0x00, 0x06, 0x01, 0x00, 0x00, 0x23, 0x0e, 0x00, 0x00, 0x01, 0x00, 0x00, // .q.......#......
	0x00, 0xf9, 0x00, 0x02, 0x00, 0xa1, 0x07, 0x00, 0x00, 0xf8, 0x00, 0x02, 0x00, 0xa1, 0x07, 0x00, // ................
	0x00, 0xf5, 0x00, 0x07, 0x00, 0x0b, 0x00, 0x00, 0x00, 0x25, 0x0e, 0x00, 0x00, 0x23, 0x0e, 0x00, // .........%...#..
	0x00, 0x9b, 0x07, 0x00, 0x00, 0x71, 0x0d, 0x00, 0x00, 0x9f, 0x07, 0x00, 0x00, 0x4f, 0x00, 0x07, // .....q.......O..
	0x00, 0x0b, 0x00, 0x00, 0x00, 0xa3, 0x07, 0x00, 0x00, 0x21, 0x0e, 0x00, 0x00, 0x21, 0x0e, 0x00, // .........!...!..
	0x00, 0x00, 0x00, 0x00, 0x00, 0x01, 0x00, 0x00, 0x00, 0x8e, 0x00, 0x05, 0x00, 0x0b, 0x00, 0x00, // ................
	0x00, 0x4d, 0x09, 0x00, 0x00, 0x25, 0x0e, 0x00, 0x00, 0x56, 0x01, 0x00, 0x00, 0x81, 0x00, 0x05, // .M...%...V......
	0x00, 0x0b, 0x00, 0x00, 0x00, 0x4f, 0x09, 0x00, 0x00, 0x4d, 0x09, 0x00, 0x00, 0xa3, 0x07, 0x00, // .....O...M......
	0x00, 0x85, 0x00, 0x05, 0x00, 0x0b, 0x00, 0x00, 0x00, 0x51, 0x09, 0x00, 0x00, 0x5d, 0x01, 0x00, // .........Q...]..
	0x00, 0x4f, 0x09, 0x00, 0x00, 0x81, 0x00, 0x05, 0x00, 0x0b, 0x00, 0x00, 0x00, 0x52, 0x09, 0x00, // .O...........R..
	0x00, 0x51, 0x09, 0x00, 0x00, 0x62, 0x01, 0x00, 0x00, 0x51, 0x00, 0x05, 0x00, 0x07, 0x00, 0x00, // .Q...b...Q......
	0x00, 0x54, 0x09, 0x00, 0x00, 0x52, 0x09, 0x00, 0x00, 0x00, 0x00, 0x00, 0x00, 0x81, 0x00, 0x05, // .T...R..........
	0x00, 0x07, 0x00, 0x00, 0x00, 0x55, 0x09, 0x00, 0x00, 0x54, 0x09, 0x00, 0x00, 0xbb, 0x00, 0x00, // .....U...T......
	0x00, 0x52, 0x00, 0x06, 0x00, 0x0b, 0x00, 0x00, 0x00, 0x74, 0x0d, 0x00, 0x00, 0x55, 0x09, 0x00, // .R.......t...U..
	0x00, 0x52, 0x09, 0x00, 0x00, 0x00, 0x00, 0x00, 0x00, 0x56, 0x00, 0x05, 0x00, 0x8e, 0x00, 0x00, // .R.......V......
	0x00, 0x61, 0x09, 0x00, 0x00, 0x7e, 0x00, 0x00, 0x00, 0x7c, 0x00, 0x00, 0x00, 0x58, 0x00, 0x07, // .a...~...|...X..
	0x00, 0x0d, 0x00, 0x00, 0x00, 0x64, 0x09, 0x00, 0x00, 0x61, 0x09, 0x00, 0x00, 0x74, 0x0d, 0x00, // .....d...a...t..
	0x00, 0x02, 0x00, 0x00, 0x00, 0x06, 0x01, 0x00, 0x00, 0x4f, 0x00, 0x07, 0x00, 0x0b, 0x00, 0x00, // .........O......
	0x00, 0xa6, 0x07, 0x00, 0x00, 0x64, 0x09, 0x00, 0x00, 0xe6, 0x0d, 0x00, 0x00, 0x01, 0x00, 0x00, // .....d..........
	0x00, 0x00, 0x00, 0x00, 0x00, 0x81, 0x00, 0x05, 0x00, 0x0b, 0x00, 0x00, 0x00, 0xa8, 0x07, 0x00, // ................
	0x00, 0x2b, 0x0e, 0x00, 0x00, 0xa6, 0x07, 0x00, 0x00, 0xf9, 0x00, 0x02, 0x00, 0xa9, 0x07, 0x00, // .+..............
	0x00, 0xf8, 0x00, 0x02, 0x00, 0xa9, 0x07, 0x00, 0x00, 0xf5, 0x00, 0x07, 0x00, 0x0b, 0x00, 0x00, // ................
	0x00, 0x2c, 0x0e, 0x00, 0x00, 0x2b, 0x0e, 0x00, 0x00, 0x61, 0x07, 0x00, 0x00, 0xa8, 0x07, 0x00, // .,...+...a......
	0x00, 0xa1, 0x07, 0x00, 0x00, 0x51, 0x00, 0x05, 0x00, 0x07, 0x00, 0x00, 0x00, 0x01, 0x06, 0x00, // .....Q..........
	0x00, 0x2c, 0x0e, 0x00, 0x00, 0x00, 0x00, 0x00, 0x00, 0x52, 0x00, 0x06, 0x00, 0x0d, 0x00, 0x00, // .,.......R......
	0x00, 0x76, 0x0d, 0x00, 0x00, 0x01, 0x06, 0x00, 0x00, 0x8b, 0x04, 0x00, 0x00, 0x00, 0x00, 0x00, // .v..............
	0x00, 0x51, 0x00, 0x05, 0x00, 0x07, 0x00, 0x00, 0x00, 0x03, 0x06, 0x00, 0x00, 0x2c, 0x0e, 0x00, // .Q...........,..
	0x00, 0x01, 0x00, 0x00, 0x00, 0x52, 0x00, 0x06, 0x00, 0x0d, 0x00, 0x00, 0x00, 0x78, 0x0d, 0x00, // .....R.......x..
	0x00, 0x03, 0x06, 0x00, 0x00, 0x76, 0x0d, 0x00, 0x00, 0x01, 0x00, 0x00, 0x00, 0x7f, 0x00, 0x04, // .....v..........
	0x00, 0x07, 0x00, 0x00, 0x00, 0x08, 0x06, 0x00, 0x00, 0x03, 0x06, 0x00, 0x00, 0xb4, 0x00, 0x05, // ................
	0x00, 0xea, 0x00, 0x00, 0x00, 0x09, 0x06, 0x00, 0x00, 0x01, 0x06, 0x00, 0x00, 0x08, 0x06, 0x00, // ................
	0x00, 0xf7, 0x00, 0x03, 0x00, 0x4d, 0x06, 0x00, 0x00, 0x00, 0x00, 0x00, 0x00, 0xfa, 0x00, 0x04, // .....M..........
	0x00, 0x09, 0x06, 0x00, 0x00, 0x0a, 0x06, 0x00, 0x00, 0x4b, 0x06, 0x00, 0x00, 0xf8, 0x00, 0x02, // .........K......
	0x00, 0x0a, 0x06, 0x00, 0x00, 0x4f, 0x00, 0x07, 0x00, 0x0b, 0x00, 0x00, 0x00, 0x0c, 0x06, 0x00, // .....O..........
	0x00, 0xc9, 0x05, 0x00, 0x00, 0xc9, 0x05, 0x00, 0x00, 0x00, 0x00, 0x00, 0x00, 0x01, 0x00, 0x00, // ................
	0x00, 0xf9, 0x00, 0x02, 0x00, 0x6e, 0x09, 0x00, 0x00, 0xf8, 0x00, 0x02, 0x00, 0x6e, 0x09, 0x00, // .....n.......n..
	0x00, 0xf5, 0x00, 0x07, 0x00, 0x0b, 0x00, 0x00, 0x00, 0x46, 0x0e, 0x00, 0x00, 0xa9, 0x02, 0x00, // .........F......
	0x00, 0x0a, 0x06, 0x00, 0x00, 0x80, 0x09, 0x00, 0x00, 0x7c, 0x09, 0x00, 0x00, 0xf5, 0x00, 0x07, // .........|......
	0x00, 0x0b, 0x00, 0x00, 0x00, 0x45, 0x0e, 0x00, 0x00, 0x0c, 0x06, 0x00, 0x00, 0x0a, 0x06, 0x00, // .....E..........
	0x00, 0x86, 0x09, 0x00, 0x00, 0x7c, 0x09, 0x00, 0x00, 0x51, 0x00, 0x05, 0x00, 0x07, 0x00, 0x00, // .....|...Q......
	0x00, 0x71, 0x09, 0x00, 0x00, 0x45, 0x0e, 0x00, 0x00, 0x00, 0x00, 0x00, 0x00, 0xba, 0x00, 0x05, // .q...E..........
	0x00, 0xea, 0x00, 0x00, 0x00, 0x73, 0x09, 0x00, 0x00, 0x71, 0x09, 0x00, 0x00, 0xd8, 0x05, 0x00, // .....s...q......
	0x00, 0x51, 0x00, 0x05, 0x00, 0x07, 0x00, 0x00, 0x00, 0x75, 0x09, 0x00, 0x00, 0x46, 0x0e, 0x00, // .Q.......u...F..
	0x00, 0x01, 0x00, 0x00, 0x00, 0xba, 0x00, 0x05, 0x00, 0xea, 0x00, 0x00, 0x00, 0x76, 0x09, 0x00, // .............v..
	0x00, 0x75, 0x09, 0x00, 0x00, 0xb5, 0x02, 0x00, 0x00, 0xa7, 0x00, 0x05, 0x00, 0xea, 0x00, 0x00, // .u..............
	0x00, 0x77, 0x09, 0x00, 0x00, 0x73, 0x09, 0x00, 0x00, 0x76, 0x09, 0x00, 0x00, 0x51, 0x00, 0x05, // .w...s...v...Q..
	0x00, 0x07, 0x00, 0x00, 0x00, 0x79, 0x09, 0x00, 0x00, 0x46, 0x0e, 0x00, 0x00, 0x00, 0x00, 0x00, // .....y...F......
	0x00, 0xb4, 0x00, 0x05, 0x00, 0xea, 0x00, 0x00, 0x00, 0x7a, 0x09, 0x00, 0x00, 0x79, 0x09, 0x00, // .........z...y..
	0x00, 0x06, 0x01, 0x00, 0x00, 0xa7, 0x00, 0x05, 0x00, 0xea, 0x00, 0x00, 0x00, 0x7b, 0x09, 0x00, // .............{..
	0x00, 0x77, 0x09, 0x00, 0x00, 0x7a, 0x09, 0x00, 0x00, 0xf6, 0x00, 0x04, 0x00, 0x88, 0x09, 0x00, // .w...z..........
	0x00, 0x7c, 0x09, 0x00, 0x00, 0x00, 0x00, 0x00, 0x00, 0xfa, 0x00, 0x04, 0x00, 0x7b, 0x09, 0x00, // .|...........{..
	0x00, 0x7c, 0x09, 0x00, 0x00, 0x88, 0x09, 0x00, 0x00, 0xf8, 0x00, 0x02, 0x00, 0x7c, 0x09, 0x00, // .|...........|..
	0x00, 0x56, 0x00, 0x05, 0x00, 0x8e, 0x00, 0x00, 0x00, 0x9a, 0x09, 0x00, 0x00, 0x78, 0x00, 0x00, // .V...........x..
	0x00, 0x75, 0x00, 0x00, 0x00, 0x58, 0x00, 0x07, 0x00, 0x0d, 0x00, 0x00, 0x00, 0x9d, 0x09, 0x00, // .u...X..........
	0x00, 0x9a, 0x09, 0x00, 0x00, 0x45, 0x0e, 0x00, 0x00, 0x02, 0x00, 0x00, 0x00, 0x06, 0x01, 0x00, // .....E..........
	0x00, 0x4f, 0x00, 0x07, 0x00, 0x0b, 0x00, 0x00, 0x00, 0x80, 0x09, 0x00, 0x00, 0x9d, 0x09, 0x00, // .O..............
	0x00, 0x9d, 0x09, 0x00, 0x00, 0x00, 0x00, 0x00, 0x00, 0x01, 0x00, 0x00, 0x00, 0x85, 0x00, 0x05, // ................
	0x00, 0x07, 0x00, 0x00, 0x00, 0x83, 0x09, 0x00, 0x00, 0xa2, 0x01, 0x00, 0x00, 0x7a, 0x08, 0x00, // .............z..
	0x00, 0x50, 0x00, 0x05, 0x00, 0x0b, 0x00, 0x00, 0x00, 0x84, 0x09, 0x00, 0x00, 0x83, 0x09, 0x00, // .P..............
	0x00, 0x06, 0x01, 0x00, 0x00, 0x83, 0x00, 0x05, 0x00, 0x0b, 0x00, 0x00, 0x00, 0x86, 0x09, 0x00, // ................
	0x00, 0x45, 0x0e, 0x00, 0x00, 0x84, 0x09, 0x00, 0x00, 0xf9, 0x00, 0x02, 0x00, 0x6e, 0x09, 0x00, // .E...........n..
	0x00, 0xf8, 0x00, 0x02, 0x00, 0x88, 0x09, 0x00, 0x00, 0x85, 0x00, 0x05, 0x00, 0x0b, 0x00, 0x00, // ................
	0x00, 0xb2, 0x09, 0x00, 0x00, 0xf2, 0x0d, 0x00, 0x00, 0x46, 0x0e, 0x00, 0x00, 0x81, 0x00, 0x05, // .........F......
	0x00, 0x0b, 0x00, 0x00, 0x00, 0xb4, 0x09, 0x00, 0x00, 0xb2, 0x09, 0x00, 0x00, 0xf5, 0x0d, 0x00, // ................
	0x00, 0x56, 0x00, 0x05, 0x00, 0x8e, 0x00, 0x00, 0x00, 0xbe, 0x09, 0x00, 0x00, 0x84, 0x00, 0x00, // .V..............
	0x00, 0x82, 0x00, 0x00, 0x00, 0x58, 0x00, 0x07, 0x00, 0x0d, 0x00, 0x00, 0x00, 0xc1, 0x09, 0x00, // .....X..........
	0x00, 0xbe, 0x09, 0x00, 0x00, 0xb4, 0x09, 0x00, 0x00, 0x02, 0x00, 0x00, 0x00, 0x06, 0x01, 0x00, // ................
	0x00, 0x51, 0x00, 0x05, 0x00, 0x07, 0x00, 0x00, 0x00, 0xb7, 0x09, 0x00, 0x00, 0xc1, 0x09, 0x00, // .Q..............
	0x00, 0x00, 0x00, 0x00, 0x00, 0x85, 0x00, 0x05, 0x00, 0x07, 0x00, 0x00, 0x00, 0x8b, 0x09, 0x00, // ................
	0x00, 0xcb, 0x02, 0x00, 0x00, 0xb7, 0x09, 0x00, 0x00, 0x83, 0x00, 0x05, 0x00, 0x07, 0x00, 0x00, // ................
	0x00, 0x8c, 0x09, 0x00, 0x00, 0xca, 0x02, 0x00, 0x00, 0x8b, 0x09, 0x00, 0x00, 0x85, 0x00, 0x05, // ................
	0x00, 0x07, 0x00, 0x00, 0x00, 0x92, 0x09, 0x00, 0x00, 0x7a, 0x08, 0x00, 0x00, 0x8c, 0x09, 0x00, // .........z......
	0x00, 0x81, 0x00, 0x05, 0x00, 0x07, 0x00, 0x00, 0x00, 0x93, 0x09, 0x00, 0x00, 0x71, 0x09, 0x00, // .............q..
	0x00, 0x92, 0x09, 0x00, 0x00, 0x52, 0x00, 0x06, 0x00, 0xf8, 0x00, 0x00, 0x00, 0x81, 0x0d, 0x00, // .....R..........
	0x00, 0x93, 0x09, 0x00, 0x00, 0xb0, 0x0e, 0x00, 0x00, 0x00, 0x00, 0x00, 0x00, 0x52, 0x00, 0x06, // .............R..
	0x00, 0xf8, 0x00, 0x00, 0x00, 0x84, 0x0d, 0x00, 0x00, 0xe3, 0x05, 0x00, 0x00, 0x81, 0x0d, 0x00, // ................
	0x00, 0x01, 0x00, 0x00, 0x00, 0x4f, 0x00, 0x07, 0x00, 0x0b, 0x00, 0x00, 0x00, 0x19, 0x06, 0x00, // .....O..........
	0x00, 0x84, 0x0d, 0x00, 0x00, 0x84, 0x0d, 0x00, 0x00, 0x00, 0x00, 0x00, 0x00, 0x01, 0x00, 0x00, // ................
	0x00, 0x56, 0x00, 0x05, 0x00, 0x8e, 0x00, 0x00, 0x00, 0xc8, 0x09, 0x00, 0x00, 0x78, 0x00, 0x00, // .V...........x..
	0x00, 0x75, 0x00, 0x00, 0x00, 0x58, 0x00, 0x07, 0x00, 0x0d, 0x00, 0x00, 0x00, 0xcb, 0x09, 0x00, // .u...X..........
	0x00, 0xc8, 0x09, 0x00, 0x00, 0x19, 0x06, 0x00, 0x00, 0x02, 0x00, 0x00, 0x00, 0x06, 0x01, 0x00, // ................
	0x00, 0x51, 0x00, 0x05, 0x00, 0x07, 0x00, 0x00, 0x00, 0x1b, 0x06, 0x00, 0x00, 0xcb, 0x09, 0x00, // .Q..............
	0x00, 0x00, 0x00, 0x00, 0x00, 0x4f, 0x00, 0x07, 0x00, 0x0b, 0x00, 0x00, 0x00, 0x1d, 0x06, 0x00, // .....O..........
	0x00, 0xc9, 0x05, 0x00, 0x00, 0xc9, 0x05, 0x00, 0x00, 0x02, 0x00, 0x00, 0x00, 0x03, 0x00, 0x00, // ................
	0x00, 0xf9, 0x00, 0x02, 0x00, 0xd5, 0x09, 0x00, 0x00, 0xf8, 0x00, 0x02, 0x00, 0xd5, 0x09, 0x00, // ................
	0x00, 0xf5, 0x00, 0x07, 0x00, 0x0b, 0x00, 0x00, 0x00, 0x63, 0x0e, 0x00, 0x00, 0xa9, 0x02, 0x00, // .........c......
	0x00, 0x88, 0x09, 0x00, 0x00, 0xe7, 0x09, 0x00, 0x00, 0xe3, 0x09, 0x00, 0x00, 0xf5, 0x00, 0x07, // ................
	0x00, 0x0b, 0x00, 0x00, 0x00, 0x62, 0x0e, 0x00, 0x00, 0x1d, 0x06, 0x00, 0x00, 0x88, 0x09, 0x00, // .....b..........
	0x00, 0xed, 0x09, 0x00, 0x00, 0xe3, 0x09, 0x00, 0x00, 0x51, 0x00, 0x05, 0x00, 0x07, 0x00, 0x00, // .........Q......
	0x00, 0xd8, 0x09, 0x00, 0x00, 0x62, 0x0e, 0x00, 0x00, 0x00, 0x00, 0x00, 0x00, 0xb8, 0x00, 0x05, // .....b..........
	0x00, 0xea, 0x00, 0x00, 0x00, 0xda, 0x09, 0x00, 0x00, 0xd8, 0x09, 0x00, 0x00, 0xe1, 0x05, 0x00, // ................
	0x00, 0x51, 0x00, 0x05, 0x00, 0x07, 0x00, 0x00, 0x00, 0xdc, 0x09, 0x00, 0x00, 0x63, 0x0e, 0x00, // .Q...........c..
	0x00, 0x01, 0x00, 0x00, 0x00, 0xba, 0x00, 0x05, 0x00, 0xea, 0x00, 0x00, 0x00, 0xdd, 0x09, 0x00, // ................
	0x00, 0xdc, 0x09, 0x00, 0x00, 0xb5, 0x02, 0x00, 0x00, 0xa7, 0x00, 0x05, 0x00, 0xea, 0x00, 0x00, // ................
	0x00, 0xde, 0x09, 0x00, 0x00, 0xda, 0x09, 0x00, 0x00, 0xdd, 0x09, 0x00, 0x00, 0x51, 0x00, 0x05, // .............Q..
	0x00, 0x07, 0x00, 0x00, 0x00, 0xe0, 0x09, 0x00, 0x00, 0x63, 0x0e, 0x00, 0x00, 0x00, 0x00, 0x00, // .........c......
	0x00, 0xb4, 0x00, 0x05, 0x00, 0xea, 0x00, 0x00, 0x00, 0xe1, 0x09, 0x00, 0x00, 0xe0, 0x09, 0x00, // ................
	0x00, 0x06, 0x01, 0x00, 0x00, 0xa7, 0x00, 0x05, 0x00, 0xea, 0x00, 0x00, 0x00, 0xe2, 0x09, 0x00, // ................
	0x00, 0xde, 0x09, 0x00, 0x00, 0xe1, 0x09, 0x00, 0x00, 0xf6, 0x00, 0x04, 0x00, 0xef, 0x09, 0x00, // ................
	0x00, 0xe3, 0x09, 0x00, 0x00, 0x00, 0x00, 0x00, 0x00, 0xfa, 0x00, 0x04, 0x00, 0xe2, 0x09, 0x00, // ................
	0x00, 0xe3, 0x09, 0x00, 0x00, 0xef, 0x09, 0x00, 0x00, 0xf8, 0x00, 0x02, 0x00, 0xe3, 0x09, 0x00, // ................
	0x00, 0x56, 0x00, 0x05, 0x00, 0x8e, 0x00, 0x00, 0x00, 0x01, 0x0a, 0x00, 0x00, 0x78, 0x00, 0x00, // .V...........x..
	0x00, 0x75, 0x00, 0x00, 0x00, 0x58, 0x00, 0x07, 0x00, 0x0d, 0x00, 0x00, 0x00, 0x04, 0x0a, 0x00, // .u...X..........
	0x00, 0x01, 0x0a, 0x00, 0x00, 0x62, 0x0e, 0x00, 0x00, 0x02, 0x00, 0x00, 0x00, 0x06, 0x01, 0x00, // .....b..........
	0x00, 0x4f, 0x00, 0x07, 0x00, 0x0b, 0x00, 0x00, 0x00, 0xe7, 0x09, 0x00, 0x00, 0x04, 0x0a, 0x00, // .O..............
	0x00, 0x04, 0x0a, 0x00, 0x00, 0x00, 0x00, 0x00, 0x00, 0x01, 0x00, 0x00, 0x00, 0x85, 0x00, 0x05, // ................
	0x00, 0x07, 0x00, 0x00, 0x00, 0xea, 0x09, 0x00, 0x00, 0xa2, 0x01, 0x00, 0x00, 0x7a, 0x08, 0x00, // .............z..
	0x00, 0x50, 0x00, 0x05, 0x00, 0x0b, 0x00, 0x00, 0x00, 0xeb, 0x09, 0x00, 0x00, 0xea, 0x09, 0x00, // .P..............
	0x00, 0x06, 0x01, 0x00, 0x00, 0x81, 0x00, 0x05, 0x00, 0x0b, 0x00, 0x00, 0x00, 0xed, 0x09, 0x00, // ................
	0x00, 0x62, 0x0e, 0x00, 0x00, 0xeb, 0x09, 0x00, 0x00, 0xf9, 0x00, 0x02, 0x00, 0xd5, 0x09, 0x00, // .b..............
	0x00, 0xf8, 0x00, 0x02, 0x00, 0xef, 0x09, 0x00, 0x00, 0x85, 0x00, 0x05, 0x00, 0x0b, 0x00, 0x00, // ................
	0x00, 0x19, 0x0a, 0x00, 0x00, 0xf2, 0x0d, 0x00, 0x00, 0x63, 0x0e, 0x00, 0x00, 0x81, 0x00, 0x05, // .........c......
	0x00, 0x0b, 0x00, 0x00, 0x00, 0x1b, 0x0a, 0x00, 0x00, 0x19, 0x0a, 0x00, 0x00, 0xfb, 0x0d, 0x00, // ................
	0x00, 0x56, 0x00, 0x05, 0x00, 0x8e, 0x00, 0x00, 0x00, 0x25, 0x0a, 0x00, 0x00, 0x84, 0x00, 0x00, // .V.......%......
	0x00, 0x82, 0x00, 0x00, 0x00, 0x58, 0x00, 0x07, 0x00, 0x0d, 0x00, 0x00, 0x00, 0x28, 0x0a, 0x00, // .....X.......(..
	0x00, 0x25, 0x0a, 0x00, 0x00, 0x1b, 0x0a, 0x00, 0x00, 0x02, 0x00, 0x00, 0x00, 0x06, 0x01, 0x00, // .%..............
	0x00, 0x51, 0x00, 0x05, 0x00, 0x07, 0x00, 0x00, 0x00, 0x1e, 0x0a, 0x00, 0x00, 0x28, 0x0a, 0x00, // .Q...........(..
	0x00, 0x00, 0x00, 0x00, 0x00, 0x85, 0x00, 0x05, 0x00, 0x07, 0x00, 0x00, 0x00, 0xf2, 0x09, 0x00, // ................
	0x00, 0xcb, 0x02, 0x00, 0x00, 0x1e, 0x0a, 0x00, 0x00, 0x83, 0x00, 0x05, 0x00, 0x07, 0x00, 0x00, // ................
	0x00, 0xf3, 0x09, 0x00, 0x00, 0xca, 0x02, 0x00, 0x00, 0xf2, 0x09, 0x00, 0x00, 0x85, 0x00, 0x05, // ................
	0x00, 0x07, 0x00, 0x00, 0x00, 0xf9, 0x09, 0x00, 0x00, 0x7a, 0x08, 0x00, 0x00, 0xf3, 0x09, 0x00, // .........z......
	0x00, 0x83, 0x00, 0x05, 0x00, 0x07, 0x00, 0x00, 0x00, 0xfa, 0x09, 0x00, 0x00, 0xd8, 0x09, 0x00, // ................
	0x00, 0xf9, 0x09, 0x00, 0x00, 0x50, 0x00, 0x06, 0x00, 0xf8, 0x00, 0x00, 0x00, 0x9a, 0x0e, 0x00, // .....P..........
	0x00, 0x93, 0x09, 0x00, 0x00, 0xe3, 0x05, 0x00, 0x00, 0xfa, 0x09, 0x00, 0x00, 0x50, 0x00, 0x05, // .............P..
	0x00, 0x0b, 0x00, 0x00, 0x00, 0x9b, 0x0e, 0x00, 0x00, 0x93, 0x09, 0x00, 0x00, 0xfa, 0x09, 0x00, // ................
	0x00, 0x4f, 0x00, 0x07, 0x00, 0x0b, 0x00, 0x00, 0x00, 0x27, 0x06, 0x00, 0x00, 0xbd, 0x05, 0x00, // .O.......'......
	0x00, 0xbd, 0x05, 0x00, 0x00, 0x02, 0x00, 0x00, 0x00, 0x02, 0x00, 0x00, 0x00, 0x85, 0x00, 0x05, // ................
	0x00, 0x0b, 0x00, 0x00, 0x00, 0x29, 0x06, 0x00, 0x00, 0x27, 0x06, 0x00, 0x00, 0x9b, 0x0e, 0x00, // .....)...'......
	0x00, 0x4f, 0x00, 0x07, 0x00, 0x0b, 0x00, 0x00, 0x00, 0x2b, 0x06, 0x00, 0x00, 0xc3, 0x05, 0x00, // .O.......+......
	0x00, 0xc3, 0x05, 0x00, 0x00, 0x00, 0x00, 0x00, 0x00, 0x00, 0x00, 0x00, 0x00, 0x83, 0x00, 0x05, // ................
	0x00, 0x0b, 0x00, 0x00, 0x00, 0x2c, 0x06, 0x00, 0x00, 0x29, 0x06, 0x00, 0x00, 0x2b, 0x06, 0x00, // .....,...)...+..
	0x00, 0x81, 0x00, 0x05, 0x00, 0x0b, 0x00, 0x00, 0x00, 0x2d, 0x06, 0x00, 0x00, 0x2c, 0x06, 0x00, // .........-...,..
	0x00, 0x10, 0x01, 0x00, 0x00, 0x0c, 0x00, 0x06, 0x00, 0x0b, 0x00, 0x00, 0x00, 0x2e, 0x06, 0x00, // ................
	0x00, 0x01, 0x00, 0x00, 0x00, 0x08, 0x00, 0x00, 0x00, 0x2d, 0x06, 0x00, 0x00, 0x0c, 0x00, 0x06, // .........-......
	0x00, 0x0b, 0x00, 0x00, 0x00, 0x2f, 0x06, 0x00, 0x00, 0x01, 0x00, 0x00, 0x00, 0x04, 0x00, 0x00, // ...../..........
	0x00, 0x2e, 0x06, 0x00, 0x00, 0x4f, 0x00, 0x07, 0x00, 0x0b, 0x00, 0x00, 0x00, 0x32, 0x06, 0x00, // .....O.......2..
	0x00, 0x9a, 0x0e, 0x00, 0x00, 0x9a, 0x0e, 0x00, 0x00, 0x02, 0x00, 0x00, 0x00, 0x01, 0x00, 0x00, // ................
	0x00, 0x56, 0x00, 0x05, 0x00, 0x8e, 0x00, 0x00, 0x00, 0x2f, 0x0a, 0x00, 0x00, 0x78, 0x00, 0x00, // .V......./...x..
	0x00, 0x75, 0x00, 0x00, 0x00, 0x58, 0x00, 0x08, 0x00, 0x0d, 0x00, 0x00, 0x00, 0x33, 0x0a, 0x00, // .u...X.......3..
	0x00, 0x2f, 0x0a, 0x00, 0x00, 0x32, 0x06, 0x00, 0x00, 0x0a, 0x00, 0x00, 0x00, 0x06, 0x01, 0x00, // ./...2..........
	0x00, 0xcb, 0x01, 0x00, 0x00, 0x51, 0x00, 0x05, 0x00, 0x07, 0x00, 0x00, 0x00, 0x34, 0x06, 0x00, // .....Q.......4..
	0x00, 0x33, 0x0a, 0x00, 0x00, 0x00, 0x00, 0x00, 0x00, 0x0c, 0x00, 0x06, 0x00, 0x0b, 0x00, 0x00, // .3..............
	0x00, 0x36, 0x06, 0x00, 0x00, 0x01, 0x00, 0x00, 0x00, 0x1f, 0x00, 0x00, 0x00, 0x2f, 0x06, 0x00, // .6.........../..
	0x00, 0x50, 0x00, 0x05, 0x00, 0x0b, 0x00, 0x00, 0x00, 0x3c, 0x0a, 0x00, 0x00, 0x1b, 0x06, 0x00, // .P.......<......
	0x00, 0x34, 0x06, 0x00, 0x00, 0x8e, 0x00, 0x05, 0x00, 0x0b, 0x00, 0x00, 0x00, 0x3d, 0x0a, 0x00, // .4...........=..
	0x00, 0x3c, 0x0a, 0x00, 0x00, 0x6c, 0x03, 0x00, 0x00, 0x81, 0x00, 0x05, 0x00, 0x0b, 0x00, 0x00, // .<...l..........
	0x00, 0x3f, 0x0a, 0x00, 0x00, 0x3d, 0x0a, 0x00, 0x00, 0x10, 0x01, 0x00, 0x00, 0x0c, 0x00, 0x06, // .?...=..........
	0x00, 0x0b, 0x00, 0x00, 0x00, 0x40, 0x0a, 0x00, 0x00, 0x01, 0x00, 0x00, 0x00, 0x08, 0x00, 0x00, // .....@..........
	0x00, 0x3f, 0x0a, 0x00, 0x00, 0x8e, 0x00, 0x05, 0x00, 0x0b, 0x00, 0x00, 0x00, 0x41, 0x0a, 0x00, // .?...........A..
	0x00, 0x40, 0x0a, 0x00, 0x00, 0x95, 0x02, 0x00, 0x00, 0x81, 0x00, 0x05, 0x00, 0x0b, 0x00, 0x00, // .@..............
	0x00, 0x43, 0x0a, 0x00, 0x00, 0x41, 0x0a, 0x00, 0x00, 0x36, 0x06, 0x00, 0x00, 0x85, 0x00, 0x05, // .C...A...6......
	0x00, 0x0b, 0x00, 0x00, 0x00, 0x45, 0x0a, 0x00, 0x00, 0x5d, 0x01, 0x00, 0x00, 0x43, 0x0a, 0x00, // .....E...]...C..
	0x00, 0x81, 0x00, 0x05, 0x00, 0x0b, 0x00, 0x00, 0x00, 0x46, 0x0a, 0x00, 0x00, 0x45, 0x0a, 0x00, // .........F...E..
	0x00, 0x62, 0x01, 0x00, 0x00, 0x56, 0x00, 0x05, 0x00, 0x8e, 0x00, 0x00, 0x00, 0x51, 0x0a, 0x00, // .b...V.......Q..
	0x00, 0x7e, 0x00, 0x00, 0x00, 0x7c, 0x00, 0x00, 0x00, 0x58, 0x00, 0x07, 0x00, 0x0d, 0x00, 0x00, // .~...|...X......
	0x00, 0x54, 0x0a, 0x00, 0x00, 0x51, 0x0a, 0x00, 0x00, 0x46, 0x0a, 0x00, 0x00, 0x02, 0x00, 0x00, // .T...Q...F......
	0x00, 0x06, 0x01, 0x00, 0x00, 0x51, 0x00, 0x05, 0x00, 0x07, 0x00, 0x00, 0x00, 0x3b, 0x06, 0x00, // .....Q.......;..
	0x00, 0x54, 0x0a, 0x00, 0x00, 0x00, 0x00, 0x00, 0x00, 0x52, 0x00, 0x06, 0x00, 0x0d, 0x00, 0x00, // .T.......R......
	0x00, 0x93, 0x0d, 0x00, 0x00, 0x3b, 0x06, 0x00, 0x00, 0x78, 0x0d, 0x00, 0x00, 0x00, 0x00, 0x00, // .....;...x......
	0x00, 0x51, 0x00, 0x05, 0x00, 0x07, 0x00, 0x00, 0x00, 0x3d, 0x06, 0x00, 0x00, 0x54, 0x0a, 0x00, // .Q.......=...T..
	0x00, 0x01, 0x00, 0x00, 0x00, 0x52, 0x00, 0x06, 0x00, 0x0d, 0x00, 0x00, 0x00, 0x95, 0x0d, 0x00, // .....R..........
	0x00, 0x3d, 0x06, 0x00, 0x00, 0x93, 0x0d, 0x00, 0x00, 0x01, 0x00, 0x00, 0x00, 0x52, 0x00, 0x06, // .=...........R..
	0x00, 0xf8, 0x00, 0x00, 0x00, 0x98, 0x0d, 0x00, 0x00, 0xf1, 0x07, 0x00, 0x00, 0x9a, 0x0e, 0x00, // ................
	0x00, 0x01, 0x00, 0x00, 0x00, 0x4f, 0x00, 0x07, 0x00, 0x0b, 0x00, 0x00, 0x00, 0x42, 0x06, 0x00, // .....O.......B..
	0x00, 0x95, 0x0d, 0x00, 0x00, 0x95, 0x0d, 0x00, 0x00, 0x00, 0x00, 0x00, 0x00, 0x01, 0x00, 0x00, // ................
	0x00, 0x4f, 0x00, 0x07, 0x00, 0x0b, 0x00, 0x00, 0x00, 0x6c, 0x0a, 0x00, 0x00, 0x2f, 0x06, 0x00, // .O.......l.../..
	0x00, 0x2f, 0x06, 0x00, 0x00, 0x01, 0x00, 0x00, 0x00, 0x00, 0x00, 0x00, 0x00, 0x0c, 0x00, 0x07, // ./..............
	0x00, 0x0b, 0x00, 0x00, 0x00, 0x6d, 0x0a, 0x00, 0x00, 0x01, 0x00, 0x00, 0x00, 0x30, 0x00, 0x00, // .....m.......0..
	0x00, 0x2f, 0x06, 0x00, 0x00, 0x6c, 0x0a, 0x00, 0x00, 0x41, 0x00, 0x06, 0x00, 0xe6, 0x00, 0x00, // ./...l...A......
	0x00, 0x6e, 0x0a, 0x00, 0x00, 0xe5, 0x00, 0x00, 0x00, 0x86, 0x00, 0x00, 0x00, 0xec, 0x00, 0x00, // .n..............
	0x00, 0x3d, 0x00, 0x04, 0x00, 0x07, 0x00, 0x00, 0x00, 0x6f, 0x0a, 0x00, 0x00, 0x6e, 0x0a, 0x00, // .=.......o...n..
	0x00, 0x83, 0x00, 0x05, 0x00, 0x07, 0x00, 0x00, 0x00, 0x70, 0x0a, 0x00, 0x00, 0xd8, 0x00, 0x00, // .........p......
	0x00, 0x6f, 0x0a, 0x00, 0x00, 0x8e, 0x00, 0x05, 0x00, 0x0b, 0x00, 0x00, 0x00, 0x72, 0x0a, 0x00, // .o...........r..
	0x00, 0x6d, 0x0a, 0x00, 0x00, 0x70, 0x0a, 0x00, 0x00, 0x51, 0x00, 0x05, 0x00, 0x07, 0x00, 0x00, // .m...p...Q......
	0x00, 0x74, 0x0a, 0x00, 0x00, 0x6d, 0x0a, 0x00, 0x00, 0x00, 0x00, 0x00, 0x00, 0x51, 0x00, 0x05, // .t...m.......Q..
	0x00, 0x07, 0x00, 0x00, 0x00, 0x76, 0x0a, 0x00, 0x00, 0x6d, 0x0a, 0x00, 0x00, 0x01, 0x00, 0x00, // .....v...m......
	0x00, 0x81, 0x00, 0x05, 0x00, 0x07, 0x00, 0x00, 0x00, 0x77, 0x0a, 0x00, 0x00, 0x74, 0x0a, 0x00, // .........w...t..
	0x00, 0x76, 0x0a, 0x00, 0x00, 0x50, 0x00, 0x05, 0x00, 0x0b, 0x00, 0x00, 0x00, 0x79, 0x0a, 0x00, // .v...P.......y..
	0x00, 0x77, 0x0a, 0x00, 0x00, 0x77, 0x0a, 0x00, 0x00, 0x88, 0x00, 0x05, 0x00, 0x0b, 0x00, 0x00, // .w...w..........
	0x00, 0x7a, 0x0a, 0x00, 0x00, 0x72, 0x0a, 0x00, 0x00, 0x79, 0x0a, 0x00, 0x00, 0x51, 0x00, 0x05, // .z...r...y...Q..
	0x00, 0x07, 0x00, 0x00, 0x00, 0x7c, 0x0a, 0x00, 0x00, 0x7a, 0x0a, 0x00, 0x00, 0x00, 0x00, 0x00, // .....|...z......
	0x00, 0x4f, 0x00, 0x07, 0x00, 0x0b, 0x00, 0x00, 0x00, 0x7f, 0x0a, 0x00, 0x00, 0x98, 0x0d, 0x00, // .O..............
	0x00, 0xe9, 0x0d, 0x00, 0x00, 0x00, 0x00, 0x00, 0x00, 0x01, 0x00, 0x00, 0x00, 0x56, 0x00, 0x05, // .............V..
	0x00, 0x8e, 0x00, 0x00, 0x00, 0xb7, 0x0a, 0x00, 0x00, 0x78, 0x00, 0x00, 0x00, 0x75, 0x00, 0x00, // .........x...u..
	0x00, 0x58, 0x00, 0x08, 0x00, 0x0d, 0x00, 0x00, 0x00, 0xbb, 0x0a, 0x00, 0x00, 0xb7, 0x0a, 0x00, // .X..............
	0x00, 0x7f, 0x0a, 0x00, 0x00, 0x0a, 0x00, 0x00, 0x00, 0x06, 0x01, 0x00, 0x00, 0x99, 0x03, 0x00, // ................
	0x00, 0x51, 0x00, 0x05, 0x00, 0x07, 0x00, 0x00, 0x00, 0x81, 0x0a, 0x00, 0x00, 0xbb, 0x0a, 0x00, // .Q..............
	0x00, 0x00, 0x00, 0x00, 0x00, 0x85, 0x00, 0x05, 0x00, 0x07, 0x00, 0x00, 0x00, 0x82, 0x0a, 0x00, // ................
	0x00, 0x7c, 0x0a, 0x00, 0x00, 0x81, 0x0a, 0x00, 0x00, 0x83, 0x00, 0x05, 0x00, 0x07, 0x00, 0x00, // .|..............
	0x00, 0x85, 0x0a, 0x00, 0x00, 0xd8, 0x00, 0x00, 0x00, 0x82, 0x0a, 0x00, 0x00, 0x51, 0x00, 0x05, // .............Q..
	0x00, 0x07, 0x00, 0x00, 0x00, 0x88, 0x0a, 0x00, 0x00, 0x7a, 0x0a, 0x00, 0x00, 0x01, 0x00, 0x00, // .........z......
	0x00, 0x4f, 0x00, 0x07, 0x00, 0x0b, 0x00, 0x00, 0x00, 0x8b, 0x0a, 0x00, 0x00, 0x98, 0x0d, 0x00, // .O..............
	0x00, 0xe9, 0x0d, 0x00, 0x00, 0x02, 0x00, 0x00, 0x00, 0x01, 0x00, 0x00, 0x00, 0x56, 0x00, 0x05, // .............V..
	0x00, 0x8e, 0x00, 0x00, 0x00, 0xc2, 0x0a, 0x00, 0x00, 0x78, 0x00, 0x00, 0x00, 0x75, 0x00, 0x00, // .........x...u..
	0x00, 0x58, 0x00, 0x08, 0x00, 0x0d, 0x00, 0x00, 0x00, 0xc6, 0x0a, 0x00, 0x00, 0xc2, 0x0a, 0x00, // .X..............
	0x00, 0x8b, 0x0a, 0x00, 0x00, 0x0a, 0x00, 0x00, 0x00, 0x06, 0x01, 0x00, 0x00, 0xaa, 0x03, 0x00, // ................
	0x00, 0x51, 0x00, 0x05, 0x00, 0x07, 0x00, 0x00, 0x00, 0x8d, 0x0a, 0x00, 0x00, 0xc6, 0x0a, 0x00, // .Q..............
	0x00, 0x00, 0x00, 0x00, 0x00, 0x85, 0x00, 0x05, 0x00, 0x07, 0x00, 0x00, 0x00, 0x8e, 0x0a, 0x00, // ................
	0x00, 0x88, 0x0a, 0x00, 0x00, 0x8d, 0x0a, 0x00, 0x00, 0x83, 0x00, 0x05, 0x00, 0x07, 0x00, 0x00, // ................
	0x00, 0x91, 0x0a, 0x00, 0x00, 0x85, 0x0a, 0x00, 0x00, 0x8e, 0x0a, 0x00, 0x00, 0x56, 0x00, 0x05, // .............V..
	0x00, 0x8e, 0x00, 0x00, 0x00, 0xcd, 0x0a, 0x00, 0x00, 0x78, 0x00, 0x00, 0x00, 0x75, 0x00, 0x00, // .........x...u..
	0x00, 0x58, 0x00, 0x08, 0x00, 0x0d, 0x00, 0x00, 0x00, 0xd1, 0x0a, 0x00, 0x00, 0xcd, 0x0a, 0x00, // .X..............
	0x00, 0x7f, 0x0a, 0x00, 0x00, 0x0a, 0x00, 0x00, 0x00, 0x06, 0x01, 0x00, 0x00, 0xbc, 0x03, 0x00, // ................
	0x00, 0x51, 0x00, 0x05, 0x00, 0x07, 0x00, 0x00, 0x00, 0x99, 0x0a, 0x00, 0x00, 0xd1, 0x0a, 0x00, // .Q..............
	0x00, 0x00, 0x00, 0x00, 0x00, 0x85, 0x00, 0x05, 0x00, 0x07, 0x00, 0x00, 0x00, 0x9a, 0x0a, 0x00, // ................
	0x00, 0x7c, 0x0a, 0x00, 0x00, 0x99, 0x0a, 0x00, 0x00, 0x83, 0x00, 0x05, 0x00, 0x07, 0x00, 0x00, // .|..............
	0x00, 0x9d, 0x0a, 0x00, 0x00, 0xd8, 0x00, 0x00, 0x00, 0x9a, 0x0a, 0x00, 0x00, 0x50, 0x00, 0x05, // .............P..
	0x00, 0x0b, 0x00, 0x00, 0x00, 0xfc, 0x0d, 0x00, 0x00, 0x91, 0x0a, 0x00, 0x00, 0x9d, 0x0a, 0x00, // ................
	0x00, 0x56, 0x00, 0x05, 0x00, 0x8e, 0x00, 0x00, 0x00, 0xd8, 0x0a, 0x00, 0x00, 0x78, 0x00, 0x00, // .V...........x..
	0x00, 0x75, 0x00, 0x00, 0x00, 0x58, 0x00, 0x08, 0x00, 0x0d, 0x00, 0x00, 0x00, 0xdc, 0x0a, 0x00, // .u...X..........
	0x00, 0xd8, 0x0a, 0x00, 0x00, 0x8b, 0x0a, 0x00, 0x00, 0x0a, 0x00, 0x00, 0x00, 0x06, 0x01, 0x00, // ................
	0x00, 0xcd, 0x03, 0x00, 0x00, 0x51, 0x00, 0x05, 0x00, 0x07, 0x00, 0x00, 0x00, 0xa5, 0x0a, 0x00, // .....Q..........
	0x00, 0xdc, 0x0a, 0x00, 0x00, 0x00, 0x00, 0x00, 0x00, 0x85, 0x00, 0x05, 0x00, 0x07, 0x00, 0x00, // ................
	0x00, 0xa6, 0x0a, 0x00, 0x00, 0x88, 0x0a, 0x00, 0x00, 0xa5, 0x0a, 0x00, 0x00, 0x83, 0x00, 0x05, // ................
	0x00, 0x07, 0x00, 0x00, 0x00, 0xa9, 0x0a, 0x00, 0x00, 0x9d, 0x0a, 0x00, 0x00, 0xa6, 0x0a, 0x00, // ................
	0x00, 0x52, 0x00, 0x06, 0x00, 0x0b, 0x00, 0x00, 0x00, 0xaa, 0x0d, 0x00, 0x00, 0xa9, 0x0a, 0x00, // .R..............
	0x00, 0xfc, 0x0d, 0x00, 0x00, 0x01, 0x00, 0x00, 0x00, 0x0c, 0x00, 0x08, 0x00, 0x0b, 0x00, 0x00, // ................
	0x00, 0xaf, 0x0a, 0x00, 0x00, 0x01, 0x00, 0x00, 0x00, 0x2b, 0x00, 0x00, 0x00, 0xaa, 0x0d, 0x00, // .........+......
	0x00, 0x72, 0x01, 0x00, 0x00, 0x0f, 0x02, 0x00, 0x00, 0x85, 0x00, 0x05, 0x00, 0x0b, 0x00, 0x00, // .r..............
	0x00, 0xb0, 0x0a, 0x00, 0x00, 0x42, 0x06, 0x00, 0x00, 0xaf, 0x0a, 0x00, 0x00, 0x51, 0x00, 0x05, // .....B.......Q..
	0x00, 0x07, 0x00, 0x00, 0x00, 0x48, 0x06, 0x00, 0x00, 0xb0, 0x0a, 0x00, 0x00, 0x00, 0x00, 0x00, // .....H..........
	0x00, 0x52, 0x00, 0x06, 0x00, 0x0d, 0x00, 0x00, 0x00, 0xac, 0x0d, 0x00, 0x00, 0x48, 0x06, 0x00, // .R...........H..
	0x00, 0x95, 0x0d, 0x00, 0x00, 0x00, 0x00, 0x00, 0x00, 0x51, 0x00, 0x05, 0x00, 0x07, 0x00, 0x00, // .........Q......
	0x00, 0x4a, 0x06, 0x00, 0x00, 0xb0, 0x0a, 0x00, 0x00, 0x01, 0x00, 0x00, 0x00, 0x52, 0x00, 0x06, // .J...........R..
	0x00, 0x0d, 0x00, 0x00, 0x00, 0xae, 0x0d, 0x00, 0x00, 0x4a, 0x06, 0x00, 0x00, 0xac, 0x0d, 0x00, // .........J......
	0x00, 0x01, 0x00, 0x00, 0x00, 0xf9, 0x00, 0x02, 0x00, 0x4d, 0x06, 0x00, 0x00, 0xf8, 0x00, 0x02, // .........M......
	0x00, 0x4b, 0x06, 0x00, 0x00, 0x52, 0x00, 0x06, 0x00, 0x0b, 0x00, 0x00, 0x00, 0xb0, 0x0d, 0x00, // .K...R..........
	0x00, 0x06, 0x01, 0x00, 0x00, 0xb1, 0x0e, 0x00, 0x00, 0x00, 0x00, 0x00, 0x00, 0xf9, 0x00, 0x02, // ................
	0x00, 0x4d, 0x06, 0x00, 0x00, 0xf8, 0x00, 0x02, 0x00, 0x4d, 0x06, 0x00, 0x00, 0xf5, 0x00, 0x07, // .M.......M......
	0x00, 0x0d, 0x00, 0x00, 0x00, 0x97, 0x0e, 0x00, 0x00, 0xae, 0x0d, 0x00, 0x00, 0xef, 0x09, 0x00, // ................
	0x00, 0x78, 0x0d, 0x00, 0x00, 0x4b, 0x06, 0x00, 0x00, 0xf5, 0x00, 0x07, 0x00, 0x0b, 0x00, 0x00, // .x...K..........
	0x00, 0x69, 0x0e, 0x00, 0x00, 0xf8, 0x05, 0x00, 0x00, 0xef, 0x09, 0x00, 0x00, 0xb0, 0x0d, 0x00, // .i..............
	0x00, 0x4b, 0x06, 0x00, 0x00, 0xf9, 0x00, 0x02, 0x00, 0x4e, 0x06, 0x00, 0x00, 0xf8, 0x00, 0x02, // .K.......N......
	0x00, 0x4e, 0x06, 0x00, 0x00, 0xf5, 0x00, 0x07, 0x00, 0x0d, 0x00, 0x00, 0x00, 0x96, 0x0e, 0x00, // .N..............
	0x00, 0x8b, 0x04, 0x00, 0x00, 0x05, 0x00, 0x00, 0x00, 0x97, 0x0e, 0x00, 0x00, 0x4d, 0x06, 0x00, // .............M..
	0x00, 0xf5, 0x00, 0x07, 0x00, 0x0b, 0x00, 0x00, 0x00, 0x68, 0x0e, 0x00, 0x00, 0xf8, 0x05, 0x00, // .........h......
	0x00, 0x05, 0x00, 0x00, 0x00, 0x69, 0x0e, 0x00, 0x00, 0x4d, 0x06, 0x00, 0x00, 0x51, 0x00, 0x05, // .....i...M...Q..
	0x00, 0x07, 0x00, 0x00, 0x00, 0x50, 0x06, 0x00, 0x00, 0x68, 0x0e, 0x00, 0x00, 0x00, 0x00, 0x00, // .....P...h......
	0x00, 0xba, 0x00, 0x05, 0x00, 0xea, 0x00, 0x00, 0x00, 0x51, 0x06, 0x00, 0x00, 0x50, 0x06, 0x00, // .........Q...P..
	0x00, 0x06, 0x01, 0x00, 0x00, 0xf7, 0x00, 0x03, 0x00, 0x93, 0x06, 0x00, 0x00, 0x00, 0x00, 0x00, // ................
	0x00, 0xfa, 0x00, 0x04, 0x00, 0x51, 0x06, 0x00, 0x00, 0x52, 0x06, 0x00, 0x00, 0x93, 0x06, 0x00, // .....Q...R......
	0x00, 0xf8, 0x00, 0x02, 0x00, 0x52, 0x06, 0x00, 0x00, 0x4f, 0x00, 0x07, 0x00, 0x0b, 0x00, 0x00, // .....R...O......
	0x00, 0x54, 0x06, 0x00, 0x00, 0xcf, 0x05, 0x00, 0x00, 0xcf, 0x05, 0x00, 0x00, 0x00, 0x00, 0x00, // .T..............
	0x00, 0x01, 0x00, 0x00, 0x00, 0xf9, 0x00, 0x02, 0x00, 0xe6, 0x0a, 0x00, 0x00, 0xf8, 0x00, 0x02, // ................
	0x00, 0xe6, 0x0a, 0x00, 0x00, 0xf5, 0x00, 0x07, 0x00, 0x0b, 0x00, 0x00, 0x00, 0x6d, 0x0e, 0x00, // .............m..
	0x00, 0x0b, 0x03, 0x00, 0x00, 0x52, 0x06, 0x00, 0x00, 0xf8, 0x0a, 0x00, 0x00, 0xf4, 0x0a, 0x00, // .....R..........
	0x00, 0xf5, 0x00, 0x07, 0x00, 0x0b, 0x00, 0x00, 0x00, 0x6c, 0x0e, 0x00, 0x00, 0x54, 0x06, 0x00, // .........l...T..
	0x00, 0x52, 0x06, 0x00, 0x00, 0xfe, 0x0a, 0x00, 0x00, 0xf4, 0x0a, 0x00, 0x00, 0x51, 0x00, 0x05, // .R...........Q..
	0x00, 0x07, 0x00, 0x00, 0x00, 0xe9, 0x0a, 0x00, 0x00, 0x6c, 0x0e, 0x00, 0x00, 0x01, 0x00, 0x00, // .........l......
	0x00, 0xba, 0x00, 0x05, 0x00, 0xea, 0x00, 0x00, 0x00, 0xeb, 0x0a, 0x00, 0x00, 0xe9, 0x0a, 0x00, // ................
	0x00, 0xea, 0x05, 0x00, 0x00, 0x51, 0x00, 0x05, 0x00, 0x07, 0x00, 0x00, 0x00, 0xed, 0x0a, 0x00, // .....Q..........
	0x00, 0x6d, 0x0e, 0x00, 0x00, 0x00, 0x00, 0x00, 0x00, 0xba, 0x00, 0x05, 0x00, 0xea, 0x00, 0x00, // .m..............
	0x00, 0xee, 0x0a, 0x00, 0x00, 0xed, 0x0a, 0x00, 0x00, 0xb5, 0x02, 0x00, 0x00, 0xa7, 0x00, 0x05, // ................
	0x00, 0xea, 0x00, 0x00, 0x00, 0xef, 0x0a, 0x00, 0x00, 0xeb, 0x0a, 0x00, 0x00, 0xee, 0x0a, 0x00, // ................
	0x00, 0x51, 0x00, 0x05, 0x00, 0x07, 0x00, 0x00, 0x00, 0xf1, 0x0a, 0x00, 0x00, 0x6d, 0x0e, 0x00, // .Q...........m..
	0x00, 0x01, 0x00, 0x00, 0x00, 0xb4, 0x00, 0x05, 0x00, 0xea, 0x00, 0x00, 0x00, 0xf2, 0x0a, 0x00, // ................
	0x00, 0xf1, 0x0a, 0x00, 0x00, 0x06, 0x01, 0x00, 0x00, 0xa7, 0x00, 0x05, 0x00, 0xea, 0x00, 0x00, // ................
	0x00, 0xf3, 0x0a, 0x00, 0x00, 0xef, 0x0a, 0x00, 0x00, 0xf2, 0x0a, 0x00, 0x00, 0xf6, 0x00, 0x04, // ................
	0x00, 0x00, 0x0b, 0x00, 0x00, 0xf4, 0x0a, 0x00, 0x00, 0x00, 0x00, 0x00, 0x00, 0xfa, 0x00, 0x04, // ................
	0x00, 0xf3, 0x0a, 0x00, 0x00, 0xf4, 0x0a, 0x00, 0x00, 0x00, 0x0b, 0x00, 0x00, 0xf8, 0x00, 0x02, // ................
	0x00, 0xf4, 0x0a, 0x00, 0x00, 0x56, 0x00, 0x05, 0x00, 0x8e, 0x00, 0x00, 0x00, 0x13, 0x0b, 0x00, // .....V..........
	0x00, 0x78, 0x00, 0x00, 0x00, 0x75, 0x00, 0x00, 0x00, 0x58, 0x00, 0x07, 0x00, 0x0d, 0x00, 0x00, // .x...u...X......
	0x00, 0x16, 0x0b, 0x00, 0x00, 0x13, 0x0b, 0x00, 0x00, 0x6c, 0x0e, 0x00, 0x00, 0x02, 0x00, 0x00, // .........l......
	0x00, 0x06, 0x01, 0x00, 0x00, 0x4f, 0x00, 0x07, 0x00, 0x0b, 0x00, 0x00, 0x00, 0xf8, 0x0a, 0x00, // .....O..........
	0x00, 0x16, 0x0b, 0x00, 0x00, 0x16, 0x0b, 0x00, 0x00, 0x00, 0x00, 0x00, 0x00, 0x01, 0x00, 0x00, // ................
	0x00, 0x41, 0x00, 0x06, 0x00, 0xe6, 0x00, 0x00, 0x00, 0xf9, 0x0a, 0x00, 0x00, 0xe5, 0x00, 0x00, // .A..............
	0x00, 0x8a, 0x00, 0x00, 0x00, 0x01, 0x01, 0x00, 0x00, 0x3d, 0x00, 0x04, 0x00, 0x07, 0x00, 0x00, // .........=......
	0x00, 0xfa, 0x0a, 0x00, 0x00, 0xf9, 0x0a, 0x00, 0x00, 0x85, 0x00, 0x05, 0x00, 0x07, 0x00, 0x00, // ................
	0x00, 0xfb, 0x0a, 0x00, 0x00, 0xa2, 0x01, 0x00, 0x00, 0xfa, 0x0a, 0x00, 0x00, 0x50, 0x00, 0x05, // .............P..
	0x00, 0x0b, 0x00, 0x00, 0x00, 0xfc, 0x0a, 0x00, 0x00, 0x06, 0x01, 0x00, 0x00, 0xfb, 0x0a, 0x00, // ................
	0x00, 0x83, 0x00, 0x05, 0x00, 0x0b, 0x00, 0x00, 0x00, 0xfe, 0x0a, 0x00, 0x00, 0x6c, 0x0e, 0x00, // .............l..
	0x00, 0xfc, 0x0a, 0x00, 0x00, 0xf9, 0x00, 0x02, 0x00, 0xe6, 0x0a, 0x00, 0x00, 0xf8, 0x00, 0x02, // ................
	0x00, 0x00, 0x0b, 0x00, 0x00, 0x4f, 0x00, 0x07, 0x00, 0x0b, 0x00, 0x00, 0x00, 0x02, 0x0b, 0x00, // .....O..........
	0x00, 0x6d, 0x0e, 0x00, 0x00, 0x6d, 0x0e, 0x00, 0x00, 0x01, 0x00, 0x00, 0x00, 0x00, 0x00, 0x00, // .m...m..........
	0x00, 0x85, 0x00, 0x05, 0x00, 0x0b, 0x00, 0x00, 0x00, 0x2b, 0x0b, 0x00, 0x00, 0xf2, 0x0d, 0x00, // .........+......
	0x00, 0x02, 0x0b, 0x00, 0x00, 0x81, 0x00, 0x05, 0x00, 0x0b, 0x00, 0x00, 0x00, 0x2d, 0x0b, 0x00, // .............-..
	0x00, 0x2b, 0x0b, 0x00, 0x00, 0xf5, 0x0d, 0x00, 0x00, 0x56, 0x00, 0x05, 0x00, 0x8e, 0x00, 0x00, // .+.......V......
	0x00, 0x37, 0x0b, 0x00, 0x00, 0x84, 0x00, 0x00, 0x00, 0x82, 0x00, 0x00, 0x00, 0x58, 0x00, 0x07, // .7...........X..
	0x00, 0x0d, 0x00, 0x00, 0x00, 0x3a, 0x0b, 0x00, 0x00, 0x37, 0x0b, 0x00, 0x00, 0x2d, 0x0b, 0x00, // .....:...7...-..
	0x00, 0x02, 0x00, 0x00, 0x00, 0x06, 0x01, 0x00, 0x00, 0x51, 0x00, 0x05, 0x00, 0x07, 0x00, 0x00, // .........Q......
	0x00, 0x30, 0x0b, 0x00, 0x00, 0x3a, 0x0b, 0x00, 0x00, 0x00, 0x00, 0x00, 0x00, 0x85, 0x00, 0x05, // .0...:..........
	0x00, 0x07, 0x00, 0x00, 0x00, 0x04, 0x0b, 0x00, 0x00, 0xcb, 0x02, 0x00, 0x00, 0x30, 0x0b, 0x00, // .............0..
	0x00, 0x83, 0x00, 0x05, 0x00, 0x07, 0x00, 0x00, 0x00, 0x05, 0x0b, 0x00, 0x00, 0xca, 0x02, 0x00, // ................
	0x00, 0x04, 0x0b, 0x00, 0x00, 0x41, 0x00, 0x06, 0x00, 0xe6, 0x00, 0x00, 0x00, 0x08, 0x0b, 0x00, // .....A..........
	0x00, 0xe5, 0x00, 0x00, 0x00, 0x8a, 0x00, 0x00, 0x00, 0x01, 0x01, 0x00, 0x00, 0x3d, 0x00, 0x04, // .............=..
	0x00, 0x07, 0x00, 0x00, 0x00, 0x09, 0x0b, 0x00, 0x00, 0x08, 0x0b, 0x00, 0x00, 0x85, 0x00, 0x05, // ................
	0x00, 0x07, 0x00, 0x00, 0x00, 0x0b, 0x0b, 0x00, 0x00, 0x09, 0x0b, 0x00, 0x00, 0x05, 0x0b, 0x00, // ................
	0x00, 0x81, 0x00, 0x05, 0x00, 0x07, 0x00, 0x00, 0x00, 0x0c, 0x0b, 0x00, 0x00, 0xe9, 0x0a, 0x00, // ................
	0x00, 0x0b, 0x0b, 0x00, 0x00, 0x52, 0x00, 0x06, 0x00, 0xf8, 0x00, 0x00, 0x00, 0xb8, 0x0d, 0x00, // .....R..........
	0x00, 0x0c, 0x0b, 0x00, 0x00, 0xb0, 0x0e, 0x00, 0x00, 0x01, 0x00, 0x00, 0x00, 0x52, 0x00, 0x06, // .............R..
	0x00, 0xf8, 0x00, 0x00, 0x00, 0xbb, 0x0d, 0x00, 0x00, 0xd1, 0x05, 0x00, 0x00, 0xb8, 0x0d, 0x00, // ................
	0x00, 0x00, 0x00, 0x00, 0x00, 0x4f, 0x00, 0x07, 0x00, 0x0b, 0x00, 0x00, 0x00, 0x61, 0x06, 0x00, // .....O.......a..
	0x00, 0xbb, 0x0d, 0x00, 0x00, 0xbb, 0x0d, 0x00, 0x00, 0x00, 0x00, 0x00, 0x00, 0x01, 0x00, 0x00, // ................
	0x00, 0x56, 0x00, 0x05, 0x00, 0x8e, 0x00, 0x00, 0x00, 0x41, 0x0b, 0x00, 0x00, 0x78, 0x00, 0x00, // .V.......A...x..
	0x00, 0x75, 0x00, 0x00, 0x00, 0x58, 0x00, 0x07, 0x00, 0x0d, 0x00, 0x00, 0x00, 0x44, 0x0b, 0x00, // .u...X.......D..
	0x00, 0x41, 0x0b, 0x00, 0x00, 0x61, 0x06, 0x00, 0x00, 0x02, 0x00, 0x00, 0x00, 0x06, 0x01, 0x00, // .A...a..........
	0x00, 0x51, 0x00, 0x05, 0x00, 0x07, 0x00, 0x00, 0x00, 0x63, 0x06, 0x00, 0x00, 0x44, 0x0b, 0x00, // .Q.......c...D..
	0x00, 0x01, 0x00, 0x00, 0x00, 0x4f, 0x00, 0x07, 0x00, 0x0b, 0x00, 0x00, 0x00, 0x65, 0x06, 0x00, // .....O.......e..
	0x00, 0xcf, 0x05, 0x00, 0x00, 0xcf, 0x05, 0x00, 0x00, 0x02, 0x00, 0x00, 0x00, 0x03, 0x00, 0x00, // ................
	0x00, 0xf9, 0x00, 0x02, 0x00, 0x4e, 0x0b, 0x00, 0x00, 0xf8, 0x00, 0x02, 0x00, 0x4e, 0x0b, 0x00, // .....N.......N..
	0x00, 0xf5, 0x00, 0x07, 0x00, 0x0b, 0x00, 0x00, 0x00, 0x91, 0x0e, 0x00, 0x00, 0x0b, 0x03, 0x00, // ................
	0x00, 0x00, 0x0b, 0x00, 0x00, 0x60, 0x0b, 0x00, 0x00, 0x5c, 0x0b, 0x00, 0x00, 0xf5, 0x00, 0x07, // .....`..........
	0x00, 0x0b, 0x00, 0x00, 0x00, 0x90, 0x0e, 0x00, 0x00, 0x65, 0x06, 0x00, 0x00, 0x00, 0x0b, 0x00, // .........e......
	0x00, 0x66, 0x0b, 0x00, 0x00, 0x5c, 0x0b, 0x00, 0x00, 0x51, 0x00, 0x05, 0x00, 0x07, 0x00, 0x00, // .f.......Q......
	0x00, 0x51, 0x0b, 0x00, 0x00, 0x90, 0x0e, 0x00, 0x00, 0x01, 0x00, 0x00, 0x00, 0xb8, 0x00, 0x05, // .Q..............
	0x00, 0xea, 0x00, 0x00, 0x00, 0x53, 0x0b, 0x00, 0x00, 0x51, 0x0b, 0x00, 0x00, 0xf3, 0x05, 0x00, // .....S...Q......
	0x00, 0x51, 0x00, 0x05, 0x00, 0x07, 0x00, 0x00, 0x00, 0x55, 0x0b, 0x00, 0x00, 0x91, 0x0e, 0x00, // .Q.......U......
	0x00, 0x00, 0x00, 0x00, 0x00, 0xba, 0x00, 0x05, 0x00, 0xea, 0x00, 0x00, 0x00, 0x56, 0x0b, 0x00, // .............V..
	0x00, 0x55, 0x0b, 0x00, 0x00, 0xb5, 0x02, 0x00, 0x00, 0xa7, 0x00, 0x05, 0x00, 0xea, 0x00, 0x00, // .U..............
	0x00, 0x57, 0x0b, 0x00, 0x00, 0x53, 0x0b, 0x00, 0x00, 0x56, 0x0b, 0x00, 0x00, 0x51, 0x00, 0x05, // .W...S...V...Q..
	0x00, 0x07, 0x00, 0x00, 0x00, 0x59, 0x0b, 0x00, 0x00, 0x91, 0x0e, 0x00, 0x00, 0x01, 0x00, 0x00, // .....Y..........
	0x00, 0xb4, 0x00, 0x05, 0x00, 0xea, 0x00, 0x00, 0x00, 0x5a, 0x0b, 0x00, 0x00, 0x59, 0x0b, 0x00, // .........Z...Y..
	0x00, 0x06, 0x01, 0x00, 0x00, 0xa7, 0x00, 0x05, 0x00, 0xea, 0x00, 0x00, 0x00, 0x5b, 0x0b, 0x00, // .............[..
	0x00, 0x57, 0x0b, 0x00, 0x00, 0x5a, 0x0b, 0x00, 0x00, 0xf6, 0x00, 0x04, 0x00, 0x68, 0x0b, 0x00, // .W...Z.......h..
	0x00, 0x5c, 0x0b, 0x00, 0x00, 0x00, 0x00, 0x00, 0x00, 0xfa, 0x00, 0x04, 0x00, 0x5b, 0x0b, 0x00, // .............[..
	0x00, 0x5c, 0x0b, 0x00, 0x00, 0x68, 0x0b, 0x00, 0x00, 0xf8, 0x00, 0x02, 0x00, 0x5c, 0x0b, 0x00, // .....h..........
	0x00, 0x56, 0x00, 0x05, 0x00, 0x8e, 0x00, 0x00, 0x00, 0x7b, 0x0b, 0x00, 0x00, 0x78, 0x00, 0x00, // .V.......{...x..
	0x00, 0x75, 0x00, 0x00, 0x00, 0x58, 0x00, 0x07, 0x00, 0x0d, 0x00, 0x00, 0x00, 0x7e, 0x0b, 0x00, // .u...X.......~..
	0x00, 0x7b, 0x0b, 0x00, 0x00, 0x90, 0x0e, 0x00, 0x00, 0x02, 0x00, 0x00, 0x00, 0x06, 0x01, 0x00, // .{..............
	0x00, 0x4f, 0x00, 0x07, 0x00, 0x0b, 0x00, 0x00, 0x00, 0x60, 0x0b, 0x00, 0x00, 0x7e, 0x0b, 0x00, // .O.......`...~..
	0x00, 0x7e, 0x0b, 0x00, 0x00, 0x00, 0x00, 0x00, 0x00, 0x01, 0x00, 0x00, 0x00, 0x85, 0x00, 0x05, // .~..............
	0x00, 0x07, 0x00, 0x00, 0x00, 0x63, 0x0b, 0x00, 0x00, 0xa2, 0x01, 0x00, 0x00, 0x09, 0x0b, 0x00, // .....c..........
	0x00, 0x50, 0x00, 0x05, 0x00, 0x0b, 0x00, 0x00, 0x00, 0x64, 0x0b, 0x00, 0x00, 0x06, 0x01, 0x00, // .P.......d......
	0x00, 0x63, 0x0b, 0x00, 0x00, 0x81, 0x00, 0x05, 0x00, 0x0b, 0x00, 0x00, 0x00, 0x66, 0x0b, 0x00, // .c...........f..
	0x00, 0x90, 0x0e, 0x00, 0x00, 0x64, 0x0b, 0x00, 0x00, 0xf9, 0x00, 0x02, 0x00, 0x4e, 0x0b, 0x00, // .....d.......N..
	0x00, 0xf8, 0x00, 0x02, 0x00, 0x68, 0x0b, 0x00, 0x00, 0x4f, 0x00, 0x07, 0x00, 0x0b, 0x00, 0x00, // .....h...O......
	0x00, 0x6a, 0x0b, 0x00, 0x00, 0x91, 0x0e, 0x00, 0x00, 0x91, 0x0e, 0x00, 0x00, 0x01, 0x00, 0x00, // .j..............
	0x00, 0x00, 0x00, 0x00, 0x00, 0x85, 0x00, 0x05, 0x00, 0x0b, 0x00, 0x00, 0x00, 0x93, 0x0b, 0x00, // ................
	0x00, 0xf2, 0x0d, 0x00, 0x00, 0x6a, 0x0b, 0x00, 0x00, 0x81, 0x00, 0x05, 0x00, 0x0b, 0x00, 0x00, // .....j..........
	0x00, 0x95, 0x0b, 0x00, 0x00, 0x93, 0x0b, 0x00, 0x00, 0xfb, 0x0d, 0x00, 0x00, 0x56, 0x00, 0x05, // .............V..
	0x00, 0x8e, 0x00, 0x00, 0x00, 0x9f, 0x0b, 0x00, 0x00, 0x84, 0x00, 0x00, 0x00, 0x82, 0x00, 0x00, // ................
	0x00, 0x58, 0x00, 0x07, 0x00, 0x0d, 0x00, 0x00, 0x00, 0xa2, 0x0b, 0x00, 0x00, 0x9f, 0x0b, 0x00, // .X..............
	0x00, 0x95, 0x0b, 0x00, 0x00, 0x02, 0x00, 0x00, 0x00, 0x06, 0x01, 0x00, 0x00, 0x51, 0x00, 0x05, // .............Q..
	0x00, 0x07, 0x00, 0x00, 0x00, 0x98, 0x0b, 0x00, 0x00, 0xa2, 0x0b, 0x00, 0x00, 0x00, 0x00, 0x00, // ................
	0x00, 0x85, 0x00, 0x05, 0x00, 0x07, 0x00, 0x00, 0x00, 0x6c, 0x0b, 0x00, 0x00, 0xcb, 0x02, 0x00, // .........l......
	0x00, 0x98, 0x0b, 0x00, 0x00, 0x83, 0x00, 0x05, 0x00, 0x07, 0x00, 0x00, 0x00, 0x6d, 0x0b, 0x00, // .............m..
	0x00, 0xca, 0x02, 0x00, 0x00, 0x6c, 0x0b, 0x00, 0x00, 0x85, 0x00, 0x05, 0x00, 0x07, 0x00, 0x00, // .....l..........
	0x00, 0x73, 0x0b, 0x00, 0x00, 0x09, 0x0b, 0x00, 0x00, 0x6d, 0x0b, 0x00, 0x00, 0x83, 0x00, 0x05, // .s.......m......
	0x00, 0x07, 0x00, 0x00, 0x00, 0x74, 0x0b, 0x00, 0x00, 0x51, 0x0b, 0x00, 0x00, 0x73, 0x0b, 0x00, // .....t...Q...s..
	0x00, 0x50, 0x00, 0x06, 0x00, 0xf8, 0x00, 0x00, 0x00, 0x9c, 0x0e, 0x00, 0x00, 0xd1, 0x05, 0x00, // .P..............
	0x00, 0x0c, 0x0b, 0x00, 0x00, 0x74, 0x0b, 0x00, 0x00, 0x50, 0x00, 0x05, 0x00, 0x0b, 0x00, 0x00, // .....t...P......
	0x00, 0x9d, 0x0e, 0x00, 0x00, 0x0c, 0x0b, 0x00, 0x00, 0x74, 0x0b, 0x00, 0x00, 0x4f, 0x00, 0x07, // .........t...O..
	0x00, 0x0b, 0x00, 0x00, 0x00, 0x6f, 0x06, 0x00, 0x00, 0xbd, 0x05, 0x00, 0x00, 0xbd, 0x05, 0x00, // .....o..........
	0x00, 0x03, 0x00, 0x00, 0x00, 0x03, 0x00, 0x00, 0x00, 0x85, 0x00, 0x05, 0x00, 0x0b, 0x00, 0x00, // ................
	0x00, 0x71, 0x06, 0x00, 0x00, 0x6f, 0x06, 0x00, 0x00, 0x9d, 0x0e, 0x00, 0x00, 0x4f, 0x00, 0x07, // .q...o.......O..
	0x00, 0x0b, 0x00, 0x00, 0x00, 0x73, 0x06, 0x00, 0x00, 0xc3, 0x05, 0x00, 0x00, 0xc3, 0x05, 0x00, // .....s..........
	0x00, 0x01, 0x00, 0x00, 0x00, 0x01, 0x00, 0x00, 0x00, 0x83, 0x00, 0x05, 0x00, 0x0b, 0x00, 0x00, // ................
	0x00, 0x74, 0x06, 0x00, 0x00, 0x71, 0x06, 0x00, 0x00, 0x73, 0x06, 0x00, 0x00, 0x81, 0x00, 0x05, // .t...q...s......
	0x00, 0x0b, 0x00, 0x00, 0x00, 0x75, 0x06, 0x00, 0x00, 0x74, 0x06, 0x00, 0x00, 0x10, 0x01, 0x00, // .....u...t......
	0x00, 0x0c, 0x00, 0x06, 0x00, 0x0b, 0x00, 0x00, 0x00, 0x76, 0x06, 0x00, 0x00, 0x01, 0x00, 0x00, // .........v......
	0x00, 0x08, 0x00, 0x00, 0x00, 0x75, 0x06, 0x00, 0x00, 0x0c, 0x00, 0x06, 0x00, 0x0b, 0x00, 0x00, // .....u..........
	0x00, 0x77, 0x06, 0x00, 0x00, 0x01, 0x00, 0x00, 0x00, 0x04, 0x00, 0x00, 0x00, 0x76, 0x06, 0x00, // .w...........v..
	0x00, 0x4f, 0x00, 0x07, 0x00, 0x0b, 0x00, 0x00, 0x00, 0x7a, 0x06, 0x00, 0x00, 0x9c, 0x0e, 0x00, // .O.......z......
	0x00, 0x9c, 0x0e, 0x00, 0x00, 0x00, 0x00, 0x00, 0x00, 0x02, 0x00, 0x00, 0x00, 0x56, 0x00, 0x05, // .............V..
	0x00, 0x8e, 0x00, 0x00, 0x00, 0xa9, 0x0b, 0x00, 0x00, 0x78, 0x00, 0x00, 0x00, 0x75, 0x00, 0x00, // .........x...u..
	0x00, 0x58, 0x00, 0x08, 0x00, 0x0d, 0x00, 0x00, 0x00, 0xad, 0x0b, 0x00, 0x00, 0xa9, 0x0b, 0x00, // .X..............
	0x00, 0x7a, 0x06, 0x00, 0x00, 0x0a, 0x00, 0x00, 0x00, 0x06, 0x01, 0x00, 0x00, 0x99, 0x03, 0x00, // .z..............
	0x00, 0x51, 0x00, 0x05, 0x00, 0x07, 0x00, 0x00, 0x00, 0x7c, 0x06, 0x00, 0x00, 0xad, 0x0b, 0x00, // .Q.......|......
	0x00, 0x01, 0x00, 0x00, 0x00, 0x0c, 0x00, 0x06, 0x00, 0x0b, 0x00, 0x00, 0x00, 0x7e, 0x06, 0x00, // .............~..
	0x00, 0x01, 0x00, 0x00, 0x00, 0x1f, 0x00, 0x00, 0x00, 0x77, 0x06, 0x00, 0x00, 0x50, 0x00, 0x05, // .........w...P..
	0x00, 0x0b, 0x00, 0x00, 0x00, 0xb6, 0x0b, 0x00, 0x00, 0x63, 0x06, 0x00, 0x00, 0x7c, 0x06, 0x00, // .........c...|..
	0x00, 0x8e, 0x00, 0x05, 0x00, 0x0b, 0x00, 0x00, 0x00, 0xb7, 0x0b, 0x00, 0x00, 0xb6, 0x0b, 0x00, // ................
	0x00, 0x6c, 0x03, 0x00, 0x00, 0x81, 0x00, 0x05, 0x00, 0x0b, 0x00, 0x00, 0x00, 0xb9, 0x0b, 0x00, // .l..............
	0x00, 0xb7, 0x0b, 0x00, 0x00, 0x10, 0x01, 0x00, 0x00, 0x0c, 0x00, 0x06, 0x00, 0x0b, 0x00, 0x00, // ................
	0x00, 0xba, 0x0b, 0x00, 0x00, 0x01, 0x00, 0x00, 0x00, 0x08, 0x00, 0x00, 0x00, 0xb9, 0x0b, 0x00, // ................
	0x00, 0x8e, 0x00, 0x05, 0x00, 0x0b, 0x00, 0x00, 0x00, 0xbb, 0x0b, 0x00, 0x00, 0xba, 0x0b, 0x00, // ................
	0x00, 0x95, 0x02, 0x00, 0x00, 0x81, 0x00, 0x05, 0x00, 0x0b, 0x00, 0x00, 0x00, 0xbd, 0x0b, 0x00, // ................
	0x00, 0xbb, 0x0b, 0x00, 0x00, 0x7e, 0x06, 0x00, 0x00, 0x85, 0x00, 0x05, 0x00, 0x0b, 0x00, 0x00, // .....~..........
	0x00, 0xbf, 0x0b, 0x00, 0x00, 0x5d, 0x01, 0x00, 0x00, 0xbd, 0x0b, 0x00, 0x00, 0x81, 0x00, 0x05, // .....]..........
	0x00, 0x0b, 0x00, 0x00, 0x00, 0xc0, 0x0b, 0x00, 0x00, 0xbf, 0x0b, 0x00, 0x00, 0x62, 0x01, 0x00, // .............b..
	0x00, 0x56, 0x00, 0x05, 0x00, 0x8e, 0x00, 0x00, 0x00, 0xcb, 0x0b, 0x00, 0x00, 0x7e, 0x00, 0x00, // .V...........~..
	0x00, 0x7c, 0x00, 0x00, 0x00, 0x58, 0x00, 0x07, 0x00, 0x0d, 0x00, 0x00, 0x00, 0xce, 0x0b, 0x00, // .|...X..........
	0x00, 0xcb, 0x0b, 0x00, 0x00, 0xc0, 0x0b, 0x00, 0x00, 0x02, 0x00, 0x00, 0x00, 0x06, 0x01, 0x00, // ................
	0x00, 0x51, 0x00, 0x05, 0x00, 0x07, 0x00, 0x00, 0x00, 0x83, 0x06, 0x00, 0x00, 0xce, 0x0b, 0x00, // .Q..............
	0x00, 0x00, 0x00, 0x00, 0x00, 0x52, 0x00, 0x06, 0x00, 0x0d, 0x00, 0x00, 0x00, 0xca, 0x0d, 0x00, // .....R..........
	0x00, 0x83, 0x06, 0x00, 0x00, 0x96, 0x0e, 0x00, 0x00, 0x02, 0x00, 0x00, 0x00, 0x51, 0x00, 0x05, // .............Q..
	0x00, 0x07, 0x00, 0x00, 0x00, 0x85, 0x06, 0x00, 0x00, 0xce, 0x0b, 0x00, 0x00, 0x01, 0x00, 0x00, // ................
	0x00, 0x52, 0x00, 0x06, 0x00, 0x0d, 0x00, 0x00, 0x00, 0xcc, 0x0d, 0x00, 0x00, 0x85, 0x06, 0x00, // .R..............
	0x00, 0xca, 0x0d, 0x00, 0x00, 0x03, 0x00, 0x00, 0x00, 0x51, 0x00, 0x05, 0x00, 0x07, 0x00, 0x00, // .........Q......
	0x00, 0x87, 0x06, 0x00, 0x00, 0x63, 0x05, 0x00, 0x00, 0x00, 0x00, 0x00, 0x00, 0x52, 0x00, 0x06, // .....c.......R..
	0x00, 0xf8, 0x00, 0x00, 0x00, 0xcf, 0x0d, 0x00, 0x00, 0x87, 0x06, 0x00, 0x00, 0x9c, 0x0e, 0x00, // ................
	0x00, 0x00, 0x00, 0x00, 0x00, 0x4f, 0x00, 0x07, 0x00, 0x0b, 0x00, 0x00, 0x00, 0x8a, 0x06, 0x00, // .....O..........
	0x00, 0xcc, 0x0d, 0x00, 0x00, 0xcc, 0x0d, 0x00, 0x00, 0x02, 0x00, 0x00, 0x00, 0x03, 0x00, 0x00, // ................
	0x00, 0x4f, 0x00, 0x07, 0x00, 0x0b, 0x00, 0x00, 0x00, 0xe6, 0x0b, 0x00, 0x00, 0x77, 0x06, 0x00, // .O...........w..
	0x00, 0x77, 0x06, 0x00, 0x00, 0x01, 0x00, 0x00, 0x00, 0x00, 0x00, 0x00, 0x00, 0x0c, 0x00, 0x07, // .w..............
	0x00, 0x0b, 0x00, 0x00, 0x00, 0xe7, 0x0b, 0x00, 0x00, 0x01, 0x00, 0x00, 0x00, 0x30, 0x00, 0x00, // .............0..
	0x00, 0x77, 0x06, 0x00, 0x00, 0xe6, 0x0b, 0x00, 0x00, 0x41, 0x00, 0x06, 0x00, 0xe6, 0x00, 0x00, // .w.......A......
	0x00, 0xe8, 0x0b, 0x00, 0x00, 0xe5, 0x00, 0x00, 0x00, 0x86, 0x00, 0x00, 0x00, 0xec, 0x00, 0x00, // ................
	0x00, 0x3d, 0x00, 0x04, 0x00, 0x07, 0x00, 0x00, 0x00, 0xe9, 0x0b, 0x00, 0x00, 0xe8, 0x0b, 0x00, // .=..............
	0x00, 0x83, 0x00, 0x05, 0x00, 0x07, 0x00, 0x00, 0x00, 0xea, 0x0b, 0x00, 0x00, 0xd8, 0x00, 0x00, // ................
	0x00, 0xe9, 0x0b, 0x00, 0x00, 0x8e, 0x00, 0x05, 0x00, 0x0b, 0x00, 0x00, 0x00, 0xec, 0x0b, 0x00, // ................
	0x00, 0xe7, 0x0b, 0x00, 0x00, 0xea, 0x0b, 0x00, 0x00, 0x51, 0x00, 0x05, 0x00, 0x07, 0x00, 0x00, // .........Q......
	0x00, 0xee, 0x0b, 0x00, 0x00, 0xe7, 0x0b, 0x00, 0x00, 0x00, 0x00, 0x00, 0x00, 0x51, 0x00, 0x05, // .............Q..
	0x00, 0x07, 0x00, 0x00, 0x00, 0xf0, 0x0b, 0x00, 0x00, 0xe7, 0x0b, 0x00, 0x00, 0x01, 0x00, 0x00, // ................
	0x00, 0x81, 0x00, 0x05, 0x00, 0x07, 0x00, 0x00, 0x00, 0xf1, 0x0b, 0x00, 0x00, 0xee, 0x0b, 0x00, // ................
	0x00, 0xf0, 0x0b, 0x00, 0x00, 0x50, 0x00, 0x05, 0x00, 0x0b, 0x00, 0x00, 0x00, 0xf3, 0x0b, 0x00, // .....P..........
	0x00, 0xf1, 0x0b, 0x00, 0x00, 0xf1, 0x0b, 0x00, 0x00, 0x88, 0x00, 0x05, 0x00, 0x0b, 0x00, 0x00, // ................
	0x00, 0xf4, 0x0b, 0x00, 0x00, 0xec, 0x0b, 0x00, 0x00, 0xf3, 0x0b, 0x00, 0x00, 0x51, 0x00, 0x05, // .............Q..
	0x00, 0x07, 0x00, 0x00, 0x00, 0xf6, 0x0b, 0x00, 0x00, 0xf4, 0x0b, 0x00, 0x00, 0x00, 0x00, 0x00, // ................
	0x00, 0x4f, 0x00, 0x07, 0x00, 0x0b, 0x00, 0x00, 0x00, 0xf9, 0x0b, 0x00, 0x00, 0xcf, 0x0d, 0x00, // .O..............
	0x00, 0xe9, 0x0d, 0x00, 0x00, 0x00, 0x00, 0x00, 0x00, 0x01, 0x00, 0x00, 0x00, 0x56, 0x00, 0x05, // .............V..
	0x00, 0x8e, 0x00, 0x00, 0x00, 0x31, 0x0c, 0x00, 0x00, 0x78, 0x00, 0x00, 0x00, 0x75, 0x00, 0x00, // .....1...x...u..
	0x00, 0x58, 0x00, 0x08, 0x00, 0x0d, 0x00, 0x00, 0x00, 0x35, 0x0c, 0x00, 0x00, 0x31, 0x0c, 0x00, // .X.......5...1..
	0x00, 0xf9, 0x0b, 0x00, 0x00, 0x0a, 0x00, 0x00, 0x00, 0x06, 0x01, 0x00, 0x00, 0xcb, 0x01, 0x00, // ................
	0x00, 0x51, 0x00, 0x05, 0x00, 0x07, 0x00, 0x00, 0x00, 0xfb, 0x0b, 0x00, 0x00, 0x35, 0x0c, 0x00, // .Q...........5..
	0x00, 0x01, 0x00, 0x00, 0x00, 0x85, 0x00, 0x05, 0x00, 0x07, 0x00, 0x00, 0x00, 0xfc, 0x0b, 0x00, // ................
	0x00, 0xf6, 0x0b, 0x00, 0x00, 0xfb, 0x0b, 0x00, 0x00, 0x83, 0x00, 0x05, 0x00, 0x07, 0x00, 0x00, // ................
	0x00, 0xff, 0x0b, 0x00, 0x00, 0xd8, 0x00, 0x00, 0x00, 0xfc, 0x0b, 0x00, 0x00, 0x51, 0x00, 0x05, // .............Q..
	0x00, 0x07, 0x00, 0x00, 0x00, 0x02, 0x0c, 0x00, 0x00, 0xf4, 0x0b, 0x00, 0x00, 0x01, 0x00, 0x00, // ................
	0x00, 0x4f, 0x00, 0x07, 0x00, 0x0b, 0x00, 0x00, 0x00, 0x05, 0x0c, 0x00, 0x00, 0xcf, 0x0d, 0x00, // .O..............
	0x00, 0xe9, 0x0d, 0x00, 0x00, 0x00, 0x00, 0x00, 0x00, 0x02, 0x00, 0x00, 0x00, 0x56, 0x00, 0x05, // .............V..
	0x00, 0x8e, 0x00, 0x00, 0x00, 0x3c, 0x0c, 0x00, 0x00, 0x78, 0x00, 0x00, 0x00, 0x75, 0x00, 0x00, // .....<...x...u..
	0x00, 0x58, 0x00, 0x08, 0x00, 0x0d, 0x00, 0x00, 0x00, 0x40, 0x0c, 0x00, 0x00, 0x3c, 0x0c, 0x00, // .X.......@...<..
	0x00, 0x05, 0x0c, 0x00, 0x00, 0x0a, 0x00, 0x00, 0x00, 0x06, 0x01, 0x00, 0x00, 0xaa, 0x03, 0x00, // ................
	0x00, 0x51, 0x00, 0x05, 0x00, 0x07, 0x00, 0x00, 0x00, 0x07, 0x0c, 0x00, 0x00, 0x40, 0x0c, 0x00, // .Q...........@..
	0x00, 0x01, 0x00, 0x00, 0x00, 0x85, 0x00, 0x05, 0x00, 0x07, 0x00, 0x00, 0x00, 0x08, 0x0c, 0x00, // ................
	0x00, 0x02, 0x0c, 0x00, 0x00, 0x07, 0x0c, 0x00, 0x00, 0x83, 0x00, 0x05, 0x00, 0x07, 0x00, 0x00, // ................
	0x00, 0x0b, 0x0c, 0x00, 0x00, 0xff, 0x0b, 0x00, 0x00, 0x08, 0x0c, 0x00, 0x00, 0x56, 0x00, 0x05, // .............V..
	0x00, 0x8e, 0x00, 0x00, 0x00, 0x47, 0x0c, 0x00, 0x00, 0x78, 0x00, 0x00, 0x00, 0x75, 0x00, 0x00, // .....G...x...u..
	0x00, 0x58, 0x00, 0x08, 0x00, 0x0d, 0x00, 0x00, 0x00, 0x4b, 0x0c, 0x00, 0x00, 0x47, 0x0c, 0x00, // .X.......K...G..
	0x00, 0xf9, 0x0b, 0x00, 0x00, 0x0a, 0x00, 0x00, 0x00, 0x06, 0x01, 0x00, 0x00, 0x1a, 0x04, 0x00, // ................
	0x00, 0x51, 0x00, 0x05, 0x00, 0x07, 0x00, 0x00, 0x00, 0x13, 0x0c, 0x00, 0x00, 0x4b, 0x0c, 0x00, // .Q...........K..
	0x00, 0x01, 0x00, 0x00, 0x00, 0x85, 0x00, 0x05, 0x00, 0x07, 0x00, 0x00, 0x00, 0x14, 0x0c, 0x00, // ................
	0x00, 0xf6, 0x0b, 0x00, 0x00, 0x13, 0x0c, 0x00, 0x00, 0x83, 0x00, 0x05, 0x00, 0x07, 0x00, 0x00, // ................
	0x00, 0x17, 0x0c, 0x00, 0x00, 0xd8, 0x00, 0x00, 0x00, 0x14, 0x0c, 0x00, 0x00, 0x50, 0x00, 0x05, // .............P..
	0x00, 0x0b, 0x00, 0x00, 0x00, 0xfd, 0x0d, 0x00, 0x00, 0x0b, 0x0c, 0x00, 0x00, 0x17, 0x0c, 0x00, // ................
	0x00, 0x56, 0x00, 0x05, 0x00, 0x8e, 0x00, 0x00, 0x00, 0x52, 0x0c, 0x00, 0x00, 0x78, 0x00, 0x00, // .V.......R...x..
	0x00, 0x75, 0x00, 0x00, 0x00, 0x58, 0x00, 0x08, 0x00, 0x0d, 0x00, 0x00, 0x00, 0x56, 0x0c, 0x00, // .u...X.......V..
	0x00, 0x52, 0x0c, 0x00, 0x00, 0x05, 0x0c, 0x00, 0x00, 0x0a, 0x00, 0x00, 0x00, 0x06, 0x01, 0x00, // .R..............
	0x00, 0x2b, 0x04, 0x00, 0x00, 0x51, 0x00, 0x05, 0x00, 0x07, 0x00, 0x00, 0x00, 0x1f, 0x0c, 0x00, // .+...Q..........
	0x00, 0x56, 0x0c, 0x00, 0x00, 0x01, 0x00, 0x00, 0x00, 0x85, 0x00, 0x05, 0x00, 0x07, 0x00, 0x00, // .V..............
	0x00, 0x20, 0x0c, 0x00, 0x00, 0x02, 0x0c, 0x00, 0x00, 0x1f, 0x0c, 0x00, 0x00, 0x83, 0x00, 0x05, // . ..............
	0x00, 0x07, 0x00, 0x00, 0x00, 0x23, 0x0c, 0x00, 0x00, 0x17, 0x0c, 0x00, 0x00, 0x20, 0x0c, 0x00, // .....#....... ..
	0x00, 0x52, 0x00, 0x06, 0x00, 0x0b, 0x00, 0x00, 0x00, 0xe1, 0x0d, 0x00, 0x00, 0x23, 0x0c, 0x00, // .R...........#..
	0x00, 0xfd, 0x0d, 0x00, 0x00, 0x01, 0x00, 0x00, 0x00, 0x0c, 0x00, 0x08, 0x00, 0x0b, 0x00, 0x00, // ................
	0x00, 0x29, 0x0c, 0x00, 0x00, 0x01, 0x00, 0x00, 0x00, 0x2b, 0x00, 0x00, 0x00, 0xe1, 0x0d, 0x00, // .).......+......
	0x00, 0x72, 0x01, 0x00, 0x00, 0x0f, 0x02, 0x00, 0x00, 0x85, 0x00, 0x05, 0x00, 0x0b, 0x00, 0x00, // .r..............
	0x00, 0x2a, 0x0c, 0x00, 0x00, 0x8a, 0x06, 0x00, 0x00, 0x29, 0x0c, 0x00, 0x00, 0x51, 0x00, 0x05, // .*.......)...Q..
	0x00, 0x07, 0x00, 0x00, 0x00, 0x90, 0x06, 0x00, 0x00, 0x2a, 0x0c, 0x00, 0x00, 0x00, 0x00, 0x00, // .........*......
	0x00, 0x52, 0x00, 0x06, 0x00, 0x0d, 0x00, 0x00, 0x00, 0xe3, 0x0d, 0x00, 0x00, 0x90, 0x06, 0x00, // .R..............
	0x00, 0xcc, 0x0d, 0x00, 0x00, 0x02, 0x00, 0x00, 0x00, 0x51, 0x00, 0x05, 0x00, 0x07, 0x00, 0x00, // .........Q......
	0x00, 0x92, 0x06, 0x00, 0x00, 0x2a, 0x0c, 0x00, 0x00, 0x01, 0x00, 0x00, 0x00, 0x52, 0x00, 0x06, // .....*.......R..
	0x00, 0x0d, 0x00, 0x00, 0x00, 0xe5, 0x0d, 0x00, 0x00, 0x92, 0x06, 0x00, 0x00, 0xe3, 0x0d, 0x00, // ................
	0x00, 0x03, 0x00, 0x00, 0x00, 0xf9, 0x00, 0x02, 0x00, 0x93, 0x06, 0x00, 0x00, 0xf8, 0x00, 0x02, // ................
	0x00, 0x93, 0x06, 0x00, 0x00, 0xf5, 0x00, 0x07, 0x00, 0x0d, 0x00, 0x00, 0x00, 0x98, 0x0e, 0x00, // ................
	0x00, 0x96, 0x0e, 0x00, 0x00, 0x4e, 0x06, 0x00, 0x00, 0xe5, 0x0d, 0x00, 0x00, 0x68, 0x0b, 0x00, // .....N.......h..
	0x00, 0x3e, 0x00, 0x03, 0x00, 0x6d, 0x05, 0x00, 0x00, 0x98, 0x0e, 0x00, 0x00, 0xfd, 0x00, 0x01, // .>...m..........
	0x00, 0x38, 0x00, 0x01, 0x00, 0x00, 0x00, 0x20, 0x00,                                           // .8..... .
};
