static const uint8_t fs_volcloud_spv[23190] =
{
	0x46, 0x53, 0x48, 0x0b, 0x81, 0x38, 0x3d, 0x5c, 0x00, 0x00, 0x00, 0x00, 0x0a, 0x00, 0x09, 0x75, // FSH..8=........u
	0x5f, 0x76, 0x63, 0x53, 0x68, 0x61, 0x70, 0x65, 0x12, 0x01, 0x60, 0x00, 0x01, 0x00, 0x00, 0x00, // _vcShape..`.....
	0x00, 0x00, 0x0a, 0x75, 0x5f, 0x76, 0x63, 0x4d, 0x6f, 0x74, 0x69, 0x6f, 0x6e, 0x12, 0x01, 0x70, // ...u_vcMotion..p
	0x00, 0x01, 0x00, 0x00, 0x00, 0x00, 0x00, 0x09, 0x75, 0x5f, 0x76, 0x63, 0x4c, 0x61, 0x79, 0x65, // ........u_vcLaye
	0x72, 0x12, 0x01, 0x50, 0x00, 0x01, 0x00, 0x00, 0x00, 0x00, 0x00, 0x0a, 0x75, 0x5f, 0x76, 0x63, // r..P........u_vc
	0x43, 0x61, 0x6d, 0x65, 0x72, 0x61, 0x12, 0x01, 0x40, 0x00, 0x01, 0x00, 0x00, 0x00, 0x00, 0x00, // Camera..@.......
	0x0a, 0x75, 0x5f, 0x76, 0x63, 0x53, 0x68, 0x61, 0x64, 0x6f, 0x77, 0x12, 0x01, 0x90, 0x00, 0x01, // .u_vcShadow.....
	0x00, 0x00, 0x00, 0x00, 0x00, 0x07, 0x75, 0x5f, 0x76, 0x63, 0x4c, 0x69, 0x74, 0x12, 0x01, 0x80, // ......u_vcLit...
	0x00, 0x01, 0x00, 0x00, 0x00, 0x00, 0x00, 0x08, 0x75, 0x5f, 0x76, 0x63, 0x46, 0x69, 0x72, 0x65, // ........u_vcFire
	0x12, 0x01, 0xa0, 0x00, 0x01, 0x00, 0x00, 0x00, 0x00, 0x00, 0x0f, 0x75, 0x5f, 0x76, 0x63, 0x49, // ...........u_vcI
	0x6e, 0x76, 0x56, 0x69, 0x65, 0x77, 0x50, 0x72, 0x6f, 0x6a, 0x14, 0x01, 0x00, 0x00, 0x04, 0x00, // nvViewProj......
	0x00, 0x00, 0x00, 0x00, 0x0a, 0x75, 0x5f, 0x76, 0x63, 0x53, 0x75, 0x6e, 0x44, 0x69, 0x72, 0x12, // .....u_vcSunDir.
	0x01, 0xb0, 0x00, 0x01, 0x00, 0x00, 0x00, 0x00, 0x00, 0x0e, 0x73, 0x5f, 0x76, 0x63, 0x53, 0x63, // ..........s_vcSc
	0x65, 0x6e, 0x65, 0x44, 0x65, 0x70, 0x74, 0x68, 0x30, 0x00, 0x02, 0x00, 0x00, 0x00, 0x00, 0x02, // eneDepth0.......
	0x26, 0x00, 0xac, 0x59, 0x00, 0x00, 0x03, 0x02, 0x23, 0x07, 0x00, 0x00, 0x01, 0x00, 0x0b, 0x00, // &..Y....#.......
	0x08, 0x00, 0x6f, 0x0d, 0x00, 0x00, 0x00, 0x00, 0x00, 0x00, 0x11, 0x00, 0x02, 0x00, 0x01, 0x00, // ..o.............
	0x00, 0x00, 0x0b, 0x00, 0x06, 0x00, 0x01, 0x00, 0x00, 0x00, 0x47, 0x4c, 0x53, 0x4c, 0x2e, 0x73, // ..........GLSL.s
	0x74, 0x64, 0x2e, 0x34, 0x35, 0x30, 0x00, 0x00, 0x00, 0x00, 0x0e, 0x00, 0x03, 0x00, 0x00, 0x00, // td.450..........
	0x00, 0x00, 0x01, 0x00, 0x00, 0x00, 0x0f, 0x00, 0x08, 0x00, 0x04, 0x00, 0x00, 0x00, 0x04, 0x00, // ................
	0x00, 0x00, 0x6d, 0x61, 0x69, 0x6e, 0x00, 0x00, 0x00, 0x00, 0x54, 0x03, 0x00, 0x00, 0x58, 0x03, // ..main....T...X.
	0x00, 0x00, 0x65, 0x03, 0x00, 0x00, 0x10, 0x00, 0x03, 0x00, 0x04, 0x00, 0x00, 0x00, 0x07, 0x00, // ..e.............
	0x00, 0x00, 0x03, 0x00, 0x03, 0x00, 0x05, 0x00, 0x00, 0x00, 0xf4, 0x01, 0x00, 0x00, 0x05, 0x00, // ................
	0x04, 0x00, 0x04, 0x00, 0x00, 0x00, 0x6d, 0x61, 0x69, 0x6e, 0x00, 0x00, 0x00, 0x00, 0x05, 0x00, // ......main......
	0x08, 0x00, 0x55, 0x00, 0x00, 0x00, 0x73, 0x5f, 0x76, 0x63, 0x53, 0x63, 0x65, 0x6e, 0x65, 0x44, // ..U...s_vcSceneD
	0x65, 0x70, 0x74, 0x68, 0x53, 0x61, 0x6d, 0x70, 0x6c, 0x65, 0x72, 0x00, 0x00, 0x00, 0x05, 0x00, // epthSampler.....
	0x08, 0x00, 0x58, 0x00, 0x00, 0x00, 0x73, 0x5f, 0x76, 0x63, 0x53, 0x63, 0x65, 0x6e, 0x65, 0x44, // ..X...s_vcSceneD
	0x65, 0x70, 0x74, 0x68, 0x54, 0x65, 0x78, 0x74, 0x75, 0x72, 0x65, 0x00, 0x00, 0x00, 0x05, 0x00, // epthTexture.....
	0x06, 0x00, 0x40, 0x01, 0x00, 0x00, 0x55, 0x6e, 0x69, 0x66, 0x6f, 0x72, 0x6d, 0x42, 0x6c, 0x6f, // ..@...UniformBlo
	0x63, 0x6b, 0x00, 0x00, 0x00, 0x00, 0x06, 0x00, 0x07, 0x00, 0x40, 0x01, 0x00, 0x00, 0x00, 0x00, // ck........@.....
	0x00, 0x00, 0x75, 0x5f, 0x76, 0x63, 0x49, 0x6e, 0x76, 0x56, 0x69, 0x65, 0x77, 0x50, 0x72, 0x6f, // ..u_vcInvViewPro
	0x6a, 0x00, 0x06, 0x00, 0x06, 0x00, 0x40, 0x01, 0x00, 0x00, 0x01, 0x00, 0x00, 0x00, 0x75, 0x5f, // j.....@.......u_
	0x76, 0x63, 0x43, 0x61, 0x6d, 0x65, 0x72, 0x61, 0x00, 0x00, 0x06, 0x00, 0x06, 0x00, 0x40, 0x01, // vcCamera......@.
	0x00, 0x00, 0x02, 0x00, 0x00, 0x00, 0x75, 0x5f, 0x76, 0x63, 0x4c, 0x61, 0x79, 0x65, 0x72, 0x00, // ......u_vcLayer.
	0x00, 0x00, 0x06, 0x00, 0x06, 0x00, 0x40, 0x01, 0x00, 0x00, 0x03, 0x00, 0x00, 0x00, 0x75, 0x5f, // ......@.......u_
	0x76, 0x63, 0x53, 0x68, 0x61, 0x70, 0x65, 0x00, 0x00, 0x00, 0x06, 0x00, 0x06, 0x00, 0x40, 0x01, // vcShape.......@.
	0x00, 0x00, 0x04, 0x00, 0x00, 0x00, 0x75, 0x5f, 0x76, 0x63, 0x4d, 0x6f, 0x74, 0x69, 0x6f, 0x6e, // ......u_vcMotion
	0x00, 0x00, 0x06, 0x00, 0x05, 0x00, 0x40, 0x01, 0x00, 0x00, 0x05, 0x00, 0x00, 0x00, 0x75, 0x5f, // ......@.......u_
	0x76, 0x63, 0x4c, 0x69, 0x74, 0x00, 0x06, 0x00, 0x06, 0x00, 0x40, 0x01, 0x00, 0x00, 0x06, 0x00, // vcLit.....@.....
	0x00, 0x00, 0x75, 0x5f, 0x76, 0x63, 0x53, 0x68, 0x61, 0x64, 0x6f, 0x77, 0x00, 0x00, 0x06, 0x00, // ..u_vcShadow....
	0x06, 0x00, 0x40, 0x01, 0x00, 0x00, 0x07, 0x00, 0x00, 0x00, 0x75, 0x5f, 0x76, 0x63, 0x46, 0x69, // ..@.......u_vcFi
	0x72, 0x65, 0x00, 0x00, 0x00, 0x00, 0x06, 0x00, 0x06, 0x00, 0x40, 0x01, 0x00, 0x00, 0x08, 0x00, // re........@.....
	0x00, 0x00, 0x75, 0x5f, 0x76, 0x63, 0x53, 0x75, 0x6e, 0x44, 0x69, 0x72, 0x00, 0x00, 0x05, 0x00, // ..u_vcSunDir....
	0x03, 0x00, 0x42, 0x01, 0x00, 0x00, 0x00, 0x00, 0x00, 0x00, 0x05, 0x00, 0x04, 0x00, 0x54, 0x03, // ..B...........T.
	0x00, 0x00, 0x76, 0x5f, 0x72, 0x61, 0x79, 0x00, 0x00, 0x00, 0x05, 0x00, 0x04, 0x00, 0x58, 0x03, // ..v_ray.......X.
	0x00, 0x00, 0x76, 0x5f, 0x75, 0x76, 0x00, 0x00, 0x00, 0x00, 0x05, 0x00, 0x06, 0x00, 0x65, 0x03, // ..v_uv........e.
	0x00, 0x00, 0x62, 0x67, 0x66, 0x78, 0x5f, 0x46, 0x72, 0x61, 0x67, 0x44, 0x61, 0x74, 0x61, 0x30, // ..bgfx_FragData0
	0x00, 0x00, 0x47, 0x00, 0x04, 0x00, 0x55, 0x00, 0x00, 0x00, 0x21, 0x00, 0x00, 0x00, 0x12, 0x00, // ..G...U...!.....
	0x00, 0x00, 0x47, 0x00, 0x04, 0x00, 0x55, 0x00, 0x00, 0x00, 0x22, 0x00, 0x00, 0x00, 0x00, 0x00, // ..G...U...".....
	0x00, 0x00, 0x47, 0x00, 0x04, 0x00, 0x58, 0x00, 0x00, 0x00, 0x21, 0x00, 0x00, 0x00, 0x02, 0x00, // ..G...X...!.....
	0x00, 0x00, 0x47, 0x00, 0x04, 0x00, 0x58, 0x00, 0x00, 0x00, 0x22, 0x00, 0x00, 0x00, 0x00, 0x00, // ..G...X...".....
	0x00, 0x00, 0x47, 0x00, 0x03, 0x00, 0x40, 0x01, 0x00, 0x00, 0x02, 0x00, 0x00, 0x00, 0x48, 0x00, // ..G...@.......H.
	0x04, 0x00, 0x40, 0x01, 0x00, 0x00, 0x00, 0x00, 0x00, 0x00, 0x04, 0x00, 0x00, 0x00, 0x48, 0x00, // ..@...........H.
	0x05, 0x00, 0x40, 0x01, 0x00, 0x00, 0x00, 0x00, 0x00, 0x00, 0x07, 0x00, 0x00, 0x00, 0x10, 0x00, // ..@.............
	0x00, 0x00, 0x48, 0x00, 0x05, 0x00, 0x40, 0x01, 0x00, 0x00, 0x00, 0x00, 0x00, 0x00, 0x23, 0x00, // ..H...@.......#.
	0x00, 0x00, 0x00, 0x00, 0x00, 0x00, 0x48, 0x00, 0x05, 0x00, 0x40, 0x01, 0x00, 0x00, 0x01, 0x00, // ......H...@.....
	0x00, 0x00, 0x23, 0x00, 0x00, 0x00, 0x40, 0x00, 0x00, 0x00, 0x48, 0x00, 0x05, 0x00, 0x40, 0x01, // ..#...@...H...@.
	0x00, 0x00, 0x02, 0x00, 0x00, 0x00, 0x23, 0x00, 0x00, 0x00, 0x50, 0x00, 0x00, 0x00, 0x48, 0x00, // ......#...P...H.
	0x05, 0x00, 0x40, 0x01, 0x00, 0x00, 0x03, 0x00, 0x00, 0x00, 0x23, 0x00, 0x00, 0x00, 0x60, 0x00, // ..@.......#...`.
	0x00, 0x00, 0x48, 0x00, 0x05, 0x00, 0x40, 0x01, 0x00, 0x00, 0x04, 0x00, 0x00, 0x00, 0x23, 0x00, // ..H...@.......#.
	0x00, 0x00, 0x70, 0x00, 0x00, 0x00, 0x48, 0x00, 0x05, 0x00, 0x40, 0x01, 0x00, 0x00, 0x05, 0x00, // ..p...H...@.....
	0x00, 0x00, 0x23, 0x00, 0x00, 0x00, 0x80, 0x00, 0x00, 0x00, 0x48, 0x00, 0x05, 0x00, 0x40, 0x01, // ..#.......H...@.
	0x00, 0x00, 0x06, 0x00, 0x00, 0x00, 0x23, 0x00, 0x00, 0x00, 0x90, 0x00, 0x00, 0x00, 0x48, 0x00, // ......#.......H.
	0x05, 0x00, 0x40, 0x01, 0x00, 0x00, 0x07, 0x00, 0x00, 0x00, 0x23, 0x00, 0x00, 0x00, 0xa0, 0x00, // ..@.......#.....
	0x00, 0x00, 0x48, 0x00, 0x05, 0x00, 0x40, 0x01, 0x00, 0x00, 0x08, 0x00, 0x00, 0x00, 0x23, 0x00, // ..H...@.......#.
	0x00, 0x00, 0xb0, 0x00, 0x00, 0x00, 0x47, 0x00, 0x04, 0x00, 0x42, 0x01, 0x00, 0x00, 0x21, 0x00, // ......G...B...!.
	0x00, 0x00, 0x01, 0x00, 0x00, 0x00, 0x47, 0x00, 0x04, 0x00, 0x42, 0x01, 0x00, 0x00, 0x22, 0x00, // ......G...B...".
	0x00, 0x00, 0x00, 0x00, 0x00, 0x00, 0x47, 0x00, 0x04, 0x00, 0x54, 0x03, 0x00, 0x00, 0x1e, 0x00, // ......G...T.....
	0x00, 0x00, 0x00, 0x00, 0x00, 0x00, 0x47, 0x00, 0x04, 0x00, 0x58, 0x03, 0x00, 0x00, 0x1e, 0x00, // ......G...X.....
	0x00, 0x00, 0x01, 0x00, 0x00, 0x00, 0x47, 0x00, 0x04, 0x00, 0x65, 0x03, 0x00, 0x00, 0x1e, 0x00, // ......G...e.....
	0x00, 0x00, 0x00, 0x00, 0x00, 0x00, 0x13, 0x00, 0x02, 0x00, 0x02, 0x00, 0x00, 0x00, 0x21, 0x00, // ..............!.
	0x03, 0x00, 0x03, 0x00, 0x00, 0x00, 0x02, 0x00, 0x00, 0x00, 0x1a, 0x00, 0x02, 0x00, 0x06, 0x00, // ................
	0x00, 0x00, 0x16, 0x00, 0x03, 0x00, 0x07, 0x00, 0x00, 0x00, 0x20, 0x00, 0x00, 0x00, 0x19, 0x00, // .......... .....
	0x09, 0x00, 0x08, 0x00, 0x00, 0x00, 0x07, 0x00, 0x00, 0x00, 0x01, 0x00, 0x00, 0x00, 0x00, 0x00, // ................
	0x00, 0x00, 0x00, 0x00, 0x00, 0x00, 0x00, 0x00, 0x00, 0x00, 0x01, 0x00, 0x00, 0x00, 0x00, 0x00, // ................
	0x00, 0x00, 0x17, 0x00, 0x04, 0x00, 0x0b, 0x00, 0x00, 0x00, 0x07, 0x00, 0x00, 0x00, 0x02, 0x00, // ................
	0x00, 0x00, 0x17, 0x00, 0x04, 0x00, 0x0d, 0x00, 0x00, 0x00, 0x07, 0x00, 0x00, 0x00, 0x04, 0x00, // ................
	0x00, 0x00, 0x17, 0x00, 0x04, 0x00, 0x1a, 0x00, 0x00, 0x00, 0x07, 0x00, 0x00, 0x00, 0x03, 0x00, // ................
	0x00, 0x00, 0x20, 0x00, 0x04, 0x00, 0x54, 0x00, 0x00, 0x00, 0x00, 0x00, 0x00, 0x00, 0x06, 0x00, // .. ...T.........
	0x00, 0x00, 0x3b, 0x00, 0x04, 0x00, 0x54, 0x00, 0x00, 0x00, 0x55, 0x00, 0x00, 0x00, 0x00, 0x00, // ..;...T...U.....
	0x00, 0x00, 0x20, 0x00, 0x04, 0x00, 0x57, 0x00, 0x00, 0x00, 0x00, 0x00, 0x00, 0x00, 0x08, 0x00, // .. ...W.........
	0x00, 0x00, 0x3b, 0x00, 0x04, 0x00, 0x57, 0x00, 0x00, 0x00, 0x58, 0x00, 0x00, 0x00, 0x00, 0x00, // ..;...W...X.....
	0x00, 0x00, 0x15, 0x00, 0x04, 0x00, 0x5b, 0x00, 0x00, 0x00, 0x20, 0x00, 0x00, 0x00, 0x01, 0x00, // ......[... .....
	0x00, 0x00, 0x2b, 0x00, 0x04, 0x00, 0x5b, 0x00, 0x00, 0x00, 0x5c, 0x00, 0x00, 0x00, 0x01, 0x00, // ..+...[.........
	0x00, 0x00, 0x2b, 0x00, 0x04, 0x00, 0x5b, 0x00, 0x00, 0x00, 0x60, 0x00, 0x00, 0x00, 0x00, 0x00, // ..+...[...`.....
	0x00, 0x00, 0x1b, 0x00, 0x03, 0x00, 0x64, 0x00, 0x00, 0x00, 0x08, 0x00, 0x00, 0x00, 0x2b, 0x00, // ......d.......+.
	0x04, 0x00, 0x07, 0x00, 0x00, 0x00, 0x7f, 0x00, 0x00, 0x00, 0x00, 0x00, 0x00, 0x00, 0x2b, 0x00, // ..............+.
	0x04, 0x00, 0x07, 0x00, 0x00, 0x00, 0x83, 0x00, 0x00, 0x00, 0xcd, 0xcc, 0x0c, 0x40, 0x2b, 0x00, // .............@+.
	0x04, 0x00, 0x07, 0x00, 0x00, 0x00, 0x8a, 0x00, 0x00, 0x00, 0x18, 0x26, 0xd3, 0x3d, 0x2b, 0x00, // ...........&.=+.
	0x04, 0x00, 0x07, 0x00, 0x00, 0x00, 0x90, 0x00, 0x00, 0x00, 0xec, 0x51, 0x05, 0x42, 0x15, 0x00, // ...........Q.B..
	0x04, 0x00, 0x97, 0x00, 0x00, 0x00, 0x20, 0x00, 0x00, 0x00, 0x00, 0x00, 0x00, 0x00, 0x2b, 0x00, // ...... .......+.
	0x04, 0x00, 0x97, 0x00, 0x00, 0x00, 0x98, 0x00, 0x00, 0x00, 0x00, 0x00, 0x00, 0x00, 0x2b, 0x00, // ..............+.
	0x04, 0x00, 0x97, 0x00, 0x00, 0x00, 0x9b, 0x00, 0x00, 0x00, 0x01, 0x00, 0x00, 0x00, 0x2b, 0x00, // ..............+.
	0x04, 0x00, 0x97, 0x00, 0x00, 0x00, 0x9f, 0x00, 0x00, 0x00, 0x02, 0x00, 0x00, 0x00, 0x2b, 0x00, // ..............+.
	0x04, 0x00, 0x07, 0x00, 0x00, 0x00, 0xaf, 0x00, 0x00, 0x00, 0x00, 0x00, 0x40, 0x40, 0x2b, 0x00, // ............@@+.
	0x04, 0x00, 0x07, 0x00, 0x00, 0x00, 0xb0, 0x00, 0x00, 0x00, 0x00, 0x00, 0x00, 0x40, 0x2c, 0x00, // .............@,.
	0x06, 0x00, 0x1a, 0x00, 0x00, 0x00, 0xb8, 0x00, 0x00, 0x00, 0x7f, 0x00, 0x00, 0x00, 0x7f, 0x00, // ................
	0x00, 0x00, 0x7f, 0x00, 0x00, 0x00, 0x2b, 0x00, 0x04, 0x00, 0x07, 0x00, 0x00, 0x00, 0xbe, 0x00, // ......+.........
	0x00, 0x00, 0x00, 0x00, 0x80, 0x3f, 0x2c, 0x00, 0x06, 0x00, 0x1a, 0x00, 0x00, 0x00, 0xbf, 0x00, // .....?,.........
	0x00, 0x00, 0xbe, 0x00, 0x00, 0x00, 0x7f, 0x00, 0x00, 0x00, 0x7f, 0x00, 0x00, 0x00, 0x2c, 0x00, // ..............,.
	0x06, 0x00, 0x1a, 0x00, 0x00, 0x00, 0xc5, 0x00, 0x00, 0x00, 0x7f, 0x00, 0x00, 0x00, 0xbe, 0x00, // ................
	0x00, 0x00, 0x7f, 0x00, 0x00, 0x00, 0x2c, 0x00, 0x06, 0x00, 0x1a, 0x00, 0x00, 0x00, 0xcb, 0x00, // ......,.........
	0x00, 0x00, 0xbe, 0x00, 0x00, 0x00, 0xbe, 0x00, 0x00, 0x00, 0x7f, 0x00, 0x00, 0x00, 0x2c, 0x00, // ..............,.
	0x06, 0x00, 0x1a, 0x00, 0x00, 0x00, 0xd1, 0x00, 0x00, 0x00, 0x7f, 0x00, 0x00, 0x00, 0x7f, 0x00, // ................
	0x00, 0x00, 0xbe, 0x00, 0x00, 0x00, 0x2c, 0x00, 0x06, 0x00, 0x1a, 0x00, 0x00, 0x00, 0xd7, 0x00, // ......,.........
	0x00, 0x00, 0xbe, 0x00, 0x00, 0x00, 0x7f, 0x00, 0x00, 0x00, 0xbe, 0x00, 0x00, 0x00, 0x2c, 0x00, // ..............,.
	0x06, 0x00, 0x1a, 0x00, 0x00, 0x00, 0xdd, 0x00, 0x00, 0x00, 0x7f, 0x00, 0x00, 0x00, 0xbe, 0x00, // ................
	0x00, 0x00, 0xbe, 0x00, 0x00, 0x00, 0x2c, 0x00, 0x06, 0x00, 0x1a, 0x00, 0x00, 0x00, 0xe3, 0x00, // ......,.........
	0x00, 0x00, 0xbe, 0x00, 0x00, 0x00, 0xbe, 0x00, 0x00, 0x00, 0xbe, 0x00, 0x00, 0x00, 0x2b, 0x00, // ..............+.
	0x04, 0x00, 0x07, 0x00, 0x00, 0x00, 0x21, 0x01, 0x00, 0x00, 0x00, 0x00, 0x00, 0x3f, 0x2b, 0x00, // ......!......?+.
	0x04, 0x00, 0x5b, 0x00, 0x00, 0x00, 0x2a, 0x01, 0x00, 0x00, 0x03, 0x00, 0x00, 0x00, 0x14, 0x00, // ..[...*.........
	0x02, 0x00, 0x2b, 0x01, 0x00, 0x00, 0x2b, 0x00, 0x04, 0x00, 0x07, 0x00, 0x00, 0x00, 0x34, 0x01, // ..+...+.......4.
	0x00, 0x00, 0xae, 0x47, 0x01, 0x40, 0x18, 0x00, 0x04, 0x00, 0x3f, 0x01, 0x00, 0x00, 0x0d, 0x00, // ...G.@....?.....
	0x00, 0x00, 0x04, 0x00, 0x00, 0x00, 0x1e, 0x00, 0x0b, 0x00, 0x40, 0x01, 0x00, 0x00, 0x3f, 0x01, // ..........@...?.
	0x00, 0x00, 0x0d, 0x00, 0x00, 0x00, 0x0d, 0x00, 0x00, 0x00, 0x0d, 0x00, 0x00, 0x00, 0x0d, 0x00, // ................
	0x00, 0x00, 0x0d, 0x00, 0x00, 0x00, 0x0d, 0x00, 0x00, 0x00, 0x0d, 0x00, 0x00, 0x00, 0x0d, 0x00, // ................
	0x00, 0x00, 0x20, 0x00, 0x04, 0x00, 0x41, 0x01, 0x00, 0x00, 0x02, 0x00, 0x00, 0x00, 0x40, 0x01, // .. ...A.......@.
	0x00, 0x00, 0x3b, 0x00, 0x04, 0x00, 0x41, 0x01, 0x00, 0x00, 0x42, 0x01, 0x00, 0x00, 0x02, 0x00, // ..;...A...B.....
	0x00, 0x00, 0x20, 0x00, 0x04, 0x00, 0x43, 0x01, 0x00, 0x00, 0x02, 0x00, 0x00, 0x00, 0x07, 0x00, // .. ...C.........
	0x00, 0x00, 0x2b, 0x00, 0x04, 0x00, 0x5b, 0x00, 0x00, 0x00, 0x4a, 0x01, 0x00, 0x00, 0x04, 0x00, // ..+...[...J.....
	0x00, 0x00, 0x2b, 0x00, 0x04, 0x00, 0x5b, 0x00, 0x00, 0x00, 0x52, 0x01, 0x00, 0x00, 0x02, 0x00, // ..+...[...R.....
	0x00, 0x00, 0x2b, 0x00, 0x04, 0x00, 0x07, 0x00, 0x00, 0x00, 0x67, 0x01, 0x00, 0x00, 0xcd, 0xcc, // ..+.......g.....
	0x4c, 0x3e, 0x2b, 0x00, 0x04, 0x00, 0x07, 0x00, 0x00, 0x00, 0x84, 0x01, 0x00, 0x00, 0x00, 0x00, // L>+.............
	0x10, 0x41, 0x2b, 0x00, 0x04, 0x00, 0x07, 0x00, 0x00, 0x00, 0x86, 0x01, 0x00, 0x00, 0x00, 0x00, // .A+.............
	0x30, 0x41, 0x2b, 0x00, 0x04, 0x00, 0x07, 0x00, 0x00, 0x00, 0x87, 0x01, 0x00, 0x00, 0x00, 0x00, // 0A+.............
	0xa0, 0x40, 0x2b, 0x00, 0x04, 0x00, 0x07, 0x00, 0x00, 0x00, 0x88, 0x01, 0x00, 0x00, 0x00, 0x00, // .@+.............
	0x88, 0x41, 0x2c, 0x00, 0x06, 0x00, 0x1a, 0x00, 0x00, 0x00, 0x89, 0x01, 0x00, 0x00, 0x86, 0x01, // .A,.............
	0x00, 0x00, 0x87, 0x01, 0x00, 0x00, 0x88, 0x01, 0x00, 0x00, 0x2b, 0x00, 0x04, 0x00, 0x97, 0x00, // ..........+.....
	0x00, 0x00, 0x98, 0x01, 0x00, 0x00, 0x03, 0x00, 0x00, 0x00, 0x2b, 0x00, 0x04, 0x00, 0x07, 0x00, // ..........+.....
	0x00, 0x00, 0xcb, 0x01, 0x00, 0x00, 0x66, 0x66, 0x26, 0x3f, 0x2b, 0x00, 0x04, 0x00, 0x07, 0x00, // ......ff&?+.....
	0x00, 0x00, 0xce, 0x01, 0x00, 0x00, 0x85, 0xeb, 0xc1, 0x40, 0x2b, 0x00, 0x04, 0x00, 0x07, 0x00, // .........@+.....
	0x00, 0x00, 0xd2, 0x01, 0x00, 0x00, 0x33, 0x33, 0xb3, 0x3e, 0x2b, 0x00, 0x04, 0x00, 0x07, 0x00, // ......33.>+.....
	0x00, 0x00, 0xf8, 0x01, 0x00, 0x00, 0x17, 0xb7, 0xd1, 0x38, 0x2b, 0x00, 0x04, 0x00, 0x07, 0x00, // .........8+.....
	0x00, 0x00, 0xfa, 0x01, 0x00, 0x00, 0x00, 0x00, 0xc0, 0x3f, 0x2b, 0x00, 0x04, 0x00, 0x07, 0x00, // .........?+.....
	0x00, 0x00, 0x04, 0x02, 0x00, 0x00, 0x0a, 0xd7, 0x23, 0x3d, 0x2c, 0x00, 0x07, 0x00, 0x0d, 0x00, // ........#=,.....
	0x00, 0x00, 0x09, 0x02, 0x00, 0x00, 0x7f, 0x00, 0x00, 0x00, 0x7f, 0x00, 0x00, 0x00, 0x7f, 0x00, // ................
	0x00, 0x00, 0x7f, 0x00, 0x00, 0x00, 0x2b, 0x00, 0x04, 0x00, 0x07, 0x00, 0x00, 0x00, 0x42, 0x02, // ......+.......B.
	0x00, 0x00, 0xcd, 0xcc, 0xcc, 0x3e, 0x2b, 0x00, 0x04, 0x00, 0x5b, 0x00, 0x00, 0x00, 0x4e, 0x02, // .....>+...[...N.
	0x00, 0x00, 0x1c, 0x00, 0x00, 0x00, 0x20, 0x00, 0x04, 0x00, 0x60, 0x02, 0x00, 0x00, 0x02, 0x00, // ...... ...`.....
	0x00, 0x00, 0x0d, 0x00, 0x00, 0x00, 0x2b, 0x00, 0x04, 0x00, 0x07, 0x00, 0x00, 0x00, 0x6d, 0x02, // ......+.......m.
	0x00, 0x00, 0x6f, 0x12, 0x83, 0x3a, 0x2b, 0x00, 0x04, 0x00, 0x07, 0x00, 0x00, 0x00, 0x85, 0x02, // ..o..:+.........
	0x00, 0x00, 0x0a, 0xd7, 0xa3, 0x3d, 0x2b, 0x00, 0x04, 0x00, 0x07, 0x00, 0x00, 0x00, 0x87, 0x02, // .....=+.........
	0x00, 0x00, 0x00, 0x00, 0xf0, 0x41, 0x2b, 0x00, 0x04, 0x00, 0x07, 0x00, 0x00, 0x00, 0x95, 0x02, // .....A+.........
	0x00, 0x00, 0x00, 0x00, 0x80, 0x40, 0x2b, 0x00, 0x04, 0x00, 0x07, 0x00, 0x00, 0x00, 0x97, 0x02, // .....@+.........
	0x00, 0x00, 0x9a, 0x99, 0x19, 0x3e, 0x2b, 0x00, 0x04, 0x00, 0x5b, 0x00, 0x00, 0x00, 0x9e, 0x02, // .....>+...[.....
	0x00, 0x00, 0x06, 0x00, 0x00, 0x00, 0x2b, 0x00, 0x04, 0x00, 0x5b, 0x00, 0x00, 0x00, 0xa4, 0x02, // ......+...[.....
	0x00, 0x00, 0x05, 0x00, 0x00, 0x00, 0x2b, 0x00, 0x04, 0x00, 0x5b, 0x00, 0x00, 0x00, 0xb6, 0x02, // ......+...[.....
	0x00, 0x00, 0x07, 0x00, 0x00, 0x00, 0x2b, 0x00, 0x04, 0x00, 0x07, 0x00, 0x00, 0x00, 0xd8, 0x02, // ......+.........
	0x00, 0x00, 0x0a, 0xd7, 0xa3, 0x3c, 0x2b, 0x00, 0x04, 0x00, 0x07, 0x00, 0x00, 0x00, 0xe0, 0x02, // .....<+.........
	0x00, 0x00, 0x29, 0x5c, 0x8f, 0x3e, 0x2b, 0x00, 0x04, 0x00, 0x07, 0x00, 0x00, 0x00, 0xf6, 0x02, // ..)..>+.........
	0x00, 0x00, 0x28, 0x6b, 0x6e, 0x4e, 0x20, 0x00, 0x04, 0x00, 0x14, 0x03, 0x00, 0x00, 0x02, 0x00, // ..(knN .........
	0x00, 0x00, 0x3f, 0x01, 0x00, 0x00, 0x2b, 0x00, 0x04, 0x00, 0x5b, 0x00, 0x00, 0x00, 0x2c, 0x03, // ..?...+...[...,.
	0x00, 0x00, 0x08, 0x00, 0x00, 0x00, 0x2b, 0x00, 0x04, 0x00, 0x07, 0x00, 0x00, 0x00, 0x34, 0x03, // ......+.......4.
	0x00, 0x00, 0x39, 0xd6, 0x4f, 0x41, 0x2b, 0x00, 0x04, 0x00, 0x07, 0x00, 0x00, 0x00, 0x35, 0x03, // ..9.OA+.......5.
	0x00, 0x00, 0x4c, 0x77, 0x9c, 0x42, 0x2c, 0x00, 0x05, 0x00, 0x0b, 0x00, 0x00, 0x00, 0x36, 0x03, // ..Lw.B,.......6.
	0x00, 0x00, 0x34, 0x03, 0x00, 0x00, 0x35, 0x03, 0x00, 0x00, 0x2b, 0x00, 0x04, 0x00, 0x07, 0x00, // ..4...5...+.....
	0x00, 0x00, 0x39, 0x03, 0x00, 0x00, 0x8c, 0xee, 0x2a, 0x47, 0x20, 0x00, 0x04, 0x00, 0x53, 0x03, // ..9.....*G ...S.
	0x00, 0x00, 0x01, 0x00, 0x00, 0x00, 0x1a, 0x00, 0x00, 0x00, 0x3b, 0x00, 0x04, 0x00, 0x53, 0x03, // ..........;...S.
	0x00, 0x00, 0x54, 0x03, 0x00, 0x00, 0x01, 0x00, 0x00, 0x00, 0x20, 0x00, 0x04, 0x00, 0x57, 0x03, // ..T....... ...W.
	0x00, 0x00, 0x01, 0x00, 0x00, 0x00, 0x0b, 0x00, 0x00, 0x00, 0x3b, 0x00, 0x04, 0x00, 0x57, 0x03, // ..........;...W.
	0x00, 0x00, 0x58, 0x03, 0x00, 0x00, 0x01, 0x00, 0x00, 0x00, 0x20, 0x00, 0x04, 0x00, 0x64, 0x03, // ..X....... ...d.
	0x00, 0x00, 0x03, 0x00, 0x00, 0x00, 0x0d, 0x00, 0x00, 0x00, 0x3b, 0x00, 0x04, 0x00, 0x64, 0x03, // ..........;...d.
	0x00, 0x00, 0x65, 0x03, 0x00, 0x00, 0x03, 0x00, 0x00, 0x00, 0x2c, 0x00, 0x05, 0x00, 0x0b, 0x00, // ..e.......,.....
	0x00, 0x00, 0x3b, 0x0d, 0x00, 0x00, 0xbe, 0x00, 0x00, 0x00, 0xbe, 0x00, 0x00, 0x00, 0x2b, 0x00, // ..;...........+.
	0x04, 0x00, 0x07, 0x00, 0x00, 0x00, 0x3c, 0x0d, 0x00, 0x00, 0x25, 0x49, 0x12, 0x3d, 0x2b, 0x00, // ......<...%I.=+.
	0x04, 0x00, 0x07, 0x00, 0x00, 0x00, 0x3e, 0x0d, 0x00, 0x00, 0xd7, 0xa3, 0x60, 0x3f, 0x2b, 0x00, // ......>.....`?+.
	0x04, 0x00, 0x07, 0x00, 0x00, 0x00, 0x3f, 0x0d, 0x00, 0x00, 0x14, 0xae, 0x8f, 0x3f, 0x2b, 0x00, // ......?......?+.
	0x04, 0x00, 0x07, 0x00, 0x00, 0x00, 0x40, 0x0d, 0x00, 0x00, 0x33, 0x33, 0x33, 0x3f, 0x2b, 0x00, // ......@...333?+.
	0x04, 0x00, 0x07, 0x00, 0x00, 0x00, 0x42, 0x0d, 0x00, 0x00, 0x71, 0x3d, 0x7a, 0x3f, 0x2b, 0x00, // ......B...q=z?+.
	0x04, 0x00, 0x07, 0x00, 0x00, 0x00, 0x43, 0x0d, 0x00, 0x00, 0x48, 0xe1, 0x82, 0x3f, 0x2b, 0x00, // ......C...H..?+.
	0x04, 0x00, 0x07, 0x00, 0x00, 0x00, 0x44, 0x0d, 0x00, 0x00, 0x9a, 0x99, 0x99, 0xbe, 0x2b, 0x00, // ......D.......+.
	0x04, 0x00, 0x07, 0x00, 0x00, 0x00, 0x45, 0x0d, 0x00, 0x00, 0x9a, 0x99, 0x99, 0x3f, 0x2b, 0x00, // ......E......?+.
	0x04, 0x00, 0x07, 0x00, 0x00, 0x00, 0x46, 0x0d, 0x00, 0x00, 0x00, 0x00, 0xc0, 0xc0, 0x2c, 0x00, // ......F.......,.
	0x06, 0x00, 0x1a, 0x00, 0x00, 0x00, 0x47, 0x0d, 0x00, 0x00, 0xaf, 0x00, 0x00, 0x00, 0xaf, 0x00, // ......G.........
	0x00, 0x00, 0xaf, 0x00, 0x00, 0x00, 0x2c, 0x00, 0x06, 0x00, 0x1a, 0x00, 0x00, 0x00, 0x48, 0x0d, // ......,.......H.
	0x00, 0x00, 0x90, 0x00, 0x00, 0x00, 0x90, 0x00, 0x00, 0x00, 0x90, 0x00, 0x00, 0x00, 0x2b, 0x00, // ..............+.
	0x04, 0x00, 0x07, 0x00, 0x00, 0x00, 0x49, 0x0d, 0x00, 0x00, 0x66, 0x66, 0xe6, 0xbf, 0x2c, 0x00, // ......I...ff..,.
	0x06, 0x00, 0x1a, 0x00, 0x00, 0x00, 0x4a, 0x0d, 0x00, 0x00, 0x83, 0x00, 0x00, 0x00, 0x83, 0x00, // ......J.........
	0x00, 0x00, 0x83, 0x00, 0x00, 0x00, 0x2b, 0x00, 0x04, 0x00, 0x07, 0x00, 0x00, 0x00, 0x4c, 0x0d, // ......+.......L.
	0x00, 0x00, 0x89, 0x88, 0x08, 0x3b, 0x2c, 0x00, 0x06, 0x00, 0x1a, 0x00, 0x00, 0x00, 0x4d, 0x0d, // .....;,.......M.
	0x00, 0x00, 0x4c, 0x0d, 0x00, 0x00, 0x4c, 0x0d, 0x00, 0x00, 0x4c, 0x0d, 0x00, 0x00, 0x01, 0x00, // ..L...L...L.....
	0x03, 0x00, 0x0d, 0x00, 0x00, 0x00, 0x6e, 0x0d, 0x00, 0x00, 0x36, 0x00, 0x05, 0x00, 0x02, 0x00, // ......n...6.....
	0x00, 0x00, 0x04, 0x00, 0x00, 0x00, 0x00, 0x00, 0x00, 0x00, 0x03, 0x00, 0x00, 0x00, 0xf8, 0x00, // ................
	0x02, 0x00, 0x05, 0x00, 0x00, 0x00, 0x3d, 0x00, 0x04, 0x00, 0x06, 0x00, 0x00, 0x00, 0x56, 0x00, // ......=.......V.
	0x00, 0x00, 0x55, 0x00, 0x00, 0x00, 0x3d, 0x00, 0x04, 0x00, 0x08, 0x00, 0x00, 0x00, 0x59, 0x00, // ..U...=.......Y.
	0x00, 0x00, 0x58, 0x00, 0x00, 0x00, 0x3d, 0x00, 0x04, 0x00, 0x1a, 0x00, 0x00, 0x00, 0x55, 0x03, // ..X...=.......U.
	0x00, 0x00, 0x54, 0x03, 0x00, 0x00, 0x3d, 0x00, 0x04, 0x00, 0x0b, 0x00, 0x00, 0x00, 0x59, 0x03, // ..T...=.......Y.
	0x00, 0x00, 0x58, 0x03, 0x00, 0x00, 0x0c, 0x00, 0x06, 0x00, 0x1a, 0x00, 0x00, 0x00, 0x94, 0x03, // ..X.............
	0x00, 0x00, 0x01, 0x00, 0x00, 0x00, 0x45, 0x00, 0x00, 0x00, 0x55, 0x03, 0x00, 0x00, 0x51, 0x00, // ......E...U...Q.
	0x05, 0x00, 0x07, 0x00, 0x00, 0x00, 0x96, 0x03, 0x00, 0x00, 0x59, 0x03, 0x00, 0x00, 0x00, 0x00, // ..........Y.....
	0x00, 0x00, 0x51, 0x00, 0x05, 0x00, 0x07, 0x00, 0x00, 0x00, 0x98, 0x03, 0x00, 0x00, 0x59, 0x03, // ..Q...........Y.
	0x00, 0x00, 0x01, 0x00, 0x00, 0x00, 0x83, 0x00, 0x05, 0x00, 0x07, 0x00, 0x00, 0x00, 0x99, 0x03, // ................
	0x00, 0x00, 0xbe, 0x00, 0x00, 0x00, 0x98, 0x03, 0x00, 0x00, 0x50, 0x00, 0x05, 0x00, 0x0b, 0x00, // ..........P.....
	0x00, 0x00, 0x9a, 0x03, 0x00, 0x00, 0x96, 0x03, 0x00, 0x00, 0x99, 0x03, 0x00, 0x00, 0x56, 0x00, // ..............V.
	0x05, 0x00, 0x64, 0x00, 0x00, 0x00, 0xe3, 0x03, 0x00, 0x00, 0x59, 0x00, 0x00, 0x00, 0x56, 0x00, // ..d.......Y...V.
	0x00, 0x00, 0x57, 0x00, 0x05, 0x00, 0x0d, 0x00, 0x00, 0x00, 0xe5, 0x03, 0x00, 0x00, 0xe3, 0x03, // ..W.............
	0x00, 0x00, 0x9a, 0x03, 0x00, 0x00, 0x51, 0x00, 0x05, 0x00, 0x07, 0x00, 0x00, 0x00, 0x9e, 0x03, // ......Q.........
	0x00, 0x00, 0xe5, 0x03, 0x00, 0x00, 0x00, 0x00, 0x00, 0x00, 0xb8, 0x00, 0x05, 0x00, 0x2b, 0x01, // ..............+.
	0x00, 0x00, 0xa0, 0x03, 0x00, 0x00, 0x9e, 0x03, 0x00, 0x00, 0xbe, 0x00, 0x00, 0x00, 0xf7, 0x00, // ................
	0x03, 0x00, 0xc1, 0x03, 0x00, 0x00, 0x00, 0x00, 0x00, 0x00, 0xfa, 0x00, 0x04, 0x00, 0xa0, 0x03, // ................
	0x00, 0x00, 0xa1, 0x03, 0x00, 0x00, 0xc1, 0x03, 0x00, 0x00, 0xf8, 0x00, 0x02, 0x00, 0xa1, 0x03, // ................
	0x00, 0x00, 0x8e, 0x00, 0x05, 0x00, 0x0b, 0x00, 0x00, 0x00, 0xa3, 0x03, 0x00, 0x00, 0x59, 0x03, // ..............Y.
	0x00, 0x00, 0xb0, 0x00, 0x00, 0x00, 0x83, 0x00, 0x05, 0x00, 0x0b, 0x00, 0x00, 0x00, 0xa5, 0x03, // ................
	0x00, 0x00, 0xa3, 0x03, 0x00, 0x00, 0x3b, 0x0d, 0x00, 0x00, 0x51, 0x00, 0x05, 0x00, 0x07, 0x00, // ......;...Q.....
	0x00, 0x00, 0xa8, 0x03, 0x00, 0x00, 0xa5, 0x03, 0x00, 0x00, 0x00, 0x00, 0x00, 0x00, 0x51, 0x00, // ..............Q.
	0x05, 0x00, 0x07, 0x00, 0x00, 0x00, 0xa9, 0x03, 0x00, 0x00, 0xa5, 0x03, 0x00, 0x00, 0x01, 0x00, // ................
	0x00, 0x00, 0x50, 0x00, 0x07, 0x00, 0x0d, 0x00, 0x00, 0x00, 0xaa, 0x03, 0x00, 0x00, 0xa8, 0x03, // ..P.............
	0x00, 0x00, 0xa9, 0x03, 0x00, 0x00, 0x9e, 0x03, 0x00, 0x00, 0xbe, 0x00, 0x00, 0x00, 0x41, 0x00, // ..............A.
	0x05, 0x00, 0x14, 0x03, 0x00, 0x00, 0xab, 0x03, 0x00, 0x00, 0x42, 0x01, 0x00, 0x00, 0x60, 0x00, // ..........B...`.
	0x00, 0x00, 0x3d, 0x00, 0x04, 0x00, 0x3f, 0x01, 0x00, 0x00, 0xac, 0x03, 0x00, 0x00, 0xab, 0x03, // ..=...?.........
	0x00, 0x00, 0x90, 0x00, 0x05, 0x00, 0x0d, 0x00, 0x00, 0x00, 0xad, 0x03, 0x00, 0x00, 0xaa, 0x03, // ................
	0x00, 0x00, 0xac, 0x03, 0x00, 0x00, 0x51, 0x00, 0x05, 0x00, 0x07, 0x00, 0x00, 0x00, 0xaf, 0x03, // ......Q.........
	0x00, 0x00, 0xad, 0x03, 0x00, 0x00, 0x03, 0x00, 0x00, 0x00, 0x4f, 0x00, 0x08, 0x00, 0x1a, 0x00, // ..........O.....
	0x00, 0x00, 0xb1, 0x03, 0x00, 0x00, 0xad, 0x03, 0x00, 0x00, 0xad, 0x03, 0x00, 0x00, 0x00, 0x00, // ................
	0x00, 0x00, 0x01, 0x00, 0x00, 0x00, 0x02, 0x00, 0x00, 0x00, 0x50, 0x00, 0x06, 0x00, 0x1a, 0x00, // ..........P.....
	0x00, 0x00, 0xb2, 0x03, 0x00, 0x00, 0xaf, 0x03, 0x00, 0x00, 0xaf, 0x03, 0x00, 0x00, 0xaf, 0x03, // ................
	0x00, 0x00, 0x88, 0x00, 0x05, 0x00, 0x1a, 0x00, 0x00, 0x00, 0xb3, 0x03, 0x00, 0x00, 0xb1, 0x03, // ................
	0x00, 0x00, 0xb2, 0x03, 0x00, 0x00, 0x51, 0x00, 0x05, 0x00, 0x07, 0x00, 0x00, 0x00, 0xb5, 0x03, // ......Q.........
	0x00, 0x00, 0xb3, 0x03, 0x00, 0x00, 0x00, 0x00, 0x00, 0x00, 0x52, 0x00, 0x06, 0x00, 0x0d, 0x00, // ..........R.....
	0x00, 0x00, 0x8e, 0x0c, 0x00, 0x00, 0xb5, 0x03, 0x00, 0x00, 0x6e, 0x0d, 0x00, 0x00, 0x00, 0x00, // ..........n.....
	0x00, 0x00, 0x51, 0x00, 0x05, 0x00, 0x07, 0x00, 0x00, 0x00, 0xb7, 0x03, 0x00, 0x00, 0xb3, 0x03, // ..Q.............
	0x00, 0x00, 0x01, 0x00, 0x00, 0x00, 0x52, 0x00, 0x06, 0x00, 0x0d, 0x00, 0x00, 0x00, 0x90, 0x0c, // ......R.........
	0x00, 0x00, 0xb7, 0x03, 0x00, 0x00, 0x8e, 0x0c, 0x00, 0x00, 0x01, 0x00, 0x00, 0x00, 0x51, 0x00, // ..............Q.
	0x05, 0x00, 0x07, 0x00, 0x00, 0x00, 0xb9, 0x03, 0x00, 0x00, 0xb3, 0x03, 0x00, 0x00, 0x02, 0x00, // ................
	0x00, 0x00, 0x52, 0x00, 0x06, 0x00, 0x0d, 0x00, 0x00, 0x00, 0x92, 0x0c, 0x00, 0x00, 0xb9, 0x03, // ..R.............
	0x00, 0x00, 0x90, 0x0c, 0x00, 0x00, 0x02, 0x00, 0x00, 0x00, 0x4f, 0x00, 0x08, 0x00, 0x1a, 0x00, // ..........O.....
	0x00, 0x00, 0xbb, 0x03, 0x00, 0x00, 0x92, 0x0c, 0x00, 0x00, 0x92, 0x0c, 0x00, 0x00, 0x00, 0x00, // ................
	0x00, 0x00, 0x01, 0x00, 0x00, 0x00, 0x02, 0x00, 0x00, 0x00, 0x41, 0x00, 0x05, 0x00, 0x60, 0x02, // ..........A...`.
	0x00, 0x00, 0xbc, 0x03, 0x00, 0x00, 0x42, 0x01, 0x00, 0x00, 0x5c, 0x00, 0x00, 0x00, 0x3d, 0x00, // ......B.......=.
	0x04, 0x00, 0x0d, 0x00, 0x00, 0x00, 0xbd, 0x03, 0x00, 0x00, 0xbc, 0x03, 0x00, 0x00, 0x4f, 0x00, // ..............O.
	0x08, 0x00, 0x1a, 0x00, 0x00, 0x00, 0xbe, 0x03, 0x00, 0x00, 0xbd, 0x03, 0x00, 0x00, 0xbd, 0x03, // ................
	0x00, 0x00, 0x00, 0x00, 0x00, 0x00, 0x01, 0x00, 0x00, 0x00, 0x02, 0x00, 0x00, 0x00, 0x83, 0x00, // ................
	0x05, 0x00, 0x1a, 0x00, 0x00, 0x00, 0xbf, 0x03, 0x00, 0x00, 0xbb, 0x03, 0x00, 0x00, 0xbe, 0x03, // ................
	0x00, 0x00, 0x0c, 0x00, 0x06, 0x00, 0x07, 0x00, 0x00, 0x00, 0xc0, 0x03, 0x00, 0x00, 0x01, 0x00, // ................
	0x00, 0x00, 0x42, 0x00, 0x00, 0x00, 0xbf, 0x03, 0x00, 0x00, 0xf9, 0x00, 0x02, 0x00, 0xc1, 0x03, // ..B.............
	0x00, 0x00, 0xf8, 0x00, 0x02, 0x00, 0xc1, 0x03, 0x00, 0x00, 0xf5, 0x00, 0x07, 0x00, 0x07, 0x00, // ................
	0x00, 0x00, 0x4f, 0x0d, 0x00, 0x00, 0xf6, 0x02, 0x00, 0x00, 0x05, 0x00, 0x00, 0x00, 0xc0, 0x03, // ..O.............
	0x00, 0x00, 0xa1, 0x03, 0x00, 0x00, 0x41, 0x00, 0x05, 0x00, 0x60, 0x02, 0x00, 0x00, 0xc2, 0x03, // ......A...`.....
	0x00, 0x00, 0x42, 0x01, 0x00, 0x00, 0x2c, 0x03, 0x00, 0x00, 0x3d, 0x00, 0x04, 0x00, 0x0d, 0x00, // ..B...,...=.....
	0x00, 0x00, 0xc3, 0x03, 0x00, 0x00, 0xc2, 0x03, 0x00, 0x00, 0x4f, 0x00, 0x08, 0x00, 0x1a, 0x00, // ..........O.....
	0x00, 0x00, 0xc4, 0x03, 0x00, 0x00, 0xc3, 0x03, 0x00, 0x00, 0xc3, 0x03, 0x00, 0x00, 0x00, 0x00, // ................
	0x00, 0x00, 0x01, 0x00, 0x00, 0x00, 0x02, 0x00, 0x00, 0x00, 0x7f, 0x00, 0x04, 0x00, 0x1a, 0x00, // ................
	0x00, 0x00, 0xc5, 0x03, 0x00, 0x00, 0xc4, 0x03, 0x00, 0x00, 0x0c, 0x00, 0x06, 0x00, 0x1a, 0x00, // ................
	0x00, 0x00, 0xc6, 0x03, 0x00, 0x00, 0x01, 0x00, 0x00, 0x00, 0x45, 0x00, 0x00, 0x00, 0xc5, 0x03, // ..........E.....
	0x00, 0x00, 0x94, 0x00, 0x05, 0x00, 0x07, 0x00, 0x00, 0x00, 0xc8, 0x03, 0x00, 0x00, 0x59, 0x03, // ..............Y.
	0x00, 0x00, 0x36, 0x03, 0x00, 0x00, 0x0c, 0x00, 0x06, 0x00, 0x07, 0x00, 0x00, 0x00, 0xc9, 0x03, // ..6.............
	0x00, 0x00, 0x01, 0x00, 0x00, 0x00, 0x0d, 0x00, 0x00, 0x00, 0xc8, 0x03, 0x00, 0x00, 0x85, 0x00, // ................
	0x05, 0x00, 0x07, 0x00, 0x00, 0x00, 0xca, 0x03, 0x00, 0x00, 0xc9, 0x03, 0x00, 0x00, 0x39, 0x03, // ..............9.
	0x00, 0x00, 0x0c, 0x00, 0x06, 0x00, 0x07, 0x00, 0x00, 0x00, 0xcb, 0x03, 0x00, 0x00, 0x01, 0x00, // ................
	0x00, 0x00, 0x0a, 0x00, 0x00, 0x00, 0xca, 0x03, 0x00, 0x00, 0xf7, 0x00, 0x03, 0x00, 0xc1, 0x04, // ................
	0x00, 0x00, 0x00, 0x00, 0x00, 0x00, 0xfb, 0x00, 0x03, 0x00, 0x98, 0x00, 0x00, 0x00, 0x0e, 0x04, // ................
	0x00, 0x00, 0xf8, 0x00, 0x02, 0x00, 0x0e, 0x04, 0x00, 0x00, 0x41, 0x00, 0x06, 0x00, 0x43, 0x01, // ..........A...C.
	0x00, 0x00, 0x0f, 0x04, 0x00, 0x00, 0x42, 0x01, 0x00, 0x00, 0x52, 0x01, 0x00, 0x00, 0x98, 0x00, // ......B...R.....
	0x00, 0x00, 0x3d, 0x00, 0x04, 0x00, 0x07, 0x00, 0x00, 0x00, 0x10, 0x04, 0x00, 0x00, 0x0f, 0x04, // ..=.............
	0x00, 0x00, 0xb8, 0x00, 0x05, 0x00, 0x2b, 0x01, 0x00, 0x00, 0x11, 0x04, 0x00, 0x00, 0x10, 0x04, // ......+.........
	0x00, 0x00, 0x21, 0x01, 0x00, 0x00, 0x51, 0x00, 0x05, 0x00, 0x07, 0x00, 0x00, 0x00, 0x13, 0x04, // ..!...Q.........
	0x00, 0x00, 0x94, 0x03, 0x00, 0x00, 0x01, 0x00, 0x00, 0x00, 0xbc, 0x00, 0x05, 0x00, 0x2b, 0x01, // ..............+.
	0x00, 0x00, 0x14, 0x04, 0x00, 0x00, 0x13, 0x04, 0x00, 0x00, 0x04, 0x02, 0x00, 0x00, 0xa6, 0x00, // ................
	0x05, 0x00, 0x2b, 0x01, 0x00, 0x00, 0x15, 0x04, 0x00, 0x00, 0x11, 0x04, 0x00, 0x00, 0x14, 0x04, // ..+.............
	0x00, 0x00, 0xf7, 0x00, 0x03, 0x00, 0x17, 0x04, 0x00, 0x00, 0x00, 0x00, 0x00, 0x00, 0xfa, 0x00, // ................
	0x04, 0x00, 0x15, 0x04, 0x00, 0x00, 0x16, 0x04, 0x00, 0x00, 0x17, 0x04, 0x00, 0x00, 0xf8, 0x00, // ................
	0x02, 0x00, 0x16, 0x04, 0x00, 0x00, 0xf9, 0x00, 0x02, 0x00, 0xc1, 0x04, 0x00, 0x00, 0xf8, 0x00, // ................
	0x02, 0x00, 0x17, 0x04, 0x00, 0x00, 0x41, 0x00, 0x06, 0x00, 0x43, 0x01, 0x00, 0x00, 0x18, 0x04, // ......A...C.....
	0x00, 0x00, 0x42, 0x01, 0x00, 0x00, 0x52, 0x01, 0x00, 0x00, 0x9b, 0x00, 0x00, 0x00, 0x3d, 0x00, // ..B...R.......=.
	0x04, 0x00, 0x07, 0x00, 0x00, 0x00, 0x19, 0x04, 0x00, 0x00, 0x18, 0x04, 0x00, 0x00, 0x41, 0x00, // ..............A.
	0x06, 0x00, 0x43, 0x01, 0x00, 0x00, 0x1a, 0x04, 0x00, 0x00, 0x42, 0x01, 0x00, 0x00, 0x5c, 0x00, // ..C.......B.....
	0x00, 0x00, 0x9b, 0x00, 0x00, 0x00, 0x3d, 0x00, 0x04, 0x00, 0x07, 0x00, 0x00, 0x00, 0x1b, 0x04, // ......=.........
	0x00, 0x00, 0x1a, 0x04, 0x00, 0x00, 0x83, 0x00, 0x05, 0x00, 0x07, 0x00, 0x00, 0x00, 0x1c, 0x04, // ................
	0x00, 0x00, 0x19, 0x04, 0x00, 0x00, 0x1b, 0x04, 0x00, 0x00, 0x88, 0x00, 0x05, 0x00, 0x07, 0x00, // ................
	0x00, 0x00, 0x1f, 0x04, 0x00, 0x00, 0x1c, 0x04, 0x00, 0x00, 0x13, 0x04, 0x00, 0x00, 0x0c, 0x00, // ................
	0x07, 0x00, 0x07, 0x00, 0x00, 0x00, 0x20, 0x04, 0x00, 0x00, 0x01, 0x00, 0x00, 0x00, 0x28, 0x00, // ...... .......(.
	0x00, 0x00, 0x1f, 0x04, 0x00, 0x00, 0x7f, 0x00, 0x00, 0x00, 0x41, 0x00, 0x06, 0x00, 0x43, 0x01, // ..........A...C.
	0x00, 0x00, 0x23, 0x04, 0x00, 0x00, 0x42, 0x01, 0x00, 0x00, 0x52, 0x01, 0x00, 0x00, 0x9f, 0x00, // ..#...B...R.....
	0x00, 0x00, 0x3d, 0x00, 0x04, 0x00, 0x07, 0x00, 0x00, 0x00, 0x24, 0x04, 0x00, 0x00, 0x23, 0x04, // ..=.......$...#.
	0x00, 0x00, 0x81, 0x00, 0x05, 0x00, 0x07, 0x00, 0x00, 0x00, 0x25, 0x04, 0x00, 0x00, 0x19, 0x04, // ..........%.....
	0x00, 0x00, 0x24, 0x04, 0x00, 0x00, 0x83, 0x00, 0x05, 0x00, 0x07, 0x00, 0x00, 0x00, 0x28, 0x04, // ..$...........(.
	0x00, 0x00, 0x25, 0x04, 0x00, 0x00, 0x1b, 0x04, 0x00, 0x00, 0x88, 0x00, 0x05, 0x00, 0x07, 0x00, // ..%.............
	0x00, 0x00, 0x2b, 0x04, 0x00, 0x00, 0x28, 0x04, 0x00, 0x00, 0x13, 0x04, 0x00, 0x00, 0x0c, 0x00, // ..+...(.........
	0x07, 0x00, 0x07, 0x00, 0x00, 0x00, 0x2d, 0x04, 0x00, 0x00, 0x01, 0x00, 0x00, 0x00, 0x28, 0x00, // ......-.......(.
	0x00, 0x00, 0x2b, 0x04, 0x00, 0x00, 0x20, 0x04, 0x00, 0x00, 0x0c, 0x00, 0x07, 0x00, 0x07, 0x00, // ..+... .........
	0x00, 0x00, 0x30, 0x04, 0x00, 0x00, 0x01, 0x00, 0x00, 0x00, 0x25, 0x00, 0x00, 0x00, 0x2d, 0x04, // ..0.......%...-.
	0x00, 0x00, 0x4f, 0x0d, 0x00, 0x00, 0xbc, 0x00, 0x05, 0x00, 0x2b, 0x01, 0x00, 0x00, 0x33, 0x04, // ..O.......+...3.
	0x00, 0x00, 0x30, 0x04, 0x00, 0x00, 0x20, 0x04, 0x00, 0x00, 0xf7, 0x00, 0x03, 0x00, 0x35, 0x04, // ..0... .......5.
	0x00, 0x00, 0x00, 0x00, 0x00, 0x00, 0xfa, 0x00, 0x04, 0x00, 0x33, 0x04, 0x00, 0x00, 0x34, 0x04, // ..........3...4.
	0x00, 0x00, 0x35, 0x04, 0x00, 0x00, 0xf8, 0x00, 0x02, 0x00, 0x34, 0x04, 0x00, 0x00, 0xf9, 0x00, // ..5.......4.....
	0x02, 0x00, 0xc1, 0x04, 0x00, 0x00, 0xf8, 0x00, 0x02, 0x00, 0x35, 0x04, 0x00, 0x00, 0x83, 0x00, // ..........5.....
	0x05, 0x00, 0x07, 0x00, 0x00, 0x00, 0x38, 0x04, 0x00, 0x00, 0x30, 0x04, 0x00, 0x00, 0x20, 0x04, // ......8...0... .
	0x00, 0x00, 0x85, 0x00, 0x05, 0x00, 0x07, 0x00, 0x00, 0x00, 0x39, 0x04, 0x00, 0x00, 0x38, 0x04, // ..........9...8.
	0x00, 0x00, 0x3c, 0x0d, 0x00, 0x00, 0x94, 0x00, 0x05, 0x00, 0x07, 0x00, 0x00, 0x00, 0x3c, 0x04, // ..<...........<.
	0x00, 0x00, 0x94, 0x03, 0x00, 0x00, 0xc6, 0x03, 0x00, 0x00, 0x85, 0x00, 0x05, 0x00, 0x07, 0x00, // ................
	0x00, 0x00, 0xd0, 0x04, 0x00, 0x00, 0x40, 0x0d, 0x00, 0x00, 0x3c, 0x04, 0x00, 0x00, 0x83, 0x00, // ......@...<.....
	0x05, 0x00, 0x07, 0x00, 0x00, 0x00, 0xd1, 0x04, 0x00, 0x00, 0x3f, 0x0d, 0x00, 0x00, 0xd0, 0x04, // ..........?.....
	0x00, 0x00, 0x0c, 0x00, 0x07, 0x00, 0x07, 0x00, 0x00, 0x00, 0xd2, 0x04, 0x00, 0x00, 0x01, 0x00, // ................
	0x00, 0x00, 0x28, 0x00, 0x00, 0x00, 0xd1, 0x04, 0x00, 0x00, 0xf8, 0x01, 0x00, 0x00, 0x0c, 0x00, // ..(.............
	0x07, 0x00, 0x07, 0x00, 0x00, 0x00, 0xd3, 0x04, 0x00, 0x00, 0x01, 0x00, 0x00, 0x00, 0x1a, 0x00, // ................
	0x00, 0x00, 0xd2, 0x04, 0x00, 0x00, 0xfa, 0x01, 0x00, 0x00, 0x88, 0x00, 0x05, 0x00, 0x07, 0x00, // ................
	0x00, 0x00, 0xd4, 0x04, 0x00, 0x00, 0x3e, 0x0d, 0x00, 0x00, 0xd3, 0x04, 0x00, 0x00, 0x85, 0x00, // ......>.........
	0x05, 0x00, 0x07, 0x00, 0x00, 0x00, 0xe2, 0x04, 0x00, 0x00, 0x44, 0x0d, 0x00, 0x00, 0x3c, 0x04, // ..........D...<.
	0x00, 0x00, 0x83, 0x00, 0x05, 0x00, 0x07, 0x00, 0x00, 0x00, 0xe3, 0x04, 0x00, 0x00, 0x43, 0x0d, // ..............C.
	0x00, 0x00, 0xe2, 0x04, 0x00, 0x00, 0x0c, 0x00, 0x07, 0x00, 0x07, 0x00, 0x00, 0x00, 0xe4, 0x04, // ................
	0x00, 0x00, 0x01, 0x00, 0x00, 0x00, 0x28, 0x00, 0x00, 0x00, 0xe3, 0x04, 0x00, 0x00, 0xf8, 0x01, // ......(.........
	0x00, 0x00, 0x0c, 0x00, 0x07, 0x00, 0x07, 0x00, 0x00, 0x00, 0xe5, 0x04, 0x00, 0x00, 0x01, 0x00, // ................
	0x00, 0x00, 0x1a, 0x00, 0x00, 0x00, 0xe4, 0x04, 0x00, 0x00, 0xfa, 0x01, 0x00, 0x00, 0x88, 0x00, // ................
	0x05, 0x00, 0x07, 0x00, 0x00, 0x00, 0xe6, 0x04, 0x00, 0x00, 0x42, 0x0d, 0x00, 0x00, 0xe5, 0x04, // ..........B.....
	0x00, 0x00, 0x0c, 0x00, 0x08, 0x00, 0x07, 0x00, 0x00, 0x00, 0xec, 0x04, 0x00, 0x00, 0x01, 0x00, // ................
	0x00, 0x00, 0x2e, 0x00, 0x00, 0x00, 0xd4, 0x04, 0x00, 0x00, 0xe6, 0x04, 0x00, 0x00, 0x42, 0x02, // ..............B.
	0x00, 0x00, 0xf9, 0x00, 0x02, 0x00, 0x42, 0x04, 0x00, 0x00, 0xf8, 0x00, 0x02, 0x00, 0x42, 0x04, // ......B.......B.
	0x00, 0x00, 0xf5, 0x00, 0x07, 0x00, 0x1a, 0x00, 0x00, 0x00, 0x5a, 0x0d, 0x00, 0x00, 0xb8, 0x00, // ..........Z.....
	0x00, 0x00, 0x35, 0x04, 0x00, 0x00, 0x66, 0x0d, 0x00, 0x00, 0xb1, 0x04, 0x00, 0x00, 0xf5, 0x00, // ..5...f.........
	0x07, 0x00, 0x07, 0x00, 0x00, 0x00, 0x57, 0x0d, 0x00, 0x00, 0xbe, 0x00, 0x00, 0x00, 0x35, 0x04, // ......W.......5.
	0x00, 0x00, 0x65, 0x0d, 0x00, 0x00, 0xb1, 0x04, 0x00, 0x00, 0xf5, 0x00, 0x07, 0x00, 0x5b, 0x00, // ..e...........[.
	0x00, 0x00, 0x50, 0x0d, 0x00, 0x00, 0x60, 0x00, 0x00, 0x00, 0x35, 0x04, 0x00, 0x00, 0xb3, 0x04, // ..P...`...5.....
	0x00, 0x00, 0xb1, 0x04, 0x00, 0x00, 0xb1, 0x00, 0x05, 0x00, 0x2b, 0x01, 0x00, 0x00, 0x45, 0x04, // ..........+...E.
	0x00, 0x00, 0x50, 0x0d, 0x00, 0x00, 0x4e, 0x02, 0x00, 0x00, 0xf6, 0x00, 0x04, 0x00, 0xb4, 0x04, // ..P...N.........
	0x00, 0x00, 0xb1, 0x04, 0x00, 0x00, 0x00, 0x00, 0x00, 0x00, 0xfa, 0x00, 0x04, 0x00, 0x45, 0x04, // ..............E.
	0x00, 0x00, 0x46, 0x04, 0x00, 0x00, 0xb4, 0x04, 0x00, 0x00, 0xf8, 0x00, 0x02, 0x00, 0x46, 0x04, // ..F...........F.
	0x00, 0x00, 0x6f, 0x00, 0x04, 0x00, 0x07, 0x00, 0x00, 0x00, 0x49, 0x04, 0x00, 0x00, 0x50, 0x0d, // ..o.......I...P.
	0x00, 0x00, 0x81, 0x00, 0x05, 0x00, 0x07, 0x00, 0x00, 0x00, 0x4b, 0x04, 0x00, 0x00, 0x49, 0x04, // ..........K...I.
	0x00, 0x00, 0xcb, 0x03, 0x00, 0x00, 0x85, 0x00, 0x05, 0x00, 0x07, 0x00, 0x00, 0x00, 0x4d, 0x04, // ..............M.
	0x00, 0x00, 0x4b, 0x04, 0x00, 0x00, 0x39, 0x04, 0x00, 0x00, 0x81, 0x00, 0x05, 0x00, 0x07, 0x00, // ..K...9.........
	0x00, 0x00, 0x4e, 0x04, 0x00, 0x00, 0x20, 0x04, 0x00, 0x00, 0x4d, 0x04, 0x00, 0x00, 0xba, 0x00, // ..N... ...M.....
	0x05, 0x00, 0x2b, 0x01, 0x00, 0x00, 0x51, 0x04, 0x00, 0x00, 0x4e, 0x04, 0x00, 0x00, 0x4f, 0x0d, // ..+...Q...N...O.
	0x00, 0x00, 0xf7, 0x00, 0x03, 0x00, 0x53, 0x04, 0x00, 0x00, 0x00, 0x00, 0x00, 0x00, 0xfa, 0x00, // ......S.........
	0x04, 0x00, 0x51, 0x04, 0x00, 0x00, 0x52, 0x04, 0x00, 0x00, 0x53, 0x04, 0x00, 0x00, 0xf8, 0x00, // ..Q...R...S.....
	0x02, 0x00, 0x52, 0x04, 0x00, 0x00, 0xf9, 0x00, 0x02, 0x00, 0xb4, 0x04, 0x00, 0x00, 0xf8, 0x00, // ..R.............
	0x02, 0x00, 0x53, 0x04, 0x00, 0x00, 0x41, 0x00, 0x05, 0x00, 0x60, 0x02, 0x00, 0x00, 0x54, 0x04, // ..S...A...`...T.
	0x00, 0x00, 0x42, 0x01, 0x00, 0x00, 0x5c, 0x00, 0x00, 0x00, 0x3d, 0x00, 0x04, 0x00, 0x0d, 0x00, // ..B.......=.....
	0x00, 0x00, 0x55, 0x04, 0x00, 0x00, 0x54, 0x04, 0x00, 0x00, 0x4f, 0x00, 0x08, 0x00, 0x1a, 0x00, // ..U...T...O.....
	0x00, 0x00, 0x56, 0x04, 0x00, 0x00, 0x55, 0x04, 0x00, 0x00, 0x55, 0x04, 0x00, 0x00, 0x00, 0x00, // ..V...U...U.....
	0x00, 0x00, 0x01, 0x00, 0x00, 0x00, 0x02, 0x00, 0x00, 0x00, 0x8e, 0x00, 0x05, 0x00, 0x1a, 0x00, // ................
	0x00, 0x00, 0x59, 0x04, 0x00, 0x00, 0x94, 0x03, 0x00, 0x00, 0x4e, 0x04, 0x00, 0x00, 0x81, 0x00, // ..Y.......N.....
	0x05, 0x00, 0x1a, 0x00, 0x00, 0x00, 0x5a, 0x04, 0x00, 0x00, 0x56, 0x04, 0x00, 0x00, 0x59, 0x04, // ......Z...V...Y.
	0x00, 0x00, 0x41, 0x00, 0x06, 0x00, 0x43, 0x01, 0x00, 0x00, 0xfb, 0x04, 0x00, 0x00, 0x42, 0x01, // ..A...C.......B.
	0x00, 0x00, 0x2a, 0x01, 0x00, 0x00, 0x9b, 0x00, 0x00, 0x00, 0x3d, 0x00, 0x04, 0x00, 0x07, 0x00, // ..*.......=.....
	0x00, 0x00, 0xfc, 0x04, 0x00, 0x00, 0xfb, 0x04, 0x00, 0x00, 0x0c, 0x00, 0x07, 0x00, 0x07, 0x00, // ................
	0x00, 0x00, 0xfd, 0x04, 0x00, 0x00, 0x01, 0x00, 0x00, 0x00, 0x28, 0x00, 0x00, 0x00, 0xfc, 0x04, // ..........(.....
	0x00, 0x00, 0xbe, 0x00, 0x00, 0x00, 0x51, 0x00, 0x05, 0x00, 0x07, 0x00, 0x00, 0x00, 0xff, 0x04, // ......Q.........
	0x00, 0x00, 0x5a, 0x04, 0x00, 0x00, 0x00, 0x00, 0x00, 0x00, 0x41, 0x00, 0x06, 0x00, 0x43, 0x01, // ..Z.......A...C.
	0x00, 0x00, 0x00, 0x05, 0x00, 0x00, 0x42, 0x01, 0x00, 0x00, 0x4a, 0x01, 0x00, 0x00, 0x98, 0x00, // ......B...J.....
	0x00, 0x00, 0x3d, 0x00, 0x04, 0x00, 0x07, 0x00, 0x00, 0x00, 0x01, 0x05, 0x00, 0x00, 0x00, 0x05, // ..=.............
	0x00, 0x00, 0x81, 0x00, 0x05, 0x00, 0x07, 0x00, 0x00, 0x00, 0x02, 0x05, 0x00, 0x00, 0xff, 0x04, // ................
	0x00, 0x00, 0x01, 0x05, 0x00, 0x00, 0x88, 0x00, 0x05, 0x00, 0x07, 0x00, 0x00, 0x00, 0x04, 0x05, // ................
	0x00, 0x00, 0x02, 0x05, 0x00, 0x00, 0xfd, 0x04, 0x00, 0x00, 0x51, 0x00, 0x05, 0x00, 0x07, 0x00, // ..........Q.....
	0x00, 0x00, 0x06, 0x05, 0x00, 0x00, 0x5a, 0x04, 0x00, 0x00, 0x01, 0x00, 0x00, 0x00, 0x83, 0x00, // ......Z.........
	0x05, 0x00, 0x07, 0x00, 0x00, 0x00, 0x09, 0x05, 0x00, 0x00, 0x06, 0x05, 0x00, 0x00, 0x19, 0x04, // ................
	0x00, 0x00, 0x0c, 0x00, 0x07, 0x00, 0x07, 0x00, 0x00, 0x00, 0x0c, 0x05, 0x00, 0x00, 0x01, 0x00, // ................
	0x00, 0x00, 0x28, 0x00, 0x00, 0x00, 0x24, 0x04, 0x00, 0x00, 0xbe, 0x00, 0x00, 0x00, 0x88, 0x00, // ..(...$.........
	0x05, 0x00, 0x07, 0x00, 0x00, 0x00, 0x0d, 0x05, 0x00, 0x00, 0x09, 0x05, 0x00, 0x00, 0x0c, 0x05, // ................
	0x00, 0x00, 0x51, 0x00, 0x05, 0x00, 0x07, 0x00, 0x00, 0x00, 0x0f, 0x05, 0x00, 0x00, 0x5a, 0x04, // ..Q...........Z.
	0x00, 0x00, 0x02, 0x00, 0x00, 0x00, 0x41, 0x00, 0x06, 0x00, 0x43, 0x01, 0x00, 0x00, 0x10, 0x05, // ......A...C.....
	0x00, 0x00, 0x42, 0x01, 0x00, 0x00, 0x4a, 0x01, 0x00, 0x00, 0x9b, 0x00, 0x00, 0x00, 0x3d, 0x00, // ..B...J.......=.
	0x04, 0x00, 0x07, 0x00, 0x00, 0x00, 0x11, 0x05, 0x00, 0x00, 0x10, 0x05, 0x00, 0x00, 0x81, 0x00, // ................
	0x05, 0x00, 0x07, 0x00, 0x00, 0x00, 0x12, 0x05, 0x00, 0x00, 0x0f, 0x05, 0x00, 0x00, 0x11, 0x05, // ................
	0x00, 0x00, 0x88, 0x00, 0x05, 0x00, 0x07, 0x00, 0x00, 0x00, 0x14, 0x05, 0x00, 0x00, 0x12, 0x05, // ................
	0x00, 0x00, 0xfd, 0x04, 0x00, 0x00, 0x50, 0x00, 0x06, 0x00, 0x1a, 0x00, 0x00, 0x00, 0x15, 0x05, // ......P.........
	0x00, 0x00, 0x04, 0x05, 0x00, 0x00, 0x0d, 0x05, 0x00, 0x00, 0x14, 0x05, 0x00, 0x00, 0x0c, 0x00, // ................
	0x08, 0x00, 0x07, 0x00, 0x00, 0x00, 0x18, 0x05, 0x00, 0x00, 0x01, 0x00, 0x00, 0x00, 0x2b, 0x00, // ..............+.
	0x00, 0x00, 0x0d, 0x05, 0x00, 0x00, 0x7f, 0x00, 0x00, 0x00, 0xbe, 0x00, 0x00, 0x00, 0x0c, 0x00, // ................
	0x08, 0x00, 0x07, 0x00, 0x00, 0x00, 0x1a, 0x05, 0x00, 0x00, 0x01, 0x00, 0x00, 0x00, 0x31, 0x00, // ..............1.
	0x00, 0x00, 0x7f, 0x00, 0x00, 0x00, 0x67, 0x01, 0x00, 0x00, 0x18, 0x05, 0x00, 0x00, 0x0c, 0x00, // ......g.........
	0x08, 0x00, 0x07, 0x00, 0x00, 0x00, 0x1c, 0x05, 0x00, 0x00, 0x01, 0x00, 0x00, 0x00, 0x31, 0x00, // ..............1.
	0x00, 0x00, 0x21, 0x01, 0x00, 0x00, 0xbe, 0x00, 0x00, 0x00, 0x18, 0x05, 0x00, 0x00, 0x83, 0x00, // ..!.............
	0x05, 0x00, 0x07, 0x00, 0x00, 0x00, 0x1d, 0x05, 0x00, 0x00, 0xbe, 0x00, 0x00, 0x00, 0x1c, 0x05, // ................
	0x00, 0x00, 0x85, 0x00, 0x05, 0x00, 0x07, 0x00, 0x00, 0x00, 0x1e, 0x05, 0x00, 0x00, 0x1a, 0x05, // ................
	0x00, 0x00, 0x1d, 0x05, 0x00, 0x00, 0x8e, 0x00, 0x05, 0x00, 0x1a, 0x00, 0x00, 0x00, 0x20, 0x05, // .............. .
	0x00, 0x00, 0x15, 0x05, 0x00, 0x00, 0xaf, 0x00, 0x00, 0x00, 0xf9, 0x00, 0x02, 0x00, 0x45, 0x05, // ..............E.
	0x00, 0x00, 0xf8, 0x00, 0x02, 0x00, 0x45, 0x05, 0x00, 0x00, 0xf5, 0x00, 0x07, 0x00, 0x1a, 0x00, // ......E.........
	0x00, 0x00, 0x61, 0x0d, 0x00, 0x00, 0x20, 0x05, 0x00, 0x00, 0x53, 0x04, 0x00, 0x00, 0x51, 0x05, // ..a... ...S...Q.
	0x00, 0x00, 0x49, 0x05, 0x00, 0x00, 0xf5, 0x00, 0x07, 0x00, 0x07, 0x00, 0x00, 0x00, 0x60, 0x0d, // ..I...........`.
	0x00, 0x00, 0x21, 0x01, 0x00, 0x00, 0x53, 0x04, 0x00, 0x00, 0x53, 0x05, 0x00, 0x00, 0x49, 0x05, // ..!...S...S...I.
	0x00, 0x00, 0xf5, 0x00, 0x07, 0x00, 0x07, 0x00, 0x00, 0x00, 0x52, 0x0d, 0x00, 0x00, 0x7f, 0x00, // ..........R.....
	0x00, 0x00, 0x53, 0x04, 0x00, 0x00, 0x4f, 0x05, 0x00, 0x00, 0x49, 0x05, 0x00, 0x00, 0xf5, 0x00, // ..S...O...I.....
	0x07, 0x00, 0x5b, 0x00, 0x00, 0x00, 0x51, 0x0d, 0x00, 0x00, 0x60, 0x00, 0x00, 0x00, 0x53, 0x04, // ..[...Q...`...S.
	0x00, 0x00, 0x56, 0x05, 0x00, 0x00, 0x49, 0x05, 0x00, 0x00, 0xb1, 0x00, 0x05, 0x00, 0x2b, 0x01, // ..V...I.......+.
	0x00, 0x00, 0x48, 0x05, 0x00, 0x00, 0x51, 0x0d, 0x00, 0x00, 0x2a, 0x01, 0x00, 0x00, 0xf6, 0x00, // ..H...Q...*.....
	0x04, 0x00, 0x57, 0x05, 0x00, 0x00, 0x49, 0x05, 0x00, 0x00, 0x00, 0x00, 0x00, 0x00, 0xfa, 0x00, // ..W...I.........
	0x04, 0x00, 0x48, 0x05, 0x00, 0x00, 0x49, 0x05, 0x00, 0x00, 0x57, 0x05, 0x00, 0x00, 0xf8, 0x00, // ..H...I...W.....
	0x02, 0x00, 0x49, 0x05, 0x00, 0x00, 0x0c, 0x00, 0x06, 0x00, 0x1a, 0x00, 0x00, 0x00, 0x85, 0x05, // ..I.............
	0x00, 0x00, 0x01, 0x00, 0x00, 0x00, 0x08, 0x00, 0x00, 0x00, 0x61, 0x0d, 0x00, 0x00, 0x0c, 0x00, // ..........a.....
	0x06, 0x00, 0x1a, 0x00, 0x00, 0x00, 0x87, 0x05, 0x00, 0x00, 0x01, 0x00, 0x00, 0x00, 0x0a, 0x00, // ................
	0x00, 0x00, 0x61, 0x0d, 0x00, 0x00, 0x85, 0x00, 0x05, 0x00, 0x1a, 0x00, 0x00, 0x00, 0x8a, 0x05, // ..a.............
	0x00, 0x00, 0x87, 0x05, 0x00, 0x00, 0x87, 0x05, 0x00, 0x00, 0x8e, 0x00, 0x05, 0x00, 0x1a, 0x00, // ................
	0x00, 0x00, 0x8c, 0x05, 0x00, 0x00, 0x87, 0x05, 0x00, 0x00, 0xb0, 0x00, 0x00, 0x00, 0x83, 0x00, // ................
	0x05, 0x00, 0x1a, 0x00, 0x00, 0x00, 0x8e, 0x05, 0x00, 0x00, 0x47, 0x0d, 0x00, 0x00, 0x8c, 0x05, // ..........G.....
	0x00, 0x00, 0x85, 0x00, 0x05, 0x00, 0x1a, 0x00, 0x00, 0x00, 0x8f, 0x05, 0x00, 0x00, 0x8a, 0x05, // ................
	0x00, 0x00, 0x8e, 0x05, 0x00, 0x00, 0x8e, 0x00, 0x05, 0x00, 0x1a, 0x00, 0x00, 0x00, 0xca, 0x05, // ................
	0x00, 0x00, 0x85, 0x05, 0x00, 0x00, 0x8a, 0x00, 0x00, 0x00, 0x0c, 0x00, 0x06, 0x00, 0x1a, 0x00, // ................
	0x00, 0x00, 0xcb, 0x05, 0x00, 0x00, 0x01, 0x00, 0x00, 0x00, 0x0a, 0x00, 0x00, 0x00, 0xca, 0x05, // ................
	0x00, 0x00, 0x4f, 0x00, 0x08, 0x00, 0x1a, 0x00, 0x00, 0x00, 0xce, 0x05, 0x00, 0x00, 0xcb, 0x05, // ..O.............
	0x00, 0x00, 0xcb, 0x05, 0x00, 0x00, 0x01, 0x00, 0x00, 0x00, 0x02, 0x00, 0x00, 0x00, 0x00, 0x00, // ................
	0x00, 0x00, 0x81, 0x00, 0x05, 0x00, 0x1a, 0x00, 0x00, 0x00, 0xd0, 0x05, 0x00, 0x00, 0xce, 0x05, // ................
	0x00, 0x00, 0x48, 0x0d, 0x00, 0x00, 0x94, 0x00, 0x05, 0x00, 0x07, 0x00, 0x00, 0x00, 0xd1, 0x05, // ..H.............
	0x00, 0x00, 0xcb, 0x05, 0x00, 0x00, 0xd0, 0x05, 0x00, 0x00, 0x50, 0x00, 0x06, 0x00, 0x1a, 0x00, // ..........P.....
	0x00, 0x00, 0xd3, 0x05, 0x00, 0x00, 0xd1, 0x05, 0x00, 0x00, 0xd1, 0x05, 0x00, 0x00, 0xd1, 0x05, // ................
	0x00, 0x00, 0x81, 0x00, 0x05, 0x00, 0x1a, 0x00, 0x00, 0x00, 0xd4, 0x05, 0x00, 0x00, 0xcb, 0x05, // ................
	0x00, 0x00, 0xd3, 0x05, 0x00, 0x00, 0x51, 0x00, 0x05, 0x00, 0x07, 0x00, 0x00, 0x00, 0xd6, 0x05, // ......Q.........
	0x00, 0x00, 0xd4, 0x05, 0x00, 0x00, 0x00, 0x00, 0x00, 0x00, 0x51, 0x00, 0x05, 0x00, 0x07, 0x00, // ..........Q.....
	0x00, 0x00, 0xd8, 0x05, 0x00, 0x00, 0xd4, 0x05, 0x00, 0x00, 0x01, 0x00, 0x00, 0x00, 0x81, 0x00, // ................
	0x05, 0x00, 0x07, 0x00, 0x00, 0x00, 0xd9, 0x05, 0x00, 0x00, 0xd6, 0x05, 0x00, 0x00, 0xd8, 0x05, // ................
	0x00, 0x00, 0x51, 0x00, 0x05, 0x00, 0x07, 0x00, 0x00, 0x00, 0xdb, 0x05, 0x00, 0x00, 0xd4, 0x05, // ..Q.............
	0x00, 0x00, 0x02, 0x00, 0x00, 0x00, 0x85, 0x00, 0x05, 0x00, 0x07, 0x00, 0x00, 0x00, 0xdc, 0x05, // ................
	0x00, 0x00, 0xd9, 0x05, 0x00, 0x00, 0xdb, 0x05, 0x00, 0x00, 0x0c, 0x00, 0x06, 0x00, 0x07, 0x00, // ................
	0x00, 0x00, 0xdd, 0x05, 0x00, 0x00, 0x01, 0x00, 0x00, 0x00, 0x0a, 0x00, 0x00, 0x00, 0xdc, 0x05, // ................
	0x00, 0x00, 0x81, 0x00, 0x05, 0x00, 0x1a, 0x00, 0x00, 0x00, 0x94, 0x05, 0x00, 0x00, 0x85, 0x05, // ................
	0x00, 0x00, 0xbf, 0x00, 0x00, 0x00, 0x8e, 0x00, 0x05, 0x00, 0x1a, 0x00, 0x00, 0x00, 0xe1, 0x05, // ................
	0x00, 0x00, 0x94, 0x05, 0x00, 0x00, 0x8a, 0x00, 0x00, 0x00, 0x0c, 0x00, 0x06, 0x00, 0x1a, 0x00, // ................
	0x00, 0x00, 0xe2, 0x05, 0x00, 0x00, 0x01, 0x00, 0x00, 0x00, 0x0a, 0x00, 0x00, 0x00, 0xe1, 0x05, // ................
	0x00, 0x00, 0x4f, 0x00, 0x08, 0x00, 0x1a, 0x00, 0x00, 0x00, 0xe5, 0x05, 0x00, 0x00, 0xe2, 0x05, // ..O.............
	0x00, 0x00, 0xe2, 0x05, 0x00, 0x00, 0x01, 0x00, 0x00, 0x00, 0x02, 0x00, 0x00, 0x00, 0x00, 0x00, // ................
	0x00, 0x00, 0x81, 0x00, 0x05, 0x00, 0x1a, 0x00, 0x00, 0x00, 0xe7, 0x05, 0x00, 0x00, 0xe5, 0x05, // ................
	0x00, 0x00, 0x48, 0x0d, 0x00, 0x00, 0x94, 0x00, 0x05, 0x00, 0x07, 0x00, 0x00, 0x00, 0xe8, 0x05, // ..H.............
	0x00, 0x00, 0xe2, 0x05, 0x00, 0x00, 0xe7, 0x05, 0x00, 0x00, 0x50, 0x00, 0x06, 0x00, 0x1a, 0x00, // ..........P.....
	0x00, 0x00, 0xea, 0x05, 0x00, 0x00, 0xe8, 0x05, 0x00, 0x00, 0xe8, 0x05, 0x00, 0x00, 0xe8, 0x05, // ................
	0x00, 0x00, 0x81, 0x00, 0x05, 0x00, 0x1a, 0x00, 0x00, 0x00, 0xeb, 0x05, 0x00, 0x00, 0xe2, 0x05, // ................
	0x00, 0x00, 0xea, 0x05, 0x00, 0x00, 0x51, 0x00, 0x05, 0x00, 0x07, 0x00, 0x00, 0x00, 0xed, 0x05, // ......Q.........
	0x00, 0x00, 0xeb, 0x05, 0x00, 0x00, 0x00, 0x00, 0x00, 0x00, 0x51, 0x00, 0x05, 0x00, 0x07, 0x00, // ..........Q.....
	0x00, 0x00, 0xef, 0x05, 0x00, 0x00, 0xeb, 0x05, 0x00, 0x00, 0x01, 0x00, 0x00, 0x00, 0x81, 0x00, // ................
	0x05, 0x00, 0x07, 0x00, 0x00, 0x00, 0xf0, 0x05, 0x00, 0x00, 0xed, 0x05, 0x00, 0x00, 0xef, 0x05, // ................
	0x00, 0x00, 0x51, 0x00, 0x05, 0x00, 0x07, 0x00, 0x00, 0x00, 0xf2, 0x05, 0x00, 0x00, 0xeb, 0x05, // ..Q.............
	0x00, 0x00, 0x02, 0x00, 0x00, 0x00, 0x85, 0x00, 0x05, 0x00, 0x07, 0x00, 0x00, 0x00, 0xf3, 0x05, // ................
	0x00, 0x00, 0xf0, 0x05, 0x00, 0x00, 0xf2, 0x05, 0x00, 0x00, 0x0c, 0x00, 0x06, 0x00, 0x07, 0x00, // ................
	0x00, 0x00, 0xf4, 0x05, 0x00, 0x00, 0x01, 0x00, 0x00, 0x00, 0x0a, 0x00, 0x00, 0x00, 0xf3, 0x05, // ................
	0x00, 0x00, 0x81, 0x00, 0x05, 0x00, 0x1a, 0x00, 0x00, 0x00, 0x97, 0x05, 0x00, 0x00, 0x85, 0x05, // ................
	0x00, 0x00, 0xc5, 0x00, 0x00, 0x00, 0x8e, 0x00, 0x05, 0x00, 0x1a, 0x00, 0x00, 0x00, 0xf8, 0x05, // ................
	0x00, 0x00, 0x97, 0x05, 0x00, 0x00, 0x8a, 0x00, 0x00, 0x00, 0x0c, 0x00, 0x06, 0x00, 0x1a, 0x00, // ................
	0x00, 0x00, 0xf9, 0x05, 0x00, 0x00, 0x01, 0x00, 0x00, 0x00, 0x0a, 0x00, 0x00, 0x00, 0xf8, 0x05, // ................
	0x00, 0x00, 0x4f, 0x00, 0x08, 0x00, 0x1a, 0x00, 0x00, 0x00, 0xfc, 0x05, 0x00, 0x00, 0xf9, 0x05, // ..O.............
	0x00, 0x00, 0xf9, 0x05, 0x00, 0x00, 0x01, 0x00, 0x00, 0x00, 0x02, 0x00, 0x00, 0x00, 0x00, 0x00, // ................
	0x00, 0x00, 0x81, 0x00, 0x05, 0x00, 0x1a, 0x00, 0x00, 0x00, 0xfe, 0x05, 0x00, 0x00, 0xfc, 0x05, // ................
	0x00, 0x00, 0x48, 0x0d, 0x00, 0x00, 0x94, 0x00, 0x05, 0x00, 0x07, 0x00, 0x00, 0x00, 0xff, 0x05, // ..H.............
	0x00, 0x00, 0xf9, 0x05, 0x00, 0x00, 0xfe, 0x05, 0x00, 0x00, 0x50, 0x00, 0x06, 0x00, 0x1a, 0x00, // ..........P.....
	0x00, 0x00, 0x01, 0x06, 0x00, 0x00, 0xff, 0x05, 0x00, 0x00, 0xff, 0x05, 0x00, 0x00, 0xff, 0x05, // ................
	0x00, 0x00, 0x81, 0x00, 0x05, 0x00, 0x1a, 0x00, 0x00, 0x00, 0x02, 0x06, 0x00, 0x00, 0xf9, 0x05, // ................
	0x00, 0x00, 0x01, 0x06, 0x00, 0x00, 0x51, 0x00, 0x05, 0x00, 0x07, 0x00, 0x00, 0x00, 0x04, 0x06, // ......Q.........
	0x00, 0x00, 0x02, 0x06, 0x00, 0x00, 0x00, 0x00, 0x00, 0x00, 0x51, 0x00, 0x05, 0x00, 0x07, 0x00, // ..........Q.....
	0x00, 0x00, 0x06, 0x06, 0x00, 0x00, 0x02, 0x06, 0x00, 0x00, 0x01, 0x00, 0x00, 0x00, 0x81, 0x00, // ................
	0x05, 0x00, 0x07, 0x00, 0x00, 0x00, 0x07, 0x06, 0x00, 0x00, 0x04, 0x06, 0x00, 0x00, 0x06, 0x06, // ................
	0x00, 0x00, 0x51, 0x00, 0x05, 0x00, 0x07, 0x00, 0x00, 0x00, 0x09, 0x06, 0x00, 0x00, 0x02, 0x06, // ..Q.............
	0x00, 0x00, 0x02, 0x00, 0x00, 0x00, 0x85, 0x00, 0x05, 0x00, 0x07, 0x00, 0x00, 0x00, 0x0a, 0x06, // ................
	0x00, 0x00, 0x07, 0x06, 0x00, 0x00, 0x09, 0x06, 0x00, 0x00, 0x0c, 0x00, 0x06, 0x00, 0x07, 0x00, // ................
	0x00, 0x00, 0x0b, 0x06, 0x00, 0x00, 0x01, 0x00, 0x00, 0x00, 0x0a, 0x00, 0x00, 0x00, 0x0a, 0x06, // ................
	0x00, 0x00, 0x81, 0x00, 0x05, 0x00, 0x1a, 0x00, 0x00, 0x00, 0x9a, 0x05, 0x00, 0x00, 0x85, 0x05, // ................
	0x00, 0x00, 0xcb, 0x00, 0x00, 0x00, 0x8e, 0x00, 0x05, 0x00, 0x1a, 0x00, 0x00, 0x00, 0x0f, 0x06, // ................
	0x00, 0x00, 0x9a, 0x05, 0x00, 0x00, 0x8a, 0x00, 0x00, 0x00, 0x0c, 0x00, 0x06, 0x00, 0x1a, 0x00, // ................
	0x00, 0x00, 0x10, 0x06, 0x00, 0x00, 0x01, 0x00, 0x00, 0x00, 0x0a, 0x00, 0x00, 0x00, 0x0f, 0x06, // ................
	0x00, 0x00, 0x4f, 0x00, 0x08, 0x00, 0x1a, 0x00, 0x00, 0x00, 0x13, 0x06, 0x00, 0x00, 0x10, 0x06, // ..O.............
	0x00, 0x00, 0x10, 0x06, 0x00, 0x00, 0x01, 0x00, 0x00, 0x00, 0x02, 0x00, 0x00, 0x00, 0x00, 0x00, // ................
	0x00, 0x00, 0x81, 0x00, 0x05, 0x00, 0x1a, 0x00, 0x00, 0x00, 0x15, 0x06, 0x00, 0x00, 0x13, 0x06, // ................
	0x00, 0x00, 0x48, 0x0d, 0x00, 0x00, 0x94, 0x00, 0x05, 0x00, 0x07, 0x00, 0x00, 0x00, 0x16, 0x06, // ..H.............
	0x00, 0x00, 0x10, 0x06, 0x00, 0x00, 0x15, 0x06, 0x00, 0x00, 0x50, 0x00, 0x06, 0x00, 0x1a, 0x00, // ..........P.....
	0x00, 0x00, 0x18, 0x06, 0x00, 0x00, 0x16, 0x06, 0x00, 0x00, 0x16, 0x06, 0x00, 0x00, 0x16, 0x06, // ................
	0x00, 0x00, 0x81, 0x00, 0x05, 0x00, 0x1a, 0x00, 0x00, 0x00, 0x19, 0x06, 0x00, 0x00, 0x10, 0x06, // ................
	0x00, 0x00, 0x18, 0x06, 0x00, 0x00, 0x51, 0x00, 0x05, 0x00, 0x07, 0x00, 0x00, 0x00, 0x1b, 0x06, // ......Q.........
	0x00, 0x00, 0x19, 0x06, 0x00, 0x00, 0x00, 0x00, 0x00, 0x00, 0x51, 0x00, 0x05, 0x00, 0x07, 0x00, // ..........Q.....
	0x00, 0x00, 0x1d, 0x06, 0x00, 0x00, 0x19, 0x06, 0x00, 0x00, 0x01, 0x00, 0x00, 0x00, 0x81, 0x00, // ................
	0x05, 0x00, 0x07, 0x00, 0x00, 0x00, 0x1e, 0x06, 0x00, 0x00, 0x1b, 0x06, 0x00, 0x00, 0x1d, 0x06, // ................
	0x00, 0x00, 0x51, 0x00, 0x05, 0x00, 0x07, 0x00, 0x00, 0x00, 0x20, 0x06, 0x00, 0x00, 0x19, 0x06, // ..Q....... .....
	0x00, 0x00, 0x02, 0x00, 0x00, 0x00, 0x85, 0x00, 0x05, 0x00, 0x07, 0x00, 0x00, 0x00, 0x21, 0x06, // ..............!.
	0x00, 0x00, 0x1e, 0x06, 0x00, 0x00, 0x20, 0x06, 0x00, 0x00, 0x0c, 0x00, 0x06, 0x00, 0x07, 0x00, // ...... .........
	0x00, 0x00, 0x22, 0x06, 0x00, 0x00, 0x01, 0x00, 0x00, 0x00, 0x0a, 0x00, 0x00, 0x00, 0x21, 0x06, // .."...........!.
	0x00, 0x00, 0x81, 0x00, 0x05, 0x00, 0x1a, 0x00, 0x00, 0x00, 0x9d, 0x05, 0x00, 0x00, 0x85, 0x05, // ................
	0x00, 0x00, 0xd1, 0x00, 0x00, 0x00, 0x8e, 0x00, 0x05, 0x00, 0x1a, 0x00, 0x00, 0x00, 0x26, 0x06, // ..............&.
	0x00, 0x00, 0x9d, 0x05, 0x00, 0x00, 0x8a, 0x00, 0x00, 0x00, 0x0c, 0x00, 0x06, 0x00, 0x1a, 0x00, // ................
	0x00, 0x00, 0x27, 0x06, 0x00, 0x00, 0x01, 0x00, 0x00, 0x00, 0x0a, 0x00, 0x00, 0x00, 0x26, 0x06, // ..'...........&.
	0x00, 0x00, 0x4f, 0x00, 0x08, 0x00, 0x1a, 0x00, 0x00, 0x00, 0x2a, 0x06, 0x00, 0x00, 0x27, 0x06, // ..O.......*...'.
	0x00, 0x00, 0x27, 0x06, 0x00, 0x00, 0x01, 0x00, 0x00, 0x00, 0x02, 0x00, 0x00, 0x00, 0x00, 0x00, // ..'.............
	0x00, 0x00, 0x81, 0x00, 0x05, 0x00, 0x1a, 0x00, 0x00, 0x00, 0x2c, 0x06, 0x00, 0x00, 0x2a, 0x06, // ..........,...*.
	0x00, 0x00, 0x48, 0x0d, 0x00, 0x00, 0x94, 0x00, 0x05, 0x00, 0x07, 0x00, 0x00, 0x00, 0x2d, 0x06, // ..H...........-.
	0x00, 0x00, 0x27, 0x06, 0x00, 0x00, 0x2c, 0x06, 0x00, 0x00, 0x50, 0x00, 0x06, 0x00, 0x1a, 0x00, // ..'...,...P.....
	0x00, 0x00, 0x2f, 0x06, 0x00, 0x00, 0x2d, 0x06, 0x00, 0x00, 0x2d, 0x06, 0x00, 0x00, 0x2d, 0x06, // ../...-...-...-.
	0x00, 0x00, 0x81, 0x00, 0x05, 0x00, 0x1a, 0x00, 0x00, 0x00, 0x30, 0x06, 0x00, 0x00, 0x27, 0x06, // ..........0...'.
	0x00, 0x00, 0x2f, 0x06, 0x00, 0x00, 0x51, 0x00, 0x05, 0x00, 0x07, 0x00, 0x00, 0x00, 0x32, 0x06, // ../...Q.......2.
	0x00, 0x00, 0x30, 0x06, 0x00, 0x00, 0x00, 0x00, 0x00, 0x00, 0x51, 0x00, 0x05, 0x00, 0x07, 0x00, // ..0.......Q.....
	0x00, 0x00, 0x34, 0x06, 0x00, 0x00, 0x30, 0x06, 0x00, 0x00, 0x01, 0x00, 0x00, 0x00, 0x81, 0x00, // ..4...0.........
	0x05, 0x00, 0x07, 0x00, 0x00, 0x00, 0x35, 0x06, 0x00, 0x00, 0x32, 0x06, 0x00, 0x00, 0x34, 0x06, // ......5...2...4.
	0x00, 0x00, 0x51, 0x00, 0x05, 0x00, 0x07, 0x00, 0x00, 0x00, 0x37, 0x06, 0x00, 0x00, 0x30, 0x06, // ..Q.......7...0.
	0x00, 0x00, 0x02, 0x00, 0x00, 0x00, 0x85, 0x00, 0x05, 0x00, 0x07, 0x00, 0x00, 0x00, 0x38, 0x06, // ..............8.
	0x00, 0x00, 0x35, 0x06, 0x00, 0x00, 0x37, 0x06, 0x00, 0x00, 0x0c, 0x00, 0x06, 0x00, 0x07, 0x00, // ..5...7.........
	0x00, 0x00, 0x39, 0x06, 0x00, 0x00, 0x01, 0x00, 0x00, 0x00, 0x0a, 0x00, 0x00, 0x00, 0x38, 0x06, // ..9...........8.
	0x00, 0x00, 0x81, 0x00, 0x05, 0x00, 0x1a, 0x00, 0x00, 0x00, 0xa0, 0x05, 0x00, 0x00, 0x85, 0x05, // ................
	0x00, 0x00, 0xd7, 0x00, 0x00, 0x00, 0x8e, 0x00, 0x05, 0x00, 0x1a, 0x00, 0x00, 0x00, 0x3d, 0x06, // ..............=.
	0x00, 0x00, 0xa0, 0x05, 0x00, 0x00, 0x8a, 0x00, 0x00, 0x00, 0x0c, 0x00, 0x06, 0x00, 0x1a, 0x00, // ................
	0x00, 0x00, 0x3e, 0x06, 0x00, 0x00, 0x01, 0x00, 0x00, 0x00, 0x0a, 0x00, 0x00, 0x00, 0x3d, 0x06, // ..>...........=.
	0x00, 0x00, 0x4f, 0x00, 0x08, 0x00, 0x1a, 0x00, 0x00, 0x00, 0x41, 0x06, 0x00, 0x00, 0x3e, 0x06, // ..O.......A...>.
	0x00, 0x00, 0x3e, 0x06, 0x00, 0x00, 0x01, 0x00, 0x00, 0x00, 0x02, 0x00, 0x00, 0x00, 0x00, 0x00, // ..>.............
	0x00, 0x00, 0x81, 0x00, 0x05, 0x00, 0x1a, 0x00, 0x00, 0x00, 0x43, 0x06, 0x00, 0x00, 0x41, 0x06, // ..........C...A.
	0x00, 0x00, 0x48, 0x0d, 0x00, 0x00, 0x94, 0x00, 0x05, 0x00, 0x07, 0x00, 0x00, 0x00, 0x44, 0x06, // ..H...........D.
	0x00, 0x00, 0x3e, 0x06, 0x00, 0x00, 0x43, 0x06, 0x00, 0x00, 0x50, 0x00, 0x06, 0x00, 0x1a, 0x00, // ..>...C...P.....
	0x00, 0x00, 0x46, 0x06, 0x00, 0x00, 0x44, 0x06, 0x00, 0x00, 0x44, 0x06, 0x00, 0x00, 0x44, 0x06, // ..F...D...D...D.
	0x00, 0x00, 0x81, 0x00, 0x05, 0x00, 0x1a, 0x00, 0x00, 0x00, 0x47, 0x06, 0x00, 0x00, 0x3e, 0x06, // ..........G...>.
	0x00, 0x00, 0x46, 0x06, 0x00, 0x00, 0x51, 0x00, 0x05, 0x00, 0x07, 0x00, 0x00, 0x00, 0x49, 0x06, // ..F...Q.......I.
	0x00, 0x00, 0x47, 0x06, 0x00, 0x00, 0x00, 0x00, 0x00, 0x00, 0x51, 0x00, 0x05, 0x00, 0x07, 0x00, // ..G.......Q.....
	0x00, 0x00, 0x4b, 0x06, 0x00, 0x00, 0x47, 0x06, 0x00, 0x00, 0x01, 0x00, 0x00, 0x00, 0x81, 0x00, // ..K...G.........
	0x05, 0x00, 0x07, 0x00, 0x00, 0x00, 0x4c, 0x06, 0x00, 0x00, 0x49, 0x06, 0x00, 0x00, 0x4b, 0x06, // ......L...I...K.
	0x00, 0x00, 0x51, 0x00, 0x05, 0x00, 0x07, 0x00, 0x00, 0x00, 0x4e, 0x06, 0x00, 0x00, 0x47, 0x06, // ..Q.......N...G.
	0x00, 0x00, 0x02, 0x00, 0x00, 0x00, 0x85, 0x00, 0x05, 0x00, 0x07, 0x00, 0x00, 0x00, 0x4f, 0x06, // ..............O.
	0x00, 0x00, 0x4c, 0x06, 0x00, 0x00, 0x4e, 0x06, 0x00, 0x00, 0x0c, 0x00, 0x06, 0x00, 0x07, 0x00, // ..L...N.........
	0x00, 0x00, 0x50, 0x06, 0x00, 0x00, 0x01, 0x00, 0x00, 0x00, 0x0a, 0x00, 0x00, 0x00, 0x4f, 0x06, // ..P...........O.
	0x00, 0x00, 0x81, 0x00, 0x05, 0x00, 0x1a, 0x00, 0x00, 0x00, 0xa3, 0x05, 0x00, 0x00, 0x85, 0x05, // ................
	0x00, 0x00, 0xdd, 0x00, 0x00, 0x00, 0x8e, 0x00, 0x05, 0x00, 0x1a, 0x00, 0x00, 0x00, 0x54, 0x06, // ..............T.
	0x00, 0x00, 0xa3, 0x05, 0x00, 0x00, 0x8a, 0x00, 0x00, 0x00, 0x0c, 0x00, 0x06, 0x00, 0x1a, 0x00, // ................
	0x00, 0x00, 0x55, 0x06, 0x00, 0x00, 0x01, 0x00, 0x00, 0x00, 0x0a, 0x00, 0x00, 0x00, 0x54, 0x06, // ..U...........T.
	0x00, 0x00, 0x4f, 0x00, 0x08, 0x00, 0x1a, 0x00, 0x00, 0x00, 0x58, 0x06, 0x00, 0x00, 0x55, 0x06, // ..O.......X...U.
	0x00, 0x00, 0x55, 0x06, 0x00, 0x00, 0x01, 0x00, 0x00, 0x00, 0x02, 0x00, 0x00, 0x00, 0x00, 0x00, // ..U.............
	0x00, 0x00, 0x81, 0x00, 0x05, 0x00, 0x1a, 0x00, 0x00, 0x00, 0x5a, 0x06, 0x00, 0x00, 0x58, 0x06, // ..........Z...X.
	0x00, 0x00, 0x48, 0x0d, 0x00, 0x00, 0x94, 0x00, 0x05, 0x00, 0x07, 0x00, 0x00, 0x00, 0x5b, 0x06, // ..H...........[.
	0x00, 0x00, 0x55, 0x06, 0x00, 0x00, 0x5a, 0x06, 0x00, 0x00, 0x50, 0x00, 0x06, 0x00, 0x1a, 0x00, // ..U...Z...P.....
	0x00, 0x00, 0x5d, 0x06, 0x00, 0x00, 0x5b, 0x06, 0x00, 0x00, 0x5b, 0x06, 0x00, 0x00, 0x5b, 0x06, // ..]...[...[...[.
	0x00, 0x00, 0x81, 0x00, 0x05, 0x00, 0x1a, 0x00, 0x00, 0x00, 0x5e, 0x06, 0x00, 0x00, 0x55, 0x06, // ..........^...U.
	0x00, 0x00, 0x5d, 0x06, 0x00, 0x00, 0x51, 0x00, 0x05, 0x00, 0x07, 0x00, 0x00, 0x00, 0x60, 0x06, // ..]...Q.......`.
	0x00, 0x00, 0x5e, 0x06, 0x00, 0x00, 0x00, 0x00, 0x00, 0x00, 0x51, 0x00, 0x05, 0x00, 0x07, 0x00, // ..^.......Q.....
	0x00, 0x00, 0x62, 0x06, 0x00, 0x00, 0x5e, 0x06, 0x00, 0x00, 0x01, 0x00, 0x00, 0x00, 0x81, 0x00, // ..b...^.........
	0x05, 0x00, 0x07, 0x00, 0x00, 0x00, 0x63, 0x06, 0x00, 0x00, 0x60, 0x06, 0x00, 0x00, 0x62, 0x06, // ......c...`...b.
	0x00, 0x00, 0x51, 0x00, 0x05, 0x00, 0x07, 0x00, 0x00, 0x00, 0x65, 0x06, 0x00, 0x00, 0x5e, 0x06, // ..Q.......e...^.
	0x00, 0x00, 0x02, 0x00, 0x00, 0x00, 0x85, 0x00, 0x05, 0x00, 0x07, 0x00, 0x00, 0x00, 0x66, 0x06, // ..............f.
	0x00, 0x00, 0x63, 0x06, 0x00, 0x00, 0x65, 0x06, 0x00, 0x00, 0x0c, 0x00, 0x06, 0x00, 0x07, 0x00, // ..c...e.........
	0x00, 0x00, 0x67, 0x06, 0x00, 0x00, 0x01, 0x00, 0x00, 0x00, 0x0a, 0x00, 0x00, 0x00, 0x66, 0x06, // ..g...........f.
	0x00, 0x00, 0x81, 0x00, 0x05, 0x00, 0x1a, 0x00, 0x00, 0x00, 0xa6, 0x05, 0x00, 0x00, 0x85, 0x05, // ................
	0x00, 0x00, 0xe3, 0x00, 0x00, 0x00, 0x8e, 0x00, 0x05, 0x00, 0x1a, 0x00, 0x00, 0x00, 0x6b, 0x06, // ..............k.
	0x00, 0x00, 0xa6, 0x05, 0x00, 0x00, 0x8a, 0x00, 0x00, 0x00, 0x0c, 0x00, 0x06, 0x00, 0x1a, 0x00, // ................
	0x00, 0x00, 0x6c, 0x06, 0x00, 0x00, 0x01, 0x00, 0x00, 0x00, 0x0a, 0x00, 0x00, 0x00, 0x6b, 0x06, // ..l...........k.
	0x00, 0x00, 0x4f, 0x00, 0x08, 0x00, 0x1a, 0x00, 0x00, 0x00, 0x6f, 0x06, 0x00, 0x00, 0x6c, 0x06, // ..O.......o...l.
	0x00, 0x00, 0x6c, 0x06, 0x00, 0x00, 0x01, 0x00, 0x00, 0x00, 0x02, 0x00, 0x00, 0x00, 0x00, 0x00, // ..l.............
	0x00, 0x00, 0x81, 0x00, 0x05, 0x00, 0x1a, 0x00, 0x00, 0x00, 0x71, 0x06, 0x00, 0x00, 0x6f, 0x06, // ..........q...o.
	0x00, 0x00, 0x48, 0x0d, 0x00, 0x00, 0x94, 0x00, 0x05, 0x00, 0x07, 0x00, 0x00, 0x00, 0x72, 0x06, // ..H...........r.
	0x00, 0x00, 0x6c, 0x06, 0x00, 0x00, 0x71, 0x06, 0x00, 0x00, 0x50, 0x00, 0x06, 0x00, 0x1a, 0x00, // ..l...q...P.....
	0x00, 0x00, 0x74, 0x06, 0x00, 0x00, 0x72, 0x06, 0x00, 0x00, 0x72, 0x06, 0x00, 0x00, 0x72, 0x06, // ..t...r...r...r.
	0x00, 0x00, 0x81, 0x00, 0x05, 0x00, 0x1a, 0x00, 0x00, 0x00, 0x75, 0x06, 0x00, 0x00, 0x6c, 0x06, // ..........u...l.
	0x00, 0x00, 0x74, 0x06, 0x00, 0x00, 0x51, 0x00, 0x05, 0x00, 0x07, 0x00, 0x00, 0x00, 0x77, 0x06, // ..t...Q.......w.
	0x00, 0x00, 0x75, 0x06, 0x00, 0x00, 0x00, 0x00, 0x00, 0x00, 0x51, 0x00, 0x05, 0x00, 0x07, 0x00, // ..u.......Q.....
	0x00, 0x00, 0x79, 0x06, 0x00, 0x00, 0x75, 0x06, 0x00, 0x00, 0x01, 0x00, 0x00, 0x00, 0x81, 0x00, // ..y...u.........
	0x05, 0x00, 0x07, 0x00, 0x00, 0x00, 0x7a, 0x06, 0x00, 0x00, 0x77, 0x06, 0x00, 0x00, 0x79, 0x06, // ......z...w...y.
	0x00, 0x00, 0x51, 0x00, 0x05, 0x00, 0x07, 0x00, 0x00, 0x00, 0x7c, 0x06, 0x00, 0x00, 0x75, 0x06, // ..Q.......|...u.
	0x00, 0x00, 0x02, 0x00, 0x00, 0x00, 0x85, 0x00, 0x05, 0x00, 0x07, 0x00, 0x00, 0x00, 0x7d, 0x06, // ..............}.
	0x00, 0x00, 0x7a, 0x06, 0x00, 0x00, 0x7c, 0x06, 0x00, 0x00, 0x0c, 0x00, 0x06, 0x00, 0x07, 0x00, // ..z...|.........
	0x00, 0x00, 0x7e, 0x06, 0x00, 0x00, 0x01, 0x00, 0x00, 0x00, 0x0a, 0x00, 0x00, 0x00, 0x7d, 0x06, // ..~...........}.
	0x00, 0x00, 0x51, 0x00, 0x05, 0x00, 0x07, 0x00, 0x00, 0x00, 0xab, 0x05, 0x00, 0x00, 0x8f, 0x05, // ..Q.............
	0x00, 0x00, 0x00, 0x00, 0x00, 0x00, 0x0c, 0x00, 0x08, 0x00, 0x07, 0x00, 0x00, 0x00, 0x84, 0x06, // ................
	0x00, 0x00, 0x01, 0x00, 0x00, 0x00, 0x2e, 0x00, 0x00, 0x00, 0xdd, 0x05, 0x00, 0x00, 0xf4, 0x05, // ................
	0x00, 0x00, 0xab, 0x05, 0x00, 0x00, 0x0c, 0x00, 0x08, 0x00, 0x07, 0x00, 0x00, 0x00, 0x8a, 0x06, // ................
	0x00, 0x00, 0x01, 0x00, 0x00, 0x00, 0x2e, 0x00, 0x00, 0x00, 0x0b, 0x06, 0x00, 0x00, 0x22, 0x06, // ..............".
	0x00, 0x00, 0xab, 0x05, 0x00, 0x00, 0x51, 0x00, 0x05, 0x00, 0x07, 0x00, 0x00, 0x00, 0xb3, 0x05, // ......Q.........
	0x00, 0x00, 0x8f, 0x05, 0x00, 0x00, 0x01, 0x00, 0x00, 0x00, 0x0c, 0x00, 0x08, 0x00, 0x07, 0x00, // ................
	0x00, 0x00, 0x90, 0x06, 0x00, 0x00, 0x01, 0x00, 0x00, 0x00, 0x2e, 0x00, 0x00, 0x00, 0x84, 0x06, // ................
	0x00, 0x00, 0x8a, 0x06, 0x00, 0x00, 0xb3, 0x05, 0x00, 0x00, 0x0c, 0x00, 0x08, 0x00, 0x07, 0x00, // ................
	0x00, 0x00, 0x96, 0x06, 0x00, 0x00, 0x01, 0x00, 0x00, 0x00, 0x2e, 0x00, 0x00, 0x00, 0x39, 0x06, // ..............9.
	0x00, 0x00, 0x50, 0x06, 0x00, 0x00, 0xab, 0x05, 0x00, 0x00, 0x0c, 0x00, 0x08, 0x00, 0x07, 0x00, // ..P.............
	0x00, 0x00, 0x9c, 0x06, 0x00, 0x00, 0x01, 0x00, 0x00, 0x00, 0x2e, 0x00, 0x00, 0x00, 0x67, 0x06, // ..............g.
	0x00, 0x00, 0x7e, 0x06, 0x00, 0x00, 0xab, 0x05, 0x00, 0x00, 0x0c, 0x00, 0x08, 0x00, 0x07, 0x00, // ..~.............
	0x00, 0x00, 0xa2, 0x06, 0x00, 0x00, 0x01, 0x00, 0x00, 0x00, 0x2e, 0x00, 0x00, 0x00, 0x96, 0x06, // ................
	0x00, 0x00, 0x9c, 0x06, 0x00, 0x00, 0xb3, 0x05, 0x00, 0x00, 0x51, 0x00, 0x05, 0x00, 0x07, 0x00, // ..........Q.....
	0x00, 0x00, 0xc5, 0x05, 0x00, 0x00, 0x8f, 0x05, 0x00, 0x00, 0x02, 0x00, 0x00, 0x00, 0x0c, 0x00, // ................
	0x08, 0x00, 0x07, 0x00, 0x00, 0x00, 0xa8, 0x06, 0x00, 0x00, 0x01, 0x00, 0x00, 0x00, 0x2e, 0x00, // ................
	0x00, 0x00, 0x90, 0x06, 0x00, 0x00, 0xa2, 0x06, 0x00, 0x00, 0xc5, 0x05, 0x00, 0x00, 0x85, 0x00, // ................
	0x05, 0x00, 0x07, 0x00, 0x00, 0x00, 0x4d, 0x05, 0x00, 0x00, 0x60, 0x0d, 0x00, 0x00, 0xa8, 0x06, // ......M...`.....
	0x00, 0x00, 0x81, 0x00, 0x05, 0x00, 0x07, 0x00, 0x00, 0x00, 0x4f, 0x05, 0x00, 0x00, 0x52, 0x0d, // ..........O...R.
	0x00, 0x00, 0x4d, 0x05, 0x00, 0x00, 0x8e, 0x00, 0x05, 0x00, 0x1a, 0x00, 0x00, 0x00, 0x51, 0x05, // ..M...........Q.
	0x00, 0x00, 0x61, 0x0d, 0x00, 0x00, 0x34, 0x01, 0x00, 0x00, 0x85, 0x00, 0x05, 0x00, 0x07, 0x00, // ..a...4.........
	0x00, 0x00, 0x53, 0x05, 0x00, 0x00, 0x60, 0x0d, 0x00, 0x00, 0x21, 0x01, 0x00, 0x00, 0x80, 0x00, // ..S...`...!.....
	0x05, 0x00, 0x5b, 0x00, 0x00, 0x00, 0x56, 0x05, 0x00, 0x00, 0x51, 0x0d, 0x00, 0x00, 0x5c, 0x00, // ..[...V...Q.....
	0x00, 0x00, 0xf9, 0x00, 0x02, 0x00, 0x45, 0x05, 0x00, 0x00, 0xf8, 0x00, 0x02, 0x00, 0x57, 0x05, // ......E.......W.
	0x00, 0x00, 0x41, 0x00, 0x06, 0x00, 0x43, 0x01, 0x00, 0x00, 0x22, 0x05, 0x00, 0x00, 0x42, 0x01, // ..A...C..."...B.
	0x00, 0x00, 0x2a, 0x01, 0x00, 0x00, 0x98, 0x00, 0x00, 0x00, 0x3d, 0x00, 0x04, 0x00, 0x07, 0x00, // ..*.......=.....
	0x00, 0x00, 0x23, 0x05, 0x00, 0x00, 0x22, 0x05, 0x00, 0x00, 0x0c, 0x00, 0x08, 0x00, 0x07, 0x00, // ..#...".........
	0x00, 0x00, 0x24, 0x05, 0x00, 0x00, 0x01, 0x00, 0x00, 0x00, 0x2b, 0x00, 0x00, 0x00, 0x23, 0x05, // ..$.......+...#.
	0x00, 0x00, 0x7f, 0x00, 0x00, 0x00, 0xbe, 0x00, 0x00, 0x00, 0x83, 0x00, 0x05, 0x00, 0x07, 0x00, // ................
	0x00, 0x00, 0x26, 0x05, 0x00, 0x00, 0xbe, 0x00, 0x00, 0x00, 0x24, 0x05, 0x00, 0x00, 0x83, 0x00, // ..&.......$.....
	0x05, 0x00, 0x07, 0x00, 0x00, 0x00, 0x29, 0x05, 0x00, 0x00, 0x45, 0x0d, 0x00, 0x00, 0x24, 0x05, // ......)...E...$.
	0x00, 0x00, 0x0c, 0x00, 0x08, 0x00, 0x07, 0x00, 0x00, 0x00, 0x2b, 0x05, 0x00, 0x00, 0x01, 0x00, // ..........+.....
	0x00, 0x00, 0x31, 0x00, 0x00, 0x00, 0x26, 0x05, 0x00, 0x00, 0x29, 0x05, 0x00, 0x00, 0x52, 0x0d, // ..1...&...)...R.
	0x00, 0x00, 0x85, 0x00, 0x05, 0x00, 0x07, 0x00, 0x00, 0x00, 0x2d, 0x05, 0x00, 0x00, 0x2b, 0x05, // ..........-...+.
	0x00, 0x00, 0x1e, 0x05, 0x00, 0x00, 0x8e, 0x00, 0x05, 0x00, 0x1a, 0x00, 0x00, 0x00, 0x2f, 0x05, // ............../.
	0x00, 0x00, 0x15, 0x05, 0x00, 0x00, 0x84, 0x01, 0x00, 0x00, 0x81, 0x00, 0x05, 0x00, 0x1a, 0x00, // ................
	0x00, 0x00, 0x30, 0x05, 0x00, 0x00, 0x2f, 0x05, 0x00, 0x00, 0x89, 0x01, 0x00, 0x00, 0xf9, 0x00, // ..0.../.........
	0x02, 0x00, 0xaf, 0x06, 0x00, 0x00, 0xf8, 0x00, 0x02, 0x00, 0xaf, 0x06, 0x00, 0x00, 0xf5, 0x00, // ................
	0x07, 0x00, 0x1a, 0x00, 0x00, 0x00, 0x5f, 0x0d, 0x00, 0x00, 0x30, 0x05, 0x00, 0x00, 0x57, 0x05, // ......_...0...W.
	0x00, 0x00, 0xbb, 0x06, 0x00, 0x00, 0xb3, 0x06, 0x00, 0x00, 0xf5, 0x00, 0x07, 0x00, 0x07, 0x00, // ................
	0x00, 0x00, 0x5e, 0x0d, 0x00, 0x00, 0x21, 0x01, 0x00, 0x00, 0x57, 0x05, 0x00, 0x00, 0xbd, 0x06, // ..^...!...W.....
	0x00, 0x00, 0xb3, 0x06, 0x00, 0x00, 0xf5, 0x00, 0x07, 0x00, 0x07, 0x00, 0x00, 0x00, 0x54, 0x0d, // ..............T.
	0x00, 0x00, 0x7f, 0x00, 0x00, 0x00, 0x57, 0x05, 0x00, 0x00, 0xb9, 0x06, 0x00, 0x00, 0xb3, 0x06, // ......W.........
	0x00, 0x00, 0xf5, 0x00, 0x07, 0x00, 0x5b, 0x00, 0x00, 0x00, 0x53, 0x0d, 0x00, 0x00, 0x60, 0x00, // ......[...S...`.
	0x00, 0x00, 0x57, 0x05, 0x00, 0x00, 0xc0, 0x06, 0x00, 0x00, 0xb3, 0x06, 0x00, 0x00, 0xb1, 0x00, // ..W.............
	0x05, 0x00, 0x2b, 0x01, 0x00, 0x00, 0xb2, 0x06, 0x00, 0x00, 0x53, 0x0d, 0x00, 0x00, 0x2a, 0x01, // ..+.......S...*.
	0x00, 0x00, 0xf6, 0x00, 0x04, 0x00, 0xc1, 0x06, 0x00, 0x00, 0xb3, 0x06, 0x00, 0x00, 0x00, 0x00, // ................
	0x00, 0x00, 0xfa, 0x00, 0x04, 0x00, 0xb2, 0x06, 0x00, 0x00, 0xb3, 0x06, 0x00, 0x00, 0xc1, 0x06, // ................
	0x00, 0x00, 0xf8, 0x00, 0x02, 0x00, 0xb3, 0x06, 0x00, 0x00, 0x0c, 0x00, 0x06, 0x00, 0x1a, 0x00, // ................
	0x00, 0x00, 0xef, 0x06, 0x00, 0x00, 0x01, 0x00, 0x00, 0x00, 0x08, 0x00, 0x00, 0x00, 0x5f, 0x0d, // .............._.
	0x00, 0x00, 0x0c, 0x00, 0x06, 0x00, 0x1a, 0x00, 0x00, 0x00, 0xf1, 0x06, 0x00, 0x00, 0x01, 0x00, // ................
	0x00, 0x00, 0x0a, 0x00, 0x00, 0x00, 0x5f, 0x0d, 0x00, 0x00, 0x85, 0x00, 0x05, 0x00, 0x1a, 0x00, // ......_.........
	0x00, 0x00, 0xf4, 0x06, 0x00, 0x00, 0xf1, 0x06, 0x00, 0x00, 0xf1, 0x06, 0x00, 0x00, 0x8e, 0x00, // ................
	0x05, 0x00, 0x1a, 0x00, 0x00, 0x00, 0xf6, 0x06, 0x00, 0x00, 0xf1, 0x06, 0x00, 0x00, 0xb0, 0x00, // ................
	0x00, 0x00, 0x83, 0x00, 0x05, 0x00, 0x1a, 0x00, 0x00, 0x00, 0xf8, 0x06, 0x00, 0x00, 0x47, 0x0d, // ..............G.
	0x00, 0x00, 0xf6, 0x06, 0x00, 0x00, 0x85, 0x00, 0x05, 0x00, 0x1a, 0x00, 0x00, 0x00, 0xf9, 0x06, // ................
	0x00, 0x00, 0xf4, 0x06, 0x00, 0x00, 0xf8, 0x06, 0x00, 0x00, 0x8e, 0x00, 0x05, 0x00, 0x1a, 0x00, // ................
	0x00, 0x00, 0x34, 0x07, 0x00, 0x00, 0xef, 0x06, 0x00, 0x00, 0x8a, 0x00, 0x00, 0x00, 0x0c, 0x00, // ..4.............
	0x06, 0x00, 0x1a, 0x00, 0x00, 0x00, 0x35, 0x07, 0x00, 0x00, 0x01, 0x00, 0x00, 0x00, 0x0a, 0x00, // ......5.........
	0x00, 0x00, 0x34, 0x07, 0x00, 0x00, 0x4f, 0x00, 0x08, 0x00, 0x1a, 0x00, 0x00, 0x00, 0x38, 0x07, // ..4...O.......8.
	0x00, 0x00, 0x35, 0x07, 0x00, 0x00, 0x35, 0x07, 0x00, 0x00, 0x01, 0x00, 0x00, 0x00, 0x02, 0x00, // ..5...5.........
	0x00, 0x00, 0x00, 0x00, 0x00, 0x00, 0x81, 0x00, 0x05, 0x00, 0x1a, 0x00, 0x00, 0x00, 0x3a, 0x07, // ..............:.
	0x00, 0x00, 0x38, 0x07, 0x00, 0x00, 0x48, 0x0d, 0x00, 0x00, 0x94, 0x00, 0x05, 0x00, 0x07, 0x00, // ..8...H.........
	0x00, 0x00, 0x3b, 0x07, 0x00, 0x00, 0x35, 0x07, 0x00, 0x00, 0x3a, 0x07, 0x00, 0x00, 0x50, 0x00, // ..;...5...:...P.
	0x06, 0x00, 0x1a, 0x00, 0x00, 0x00, 0x3d, 0x07, 0x00, 0x00, 0x3b, 0x07, 0x00, 0x00, 0x3b, 0x07, // ......=...;...;.
	0x00, 0x00, 0x3b, 0x07, 0x00, 0x00, 0x81, 0x00, 0x05, 0x00, 0x1a, 0x00, 0x00, 0x00, 0x3e, 0x07, // ..;...........>.
	0x00, 0x00, 0x35, 0x07, 0x00, 0x00, 0x3d, 0x07, 0x00, 0x00, 0x51, 0x00, 0x05, 0x00, 0x07, 0x00, // ..5...=...Q.....
	0x00, 0x00, 0x40, 0x07, 0x00, 0x00, 0x3e, 0x07, 0x00, 0x00, 0x00, 0x00, 0x00, 0x00, 0x51, 0x00, // ..@...>.......Q.
	0x05, 0x00, 0x07, 0x00, 0x00, 0x00, 0x42, 0x07, 0x00, 0x00, 0x3e, 0x07, 0x00, 0x00, 0x01, 0x00, // ......B...>.....
	0x00, 0x00, 0x81, 0x00, 0x05, 0x00, 0x07, 0x00, 0x00, 0x00, 0x43, 0x07, 0x00, 0x00, 0x40, 0x07, // ..........C...@.
	0x00, 0x00, 0x42, 0x07, 0x00, 0x00, 0x51, 0x00, 0x05, 0x00, 0x07, 0x00, 0x00, 0x00, 0x45, 0x07, // ..B...Q.......E.
	0x00, 0x00, 0x3e, 0x07, 0x00, 0x00, 0x02, 0x00, 0x00, 0x00, 0x85, 0x00, 0x05, 0x00, 0x07, 0x00, // ..>.............
	0x00, 0x00, 0x46, 0x07, 0x00, 0x00, 0x43, 0x07, 0x00, 0x00, 0x45, 0x07, 0x00, 0x00, 0x0c, 0x00, // ..F...C...E.....
	0x06, 0x00, 0x07, 0x00, 0x00, 0x00, 0x47, 0x07, 0x00, 0x00, 0x01, 0x00, 0x00, 0x00, 0x0a, 0x00, // ......G.........
	0x00, 0x00, 0x46, 0x07, 0x00, 0x00, 0x81, 0x00, 0x05, 0x00, 0x1a, 0x00, 0x00, 0x00, 0xfe, 0x06, // ..F.............
	0x00, 0x00, 0xef, 0x06, 0x00, 0x00, 0xbf, 0x00, 0x00, 0x00, 0x8e, 0x00, 0x05, 0x00, 0x1a, 0x00, // ................
	0x00, 0x00, 0x4b, 0x07, 0x00, 0x00, 0xfe, 0x06, 0x00, 0x00, 0x8a, 0x00, 0x00, 0x00, 0x0c, 0x00, // ..K.............
	0x06, 0x00, 0x1a, 0x00, 0x00, 0x00, 0x4c, 0x07, 0x00, 0x00, 0x01, 0x00, 0x00, 0x00, 0x0a, 0x00, // ......L.........
	0x00, 0x00, 0x4b, 0x07, 0x00, 0x00, 0x4f, 0x00, 0x08, 0x00, 0x1a, 0x00, 0x00, 0x00, 0x4f, 0x07, // ..K...O.......O.
	0x00, 0x00, 0x4c, 0x07, 0x00, 0x00, 0x4c, 0x07, 0x00, 0x00, 0x01, 0x00, 0x00, 0x00, 0x02, 0x00, // ..L...L.........
	0x00, 0x00, 0x00, 0x00, 0x00, 0x00, 0x81, 0x00, 0x05, 0x00, 0x1a, 0x00, 0x00, 0x00, 0x51, 0x07, // ..............Q.
	0x00, 0x00, 0x4f, 0x07, 0x00, 0x00, 0x48, 0x0d, 0x00, 0x00, 0x94, 0x00, 0x05, 0x00, 0x07, 0x00, // ..O...H.........
	0x00, 0x00, 0x52, 0x07, 0x00, 0x00, 0x4c, 0x07, 0x00, 0x00, 0x51, 0x07, 0x00, 0x00, 0x50, 0x00, // ..R...L...Q...P.
	0x06, 0x00, 0x1a, 0x00, 0x00, 0x00, 0x54, 0x07, 0x00, 0x00, 0x52, 0x07, 0x00, 0x00, 0x52, 0x07, // ......T...R...R.
	0x00, 0x00, 0x52, 0x07, 0x00, 0x00, 0x81, 0x00, 0x05, 0x00, 0x1a, 0x00, 0x00, 0x00, 0x55, 0x07, // ..R...........U.
	0x00, 0x00, 0x4c, 0x07, 0x00, 0x00, 0x54, 0x07, 0x00, 0x00, 0x51, 0x00, 0x05, 0x00, 0x07, 0x00, // ..L...T...Q.....
	0x00, 0x00, 0x57, 0x07, 0x00, 0x00, 0x55, 0x07, 0x00, 0x00, 0x00, 0x00, 0x00, 0x00, 0x51, 0x00, // ..W...U.......Q.
	0x05, 0x00, 0x07, 0x00, 0x00, 0x00, 0x59, 0x07, 0x00, 0x00, 0x55, 0x07, 0x00, 0x00, 0x01, 0x00, // ......Y...U.....
	0x00, 0x00, 0x81, 0x00, 0x05, 0x00, 0x07, 0x00, 0x00, 0x00, 0x5a, 0x07, 0x00, 0x00, 0x57, 0x07, // ..........Z...W.
	0x00, 0x00, 0x59, 0x07, 0x00, 0x00, 0x51, 0x00, 0x05, 0x00, 0x07, 0x00, 0x00, 0x00, 0x5c, 0x07, // ..Y...Q.........
	0x00, 0x00, 0x55, 0x07, 0x00, 0x00, 0x02, 0x00, 0x00, 0x00, 0x85, 0x00, 0x05, 0x00, 0x07, 0x00, // ..U.............
	0x00, 0x00, 0x5d, 0x07, 0x00, 0x00, 0x5a, 0x07, 0x00, 0x00, 0x5c, 0x07, 0x00, 0x00, 0x0c, 0x00, // ..]...Z.........
	0x06, 0x00, 0x07, 0x00, 0x00, 0x00, 0x5e, 0x07, 0x00, 0x00, 0x01, 0x00, 0x00, 0x00, 0x0a, 0x00, // ......^.........
	0x00, 0x00, 0x5d, 0x07, 0x00, 0x00, 0x81, 0x00, 0x05, 0x00, 0x1a, 0x00, 0x00, 0x00, 0x01, 0x07, // ..].............
	0x00, 0x00, 0xef, 0x06, 0x00, 0x00, 0xc5, 0x00, 0x00, 0x00, 0x8e, 0x00, 0x05, 0x00, 0x1a, 0x00, // ................
	0x00, 0x00, 0x62, 0x07, 0x00, 0x00, 0x01, 0x07, 0x00, 0x00, 0x8a, 0x00, 0x00, 0x00, 0x0c, 0x00, // ..b.............
	0x06, 0x00, 0x1a, 0x00, 0x00, 0x00, 0x63, 0x07, 0x00, 0x00, 0x01, 0x00, 0x00, 0x00, 0x0a, 0x00, // ......c.........
	0x00, 0x00, 0x62, 0x07, 0x00, 0x00, 0x4f, 0x00, 0x08, 0x00, 0x1a, 0x00, 0x00, 0x00, 0x66, 0x07, // ..b...O.......f.
	0x00, 0x00, 0x63, 0x07, 0x00, 0x00, 0x63, 0x07, 0x00, 0x00, 0x01, 0x00, 0x00, 0x00, 0x02, 0x00, // ..c...c.........
	0x00, 0x00, 0x00, 0x00, 0x00, 0x00, 0x81, 0x00, 0x05, 0x00, 0x1a, 0x00, 0x00, 0x00, 0x68, 0x07, // ..............h.
	0x00, 0x00, 0x66, 0x07, 0x00, 0x00, 0x48, 0x0d, 0x00, 0x00, 0x94, 0x00, 0x05, 0x00, 0x07, 0x00, // ..f...H.........
	0x00, 0x00, 0x69, 0x07, 0x00, 0x00, 0x63, 0x07, 0x00, 0x00, 0x68, 0x07, 0x00, 0x00, 0x50, 0x00, // ..i...c...h...P.
	0x06, 0x00, 0x1a, 0x00, 0x00, 0x00, 0x6b, 0x07, 0x00, 0x00, 0x69, 0x07, 0x00, 0x00, 0x69, 0x07, // ......k...i...i.
	0x00, 0x00, 0x69, 0x07, 0x00, 0x00, 0x81, 0x00, 0x05, 0x00, 0x1a, 0x00, 0x00, 0x00, 0x6c, 0x07, // ..i...........l.
	0x00, 0x00, 0x63, 0x07, 0x00, 0x00, 0x6b, 0x07, 0x00, 0x00, 0x51, 0x00, 0x05, 0x00, 0x07, 0x00, // ..c...k...Q.....
	0x00, 0x00, 0x6e, 0x07, 0x00, 0x00, 0x6c, 0x07, 0x00, 0x00, 0x00, 0x00, 0x00, 0x00, 0x51, 0x00, // ..n...l.......Q.
	0x05, 0x00, 0x07, 0x00, 0x00, 0x00, 0x70, 0x07, 0x00, 0x00, 0x6c, 0x07, 0x00, 0x00, 0x01, 0x00, // ......p...l.....
	0x00, 0x00, 0x81, 0x00, 0x05, 0x00, 0x07, 0x00, 0x00, 0x00, 0x71, 0x07, 0x00, 0x00, 0x6e, 0x07, // ..........q...n.
	0x00, 0x00, 0x70, 0x07, 0x00, 0x00, 0x51, 0x00, 0x05, 0x00, 0x07, 0x00, 0x00, 0x00, 0x73, 0x07, // ..p...Q.......s.
	0x00, 0x00, 0x6c, 0x07, 0x00, 0x00, 0x02, 0x00, 0x00, 0x00, 0x85, 0x00, 0x05, 0x00, 0x07, 0x00, // ..l.............
	0x00, 0x00, 0x74, 0x07, 0x00, 0x00, 0x71, 0x07, 0x00, 0x00, 0x73, 0x07, 0x00, 0x00, 0x0c, 0x00, // ..t...q...s.....
	0x06, 0x00, 0x07, 0x00, 0x00, 0x00, 0x75, 0x07, 0x00, 0x00, 0x01, 0x00, 0x00, 0x00, 0x0a, 0x00, // ......u.........
	0x00, 0x00, 0x74, 0x07, 0x00, 0x00, 0x81, 0x00, 0x05, 0x00, 0x1a, 0x00, 0x00, 0x00, 0x04, 0x07, // ..t.............
	0x00, 0x00, 0xef, 0x06, 0x00, 0x00, 0xcb, 0x00, 0x00, 0x00, 0x8e, 0x00, 0x05, 0x00, 0x1a, 0x00, // ................
	0x00, 0x00, 0x79, 0x07, 0x00, 0x00, 0x04, 0x07, 0x00, 0x00, 0x8a, 0x00, 0x00, 0x00, 0x0c, 0x00, // ..y.............
	0x06, 0x00, 0x1a, 0x00, 0x00, 0x00, 0x7a, 0x07, 0x00, 0x00, 0x01, 0x00, 0x00, 0x00, 0x0a, 0x00, // ......z.........
	0x00, 0x00, 0x79, 0x07, 0x00, 0x00, 0x4f, 0x00, 0x08, 0x00, 0x1a, 0x00, 0x00, 0x00, 0x7d, 0x07, // ..y...O.......}.
	0x00, 0x00, 0x7a, 0x07, 0x00, 0x00, 0x7a, 0x07, 0x00, 0x00, 0x01, 0x00, 0x00, 0x00, 0x02, 0x00, // ..z...z.........
	0x00, 0x00, 0x00, 0x00, 0x00, 0x00, 0x81, 0x00, 0x05, 0x00, 0x1a, 0x00, 0x00, 0x00, 0x7f, 0x07, // ................
	0x00, 0x00, 0x7d, 0x07, 0x00, 0x00, 0x48, 0x0d, 0x00, 0x00, 0x94, 0x00, 0x05, 0x00, 0x07, 0x00, // ..}...H.........
	0x00, 0x00, 0x80, 0x07, 0x00, 0x00, 0x7a, 0x07, 0x00, 0x00, 0x7f, 0x07, 0x00, 0x00, 0x50, 0x00, // ......z.......P.
	0x06, 0x00, 0x1a, 0x00, 0x00, 0x00, 0x82, 0x07, 0x00, 0x00, 0x80, 0x07, 0x00, 0x00, 0x80, 0x07, // ................
	0x00, 0x00, 0x80, 0x07, 0x00, 0x00, 0x81, 0x00, 0x05, 0x00, 0x1a, 0x00, 0x00, 0x00, 0x83, 0x07, // ................
	0x00, 0x00, 0x7a, 0x07, 0x00, 0x00, 0x82, 0x07, 0x00, 0x00, 0x51, 0x00, 0x05, 0x00, 0x07, 0x00, // ..z.......Q.....
	0x00, 0x00, 0x85, 0x07, 0x00, 0x00, 0x83, 0x07, 0x00, 0x00, 0x00, 0x00, 0x00, 0x00, 0x51, 0x00, // ..............Q.
	0x05, 0x00, 0x07, 0x00, 0x00, 0x00, 0x87, 0x07, 0x00, 0x00, 0x83, 0x07, 0x00, 0x00, 0x01, 0x00, // ................
	0x00, 0x00, 0x81, 0x00, 0x05, 0x00, 0x07, 0x00, 0x00, 0x00, 0x88, 0x07, 0x00, 0x00, 0x85, 0x07, // ................
	0x00, 0x00, 0x87, 0x07, 0x00, 0x00, 0x51, 0x00, 0x05, 0x00, 0x07, 0x00, 0x00, 0x00, 0x8a, 0x07, // ......Q.........
	0x00, 0x00, 0x83, 0x07, 0x00, 0x00, 0x02, 0x00, 0x00, 0x00, 0x85, 0x00, 0x05, 0x00, 0x07, 0x00, // ................
	0x00, 0x00, 0x8b, 0x07, 0x00, 0x00, 0x88, 0x07, 0x00, 0x00, 0x8a, 0x07, 0x00, 0x00, 0x0c, 0x00, // ................
	0x06, 0x00, 0x07, 0x00, 0x00, 0x00, 0x8c, 0x07, 0x00, 0x00, 0x01, 0x00, 0x00, 0x00, 0x0a, 0x00, // ................
	0x00, 0x00, 0x8b, 0x07, 0x00, 0x00, 0x81, 0x00, 0x05, 0x00, 0x1a, 0x00, 0x00, 0x00, 0x07, 0x07, // ................
	0x00, 0x00, 0xef, 0x06, 0x00, 0x00, 0xd1, 0x00, 0x00, 0x00, 0x8e, 0x00, 0x05, 0x00, 0x1a, 0x00, // ................
	0x00, 0x00, 0x90, 0x07, 0x00, 0x00, 0x07, 0x07, 0x00, 0x00, 0x8a, 0x00, 0x00, 0x00, 0x0c, 0x00, // ................
	0x06, 0x00, 0x1a, 0x00, 0x00, 0x00, 0x91, 0x07, 0x00, 0x00, 0x01, 0x00, 0x00, 0x00, 0x0a, 0x00, // ................
	0x00, 0x00, 0x90, 0x07, 0x00, 0x00, 0x4f, 0x00, 0x08, 0x00, 0x1a, 0x00, 0x00, 0x00, 0x94, 0x07, // ......O.........
	0x00, 0x00, 0x91, 0x07, 0x00, 0x00, 0x91, 0x07, 0x00, 0x00, 0x01, 0x00, 0x00, 0x00, 0x02, 0x00, // ................
	0x00, 0x00, 0x00, 0x00, 0x00, 0x00, 0x81, 0x00, 0x05, 0x00, 0x1a, 0x00, 0x00, 0x00, 0x96, 0x07, // ................
	0x00, 0x00, 0x94, 0x07, 0x00, 0x00, 0x48, 0x0d, 0x00, 0x00, 0x94, 0x00, 0x05, 0x00, 0x07, 0x00, // ......H.........
	0x00, 0x00, 0x97, 0x07, 0x00, 0x00, 0x91, 0x07, 0x00, 0x00, 0x96, 0x07, 0x00, 0x00, 0x50, 0x00, // ..............P.
	0x06, 0x00, 0x1a, 0x00, 0x00, 0x00, 0x99, 0x07, 0x00, 0x00, 0x97, 0x07, 0x00, 0x00, 0x97, 0x07, // ................
	0x00, 0x00, 0x97, 0x07, 0x00, 0x00, 0x81, 0x00, 0x05, 0x00, 0x1a, 0x00, 0x00, 0x00, 0x9a, 0x07, // ................
	0x00, 0x00, 0x91, 0x07, 0x00, 0x00, 0x99, 0x07, 0x00, 0x00, 0x51, 0x00, 0x05, 0x00, 0x07, 0x00, // ..........Q.....
	0x00, 0x00, 0x9c, 0x07, 0x00, 0x00, 0x9a, 0x07, 0x00, 0x00, 0x00, 0x00, 0x00, 0x00, 0x51, 0x00, // ..............Q.
	0x05, 0x00, 0x07, 0x00, 0x00, 0x00, 0x9e, 0x07, 0x00, 0x00, 0x9a, 0x07, 0x00, 0x00, 0x01, 0x00, // ................
	0x00, 0x00, 0x81, 0x00, 0x05, 0x00, 0x07, 0x00, 0x00, 0x00, 0x9f, 0x07, 0x00, 0x00, 0x9c, 0x07, // ................
	0x00, 0x00, 0x9e, 0x07, 0x00, 0x00, 0x51, 0x00, 0x05, 0x00, 0x07, 0x00, 0x00, 0x00, 0xa1, 0x07, // ......Q.........
	0x00, 0x00, 0x9a, 0x07, 0x00, 0x00, 0x02, 0x00, 0x00, 0x00, 0x85, 0x00, 0x05, 0x00, 0x07, 0x00, // ................
	0x00, 0x00, 0xa2, 0x07, 0x00, 0x00, 0x9f, 0x07, 0x00, 0x00, 0xa1, 0x07, 0x00, 0x00, 0x0c, 0x00, // ................
	0x06, 0x00, 0x07, 0x00, 0x00, 0x00, 0xa3, 0x07, 0x00, 0x00, 0x01, 0x00, 0x00, 0x00, 0x0a, 0x00, // ................
	0x00, 0x00, 0xa2, 0x07, 0x00, 0x00, 0x81, 0x00, 0x05, 0x00, 0x1a, 0x00, 0x00, 0x00, 0x0a, 0x07, // ................
	0x00, 0x00, 0xef, 0x06, 0x00, 0x00, 0xd7, 0x00, 0x00, 0x00, 0x8e, 0x00, 0x05, 0x00, 0x1a, 0x00, // ................
	0x00, 0x00, 0xa7, 0x07, 0x00, 0x00, 0x0a, 0x07, 0x00, 0x00, 0x8a, 0x00, 0x00, 0x00, 0x0c, 0x00, // ................
	0x06, 0x00, 0x1a, 0x00, 0x00, 0x00, 0xa8, 0x07, 0x00, 0x00, 0x01, 0x00, 0x00, 0x00, 0x0a, 0x00, // ................
	0x00, 0x00, 0xa7, 0x07, 0x00, 0x00, 0x4f, 0x00, 0x08, 0x00, 0x1a, 0x00, 0x00, 0x00, 0xab, 0x07, // ......O.........
	0x00, 0x00, 0xa8, 0x07, 0x00, 0x00, 0xa8, 0x07, 0x00, 0x00, 0x01, 0x00, 0x00, 0x00, 0x02, 0x00, // ................
	0x00, 0x00, 0x00, 0x00, 0x00, 0x00, 0x81, 0x00, 0x05, 0x00, 0x1a, 0x00, 0x00, 0x00, 0xad, 0x07, // ................
	0x00, 0x00, 0xab, 0x07, 0x00, 0x00, 0x48, 0x0d, 0x00, 0x00, 0x94, 0x00, 0x05, 0x00, 0x07, 0x00, // ......H.........
	0x00, 0x00, 0xae, 0x07, 0x00, 0x00, 0xa8, 0x07, 0x00, 0x00, 0xad, 0x07, 0x00, 0x00, 0x50, 0x00, // ..............P.
	0x06, 0x00, 0x1a, 0x00, 0x00, 0x00, 0xb0, 0x07, 0x00, 0x00, 0xae, 0x07, 0x00, 0x00, 0xae, 0x07, // ................
	0x00, 0x00, 0xae, 0x07, 0x00, 0x00, 0x81, 0x00, 0x05, 0x00, 0x1a, 0x00, 0x00, 0x00, 0xb1, 0x07, // ................
	0x00, 0x00, 0xa8, 0x07, 0x00, 0x00, 0xb0, 0x07, 0x00, 0x00, 0x51, 0x00, 0x05, 0x00, 0x07, 0x00, // ..........Q.....
	0x00, 0x00, 0xb3, 0x07, 0x00, 0x00, 0xb1, 0x07, 0x00, 0x00, 0x00, 0x00, 0x00, 0x00, 0x51, 0x00, // ..............Q.
	0x05, 0x00, 0x07, 0x00, 0x00, 0x00, 0xb5, 0x07, 0x00, 0x00, 0xb1, 0x07, 0x00, 0x00, 0x01, 0x00, // ................
	0x00, 0x00, 0x81, 0x00, 0x05, 0x00, 0x07, 0x00, 0x00, 0x00, 0xb6, 0x07, 0x00, 0x00, 0xb3, 0x07, // ................
	0x00, 0x00, 0xb5, 0x07, 0x00, 0x00, 0x51, 0x00, 0x05, 0x00, 0x07, 0x00, 0x00, 0x00, 0xb8, 0x07, // ......Q.........
	0x00, 0x00, 0xb1, 0x07, 0x00, 0x00, 0x02, 0x00, 0x00, 0x00, 0x85, 0x00, 0x05, 0x00, 0x07, 0x00, // ................
	0x00, 0x00, 0xb9, 0x07, 0x00, 0x00, 0xb6, 0x07, 0x00, 0x00, 0xb8, 0x07, 0x00, 0x00, 0x0c, 0x00, // ................
	0x06, 0x00, 0x07, 0x00, 0x00, 0x00, 0xba, 0x07, 0x00, 0x00, 0x01, 0x00, 0x00, 0x00, 0x0a, 0x00, // ................
	0x00, 0x00, 0xb9, 0x07, 0x00, 0x00, 0x81, 0x00, 0x05, 0x00, 0x1a, 0x00, 0x00, 0x00, 0x0d, 0x07, // ................
	0x00, 0x00, 0xef, 0x06, 0x00, 0x00, 0xdd, 0x00, 0x00, 0x00, 0x8e, 0x00, 0x05, 0x00, 0x1a, 0x00, // ................
	0x00, 0x00, 0xbe, 0x07, 0x00, 0x00, 0x0d, 0x07, 0x00, 0x00, 0x8a, 0x00, 0x00, 0x00, 0x0c, 0x00, // ................
	0x06, 0x00, 0x1a, 0x00, 0x00, 0x00, 0xbf, 0x07, 0x00, 0x00, 0x01, 0x00, 0x00, 0x00, 0x0a, 0x00, // ................
	0x00, 0x00, 0xbe, 0x07, 0x00, 0x00, 0x4f, 0x00, 0x08, 0x00, 0x1a, 0x00, 0x00, 0x00, 0xc2, 0x07, // ......O.........
	0x00, 0x00, 0xbf, 0x07, 0x00, 0x00, 0xbf, 0x07, 0x00, 0x00, 0x01, 0x00, 0x00, 0x00, 0x02, 0x00, // ................
	0x00, 0x00, 0x00, 0x00, 0x00, 0x00, 0x81, 0x00, 0x05, 0x00, 0x1a, 0x00, 0x00, 0x00, 0xc4, 0x07, // ................
	0x00, 0x00, 0xc2, 0x07, 0x00, 0x00, 0x48, 0x0d, 0x00, 0x00, 0x94, 0x00, 0x05, 0x00, 0x07, 0x00, // ......H.........
	0x00, 0x00, 0xc5, 0x07, 0x00, 0x00, 0xbf, 0x07, 0x00, 0x00, 0xc4, 0x07, 0x00, 0x00, 0x50, 0x00, // ..............P.
	0x06, 0x00, 0x1a, 0x00, 0x00, 0x00, 0xc7, 0x07, 0x00, 0x00, 0xc5, 0x07, 0x00, 0x00, 0xc5, 0x07, // ................
	0x00, 0x00, 0xc5, 0x07, 0x00, 0x00, 0x81, 0x00, 0x05, 0x00, 0x1a, 0x00, 0x00, 0x00, 0xc8, 0x07, // ................
	0x00, 0x00, 0xbf, 0x07, 0x00, 0x00, 0xc7, 0x07, 0x00, 0x00, 0x51, 0x00, 0x05, 0x00, 0x07, 0x00, // ..........Q.....
	0x00, 0x00, 0xca, 0x07, 0x00, 0x00, 0xc8, 0x07, 0x00, 0x00, 0x00, 0x00, 0x00, 0x00, 0x51, 0x00, // ..............Q.
	0x05, 0x00, 0x07, 0x00, 0x00, 0x00, 0xcc, 0x07, 0x00, 0x00, 0xc8, 0x07, 0x00, 0x00, 0x01, 0x00, // ................
	0x00, 0x00, 0x81, 0x00, 0x05, 0x00, 0x07, 0x00, 0x00, 0x00, 0xcd, 0x07, 0x00, 0x00, 0xca, 0x07, // ................
	0x00, 0x00, 0xcc, 0x07, 0x00, 0x00, 0x51, 0x00, 0x05, 0x00, 0x07, 0x00, 0x00, 0x00, 0xcf, 0x07, // ......Q.........
	0x00, 0x00, 0xc8, 0x07, 0x00, 0x00, 0x02, 0x00, 0x00, 0x00, 0x85, 0x00, 0x05, 0x00, 0x07, 0x00, // ................
	0x00, 0x00, 0xd0, 0x07, 0x00, 0x00, 0xcd, 0x07, 0x00, 0x00, 0xcf, 0x07, 0x00, 0x00, 0x0c, 0x00, // ................
	0x06, 0x00, 0x07, 0x00, 0x00, 0x00, 0xd1, 0x07, 0x00, 0x00, 0x01, 0x00, 0x00, 0x00, 0x0a, 0x00, // ................
	0x00, 0x00, 0xd0, 0x07, 0x00, 0x00, 0x81, 0x00, 0x05, 0x00, 0x1a, 0x00, 0x00, 0x00, 0x10, 0x07, // ................
	0x00, 0x00, 0xef, 0x06, 0x00, 0x00, 0xe3, 0x00, 0x00, 0x00, 0x8e, 0x00, 0x05, 0x00, 0x1a, 0x00, // ................
	0x00, 0x00, 0xd5, 0x07, 0x00, 0x00, 0x10, 0x07, 0x00, 0x00, 0x8a, 0x00, 0x00, 0x00, 0x0c, 0x00, // ................
	0x06, 0x00, 0x1a, 0x00, 0x00, 0x00, 0xd6, 0x07, 0x00, 0x00, 0x01, 0x00, 0x00, 0x00, 0x0a, 0x00, // ................
	0x00, 0x00, 0xd5, 0x07, 0x00, 0x00, 0x4f, 0x00, 0x08, 0x00, 0x1a, 0x00, 0x00, 0x00, 0xd9, 0x07, // ......O.........
	0x00, 0x00, 0xd6, 0x07, 0x00, 0x00, 0xd6, 0x07, 0x00, 0x00, 0x01, 0x00, 0x00, 0x00, 0x02, 0x00, // ................
	0x00, 0x00, 0x00, 0x00, 0x00, 0x00, 0x81, 0x00, 0x05, 0x00, 0x1a, 0x00, 0x00, 0x00, 0xdb, 0x07, // ................
	0x00, 0x00, 0xd9, 0x07, 0x00, 0x00, 0x48, 0x0d, 0x00, 0x00, 0x94, 0x00, 0x05, 0x00, 0x07, 0x00, // ......H.........
	0x00, 0x00, 0xdc, 0x07, 0x00, 0x00, 0xd6, 0x07, 0x00, 0x00, 0xdb, 0x07, 0x00, 0x00, 0x50, 0x00, // ..............P.
	0x06, 0x00, 0x1a, 0x00, 0x00, 0x00, 0xde, 0x07, 0x00, 0x00, 0xdc, 0x07, 0x00, 0x00, 0xdc, 0x07, // ................
	0x00, 0x00, 0xdc, 0x07, 0x00, 0x00, 0x81, 0x00, 0x05, 0x00, 0x1a, 0x00, 0x00, 0x00, 0xdf, 0x07, // ................
	0x00, 0x00, 0xd6, 0x07, 0x00, 0x00, 0xde, 0x07, 0x00, 0x00, 0x51, 0x00, 0x05, 0x00, 0x07, 0x00, // ..........Q.....
	0x00, 0x00, 0xe1, 0x07, 0x00, 0x00, 0xdf, 0x07, 0x00, 0x00, 0x00, 0x00, 0x00, 0x00, 0x51, 0x00, // ..............Q.
	0x05, 0x00, 0x07, 0x00, 0x00, 0x00, 0xe3, 0x07, 0x00, 0x00, 0xdf, 0x07, 0x00, 0x00, 0x01, 0x00, // ................
	0x00, 0x00, 0x81, 0x00, 0x05, 0x00, 0x07, 0x00, 0x00, 0x00, 0xe4, 0x07, 0x00, 0x00, 0xe1, 0x07, // ................
	0x00, 0x00, 0xe3, 0x07, 0x00, 0x00, 0x51, 0x00, 0x05, 0x00, 0x07, 0x00, 0x00, 0x00, 0xe6, 0x07, // ......Q.........
	0x00, 0x00, 0xdf, 0x07, 0x00, 0x00, 0x02, 0x00, 0x00, 0x00, 0x85, 0x00, 0x05, 0x00, 0x07, 0x00, // ................
	0x00, 0x00, 0xe7, 0x07, 0x00, 0x00, 0xe4, 0x07, 0x00, 0x00, 0xe6, 0x07, 0x00, 0x00, 0x0c, 0x00, // ................
	0x06, 0x00, 0x07, 0x00, 0x00, 0x00, 0xe8, 0x07, 0x00, 0x00, 0x01, 0x00, 0x00, 0x00, 0x0a, 0x00, // ................
	0x00, 0x00, 0xe7, 0x07, 0x00, 0x00, 0x51, 0x00, 0x05, 0x00, 0x07, 0x00, 0x00, 0x00, 0x15, 0x07, // ......Q.........
	0x00, 0x00, 0xf9, 0x06, 0x00, 0x00, 0x00, 0x00, 0x00, 0x00, 0x0c, 0x00, 0x08, 0x00, 0x07, 0x00, // ................
	0x00, 0x00, 0xee, 0x07, 0x00, 0x00, 0x01, 0x00, 0x00, 0x00, 0x2e, 0x00, 0x00, 0x00, 0x47, 0x07, // ..............G.
	0x00, 0x00, 0x5e, 0x07, 0x00, 0x00, 0x15, 0x07, 0x00, 0x00, 0x0c, 0x00, 0x08, 0x00, 0x07, 0x00, // ..^.............
	0x00, 0x00, 0xf4, 0x07, 0x00, 0x00, 0x01, 0x00, 0x00, 0x00, 0x2e, 0x00, 0x00, 0x00, 0x75, 0x07, // ..............u.
	0x00, 0x00, 0x8c, 0x07, 0x00, 0x00, 0x15, 0x07, 0x00, 0x00, 0x51, 0x00, 0x05, 0x00, 0x07, 0x00, // ..........Q.....
	0x00, 0x00, 0x1d, 0x07, 0x00, 0x00, 0xf9, 0x06, 0x00, 0x00, 0x01, 0x00, 0x00, 0x00, 0x0c, 0x00, // ................
	0x08, 0x00, 0x07, 0x00, 0x00, 0x00, 0xfa, 0x07, 0x00, 0x00, 0x01, 0x00, 0x00, 0x00, 0x2e, 0x00, // ................
	0x00, 0x00, 0xee, 0x07, 0x00, 0x00, 0xf4, 0x07, 0x00, 0x00, 0x1d, 0x07, 0x00, 0x00, 0x0c, 0x00, // ................
	0x08, 0x00, 0x07, 0x00, 0x00, 0x00, 0x00, 0x08, 0x00, 0x00, 0x01, 0x00, 0x00, 0x00, 0x2e, 0x00, // ................
	0x00, 0x00, 0xa3, 0x07, 0x00, 0x00, 0xba, 0x07, 0x00, 0x00, 0x15, 0x07, 0x00, 0x00, 0x0c, 0x00, // ................
	0x08, 0x00, 0x07, 0x00, 0x00, 0x00, 0x06, 0x08, 0x00, 0x00, 0x01, 0x00, 0x00, 0x00, 0x2e, 0x00, // ................
	0x00, 0x00, 0xd1, 0x07, 0x00, 0x00, 0xe8, 0x07, 0x00, 0x00, 0x15, 0x07, 0x00, 0x00, 0x0c, 0x00, // ................
	0x08, 0x00, 0x07, 0x00, 0x00, 0x00, 0x0c, 0x08, 0x00, 0x00, 0x01, 0x00, 0x00, 0x00, 0x2e, 0x00, // ................
	0x00, 0x00, 0x00, 0x08, 0x00, 0x00, 0x06, 0x08, 0x00, 0x00, 0x1d, 0x07, 0x00, 0x00, 0x51, 0x00, // ..............Q.
	0x05, 0x00, 0x07, 0x00, 0x00, 0x00, 0x2f, 0x07, 0x00, 0x00, 0xf9, 0x06, 0x00, 0x00, 0x02, 0x00, // ....../.........
	0x00, 0x00, 0x0c, 0x00, 0x08, 0x00, 0x07, 0x00, 0x00, 0x00, 0x12, 0x08, 0x00, 0x00, 0x01, 0x00, // ................
	0x00, 0x00, 0x2e, 0x00, 0x00, 0x00, 0xfa, 0x07, 0x00, 0x00, 0x0c, 0x08, 0x00, 0x00, 0x2f, 0x07, // ............../.
	0x00, 0x00, 0x85, 0x00, 0x05, 0x00, 0x07, 0x00, 0x00, 0x00, 0xb7, 0x06, 0x00, 0x00, 0x5e, 0x0d, // ..............^.
	0x00, 0x00, 0x12, 0x08, 0x00, 0x00, 0x81, 0x00, 0x05, 0x00, 0x07, 0x00, 0x00, 0x00, 0xb9, 0x06, // ................
	0x00, 0x00, 0x54, 0x0d, 0x00, 0x00, 0xb7, 0x06, 0x00, 0x00, 0x8e, 0x00, 0x05, 0x00, 0x1a, 0x00, // ..T.............
	0x00, 0x00, 0xbb, 0x06, 0x00, 0x00, 0x5f, 0x0d, 0x00, 0x00, 0x34, 0x01, 0x00, 0x00, 0x85, 0x00, // ......_...4.....
	0x05, 0x00, 0x07, 0x00, 0x00, 0x00, 0xbd, 0x06, 0x00, 0x00, 0x5e, 0x0d, 0x00, 0x00, 0x21, 0x01, // ..........^...!.
	0x00, 0x00, 0x80, 0x00, 0x05, 0x00, 0x5b, 0x00, 0x00, 0x00, 0xc0, 0x06, 0x00, 0x00, 0x53, 0x0d, // ......[.......S.
	0x00, 0x00, 0x5c, 0x00, 0x00, 0x00, 0xf9, 0x00, 0x02, 0x00, 0xaf, 0x06, 0x00, 0x00, 0xf8, 0x00, // ................
	0x02, 0x00, 0xc1, 0x06, 0x00, 0x00, 0x83, 0x00, 0x05, 0x00, 0x07, 0x00, 0x00, 0x00, 0x34, 0x05, // ..............4.
	0x00, 0x00, 0xbe, 0x00, 0x00, 0x00, 0x54, 0x0d, 0x00, 0x00, 0x41, 0x00, 0x06, 0x00, 0x43, 0x01, // ......T...A...C.
	0x00, 0x00, 0x35, 0x05, 0x00, 0x00, 0x42, 0x01, 0x00, 0x00, 0x2a, 0x01, 0x00, 0x00, 0x9f, 0x00, // ..5...B...*.....
	0x00, 0x00, 0x3d, 0x00, 0x04, 0x00, 0x07, 0x00, 0x00, 0x00, 0x36, 0x05, 0x00, 0x00, 0x35, 0x05, // ..=.......6...5.
	0x00, 0x00, 0x85, 0x00, 0x05, 0x00, 0x07, 0x00, 0x00, 0x00, 0x37, 0x05, 0x00, 0x00, 0x34, 0x05, // ..........7...4.
	0x00, 0x00, 0x36, 0x05, 0x00, 0x00, 0x85, 0x00, 0x05, 0x00, 0x07, 0x00, 0x00, 0x00, 0x38, 0x05, // ..6...........8.
	0x00, 0x00, 0x37, 0x05, 0x00, 0x00, 0x21, 0x01, 0x00, 0x00, 0x83, 0x00, 0x05, 0x00, 0x07, 0x00, // ..7...!.........
	0x00, 0x00, 0x39, 0x05, 0x00, 0x00, 0x2d, 0x05, 0x00, 0x00, 0x38, 0x05, 0x00, 0x00, 0x0c, 0x00, // ..9...-...8.....
	0x08, 0x00, 0x07, 0x00, 0x00, 0x00, 0x3b, 0x05, 0x00, 0x00, 0x01, 0x00, 0x00, 0x00, 0x2b, 0x00, // ......;.......+.
	0x00, 0x00, 0x39, 0x05, 0x00, 0x00, 0x7f, 0x00, 0x00, 0x00, 0xbe, 0x00, 0x00, 0x00, 0x41, 0x00, // ..9...........A.
	0x06, 0x00, 0x43, 0x01, 0x00, 0x00, 0x3c, 0x05, 0x00, 0x00, 0x42, 0x01, 0x00, 0x00, 0x52, 0x01, // ..C...<...B...R.
	0x00, 0x00, 0x98, 0x01, 0x00, 0x00, 0x3d, 0x00, 0x04, 0x00, 0x07, 0x00, 0x00, 0x00, 0x3d, 0x05, // ......=.......=.
	0x00, 0x00, 0x3c, 0x05, 0x00, 0x00, 0x85, 0x00, 0x05, 0x00, 0x07, 0x00, 0x00, 0x00, 0x3e, 0x05, // ..<...........>.
	0x00, 0x00, 0x3b, 0x05, 0x00, 0x00, 0x3d, 0x05, 0x00, 0x00, 0xba, 0x00, 0x05, 0x00, 0x2b, 0x01, // ..;...=.......+.
	0x00, 0x00, 0x5e, 0x04, 0x00, 0x00, 0x3e, 0x05, 0x00, 0x00, 0x6d, 0x02, 0x00, 0x00, 0xf7, 0x00, // ..^...>...m.....
	0x03, 0x00, 0xb0, 0x04, 0x00, 0x00, 0x00, 0x00, 0x00, 0x00, 0xfa, 0x00, 0x04, 0x00, 0x5e, 0x04, // ..............^.
	0x00, 0x00, 0x5f, 0x04, 0x00, 0x00, 0xb0, 0x04, 0x00, 0x00, 0xf8, 0x00, 0x02, 0x00, 0x5f, 0x04, // .._..........._.
	0x00, 0x00, 0x88, 0x00, 0x05, 0x00, 0x07, 0x00, 0x00, 0x00, 0x65, 0x04, 0x00, 0x00, 0x39, 0x04, // ..........e...9.
	0x00, 0x00, 0x0c, 0x05, 0x00, 0x00, 0x85, 0x00, 0x05, 0x00, 0x07, 0x00, 0x00, 0x00, 0x66, 0x04, // ..............f.
	0x00, 0x00, 0x3e, 0x05, 0x00, 0x00, 0x65, 0x04, 0x00, 0x00, 0x85, 0x00, 0x05, 0x00, 0x07, 0x00, // ..>...e.........
	0x00, 0x00, 0x69, 0x04, 0x00, 0x00, 0x66, 0x04, 0x00, 0x00, 0x46, 0x0d, 0x00, 0x00, 0x0c, 0x00, // ..i...f...F.....
	0x06, 0x00, 0x07, 0x00, 0x00, 0x00, 0x6a, 0x04, 0x00, 0x00, 0x01, 0x00, 0x00, 0x00, 0x1b, 0x00, // ......j.........
	0x00, 0x00, 0x69, 0x04, 0x00, 0x00, 0x83, 0x00, 0x05, 0x00, 0x07, 0x00, 0x00, 0x00, 0x6b, 0x04, // ..i...........k.
	0x00, 0x00, 0xbe, 0x00, 0x00, 0x00, 0x6a, 0x04, 0x00, 0x00, 0x85, 0x00, 0x05, 0x00, 0x07, 0x00, // ......j.........
	0x00, 0x00, 0x70, 0x04, 0x00, 0x00, 0x24, 0x04, 0x00, 0x00, 0x85, 0x02, 0x00, 0x00, 0x0c, 0x00, // ..p...$.........
	0x07, 0x00, 0x07, 0x00, 0x00, 0x00, 0x71, 0x04, 0x00, 0x00, 0x01, 0x00, 0x00, 0x00, 0x28, 0x00, // ......q.......(.
	0x00, 0x00, 0x70, 0x04, 0x00, 0x00, 0x87, 0x02, 0x00, 0x00, 0x8e, 0x00, 0x05, 0x00, 0x1a, 0x00, // ..p.............
	0x00, 0x00, 0x72, 0x04, 0x00, 0x00, 0xc6, 0x03, 0x00, 0x00, 0x71, 0x04, 0x00, 0x00, 0x81, 0x00, // ..r.......q.....
	0x05, 0x00, 0x1a, 0x00, 0x00, 0x00, 0x73, 0x04, 0x00, 0x00, 0x5a, 0x04, 0x00, 0x00, 0x72, 0x04, // ......s...Z...r.
	0x00, 0x00, 0x51, 0x00, 0x05, 0x00, 0x07, 0x00, 0x00, 0x00, 0x23, 0x08, 0x00, 0x00, 0x73, 0x04, // ..Q.......#...s.
	0x00, 0x00, 0x00, 0x00, 0x00, 0x00, 0x81, 0x00, 0x05, 0x00, 0x07, 0x00, 0x00, 0x00, 0x26, 0x08, // ..............&.
	0x00, 0x00, 0x23, 0x08, 0x00, 0x00, 0x01, 0x05, 0x00, 0x00, 0x88, 0x00, 0x05, 0x00, 0x07, 0x00, // ..#.............
	0x00, 0x00, 0x28, 0x08, 0x00, 0x00, 0x26, 0x08, 0x00, 0x00, 0xfd, 0x04, 0x00, 0x00, 0x51, 0x00, // ..(...&.......Q.
	0x05, 0x00, 0x07, 0x00, 0x00, 0x00, 0x2a, 0x08, 0x00, 0x00, 0x73, 0x04, 0x00, 0x00, 0x01, 0x00, // ......*...s.....
	0x00, 0x00, 0x83, 0x00, 0x05, 0x00, 0x07, 0x00, 0x00, 0x00, 0x2d, 0x08, 0x00, 0x00, 0x2a, 0x08, // ..........-...*.
	0x00, 0x00, 0x19, 0x04, 0x00, 0x00, 0x88, 0x00, 0x05, 0x00, 0x07, 0x00, 0x00, 0x00, 0x31, 0x08, // ..............1.
	0x00, 0x00, 0x2d, 0x08, 0x00, 0x00, 0x0c, 0x05, 0x00, 0x00, 0x51, 0x00, 0x05, 0x00, 0x07, 0x00, // ..-.......Q.....
	0x00, 0x00, 0x33, 0x08, 0x00, 0x00, 0x73, 0x04, 0x00, 0x00, 0x02, 0x00, 0x00, 0x00, 0x81, 0x00, // ..3...s.........
	0x05, 0x00, 0x07, 0x00, 0x00, 0x00, 0x36, 0x08, 0x00, 0x00, 0x33, 0x08, 0x00, 0x00, 0x11, 0x05, // ......6...3.....
	0x00, 0x00, 0x88, 0x00, 0x05, 0x00, 0x07, 0x00, 0x00, 0x00, 0x38, 0x08, 0x00, 0x00, 0x36, 0x08, // ..........8...6.
	0x00, 0x00, 0xfd, 0x04, 0x00, 0x00, 0x50, 0x00, 0x06, 0x00, 0x1a, 0x00, 0x00, 0x00, 0x39, 0x08, // ......P.......9.
	0x00, 0x00, 0x28, 0x08, 0x00, 0x00, 0x31, 0x08, 0x00, 0x00, 0x38, 0x08, 0x00, 0x00, 0x0c, 0x00, // ..(...1...8.....
	0x08, 0x00, 0x07, 0x00, 0x00, 0x00, 0x3c, 0x08, 0x00, 0x00, 0x01, 0x00, 0x00, 0x00, 0x2b, 0x00, // ......<.......+.
	0x00, 0x00, 0x31, 0x08, 0x00, 0x00, 0x7f, 0x00, 0x00, 0x00, 0xbe, 0x00, 0x00, 0x00, 0x0c, 0x00, // ..1.............
	0x08, 0x00, 0x07, 0x00, 0x00, 0x00, 0x3e, 0x08, 0x00, 0x00, 0x01, 0x00, 0x00, 0x00, 0x31, 0x00, // ......>.......1.
	0x00, 0x00, 0x7f, 0x00, 0x00, 0x00, 0x67, 0x01, 0x00, 0x00, 0x3c, 0x08, 0x00, 0x00, 0x0c, 0x00, // ......g...<.....
	0x08, 0x00, 0x07, 0x00, 0x00, 0x00, 0x40, 0x08, 0x00, 0x00, 0x01, 0x00, 0x00, 0x00, 0x31, 0x00, // ......@.......1.
	0x00, 0x00, 0x21, 0x01, 0x00, 0x00, 0xbe, 0x00, 0x00, 0x00, 0x3c, 0x08, 0x00, 0x00, 0x83, 0x00, // ..!.......<.....
	0x05, 0x00, 0x07, 0x00, 0x00, 0x00, 0x41, 0x08, 0x00, 0x00, 0xbe, 0x00, 0x00, 0x00, 0x40, 0x08, // ......A.......@.
	0x00, 0x00, 0x85, 0x00, 0x05, 0x00, 0x07, 0x00, 0x00, 0x00, 0x42, 0x08, 0x00, 0x00, 0x3e, 0x08, // ..........B...>.
	0x00, 0x00, 0x41, 0x08, 0x00, 0x00, 0x8e, 0x00, 0x05, 0x00, 0x1a, 0x00, 0x00, 0x00, 0x44, 0x08, // ..A...........D.
	0x00, 0x00, 0x39, 0x08, 0x00, 0x00, 0xaf, 0x00, 0x00, 0x00, 0x0c, 0x00, 0x06, 0x00, 0x1a, 0x00, // ..9.............
	0x00, 0x00, 0x89, 0x08, 0x00, 0x00, 0x01, 0x00, 0x00, 0x00, 0x08, 0x00, 0x00, 0x00, 0x44, 0x08, // ..............D.
	0x00, 0x00, 0x0c, 0x00, 0x06, 0x00, 0x1a, 0x00, 0x00, 0x00, 0x8b, 0x08, 0x00, 0x00, 0x01, 0x00, // ................
	0x00, 0x00, 0x0a, 0x00, 0x00, 0x00, 0x44, 0x08, 0x00, 0x00, 0x85, 0x00, 0x05, 0x00, 0x1a, 0x00, // ......D.........
	0x00, 0x00, 0x8e, 0x08, 0x00, 0x00, 0x8b, 0x08, 0x00, 0x00, 0x8b, 0x08, 0x00, 0x00, 0x8e, 0x00, // ................
	0x05, 0x00, 0x1a, 0x00, 0x00, 0x00, 0x90, 0x08, 0x00, 0x00, 0x8b, 0x08, 0x00, 0x00, 0xb0, 0x00, // ................
	0x00, 0x00, 0x83, 0x00, 0x05, 0x00, 0x1a, 0x00, 0x00, 0x00, 0x92, 0x08, 0x00, 0x00, 0x47, 0x0d, // ..............G.
	0x00, 0x00, 0x90, 0x08, 0x00, 0x00, 0x85, 0x00, 0x05, 0x00, 0x1a, 0x00, 0x00, 0x00, 0x93, 0x08, // ................
	0x00, 0x00, 0x8e, 0x08, 0x00, 0x00, 0x92, 0x08, 0x00, 0x00, 0x8e, 0x00, 0x05, 0x00, 0x1a, 0x00, // ................
	0x00, 0x00, 0xce, 0x08, 0x00, 0x00, 0x89, 0x08, 0x00, 0x00, 0x8a, 0x00, 0x00, 0x00, 0x0c, 0x00, // ................
	0x06, 0x00, 0x1a, 0x00, 0x00, 0x00, 0xcf, 0x08, 0x00, 0x00, 0x01, 0x00, 0x00, 0x00, 0x0a, 0x00, // ................
	0x00, 0x00, 0xce, 0x08, 0x00, 0x00, 0x4f, 0x00, 0x08, 0x00, 0x1a, 0x00, 0x00, 0x00, 0xd2, 0x08, // ......O.........
	0x00, 0x00, 0xcf, 0x08, 0x00, 0x00, 0xcf, 0x08, 0x00, 0x00, 0x01, 0x00, 0x00, 0x00, 0x02, 0x00, // ................
	0x00, 0x00, 0x00, 0x00, 0x00, 0x00, 0x81, 0x00, 0x05, 0x00, 0x1a, 0x00, 0x00, 0x00, 0xd4, 0x08, // ................
	0x00, 0x00, 0xd2, 0x08, 0x00, 0x00, 0x48, 0x0d, 0x00, 0x00, 0x94, 0x00, 0x05, 0x00, 0x07, 0x00, // ......H.........
	0x00, 0x00, 0xd5, 0x08, 0x00, 0x00, 0xcf, 0x08, 0x00, 0x00, 0xd4, 0x08, 0x00, 0x00, 0x50, 0x00, // ..............P.
	0x06, 0x00, 0x1a, 0x00, 0x00, 0x00, 0xd7, 0x08, 0x00, 0x00, 0xd5, 0x08, 0x00, 0x00, 0xd5, 0x08, // ................
	0x00, 0x00, 0xd5, 0x08, 0x00, 0x00, 0x81, 0x00, 0x05, 0x00, 0x1a, 0x00, 0x00, 0x00, 0xd8, 0x08, // ................
	0x00, 0x00, 0xcf, 0x08, 0x00, 0x00, 0xd7, 0x08, 0x00, 0x00, 0x51, 0x00, 0x05, 0x00, 0x07, 0x00, // ..........Q.....
	0x00, 0x00, 0xda, 0x08, 0x00, 0x00, 0xd8, 0x08, 0x00, 0x00, 0x00, 0x00, 0x00, 0x00, 0x51, 0x00, // ..............Q.
	0x05, 0x00, 0x07, 0x00, 0x00, 0x00, 0xdc, 0x08, 0x00, 0x00, 0xd8, 0x08, 0x00, 0x00, 0x01, 0x00, // ................
	0x00, 0x00, 0x81, 0x00, 0x05, 0x00, 0x07, 0x00, 0x00, 0x00, 0xdd, 0x08, 0x00, 0x00, 0xda, 0x08, // ................
	0x00, 0x00, 0xdc, 0x08, 0x00, 0x00, 0x51, 0x00, 0x05, 0x00, 0x07, 0x00, 0x00, 0x00, 0xdf, 0x08, // ......Q.........
	0x00, 0x00, 0xd8, 0x08, 0x00, 0x00, 0x02, 0x00, 0x00, 0x00, 0x85, 0x00, 0x05, 0x00, 0x07, 0x00, // ................
	0x00, 0x00, 0xe0, 0x08, 0x00, 0x00, 0xdd, 0x08, 0x00, 0x00, 0xdf, 0x08, 0x00, 0x00, 0x0c, 0x00, // ................
	0x06, 0x00, 0x07, 0x00, 0x00, 0x00, 0xe1, 0x08, 0x00, 0x00, 0x01, 0x00, 0x00, 0x00, 0x0a, 0x00, // ................
	0x00, 0x00, 0xe0, 0x08, 0x00, 0x00, 0x81, 0x00, 0x05, 0x00, 0x1a, 0x00, 0x00, 0x00, 0x98, 0x08, // ................
	0x00, 0x00, 0x89, 0x08, 0x00, 0x00, 0xbf, 0x00, 0x00, 0x00, 0x8e, 0x00, 0x05, 0x00, 0x1a, 0x00, // ................
	0x00, 0x00, 0xe5, 0x08, 0x00, 0x00, 0x98, 0x08, 0x00, 0x00, 0x8a, 0x00, 0x00, 0x00, 0x0c, 0x00, // ................
	0x06, 0x00, 0x1a, 0x00, 0x00, 0x00, 0xe6, 0x08, 0x00, 0x00, 0x01, 0x00, 0x00, 0x00, 0x0a, 0x00, // ................
	0x00, 0x00, 0xe5, 0x08, 0x00, 0x00, 0x4f, 0x00, 0x08, 0x00, 0x1a, 0x00, 0x00, 0x00, 0xe9, 0x08, // ......O.........
	0x00, 0x00, 0xe6, 0x08, 0x00, 0x00, 0xe6, 0x08, 0x00, 0x00, 0x01, 0x00, 0x00, 0x00, 0x02, 0x00, // ................
	0x00, 0x00, 0x00, 0x00, 0x00, 0x00, 0x81, 0x00, 0x05, 0x00, 0x1a, 0x00, 0x00, 0x00, 0xeb, 0x08, // ................
	0x00, 0x00, 0xe9, 0x08, 0x00, 0x00, 0x48, 0x0d, 0x00, 0x00, 0x94, 0x00, 0x05, 0x00, 0x07, 0x00, // ......H.........
	0x00, 0x00, 0xec, 0x08, 0x00, 0x00, 0xe6, 0x08, 0x00, 0x00, 0xeb, 0x08, 0x00, 0x00, 0x50, 0x00, // ..............P.
	0x06, 0x00, 0x1a, 0x00, 0x00, 0x00, 0xee, 0x08, 0x00, 0x00, 0xec, 0x08, 0x00, 0x00, 0xec, 0x08, // ................
	0x00, 0x00, 0xec, 0x08, 0x00, 0x00, 0x81, 0x00, 0x05, 0x00, 0x1a, 0x00, 0x00, 0x00, 0xef, 0x08, // ................
	0x00, 0x00, 0xe6, 0x08, 0x00, 0x00, 0xee, 0x08, 0x00, 0x00, 0x51, 0x00, 0x05, 0x00, 0x07, 0x00, // ..........Q.....
	0x00, 0x00, 0xf1, 0x08, 0x00, 0x00, 0xef, 0x08, 0x00, 0x00, 0x00, 0x00, 0x00, 0x00, 0x51, 0x00, // ..............Q.
	0x05, 0x00, 0x07, 0x00, 0x00, 0x00, 0xf3, 0x08, 0x00, 0x00, 0xef, 0x08, 0x00, 0x00, 0x01, 0x00, // ................
	0x00, 0x00, 0x81, 0x00, 0x05, 0x00, 0x07, 0x00, 0x00, 0x00, 0xf4, 0x08, 0x00, 0x00, 0xf1, 0x08, // ................
	0x00, 0x00, 0xf3, 0x08, 0x00, 0x00, 0x51, 0x00, 0x05, 0x00, 0x07, 0x00, 0x00, 0x00, 0xf6, 0x08, // ......Q.........
	0x00, 0x00, 0xef, 0x08, 0x00, 0x00, 0x02, 0x00, 0x00, 0x00, 0x85, 0x00, 0x05, 0x00, 0x07, 0x00, // ................
	0x00, 0x00, 0xf7, 0x08, 0x00, 0x00, 0xf4, 0x08, 0x00, 0x00, 0xf6, 0x08, 0x00, 0x00, 0x0c, 0x00, // ................
	0x06, 0x00, 0x07, 0x00, 0x00, 0x00, 0xf8, 0x08, 0x00, 0x00, 0x01, 0x00, 0x00, 0x00, 0x0a, 0x00, // ................
	0x00, 0x00, 0xf7, 0x08, 0x00, 0x00, 0x81, 0x00, 0x05, 0x00, 0x1a, 0x00, 0x00, 0x00, 0x9b, 0x08, // ................
	0x00, 0x00, 0x89, 0x08, 0x00, 0x00, 0xc5, 0x00, 0x00, 0x00, 0x8e, 0x00, 0x05, 0x00, 0x1a, 0x00, // ................
	0x00, 0x00, 0xfc, 0x08, 0x00, 0x00, 0x9b, 0x08, 0x00, 0x00, 0x8a, 0x00, 0x00, 0x00, 0x0c, 0x00, // ................
	0x06, 0x00, 0x1a, 0x00, 0x00, 0x00, 0xfd, 0x08, 0x00, 0x00, 0x01, 0x00, 0x00, 0x00, 0x0a, 0x00, // ................
	0x00, 0x00, 0xfc, 0x08, 0x00, 0x00, 0x4f, 0x00, 0x08, 0x00, 0x1a, 0x00, 0x00, 0x00, 0x00, 0x09, // ......O.........
	0x00, 0x00, 0xfd, 0x08, 0x00, 0x00, 0xfd, 0x08, 0x00, 0x00, 0x01, 0x00, 0x00, 0x00, 0x02, 0x00, // ................
	0x00, 0x00, 0x00, 0x00, 0x00, 0x00, 0x81, 0x00, 0x05, 0x00, 0x1a, 0x00, 0x00, 0x00, 0x02, 0x09, // ................
	0x00, 0x00, 0x00, 0x09, 0x00, 0x00, 0x48, 0x0d, 0x00, 0x00, 0x94, 0x00, 0x05, 0x00, 0x07, 0x00, // ......H.........
	0x00, 0x00, 0x03, 0x09, 0x00, 0x00, 0xfd, 0x08, 0x00, 0x00, 0x02, 0x09, 0x00, 0x00, 0x50, 0x00, // ..............P.
	0x06, 0x00, 0x1a, 0x00, 0x00, 0x00, 0x05, 0x09, 0x00, 0x00, 0x03, 0x09, 0x00, 0x00, 0x03, 0x09, // ................
	0x00, 0x00, 0x03, 0x09, 0x00, 0x00, 0x81, 0x00, 0x05, 0x00, 0x1a, 0x00, 0x00, 0x00, 0x06, 0x09, // ................
	0x00, 0x00, 0xfd, 0x08, 0x00, 0x00, 0x05, 0x09, 0x00, 0x00, 0x51, 0x00, 0x05, 0x00, 0x07, 0x00, // ..........Q.....
	0x00, 0x00, 0x08, 0x09, 0x00, 0x00, 0x06, 0x09, 0x00, 0x00, 0x00, 0x00, 0x00, 0x00, 0x51, 0x00, // ..............Q.
	0x05, 0x00, 0x07, 0x00, 0x00, 0x00, 0x0a, 0x09, 0x00, 0x00, 0x06, 0x09, 0x00, 0x00, 0x01, 0x00, // ................
	0x00, 0x00, 0x81, 0x00, 0x05, 0x00, 0x07, 0x00, 0x00, 0x00, 0x0b, 0x09, 0x00, 0x00, 0x08, 0x09, // ................
	0x00, 0x00, 0x0a, 0x09, 0x00, 0x00, 0x51, 0x00, 0x05, 0x00, 0x07, 0x00, 0x00, 0x00, 0x0d, 0x09, // ......Q.........
	0x00, 0x00, 0x06, 0x09, 0x00, 0x00, 0x02, 0x00, 0x00, 0x00, 0x85, 0x00, 0x05, 0x00, 0x07, 0x00, // ................
	0x00, 0x00, 0x0e, 0x09, 0x00, 0x00, 0x0b, 0x09, 0x00, 0x00, 0x0d, 0x09, 0x00, 0x00, 0x0c, 0x00, // ................
	0x06, 0x00, 0x07, 0x00, 0x00, 0x00, 0x0f, 0x09, 0x00, 0x00, 0x01, 0x00, 0x00, 0x00, 0x0a, 0x00, // ................
	0x00, 0x00, 0x0e, 0x09, 0x00, 0x00, 0x81, 0x00, 0x05, 0x00, 0x1a, 0x00, 0x00, 0x00, 0x9e, 0x08, // ................
	0x00, 0x00, 0x89, 0x08, 0x00, 0x00, 0xcb, 0x00, 0x00, 0x00, 0x8e, 0x00, 0x05, 0x00, 0x1a, 0x00, // ................
	0x00, 0x00, 0x13, 0x09, 0x00, 0x00, 0x9e, 0x08, 0x00, 0x00, 0x8a, 0x00, 0x00, 0x00, 0x0c, 0x00, // ................
	0x06, 0x00, 0x1a, 0x00, 0x00, 0x00, 0x14, 0x09, 0x00, 0x00, 0x01, 0x00, 0x00, 0x00, 0x0a, 0x00, // ................
	0x00, 0x00, 0x13, 0x09, 0x00, 0x00, 0x4f, 0x00, 0x08, 0x00, 0x1a, 0x00, 0x00, 0x00, 0x17, 0x09, // ......O.........
	0x00, 0x00, 0x14, 0x09, 0x00, 0x00, 0x14, 0x09, 0x00, 0x00, 0x01, 0x00, 0x00, 0x00, 0x02, 0x00, // ................
	0x00, 0x00, 0x00, 0x00, 0x00, 0x00, 0x81, 0x00, 0x05, 0x00, 0x1a, 0x00, 0x00, 0x00, 0x19, 0x09, // ................
	0x00, 0x00, 0x17, 0x09, 0x00, 0x00, 0x48, 0x0d, 0x00, 0x00, 0x94, 0x00, 0x05, 0x00, 0x07, 0x00, // ......H.........
	0x00, 0x00, 0x1a, 0x09, 0x00, 0x00, 0x14, 0x09, 0x00, 0x00, 0x19, 0x09, 0x00, 0x00, 0x50, 0x00, // ..............P.
	0x06, 0x00, 0x1a, 0x00, 0x00, 0x00, 0x1c, 0x09, 0x00, 0x00, 0x1a, 0x09, 0x00, 0x00, 0x1a, 0x09, // ................
	0x00, 0x00, 0x1a, 0x09, 0x00, 0x00, 0x81, 0x00, 0x05, 0x00, 0x1a, 0x00, 0x00, 0x00, 0x1d, 0x09, // ................
	0x00, 0x00, 0x14, 0x09, 0x00, 0x00, 0x1c, 0x09, 0x00, 0x00, 0x51, 0x00, 0x05, 0x00, 0x07, 0x00, // ..........Q.....
	0x00, 0x00, 0x1f, 0x09, 0x00, 0x00, 0x1d, 0x09, 0x00, 0x00, 0x00, 0x00, 0x00, 0x00, 0x51, 0x00, // ..............Q.
	0x05, 0x00, 0x07, 0x00, 0x00, 0x00, 0x21, 0x09, 0x00, 0x00, 0x1d, 0x09, 0x00, 0x00, 0x01, 0x00, // ......!.........
	0x00, 0x00, 0x81, 0x00, 0x05, 0x00, 0x07, 0x00, 0x00, 0x00, 0x22, 0x09, 0x00, 0x00, 0x1f, 0x09, // ..........".....
	0x00, 0x00, 0x21, 0x09, 0x00, 0x00, 0x51, 0x00, 0x05, 0x00, 0x07, 0x00, 0x00, 0x00, 0x24, 0x09, // ..!...Q.......$.
	0x00, 0x00, 0x1d, 0x09, 0x00, 0x00, 0x02, 0x00, 0x00, 0x00, 0x85, 0x00, 0x05, 0x00, 0x07, 0x00, // ................
	0x00, 0x00, 0x25, 0x09, 0x00, 0x00, 0x22, 0x09, 0x00, 0x00, 0x24, 0x09, 0x00, 0x00, 0x0c, 0x00, // ..%..."...$.....
	0x06, 0x00, 0x07, 0x00, 0x00, 0x00, 0x26, 0x09, 0x00, 0x00, 0x01, 0x00, 0x00, 0x00, 0x0a, 0x00, // ......&.........
	0x00, 0x00, 0x25, 0x09, 0x00, 0x00, 0x81, 0x00, 0x05, 0x00, 0x1a, 0x00, 0x00, 0x00, 0xa1, 0x08, // ..%.............
	0x00, 0x00, 0x89, 0x08, 0x00, 0x00, 0xd1, 0x00, 0x00, 0x00, 0x8e, 0x00, 0x05, 0x00, 0x1a, 0x00, // ................
	0x00, 0x00, 0x2a, 0x09, 0x00, 0x00, 0xa1, 0x08, 0x00, 0x00, 0x8a, 0x00, 0x00, 0x00, 0x0c, 0x00, // ..*.............
	0x06, 0x00, 0x1a, 0x00, 0x00, 0x00, 0x2b, 0x09, 0x00, 0x00, 0x01, 0x00, 0x00, 0x00, 0x0a, 0x00, // ......+.........
	0x00, 0x00, 0x2a, 0x09, 0x00, 0x00, 0x4f, 0x00, 0x08, 0x00, 0x1a, 0x00, 0x00, 0x00, 0x2e, 0x09, // ..*...O.........
	0x00, 0x00, 0x2b, 0x09, 0x00, 0x00, 0x2b, 0x09, 0x00, 0x00, 0x01, 0x00, 0x00, 0x00, 0x02, 0x00, // ..+...+.........
	0x00, 0x00, 0x00, 0x00, 0x00, 0x00, 0x81, 0x00, 0x05, 0x00, 0x1a, 0x00, 0x00, 0x00, 0x30, 0x09, // ..............0.
	0x00, 0x00, 0x2e, 0x09, 0x00, 0x00, 0x48, 0x0d, 0x00, 0x00, 0x94, 0x00, 0x05, 0x00, 0x07, 0x00, // ......H.........
	0x00, 0x00, 0x31, 0x09, 0x00, 0x00, 0x2b, 0x09, 0x00, 0x00, 0x30, 0x09, 0x00, 0x00, 0x50, 0x00, // ..1...+...0...P.
	0x06, 0x00, 0x1a, 0x00, 0x00, 0x00, 0x33, 0x09, 0x00, 0x00, 0x31, 0x09, 0x00, 0x00, 0x31, 0x09, // ......3...1...1.
	0x00, 0x00, 0x31, 0x09, 0x00, 0x00, 0x81, 0x00, 0x05, 0x00, 0x1a, 0x00, 0x00, 0x00, 0x34, 0x09, // ..1...........4.
	0x00, 0x00, 0x2b, 0x09, 0x00, 0x00, 0x33, 0x09, 0x00, 0x00, 0x51, 0x00, 0x05, 0x00, 0x07, 0x00, // ..+...3...Q.....
	0x00, 0x00, 0x36, 0x09, 0x00, 0x00, 0x34, 0x09, 0x00, 0x00, 0x00, 0x00, 0x00, 0x00, 0x51, 0x00, // ..6...4.......Q.
	0x05, 0x00, 0x07, 0x00, 0x00, 0x00, 0x38, 0x09, 0x00, 0x00, 0x34, 0x09, 0x00, 0x00, 0x01, 0x00, // ......8...4.....
	0x00, 0x00, 0x81, 0x00, 0x05, 0x00, 0x07, 0x00, 0x00, 0x00, 0x39, 0x09, 0x00, 0x00, 0x36, 0x09, // ..........9...6.
	0x00, 0x00, 0x38, 0x09, 0x00, 0x00, 0x51, 0x00, 0x05, 0x00, 0x07, 0x00, 0x00, 0x00, 0x3b, 0x09, // ..8...Q.......;.
	0x00, 0x00, 0x34, 0x09, 0x00, 0x00, 0x02, 0x00, 0x00, 0x00, 0x85, 0x00, 0x05, 0x00, 0x07, 0x00, // ..4.............
	0x00, 0x00, 0x3c, 0x09, 0x00, 0x00, 0x39, 0x09, 0x00, 0x00, 0x3b, 0x09, 0x00, 0x00, 0x0c, 0x00, // ..<...9...;.....
	0x06, 0x00, 0x07, 0x00, 0x00, 0x00, 0x3d, 0x09, 0x00, 0x00, 0x01, 0x00, 0x00, 0x00, 0x0a, 0x00, // ......=.........
	0x00, 0x00, 0x3c, 0x09, 0x00, 0x00, 0x81, 0x00, 0x05, 0x00, 0x1a, 0x00, 0x00, 0x00, 0xa4, 0x08, // ..<.............
	0x00, 0x00, 0x89, 0x08, 0x00, 0x00, 0xd7, 0x00, 0x00, 0x00, 0x8e, 0x00, 0x05, 0x00, 0x1a, 0x00, // ................
	0x00, 0x00, 0x41, 0x09, 0x00, 0x00, 0xa4, 0x08, 0x00, 0x00, 0x8a, 0x00, 0x00, 0x00, 0x0c, 0x00, // ..A.............
	0x06, 0x00, 0x1a, 0x00, 0x00, 0x00, 0x42, 0x09, 0x00, 0x00, 0x01, 0x00, 0x00, 0x00, 0x0a, 0x00, // ......B.........
	0x00, 0x00, 0x41, 0x09, 0x00, 0x00, 0x4f, 0x00, 0x08, 0x00, 0x1a, 0x00, 0x00, 0x00, 0x45, 0x09, // ..A...O.......E.
	0x00, 0x00, 0x42, 0x09, 0x00, 0x00, 0x42, 0x09, 0x00, 0x00, 0x01, 0x00, 0x00, 0x00, 0x02, 0x00, // ..B...B.........
	0x00, 0x00, 0x00, 0x00, 0x00, 0x00, 0x81, 0x00, 0x05, 0x00, 0x1a, 0x00, 0x00, 0x00, 0x47, 0x09, // ..............G.
	0x00, 0x00, 0x45, 0x09, 0x00, 0x00, 0x48, 0x0d, 0x00, 0x00, 0x94, 0x00, 0x05, 0x00, 0x07, 0x00, // ..E...H.........
	0x00, 0x00, 0x48, 0x09, 0x00, 0x00, 0x42, 0x09, 0x00, 0x00, 0x47, 0x09, 0x00, 0x00, 0x50, 0x00, // ..H...B...G...P.
	0x06, 0x00, 0x1a, 0x00, 0x00, 0x00, 0x4a, 0x09, 0x00, 0x00, 0x48, 0x09, 0x00, 0x00, 0x48, 0x09, // ......J...H...H.
	0x00, 0x00, 0x48, 0x09, 0x00, 0x00, 0x81, 0x00, 0x05, 0x00, 0x1a, 0x00, 0x00, 0x00, 0x4b, 0x09, // ..H...........K.
	0x00, 0x00, 0x42, 0x09, 0x00, 0x00, 0x4a, 0x09, 0x00, 0x00, 0x51, 0x00, 0x05, 0x00, 0x07, 0x00, // ..B...J...Q.....
	0x00, 0x00, 0x4d, 0x09, 0x00, 0x00, 0x4b, 0x09, 0x00, 0x00, 0x00, 0x00, 0x00, 0x00, 0x51, 0x00, // ..M...K.......Q.
	0x05, 0x00, 0x07, 0x00, 0x00, 0x00, 0x4f, 0x09, 0x00, 0x00, 0x4b, 0x09, 0x00, 0x00, 0x01, 0x00, // ......O...K.....
	0x00, 0x00, 0x81, 0x00, 0x05, 0x00, 0x07, 0x00, 0x00, 0x00, 0x50, 0x09, 0x00, 0x00, 0x4d, 0x09, // ..........P...M.
	0x00, 0x00, 0x4f, 0x09, 0x00, 0x00, 0x51, 0x00, 0x05, 0x00, 0x07, 0x00, 0x00, 0x00, 0x52, 0x09, // ..O...Q.......R.
	0x00, 0x00, 0x4b, 0x09, 0x00, 0x00, 0x02, 0x00, 0x00, 0x00, 0x85, 0x00, 0x05, 0x00, 0x07, 0x00, // ..K.............
	0x00, 0x00, 0x53, 0x09, 0x00, 0x00, 0x50, 0x09, 0x00, 0x00, 0x52, 0x09, 0x00, 0x00, 0x0c, 0x00, // ..S...P...R.....
	0x06, 0x00, 0x07, 0x00, 0x00, 0x00, 0x54, 0x09, 0x00, 0x00, 0x01, 0x00, 0x00, 0x00, 0x0a, 0x00, // ......T.........
	0x00, 0x00, 0x53, 0x09, 0x00, 0x00, 0x81, 0x00, 0x05, 0x00, 0x1a, 0x00, 0x00, 0x00, 0xa7, 0x08, // ..S.............
	0x00, 0x00, 0x89, 0x08, 0x00, 0x00, 0xdd, 0x00, 0x00, 0x00, 0x8e, 0x00, 0x05, 0x00, 0x1a, 0x00, // ................
	0x00, 0x00, 0x58, 0x09, 0x00, 0x00, 0xa7, 0x08, 0x00, 0x00, 0x8a, 0x00, 0x00, 0x00, 0x0c, 0x00, // ..X.............
	0x06, 0x00, 0x1a, 0x00, 0x00, 0x00, 0x59, 0x09, 0x00, 0x00, 0x01, 0x00, 0x00, 0x00, 0x0a, 0x00, // ......Y.........
	0x00, 0x00, 0x58, 0x09, 0x00, 0x00, 0x4f, 0x00, 0x08, 0x00, 0x1a, 0x00, 0x00, 0x00, 0x5c, 0x09, // ..X...O.........
	0x00, 0x00, 0x59, 0x09, 0x00, 0x00, 0x59, 0x09, 0x00, 0x00, 0x01, 0x00, 0x00, 0x00, 0x02, 0x00, // ..Y...Y.........
	0x00, 0x00, 0x00, 0x00, 0x00, 0x00, 0x81, 0x00, 0x05, 0x00, 0x1a, 0x00, 0x00, 0x00, 0x5e, 0x09, // ..............^.
	0x00, 0x00, 0x5c, 0x09, 0x00, 0x00, 0x48, 0x0d, 0x00, 0x00, 0x94, 0x00, 0x05, 0x00, 0x07, 0x00, // ......H.........
	0x00, 0x00, 0x5f, 0x09, 0x00, 0x00, 0x59, 0x09, 0x00, 0x00, 0x5e, 0x09, 0x00, 0x00, 0x50, 0x00, // .._...Y...^...P.
	0x06, 0x00, 0x1a, 0x00, 0x00, 0x00, 0x61, 0x09, 0x00, 0x00, 0x5f, 0x09, 0x00, 0x00, 0x5f, 0x09, // ......a..._..._.
	0x00, 0x00, 0x5f, 0x09, 0x00, 0x00, 0x81, 0x00, 0x05, 0x00, 0x1a, 0x00, 0x00, 0x00, 0x62, 0x09, // .._...........b.
	0x00, 0x00, 0x59, 0x09, 0x00, 0x00, 0x61, 0x09, 0x00, 0x00, 0x51, 0x00, 0x05, 0x00, 0x07, 0x00, // ..Y...a...Q.....
	0x00, 0x00, 0x64, 0x09, 0x00, 0x00, 0x62, 0x09, 0x00, 0x00, 0x00, 0x00, 0x00, 0x00, 0x51, 0x00, // ..d...b.......Q.
	0x05, 0x00, 0x07, 0x00, 0x00, 0x00, 0x66, 0x09, 0x00, 0x00, 0x62, 0x09, 0x00, 0x00, 0x01, 0x00, // ......f...b.....
	0x00, 0x00, 0x81, 0x00, 0x05, 0x00, 0x07, 0x00, 0x00, 0x00, 0x67, 0x09, 0x00, 0x00, 0x64, 0x09, // ..........g...d.
	0x00, 0x00, 0x66, 0x09, 0x00, 0x00, 0x51, 0x00, 0x05, 0x00, 0x07, 0x00, 0x00, 0x00, 0x69, 0x09, // ..f...Q.......i.
	0x00, 0x00, 0x62, 0x09, 0x00, 0x00, 0x02, 0x00, 0x00, 0x00, 0x85, 0x00, 0x05, 0x00, 0x07, 0x00, // ..b.............
	0x00, 0x00, 0x6a, 0x09, 0x00, 0x00, 0x67, 0x09, 0x00, 0x00, 0x69, 0x09, 0x00, 0x00, 0x0c, 0x00, // ..j...g...i.....
	0x06, 0x00, 0x07, 0x00, 0x00, 0x00, 0x6b, 0x09, 0x00, 0x00, 0x01, 0x00, 0x00, 0x00, 0x0a, 0x00, // ......k.........
	0x00, 0x00, 0x6a, 0x09, 0x00, 0x00, 0x81, 0x00, 0x05, 0x00, 0x1a, 0x00, 0x00, 0x00, 0xaa, 0x08, // ..j.............
	0x00, 0x00, 0x89, 0x08, 0x00, 0x00, 0xe3, 0x00, 0x00, 0x00, 0x8e, 0x00, 0x05, 0x00, 0x1a, 0x00, // ................
	0x00, 0x00, 0x6f, 0x09, 0x00, 0x00, 0xaa, 0x08, 0x00, 0x00, 0x8a, 0x00, 0x00, 0x00, 0x0c, 0x00, // ..o.............
	0x06, 0x00, 0x1a, 0x00, 0x00, 0x00, 0x70, 0x09, 0x00, 0x00, 0x01, 0x00, 0x00, 0x00, 0x0a, 0x00, // ......p.........
	0x00, 0x00, 0x6f, 0x09, 0x00, 0x00, 0x4f, 0x00, 0x08, 0x00, 0x1a, 0x00, 0x00, 0x00, 0x73, 0x09, // ..o...O.......s.
	0x00, 0x00, 0x70, 0x09, 0x00, 0x00, 0x70, 0x09, 0x00, 0x00, 0x01, 0x00, 0x00, 0x00, 0x02, 0x00, // ..p...p.........
	0x00, 0x00, 0x00, 0x00, 0x00, 0x00, 0x81, 0x00, 0x05, 0x00, 0x1a, 0x00, 0x00, 0x00, 0x75, 0x09, // ..............u.
	0x00, 0x00, 0x73, 0x09, 0x00, 0x00, 0x48, 0x0d, 0x00, 0x00, 0x94, 0x00, 0x05, 0x00, 0x07, 0x00, // ..s...H.........
	0x00, 0x00, 0x76, 0x09, 0x00, 0x00, 0x70, 0x09, 0x00, 0x00, 0x75, 0x09, 0x00, 0x00, 0x50, 0x00, // ..v...p...u...P.
	0x06, 0x00, 0x1a, 0x00, 0x00, 0x00, 0x78, 0x09, 0x00, 0x00, 0x76, 0x09, 0x00, 0x00, 0x76, 0x09, // ......x...v...v.
	0x00, 0x00, 0x76, 0x09, 0x00, 0x00, 0x81, 0x00, 0x05, 0x00, 0x1a, 0x00, 0x00, 0x00, 0x79, 0x09, // ..v...........y.
	0x00, 0x00, 0x70, 0x09, 0x00, 0x00, 0x78, 0x09, 0x00, 0x00, 0x51, 0x00, 0x05, 0x00, 0x07, 0x00, // ..p...x...Q.....
	0x00, 0x00, 0x7b, 0x09, 0x00, 0x00, 0x79, 0x09, 0x00, 0x00, 0x00, 0x00, 0x00, 0x00, 0x51, 0x00, // ..{...y.......Q.
	0x05, 0x00, 0x07, 0x00, 0x00, 0x00, 0x7d, 0x09, 0x00, 0x00, 0x79, 0x09, 0x00, 0x00, 0x01, 0x00, // ......}...y.....
	0x00, 0x00, 0x81, 0x00, 0x05, 0x00, 0x07, 0x00, 0x00, 0x00, 0x7e, 0x09, 0x00, 0x00, 0x7b, 0x09, // ..........~...{.
	0x00, 0x00, 0x7d, 0x09, 0x00, 0x00, 0x51, 0x00, 0x05, 0x00, 0x07, 0x00, 0x00, 0x00, 0x80, 0x09, // ..}...Q.........
	0x00, 0x00, 0x79, 0x09, 0x00, 0x00, 0x02, 0x00, 0x00, 0x00, 0x85, 0x00, 0x05, 0x00, 0x07, 0x00, // ..y.............
	0x00, 0x00, 0x81, 0x09, 0x00, 0x00, 0x7e, 0x09, 0x00, 0x00, 0x80, 0x09, 0x00, 0x00, 0x0c, 0x00, // ......~.........
	0x06, 0x00, 0x07, 0x00, 0x00, 0x00, 0x82, 0x09, 0x00, 0x00, 0x01, 0x00, 0x00, 0x00, 0x0a, 0x00, // ................
	0x00, 0x00, 0x81, 0x09, 0x00, 0x00, 0x51, 0x00, 0x05, 0x00, 0x07, 0x00, 0x00, 0x00, 0xaf, 0x08, // ......Q.........
	0x00, 0x00, 0x93, 0x08, 0x00, 0x00, 0x00, 0x00, 0x00, 0x00, 0x0c, 0x00, 0x08, 0x00, 0x07, 0x00, // ................
	0x00, 0x00, 0x88, 0x09, 0x00, 0x00, 0x01, 0x00, 0x00, 0x00, 0x2e, 0x00, 0x00, 0x00, 0xe1, 0x08, // ................
	0x00, 0x00, 0xf8, 0x08, 0x00, 0x00, 0xaf, 0x08, 0x00, 0x00, 0x0c, 0x00, 0x08, 0x00, 0x07, 0x00, // ................
	0x00, 0x00, 0x8e, 0x09, 0x00, 0x00, 0x01, 0x00, 0x00, 0x00, 0x2e, 0x00, 0x00, 0x00, 0x0f, 0x09, // ................
	0x00, 0x00, 0x26, 0x09, 0x00, 0x00, 0xaf, 0x08, 0x00, 0x00, 0x51, 0x00, 0x05, 0x00, 0x07, 0x00, // ..&.......Q.....
	0x00, 0x00, 0xb7, 0x08, 0x00, 0x00, 0x93, 0x08, 0x00, 0x00, 0x01, 0x00, 0x00, 0x00, 0x0c, 0x00, // ................
	0x08, 0x00, 0x07, 0x00, 0x00, 0x00, 0x94, 0x09, 0x00, 0x00, 0x01, 0x00, 0x00, 0x00, 0x2e, 0x00, // ................
	0x00, 0x00, 0x88, 0x09, 0x00, 0x00, 0x8e, 0x09, 0x00, 0x00, 0xb7, 0x08, 0x00, 0x00, 0x0c, 0x00, // ................
	0x08, 0x00, 0x07, 0x00, 0x00, 0x00, 0x9a, 0x09, 0x00, 0x00, 0x01, 0x00, 0x00, 0x00, 0x2e, 0x00, // ................
	0x00, 0x00, 0x3d, 0x09, 0x00, 0x00, 0x54, 0x09, 0x00, 0x00, 0xaf, 0x08, 0x00, 0x00, 0x0c, 0x00, // ..=...T.........
	0x08, 0x00, 0x07, 0x00, 0x00, 0x00, 0xa0, 0x09, 0x00, 0x00, 0x01, 0x00, 0x00, 0x00, 0x2e, 0x00, // ................
	0x00, 0x00, 0x6b, 0x09, 0x00, 0x00, 0x82, 0x09, 0x00, 0x00, 0xaf, 0x08, 0x00, 0x00, 0x0c, 0x00, // ..k.............
	0x08, 0x00, 0x07, 0x00, 0x00, 0x00, 0xa6, 0x09, 0x00, 0x00, 0x01, 0x00, 0x00, 0x00, 0x2e, 0x00, // ................
	0x00, 0x00, 0x9a, 0x09, 0x00, 0x00, 0xa0, 0x09, 0x00, 0x00, 0xb7, 0x08, 0x00, 0x00, 0x51, 0x00, // ..............Q.
	0x05, 0x00, 0x07, 0x00, 0x00, 0x00, 0xc9, 0x08, 0x00, 0x00, 0x93, 0x08, 0x00, 0x00, 0x02, 0x00, // ................
	0x00, 0x00, 0x0c, 0x00, 0x08, 0x00, 0x07, 0x00, 0x00, 0x00, 0xac, 0x09, 0x00, 0x00, 0x01, 0x00, // ................
	0x00, 0x00, 0x2e, 0x00, 0x00, 0x00, 0x94, 0x09, 0x00, 0x00, 0xa6, 0x09, 0x00, 0x00, 0xc9, 0x08, // ................
	0x00, 0x00, 0x85, 0x00, 0x05, 0x00, 0x07, 0x00, 0x00, 0x00, 0x46, 0x08, 0x00, 0x00, 0xac, 0x09, // ..........F.....
	0x00, 0x00, 0xcb, 0x01, 0x00, 0x00, 0x8e, 0x00, 0x05, 0x00, 0x1a, 0x00, 0x00, 0x00, 0x48, 0x08, // ..............H.
	0x00, 0x00, 0x39, 0x08, 0x00, 0x00, 0xce, 0x01, 0x00, 0x00, 0x0c, 0x00, 0x06, 0x00, 0x1a, 0x00, // ..9.............
	0x00, 0x00, 0xd9, 0x09, 0x00, 0x00, 0x01, 0x00, 0x00, 0x00, 0x08, 0x00, 0x00, 0x00, 0x48, 0x08, // ..............H.
	0x00, 0x00, 0x0c, 0x00, 0x06, 0x00, 0x1a, 0x00, 0x00, 0x00, 0xdb, 0x09, 0x00, 0x00, 0x01, 0x00, // ................
	0x00, 0x00, 0x0a, 0x00, 0x00, 0x00, 0x48, 0x08, 0x00, 0x00, 0x85, 0x00, 0x05, 0x00, 0x1a, 0x00, // ......H.........
	0x00, 0x00, 0xde, 0x09, 0x00, 0x00, 0xdb, 0x09, 0x00, 0x00, 0xdb, 0x09, 0x00, 0x00, 0x8e, 0x00, // ................
	0x05, 0x00, 0x1a, 0x00, 0x00, 0x00, 0xe0, 0x09, 0x00, 0x00, 0xdb, 0x09, 0x00, 0x00, 0xb0, 0x00, // ................
	0x00, 0x00, 0x83, 0x00, 0x05, 0x00, 0x1a, 0x00, 0x00, 0x00, 0xe2, 0x09, 0x00, 0x00, 0x47, 0x0d, // ..............G.
	0x00, 0x00, 0xe0, 0x09, 0x00, 0x00, 0x85, 0x00, 0x05, 0x00, 0x1a, 0x00, 0x00, 0x00, 0xe3, 0x09, // ................
	0x00, 0x00, 0xde, 0x09, 0x00, 0x00, 0xe2, 0x09, 0x00, 0x00, 0x8e, 0x00, 0x05, 0x00, 0x1a, 0x00, // ................
	0x00, 0x00, 0x1e, 0x0a, 0x00, 0x00, 0xd9, 0x09, 0x00, 0x00, 0x8a, 0x00, 0x00, 0x00, 0x0c, 0x00, // ................
	0x06, 0x00, 0x1a, 0x00, 0x00, 0x00, 0x1f, 0x0a, 0x00, 0x00, 0x01, 0x00, 0x00, 0x00, 0x0a, 0x00, // ................
	0x00, 0x00, 0x1e, 0x0a, 0x00, 0x00, 0x4f, 0x00, 0x08, 0x00, 0x1a, 0x00, 0x00, 0x00, 0x22, 0x0a, // ......O.......".
	0x00, 0x00, 0x1f, 0x0a, 0x00, 0x00, 0x1f, 0x0a, 0x00, 0x00, 0x01, 0x00, 0x00, 0x00, 0x02, 0x00, // ................
	0x00, 0x00, 0x00, 0x00, 0x00, 0x00, 0x81, 0x00, 0x05, 0x00, 0x1a, 0x00, 0x00, 0x00, 0x24, 0x0a, // ..............$.
	0x00, 0x00, 0x22, 0x0a, 0x00, 0x00, 0x48, 0x0d, 0x00, 0x00, 0x94, 0x00, 0x05, 0x00, 0x07, 0x00, // .."...H.........
	0x00, 0x00, 0x25, 0x0a, 0x00, 0x00, 0x1f, 0x0a, 0x00, 0x00, 0x24, 0x0a, 0x00, 0x00, 0x50, 0x00, // ..%.......$...P.
	0x06, 0x00, 0x1a, 0x00, 0x00, 0x00, 0x27, 0x0a, 0x00, 0x00, 0x25, 0x0a, 0x00, 0x00, 0x25, 0x0a, // ......'...%...%.
	0x00, 0x00, 0x25, 0x0a, 0x00, 0x00, 0x81, 0x00, 0x05, 0x00, 0x1a, 0x00, 0x00, 0x00, 0x28, 0x0a, // ..%...........(.
	0x00, 0x00, 0x1f, 0x0a, 0x00, 0x00, 0x27, 0x0a, 0x00, 0x00, 0x51, 0x00, 0x05, 0x00, 0x07, 0x00, // ......'...Q.....
	0x00, 0x00, 0x2a, 0x0a, 0x00, 0x00, 0x28, 0x0a, 0x00, 0x00, 0x00, 0x00, 0x00, 0x00, 0x51, 0x00, // ..*...(.......Q.
	0x05, 0x00, 0x07, 0x00, 0x00, 0x00, 0x2c, 0x0a, 0x00, 0x00, 0x28, 0x0a, 0x00, 0x00, 0x01, 0x00, // ......,...(.....
	0x00, 0x00, 0x81, 0x00, 0x05, 0x00, 0x07, 0x00, 0x00, 0x00, 0x2d, 0x0a, 0x00, 0x00, 0x2a, 0x0a, // ..........-...*.
	0x00, 0x00, 0x2c, 0x0a, 0x00, 0x00, 0x51, 0x00, 0x05, 0x00, 0x07, 0x00, 0x00, 0x00, 0x2f, 0x0a, // ..,...Q......./.
	0x00, 0x00, 0x28, 0x0a, 0x00, 0x00, 0x02, 0x00, 0x00, 0x00, 0x85, 0x00, 0x05, 0x00, 0x07, 0x00, // ..(.............
	0x00, 0x00, 0x30, 0x0a, 0x00, 0x00, 0x2d, 0x0a, 0x00, 0x00, 0x2f, 0x0a, 0x00, 0x00, 0x0c, 0x00, // ..0...-.../.....
	0x06, 0x00, 0x07, 0x00, 0x00, 0x00, 0x31, 0x0a, 0x00, 0x00, 0x01, 0x00, 0x00, 0x00, 0x0a, 0x00, // ......1.........
	0x00, 0x00, 0x30, 0x0a, 0x00, 0x00, 0x81, 0x00, 0x05, 0x00, 0x1a, 0x00, 0x00, 0x00, 0xe8, 0x09, // ..0.............
	0x00, 0x00, 0xd9, 0x09, 0x00, 0x00, 0xbf, 0x00, 0x00, 0x00, 0x8e, 0x00, 0x05, 0x00, 0x1a, 0x00, // ................
	0x00, 0x00, 0x35, 0x0a, 0x00, 0x00, 0xe8, 0x09, 0x00, 0x00, 0x8a, 0x00, 0x00, 0x00, 0x0c, 0x00, // ..5.............
	0x06, 0x00, 0x1a, 0x00, 0x00, 0x00, 0x36, 0x0a, 0x00, 0x00, 0x01, 0x00, 0x00, 0x00, 0x0a, 0x00, // ......6.........
	0x00, 0x00, 0x35, 0x0a, 0x00, 0x00, 0x4f, 0x00, 0x08, 0x00, 0x1a, 0x00, 0x00, 0x00, 0x39, 0x0a, // ..5...O.......9.
	0x00, 0x00, 0x36, 0x0a, 0x00, 0x00, 0x36, 0x0a, 0x00, 0x00, 0x01, 0x00, 0x00, 0x00, 0x02, 0x00, // ..6...6.........
	0x00, 0x00, 0x00, 0x00, 0x00, 0x00, 0x81, 0x00, 0x05, 0x00, 0x1a, 0x00, 0x00, 0x00, 0x3b, 0x0a, // ..............;.
	0x00, 0x00, 0x39, 0x0a, 0x00, 0x00, 0x48, 0x0d, 0x00, 0x00, 0x94, 0x00, 0x05, 0x00, 0x07, 0x00, // ..9...H.........
	0x00, 0x00, 0x3c, 0x0a, 0x00, 0x00, 0x36, 0x0a, 0x00, 0x00, 0x3b, 0x0a, 0x00, 0x00, 0x50, 0x00, // ..<...6...;...P.
	0x06, 0x00, 0x1a, 0x00, 0x00, 0x00, 0x3e, 0x0a, 0x00, 0x00, 0x3c, 0x0a, 0x00, 0x00, 0x3c, 0x0a, // ......>...<...<.
	0x00, 0x00, 0x3c, 0x0a, 0x00, 0x00, 0x81, 0x00, 0x05, 0x00, 0x1a, 0x00, 0x00, 0x00, 0x3f, 0x0a, // ..<...........?.
	0x00, 0x00, 0x36, 0x0a, 0x00, 0x00, 0x3e, 0x0a, 0x00, 0x00, 0x51, 0x00, 0x05, 0x00, 0x07, 0x00, // ..6...>...Q.....
	0x00, 0x00, 0x41, 0x0a, 0x00, 0x00, 0x3f, 0x0a, 0x00, 0x00, 0x00, 0x00, 0x00, 0x00, 0x51, 0x00, // ..A...?.......Q.
	0x05, 0x00, 0x07, 0x00, 0x00, 0x00, 0x43, 0x0a, 0x00, 0x00, 0x3f, 0x0a, 0x00, 0x00, 0x01, 0x00, // ......C...?.....
	0x00, 0x00, 0x81, 0x00, 0x05, 0x00, 0x07, 0x00, 0x00, 0x00, 0x44, 0x0a, 0x00, 0x00, 0x41, 0x0a, // ..........D...A.
	0x00, 0x00, 0x43, 0x0a, 0x00, 0x00, 0x51, 0x00, 0x05, 0x00, 0x07, 0x00, 0x00, 0x00, 0x46, 0x0a, // ..C...Q.......F.
	0x00, 0x00, 0x3f, 0x0a, 0x00, 0x00, 0x02, 0x00, 0x00, 0x00, 0x85, 0x00, 0x05, 0x00, 0x07, 0x00, // ..?.............
	0x00, 0x00, 0x47, 0x0a, 0x00, 0x00, 0x44, 0x0a, 0x00, 0x00, 0x46, 0x0a, 0x00, 0x00, 0x0c, 0x00, // ..G...D...F.....
	0x06, 0x00, 0x07, 0x00, 0x00, 0x00, 0x48, 0x0a, 0x00, 0x00, 0x01, 0x00, 0x00, 0x00, 0x0a, 0x00, // ......H.........
	0x00, 0x00, 0x47, 0x0a, 0x00, 0x00, 0x81, 0x00, 0x05, 0x00, 0x1a, 0x00, 0x00, 0x00, 0xeb, 0x09, // ..G.............
	0x00, 0x00, 0xd9, 0x09, 0x00, 0x00, 0xc5, 0x00, 0x00, 0x00, 0x8e, 0x00, 0x05, 0x00, 0x1a, 0x00, // ................
	0x00, 0x00, 0x4c, 0x0a, 0x00, 0x00, 0xeb, 0x09, 0x00, 0x00, 0x8a, 0x00, 0x00, 0x00, 0x0c, 0x00, // ..L.............
	0x06, 0x00, 0x1a, 0x00, 0x00, 0x00, 0x4d, 0x0a, 0x00, 0x00, 0x01, 0x00, 0x00, 0x00, 0x0a, 0x00, // ......M.........
	0x00, 0x00, 0x4c, 0x0a, 0x00, 0x00, 0x4f, 0x00, 0x08, 0x00, 0x1a, 0x00, 0x00, 0x00, 0x50, 0x0a, // ..L...O.......P.
	0x00, 0x00, 0x4d, 0x0a, 0x00, 0x00, 0x4d, 0x0a, 0x00, 0x00, 0x01, 0x00, 0x00, 0x00, 0x02, 0x00, // ..M...M.........
	0x00, 0x00, 0x00, 0x00, 0x00, 0x00, 0x81, 0x00, 0x05, 0x00, 0x1a, 0x00, 0x00, 0x00, 0x52, 0x0a, // ..............R.
	0x00, 0x00, 0x50, 0x0a, 0x00, 0x00, 0x48, 0x0d, 0x00, 0x00, 0x94, 0x00, 0x05, 0x00, 0x07, 0x00, // ..P...H.........
	0x00, 0x00, 0x53, 0x0a, 0x00, 0x00, 0x4d, 0x0a, 0x00, 0x00, 0x52, 0x0a, 0x00, 0x00, 0x50, 0x00, // ..S...M...R...P.
	0x06, 0x00, 0x1a, 0x00, 0x00, 0x00, 0x55, 0x0a, 0x00, 0x00, 0x53, 0x0a, 0x00, 0x00, 0x53, 0x0a, // ......U...S...S.
	0x00, 0x00, 0x53, 0x0a, 0x00, 0x00, 0x81, 0x00, 0x05, 0x00, 0x1a, 0x00, 0x00, 0x00, 0x56, 0x0a, // ..S...........V.
	0x00, 0x00, 0x4d, 0x0a, 0x00, 0x00, 0x55, 0x0a, 0x00, 0x00, 0x51, 0x00, 0x05, 0x00, 0x07, 0x00, // ..M...U...Q.....
	0x00, 0x00, 0x58, 0x0a, 0x00, 0x00, 0x56, 0x0a, 0x00, 0x00, 0x00, 0x00, 0x00, 0x00, 0x51, 0x00, // ..X...V.......Q.
	0x05, 0x00, 0x07, 0x00, 0x00, 0x00, 0x5a, 0x0a, 0x00, 0x00, 0x56, 0x0a, 0x00, 0x00, 0x01, 0x00, // ......Z...V.....
	0x00, 0x00, 0x81, 0x00, 0x05, 0x00, 0x07, 0x00, 0x00, 0x00, 0x5b, 0x0a, 0x00, 0x00, 0x58, 0x0a, // ..........[...X.
	0x00, 0x00, 0x5a, 0x0a, 0x00, 0x00, 0x51, 0x00, 0x05, 0x00, 0x07, 0x00, 0x00, 0x00, 0x5d, 0x0a, // ..Z...Q.......].
	0x00, 0x00, 0x56, 0x0a, 0x00, 0x00, 0x02, 0x00, 0x00, 0x00, 0x85, 0x00, 0x05, 0x00, 0x07, 0x00, // ..V.............
	0x00, 0x00, 0x5e, 0x0a, 0x00, 0x00, 0x5b, 0x0a, 0x00, 0x00, 0x5d, 0x0a, 0x00, 0x00, 0x0c, 0x00, // ..^...[...].....
	0x06, 0x00, 0x07, 0x00, 0x00, 0x00, 0x5f, 0x0a, 0x00, 0x00, 0x01, 0x00, 0x00, 0x00, 0x0a, 0x00, // ......_.........
	0x00, 0x00, 0x5e, 0x0a, 0x00, 0x00, 0x81, 0x00, 0x05, 0x00, 0x1a, 0x00, 0x00, 0x00, 0xee, 0x09, // ..^.............
	0x00, 0x00, 0xd9, 0x09, 0x00, 0x00, 0xcb, 0x00, 0x00, 0x00, 0x8e, 0x00, 0x05, 0x00, 0x1a, 0x00, // ................
	0x00, 0x00, 0x63, 0x0a, 0x00, 0x00, 0xee, 0x09, 0x00, 0x00, 0x8a, 0x00, 0x00, 0x00, 0x0c, 0x00, // ..c.............
	0x06, 0x00, 0x1a, 0x00, 0x00, 0x00, 0x64, 0x0a, 0x00, 0x00, 0x01, 0x00, 0x00, 0x00, 0x0a, 0x00, // ......d.........
	0x00, 0x00, 0x63, 0x0a, 0x00, 0x00, 0x4f, 0x00, 0x08, 0x00, 0x1a, 0x00, 0x00, 0x00, 0x67, 0x0a, // ..c...O.......g.
	0x00, 0x00, 0x64, 0x0a, 0x00, 0x00, 0x64, 0x0a, 0x00, 0x00, 0x01, 0x00, 0x00, 0x00, 0x02, 0x00, // ..d...d.........
	0x00, 0x00, 0x00, 0x00, 0x00, 0x00, 0x81, 0x00, 0x05, 0x00, 0x1a, 0x00, 0x00, 0x00, 0x69, 0x0a, // ..............i.
	0x00, 0x00, 0x67, 0x0a, 0x00, 0x00, 0x48, 0x0d, 0x00, 0x00, 0x94, 0x00, 0x05, 0x00, 0x07, 0x00, // ..g...H.........
	0x00, 0x00, 0x6a, 0x0a, 0x00, 0x00, 0x64, 0x0a, 0x00, 0x00, 0x69, 0x0a, 0x00, 0x00, 0x50, 0x00, // ..j...d...i...P.
	0x06, 0x00, 0x1a, 0x00, 0x00, 0x00, 0x6c, 0x0a, 0x00, 0x00, 0x6a, 0x0a, 0x00, 0x00, 0x6a, 0x0a, // ......l...j...j.
	0x00, 0x00, 0x6a, 0x0a, 0x00, 0x00, 0x81, 0x00, 0x05, 0x00, 0x1a, 0x00, 0x00, 0x00, 0x6d, 0x0a, // ..j...........m.
	0x00, 0x00, 0x64, 0x0a, 0x00, 0x00, 0x6c, 0x0a, 0x00, 0x00, 0x51, 0x00, 0x05, 0x00, 0x07, 0x00, // ..d...l...Q.....
	0x00, 0x00, 0x6f, 0x0a, 0x00, 0x00, 0x6d, 0x0a, 0x00, 0x00, 0x00, 0x00, 0x00, 0x00, 0x51, 0x00, // ..o...m.......Q.
	0x05, 0x00, 0x07, 0x00, 0x00, 0x00, 0x71, 0x0a, 0x00, 0x00, 0x6d, 0x0a, 0x00, 0x00, 0x01, 0x00, // ......q...m.....
	0x00, 0x00, 0x81, 0x00, 0x05, 0x00, 0x07, 0x00, 0x00, 0x00, 0x72, 0x0a, 0x00, 0x00, 0x6f, 0x0a, // ..........r...o.
	0x00, 0x00, 0x71, 0x0a, 0x00, 0x00, 0x51, 0x00, 0x05, 0x00, 0x07, 0x00, 0x00, 0x00, 0x74, 0x0a, // ..q...Q.......t.
	0x00, 0x00, 0x6d, 0x0a, 0x00, 0x00, 0x02, 0x00, 0x00, 0x00, 0x85, 0x00, 0x05, 0x00, 0x07, 0x00, // ..m.............
	0x00, 0x00, 0x75, 0x0a, 0x00, 0x00, 0x72, 0x0a, 0x00, 0x00, 0x74, 0x0a, 0x00, 0x00, 0x0c, 0x00, // ..u...r...t.....
	0x06, 0x00, 0x07, 0x00, 0x00, 0x00, 0x76, 0x0a, 0x00, 0x00, 0x01, 0x00, 0x00, 0x00, 0x0a, 0x00, // ......v.........
	0x00, 0x00, 0x75, 0x0a, 0x00, 0x00, 0x81, 0x00, 0x05, 0x00, 0x1a, 0x00, 0x00, 0x00, 0xf1, 0x09, // ..u.............
	0x00, 0x00, 0xd9, 0x09, 0x00, 0x00, 0xd1, 0x00, 0x00, 0x00, 0x8e, 0x00, 0x05, 0x00, 0x1a, 0x00, // ................
	0x00, 0x00, 0x7a, 0x0a, 0x00, 0x00, 0xf1, 0x09, 0x00, 0x00, 0x8a, 0x00, 0x00, 0x00, 0x0c, 0x00, // ..z.............
	0x06, 0x00, 0x1a, 0x00, 0x00, 0x00, 0x7b, 0x0a, 0x00, 0x00, 0x01, 0x00, 0x00, 0x00, 0x0a, 0x00, // ......{.........
	0x00, 0x00, 0x7a, 0x0a, 0x00, 0x00, 0x4f, 0x00, 0x08, 0x00, 0x1a, 0x00, 0x00, 0x00, 0x7e, 0x0a, // ..z...O.......~.
	0x00, 0x00, 0x7b, 0x0a, 0x00, 0x00, 0x7b, 0x0a, 0x00, 0x00, 0x01, 0x00, 0x00, 0x00, 0x02, 0x00, // ..{...{.........
	0x00, 0x00, 0x00, 0x00, 0x00, 0x00, 0x81, 0x00, 0x05, 0x00, 0x1a, 0x00, 0x00, 0x00, 0x80, 0x0a, // ................
	0x00, 0x00, 0x7e, 0x0a, 0x00, 0x00, 0x48, 0x0d, 0x00, 0x00, 0x94, 0x00, 0x05, 0x00, 0x07, 0x00, // ..~...H.........
	0x00, 0x00, 0x81, 0x0a, 0x00, 0x00, 0x7b, 0x0a, 0x00, 0x00, 0x80, 0x0a, 0x00, 0x00, 0x50, 0x00, // ......{.......P.
	0x06, 0x00, 0x1a, 0x00, 0x00, 0x00, 0x83, 0x0a, 0x00, 0x00, 0x81, 0x0a, 0x00, 0x00, 0x81, 0x0a, // ................
	0x00, 0x00, 0x81, 0x0a, 0x00, 0x00, 0x81, 0x00, 0x05, 0x00, 0x1a, 0x00, 0x00, 0x00, 0x84, 0x0a, // ................
	0x00, 0x00, 0x7b, 0x0a, 0x00, 0x00, 0x83, 0x0a, 0x00, 0x00, 0x51, 0x00, 0x05, 0x00, 0x07, 0x00, // ..{.......Q.....
	0x00, 0x00, 0x86, 0x0a, 0x00, 0x00, 0x84, 0x0a, 0x00, 0x00, 0x00, 0x00, 0x00, 0x00, 0x51, 0x00, // ..............Q.
	0x05, 0x00, 0x07, 0x00, 0x00, 0x00, 0x88, 0x0a, 0x00, 0x00, 0x84, 0x0a, 0x00, 0x00, 0x01, 0x00, // ................
	0x00, 0x00, 0x81, 0x00, 0x05, 0x00, 0x07, 0x00, 0x00, 0x00, 0x89, 0x0a, 0x00, 0x00, 0x86, 0x0a, // ................
	0x00, 0x00, 0x88, 0x0a, 0x00, 0x00, 0x51, 0x00, 0x05, 0x00, 0x07, 0x00, 0x00, 0x00, 0x8b, 0x0a, // ......Q.........
	0x00, 0x00, 0x84, 0x0a, 0x00, 0x00, 0x02, 0x00, 0x00, 0x00, 0x85, 0x00, 0x05, 0x00, 0x07, 0x00, // ................
	0x00, 0x00, 0x8c, 0x0a, 0x00, 0x00, 0x89, 0x0a, 0x00, 0x00, 0x8b, 0x0a, 0x00, 0x00, 0x0c, 0x00, // ................
	0x06, 0x00, 0x07, 0x00, 0x00, 0x00, 0x8d, 0x0a, 0x00, 0x00, 0x01, 0x00, 0x00, 0x00, 0x0a, 0x00, // ................
	0x00, 0x00, 0x8c, 0x0a, 0x00, 0x00, 0x81, 0x00, 0x05, 0x00, 0x1a, 0x00, 0x00, 0x00, 0xf4, 0x09, // ................
	0x00, 0x00, 0xd9, 0x09, 0x00, 0x00, 0xd7, 0x00, 0x00, 0x00, 0x8e, 0x00, 0x05, 0x00, 0x1a, 0x00, // ................
	0x00, 0x00, 0x91, 0x0a, 0x00, 0x00, 0xf4, 0x09, 0x00, 0x00, 0x8a, 0x00, 0x00, 0x00, 0x0c, 0x00, // ................
	0x06, 0x00, 0x1a, 0x00, 0x00, 0x00, 0x92, 0x0a, 0x00, 0x00, 0x01, 0x00, 0x00, 0x00, 0x0a, 0x00, // ................
	0x00, 0x00, 0x91, 0x0a, 0x00, 0x00, 0x4f, 0x00, 0x08, 0x00, 0x1a, 0x00, 0x00, 0x00, 0x95, 0x0a, // ......O.........
	0x00, 0x00, 0x92, 0x0a, 0x00, 0x00, 0x92, 0x0a, 0x00, 0x00, 0x01, 0x00, 0x00, 0x00, 0x02, 0x00, // ................
	0x00, 0x00, 0x00, 0x00, 0x00, 0x00, 0x81, 0x00, 0x05, 0x00, 0x1a, 0x00, 0x00, 0x00, 0x97, 0x0a, // ................
	0x00, 0x00, 0x95, 0x0a, 0x00, 0x00, 0x48, 0x0d, 0x00, 0x00, 0x94, 0x00, 0x05, 0x00, 0x07, 0x00, // ......H.........
	0x00, 0x00, 0x98, 0x0a, 0x00, 0x00, 0x92, 0x0a, 0x00, 0x00, 0x97, 0x0a, 0x00, 0x00, 0x50, 0x00, // ..............P.
	0x06, 0x00, 0x1a, 0x00, 0x00, 0x00, 0x9a, 0x0a, 0x00, 0x00, 0x98, 0x0a, 0x00, 0x00, 0x98, 0x0a, // ................
	0x00, 0x00, 0x98, 0x0a, 0x00, 0x00, 0x81, 0x00, 0x05, 0x00, 0x1a, 0x00, 0x00, 0x00, 0x9b, 0x0a, // ................
	0x00, 0x00, 0x92, 0x0a, 0x00, 0x00, 0x9a, 0x0a, 0x00, 0x00, 0x51, 0x00, 0x05, 0x00, 0x07, 0x00, // ..........Q.....
	0x00, 0x00, 0x9d, 0x0a, 0x00, 0x00, 0x9b, 0x0a, 0x00, 0x00, 0x00, 0x00, 0x00, 0x00, 0x51, 0x00, // ..............Q.
	0x05, 0x00, 0x07, 0x00, 0x00, 0x00, 0x9f, 0x0a, 0x00, 0x00, 0x9b, 0x0a, 0x00, 0x00, 0x01, 0x00, // ................
	0x00, 0x00, 0x81, 0x00, 0x05, 0x00, 0x07, 0x00, 0x00, 0x00, 0xa0, 0x0a, 0x00, 0x00, 0x9d, 0x0a, // ................
	0x00, 0x00, 0x9f, 0x0a, 0x00, 0x00, 0x51, 0x00, 0x05, 0x00, 0x07, 0x00, 0x00, 0x00, 0xa2, 0x0a, // ......Q.........
	0x00, 0x00, 0x9b, 0x0a, 0x00, 0x00, 0x02, 0x00, 0x00, 0x00, 0x85, 0x00, 0x05, 0x00, 0x07, 0x00, // ................
	0x00, 0x00, 0xa3, 0x0a, 0x00, 0x00, 0xa0, 0x0a, 0x00, 0x00, 0xa2, 0x0a, 0x00, 0x00, 0x0c, 0x00, // ................
	0x06, 0x00, 0x07, 0x00, 0x00, 0x00, 0xa4, 0x0a, 0x00, 0x00, 0x01, 0x00, 0x00, 0x00, 0x0a, 0x00, // ................
	0x00, 0x00, 0xa3, 0x0a, 0x00, 0x00, 0x81, 0x00, 0x05, 0x00, 0x1a, 0x00, 0x00, 0x00, 0xf7, 0x09, // ................
	0x00, 0x00, 0xd9, 0x09, 0x00, 0x00, 0xdd, 0x00, 0x00, 0x00, 0x8e, 0x00, 0x05, 0x00, 0x1a, 0x00, // ................
	0x00, 0x00, 0xa8, 0x0a, 0x00, 0x00, 0xf7, 0x09, 0x00, 0x00, 0x8a, 0x00, 0x00, 0x00, 0x0c, 0x00, // ................
	0x06, 0x00, 0x1a, 0x00, 0x00, 0x00, 0xa9, 0x0a, 0x00, 0x00, 0x01, 0x00, 0x00, 0x00, 0x0a, 0x00, // ................
	0x00, 0x00, 0xa8, 0x0a, 0x00, 0x00, 0x4f, 0x00, 0x08, 0x00, 0x1a, 0x00, 0x00, 0x00, 0xac, 0x0a, // ......O.........
	0x00, 0x00, 0xa9, 0x0a, 0x00, 0x00, 0xa9, 0x0a, 0x00, 0x00, 0x01, 0x00, 0x00, 0x00, 0x02, 0x00, // ................
	0x00, 0x00, 0x00, 0x00, 0x00, 0x00, 0x81, 0x00, 0x05, 0x00, 0x1a, 0x00, 0x00, 0x00, 0xae, 0x0a, // ................
	0x00, 0x00, 0xac, 0x0a, 0x00, 0x00, 0x48, 0x0d, 0x00, 0x00, 0x94, 0x00, 0x05, 0x00, 0x07, 0x00, // ......H.........
	0x00, 0x00, 0xaf, 0x0a, 0x00, 0x00, 0xa9, 0x0a, 0x00, 0x00, 0xae, 0x0a, 0x00, 0x00, 0x50, 0x00, // ..............P.
	0x06, 0x00, 0x1a, 0x00, 0x00, 0x00, 0xb1, 0x0a, 0x00, 0x00, 0xaf, 0x0a, 0x00, 0x00, 0xaf, 0x0a, // ................
	0x00, 0x00, 0xaf, 0x0a, 0x00, 0x00, 0x81, 0x00, 0x05, 0x00, 0x1a, 0x00, 0x00, 0x00, 0xb2, 0x0a, // ................
	0x00, 0x00, 0xa9, 0x0a, 0x00, 0x00, 0xb1, 0x0a, 0x00, 0x00, 0x51, 0x00, 0x05, 0x00, 0x07, 0x00, // ..........Q.....
	0x00, 0x00, 0xb4, 0x0a, 0x00, 0x00, 0xb2, 0x0a, 0x00, 0x00, 0x00, 0x00, 0x00, 0x00, 0x51, 0x00, // ..............Q.
	0x05, 0x00, 0x07, 0x00, 0x00, 0x00, 0xb6, 0x0a, 0x00, 0x00, 0xb2, 0x0a, 0x00, 0x00, 0x01, 0x00, // ................
	0x00, 0x00, 0x81, 0x00, 0x05, 0x00, 0x07, 0x00, 0x00, 0x00, 0xb7, 0x0a, 0x00, 0x00, 0xb4, 0x0a, // ................
	0x00, 0x00, 0xb6, 0x0a, 0x00, 0x00, 0x51, 0x00, 0x05, 0x00, 0x07, 0x00, 0x00, 0x00, 0xb9, 0x0a, // ......Q.........
	0x00, 0x00, 0xb2, 0x0a, 0x00, 0x00, 0x02, 0x00, 0x00, 0x00, 0x85, 0x00, 0x05, 0x00, 0x07, 0x00, // ................
	0x00, 0x00, 0xba, 0x0a, 0x00, 0x00, 0xb7, 0x0a, 0x00, 0x00, 0xb9, 0x0a, 0x00, 0x00, 0x0c, 0x00, // ................
	0x06, 0x00, 0x07, 0x00, 0x00, 0x00, 0xbb, 0x0a, 0x00, 0x00, 0x01, 0x00, 0x00, 0x00, 0x0a, 0x00, // ................
	0x00, 0x00, 0xba, 0x0a, 0x00, 0x00, 0x81, 0x00, 0x05, 0x00, 0x1a, 0x00, 0x00, 0x00, 0xfa, 0x09, // ................
	0x00, 0x00, 0xd9, 0x09, 0x00, 0x00, 0xe3, 0x00, 0x00, 0x00, 0x8e, 0x00, 0x05, 0x00, 0x1a, 0x00, // ................
	0x00, 0x00, 0xbf, 0x0a, 0x00, 0x00, 0xfa, 0x09, 0x00, 0x00, 0x8a, 0x00, 0x00, 0x00, 0x0c, 0x00, // ................
	0x06, 0x00, 0x1a, 0x00, 0x00, 0x00, 0xc0, 0x0a, 0x00, 0x00, 0x01, 0x00, 0x00, 0x00, 0x0a, 0x00, // ................
	0x00, 0x00, 0xbf, 0x0a, 0x00, 0x00, 0x4f, 0x00, 0x08, 0x00, 0x1a, 0x00, 0x00, 0x00, 0xc3, 0x0a, // ......O.........
	0x00, 0x00, 0xc0, 0x0a, 0x00, 0x00, 0xc0, 0x0a, 0x00, 0x00, 0x01, 0x00, 0x00, 0x00, 0x02, 0x00, // ................
	0x00, 0x00, 0x00, 0x00, 0x00, 0x00, 0x81, 0x00, 0x05, 0x00, 0x1a, 0x00, 0x00, 0x00, 0xc5, 0x0a, // ................
	0x00, 0x00, 0xc3, 0x0a, 0x00, 0x00, 0x48, 0x0d, 0x00, 0x00, 0x94, 0x00, 0x05, 0x00, 0x07, 0x00, // ......H.........
	0x00, 0x00, 0xc6, 0x0a, 0x00, 0x00, 0xc0, 0x0a, 0x00, 0x00, 0xc5, 0x0a, 0x00, 0x00, 0x50, 0x00, // ..............P.
	0x06, 0x00, 0x1a, 0x00, 0x00, 0x00, 0xc8, 0x0a, 0x00, 0x00, 0xc6, 0x0a, 0x00, 0x00, 0xc6, 0x0a, // ................
	0x00, 0x00, 0xc6, 0x0a, 0x00, 0x00, 0x81, 0x00, 0x05, 0x00, 0x1a, 0x00, 0x00, 0x00, 0xc9, 0x0a, // ................
	0x00, 0x00, 0xc0, 0x0a, 0x00, 0x00, 0xc8, 0x0a, 0x00, 0x00, 0x51, 0x00, 0x05, 0x00, 0x07, 0x00, // ..........Q.....
	0x00, 0x00, 0xcb, 0x0a, 0x00, 0x00, 0xc9, 0x0a, 0x00, 0x00, 0x00, 0x00, 0x00, 0x00, 0x51, 0x00, // ..............Q.
	0x05, 0x00, 0x07, 0x00, 0x00, 0x00, 0xcd, 0x0a, 0x00, 0x00, 0xc9, 0x0a, 0x00, 0x00, 0x01, 0x00, // ................
	0x00, 0x00, 0x81, 0x00, 0x05, 0x00, 0x07, 0x00, 0x00, 0x00, 0xce, 0x0a, 0x00, 0x00, 0xcb, 0x0a, // ................
	0x00, 0x00, 0xcd, 0x0a, 0x00, 0x00, 0x51, 0x00, 0x05, 0x00, 0x07, 0x00, 0x00, 0x00, 0xd0, 0x0a, // ......Q.........
	0x00, 0x00, 0xc9, 0x0a, 0x00, 0x00, 0x02, 0x00, 0x00, 0x00, 0x85, 0x00, 0x05, 0x00, 0x07, 0x00, // ................
	0x00, 0x00, 0xd1, 0x0a, 0x00, 0x00, 0xce, 0x0a, 0x00, 0x00, 0xd0, 0x0a, 0x00, 0x00, 0x0c, 0x00, // ................
	0x06, 0x00, 0x07, 0x00, 0x00, 0x00, 0xd2, 0x0a, 0x00, 0x00, 0x01, 0x00, 0x00, 0x00, 0x0a, 0x00, // ................
	0x00, 0x00, 0xd1, 0x0a, 0x00, 0x00, 0x51, 0x00, 0x05, 0x00, 0x07, 0x00, 0x00, 0x00, 0xff, 0x09, // ......Q.........
	0x00, 0x00, 0xe3, 0x09, 0x00, 0x00, 0x00, 0x00, 0x00, 0x00, 0x0c, 0x00, 0x08, 0x00, 0x07, 0x00, // ................
	0x00, 0x00, 0xd8, 0x0a, 0x00, 0x00, 0x01, 0x00, 0x00, 0x00, 0x2e, 0x00, 0x00, 0x00, 0x31, 0x0a, // ..............1.
	0x00, 0x00, 0x48, 0x0a, 0x00, 0x00, 0xff, 0x09, 0x00, 0x00, 0x0c, 0x00, 0x08, 0x00, 0x07, 0x00, // ..H.............
	0x00, 0x00, 0xde, 0x0a, 0x00, 0x00, 0x01, 0x00, 0x00, 0x00, 0x2e, 0x00, 0x00, 0x00, 0x5f, 0x0a, // .............._.
	0x00, 0x00, 0x76, 0x0a, 0x00, 0x00, 0xff, 0x09, 0x00, 0x00, 0x51, 0x00, 0x05, 0x00, 0x07, 0x00, // ..v.......Q.....
	0x00, 0x00, 0x07, 0x0a, 0x00, 0x00, 0xe3, 0x09, 0x00, 0x00, 0x01, 0x00, 0x00, 0x00, 0x0c, 0x00, // ................
	0x08, 0x00, 0x07, 0x00, 0x00, 0x00, 0xe4, 0x0a, 0x00, 0x00, 0x01, 0x00, 0x00, 0x00, 0x2e, 0x00, // ................
	0x00, 0x00, 0xd8, 0x0a, 0x00, 0x00, 0xde, 0x0a, 0x00, 0x00, 0x07, 0x0a, 0x00, 0x00, 0x0c, 0x00, // ................
	0x08, 0x00, 0x07, 0x00, 0x00, 0x00, 0xea, 0x0a, 0x00, 0x00, 0x01, 0x00, 0x00, 0x00, 0x2e, 0x00, // ................
	0x00, 0x00, 0x8d, 0x0a, 0x00, 0x00, 0xa4, 0x0a, 0x00, 0x00, 0xff, 0x09, 0x00, 0x00, 0x0c, 0x00, // ................
	0x08, 0x00, 0x07, 0x00, 0x00, 0x00, 0xf0, 0x0a, 0x00, 0x00, 0x01, 0x00, 0x00, 0x00, 0x2e, 0x00, // ................
	0x00, 0x00, 0xbb, 0x0a, 0x00, 0x00, 0xd2, 0x0a, 0x00, 0x00, 0xff, 0x09, 0x00, 0x00, 0x0c, 0x00, // ................
	0x08, 0x00, 0x07, 0x00, 0x00, 0x00, 0xf6, 0x0a, 0x00, 0x00, 0x01, 0x00, 0x00, 0x00, 0x2e, 0x00, // ................
	0x00, 0x00, 0xea, 0x0a, 0x00, 0x00, 0xf0, 0x0a, 0x00, 0x00, 0x07, 0x0a, 0x00, 0x00, 0x51, 0x00, // ..............Q.
	0x05, 0x00, 0x07, 0x00, 0x00, 0x00, 0x19, 0x0a, 0x00, 0x00, 0xe3, 0x09, 0x00, 0x00, 0x02, 0x00, // ................
	0x00, 0x00, 0x0c, 0x00, 0x08, 0x00, 0x07, 0x00, 0x00, 0x00, 0xfc, 0x0a, 0x00, 0x00, 0x01, 0x00, // ................
	0x00, 0x00, 0x2e, 0x00, 0x00, 0x00, 0xe4, 0x0a, 0x00, 0x00, 0xf6, 0x0a, 0x00, 0x00, 0x19, 0x0a, // ................
	0x00, 0x00, 0x85, 0x00, 0x05, 0x00, 0x07, 0x00, 0x00, 0x00, 0x4a, 0x08, 0x00, 0x00, 0xfc, 0x0a, // ..........J.....
	0x00, 0x00, 0xd2, 0x01, 0x00, 0x00, 0x81, 0x00, 0x05, 0x00, 0x07, 0x00, 0x00, 0x00, 0x4b, 0x08, // ..............K.
	0x00, 0x00, 0x46, 0x08, 0x00, 0x00, 0x4a, 0x08, 0x00, 0x00, 0x0c, 0x00, 0x08, 0x00, 0x07, 0x00, // ..F...J.........
	0x00, 0x00, 0x55, 0x08, 0x00, 0x00, 0x01, 0x00, 0x00, 0x00, 0x31, 0x00, 0x00, 0x00, 0x26, 0x05, // ..U.......1...&.
	0x00, 0x00, 0x29, 0x05, 0x00, 0x00, 0x4b, 0x08, 0x00, 0x00, 0x85, 0x00, 0x05, 0x00, 0x07, 0x00, // ..)...K.........
	0x00, 0x00, 0x57, 0x08, 0x00, 0x00, 0x55, 0x08, 0x00, 0x00, 0x42, 0x08, 0x00, 0x00, 0x0c, 0x00, // ..W...U...B.....
	0x08, 0x00, 0x07, 0x00, 0x00, 0x00, 0x59, 0x08, 0x00, 0x00, 0x01, 0x00, 0x00, 0x00, 0x2b, 0x00, // ......Y.......+.
	0x00, 0x00, 0x57, 0x08, 0x00, 0x00, 0x7f, 0x00, 0x00, 0x00, 0xbe, 0x00, 0x00, 0x00, 0x85, 0x00, // ..W.............
	0x05, 0x00, 0x07, 0x00, 0x00, 0x00, 0x5c, 0x08, 0x00, 0x00, 0x59, 0x08, 0x00, 0x00, 0x3d, 0x05, // ..........Y...=.
	0x00, 0x00, 0x85, 0x00, 0x05, 0x00, 0x07, 0x00, 0x00, 0x00, 0x77, 0x04, 0x00, 0x00, 0x5c, 0x08, // ..........w.....
	0x00, 0x00, 0x49, 0x0d, 0x00, 0x00, 0x0c, 0x00, 0x06, 0x00, 0x07, 0x00, 0x00, 0x00, 0x78, 0x04, // ..I...........x.
	0x00, 0x00, 0x01, 0x00, 0x00, 0x00, 0x1b, 0x00, 0x00, 0x00, 0x77, 0x04, 0x00, 0x00, 0x0c, 0x00, // ..........w.....
	0x08, 0x00, 0x07, 0x00, 0x00, 0x00, 0x7a, 0x04, 0x00, 0x00, 0x01, 0x00, 0x00, 0x00, 0x2b, 0x00, // ......z.......+.
	0x00, 0x00, 0xec, 0x04, 0x00, 0x00, 0x7f, 0x00, 0x00, 0x00, 0x95, 0x02, 0x00, 0x00, 0x85, 0x00, // ................
	0x05, 0x00, 0x07, 0x00, 0x00, 0x00, 0x7b, 0x04, 0x00, 0x00, 0x7a, 0x04, 0x00, 0x00, 0x97, 0x02, // ......{...z.....
	0x00, 0x00, 0x41, 0x00, 0x06, 0x00, 0x43, 0x01, 0x00, 0x00, 0x7c, 0x04, 0x00, 0x00, 0x42, 0x01, // ..A...C...|...B.
	0x00, 0x00, 0x4a, 0x01, 0x00, 0x00, 0x9f, 0x00, 0x00, 0x00, 0x3d, 0x00, 0x04, 0x00, 0x07, 0x00, // ..J.......=.....
	0x00, 0x00, 0x7d, 0x04, 0x00, 0x00, 0x7c, 0x04, 0x00, 0x00, 0x85, 0x00, 0x05, 0x00, 0x07, 0x00, // ..}...|.........
	0x00, 0x00, 0x7e, 0x04, 0x00, 0x00, 0x7b, 0x04, 0x00, 0x00, 0x7d, 0x04, 0x00, 0x00, 0x41, 0x00, // ..~...{...}...A.
	0x05, 0x00, 0x60, 0x02, 0x00, 0x00, 0x7f, 0x04, 0x00, 0x00, 0x42, 0x01, 0x00, 0x00, 0x9e, 0x02, // ..`.......B.....
	0x00, 0x00, 0x3d, 0x00, 0x04, 0x00, 0x0d, 0x00, 0x00, 0x00, 0x80, 0x04, 0x00, 0x00, 0x7f, 0x04, // ..=.............
	0x00, 0x00, 0x4f, 0x00, 0x08, 0x00, 0x1a, 0x00, 0x00, 0x00, 0x81, 0x04, 0x00, 0x00, 0x80, 0x04, // ..O.............
	0x00, 0x00, 0x80, 0x04, 0x00, 0x00, 0x00, 0x00, 0x00, 0x00, 0x01, 0x00, 0x00, 0x00, 0x02, 0x00, // ................
	0x00, 0x00, 0x0c, 0x00, 0x07, 0x00, 0x1a, 0x00, 0x00, 0x00, 0x03, 0x0b, 0x00, 0x00, 0x01, 0x00, // ................
	0x00, 0x00, 0x28, 0x00, 0x00, 0x00, 0x81, 0x04, 0x00, 0x00, 0xb8, 0x00, 0x00, 0x00, 0x0c, 0x00, // ..(.............
	0x07, 0x00, 0x1a, 0x00, 0x00, 0x00, 0x05, 0x0b, 0x00, 0x00, 0x01, 0x00, 0x00, 0x00, 0x1a, 0x00, // ................
	0x00, 0x00, 0x03, 0x0b, 0x00, 0x00, 0x4a, 0x0d, 0x00, 0x00, 0x41, 0x00, 0x05, 0x00, 0x60, 0x02, // ......J...A...`.
	0x00, 0x00, 0x83, 0x04, 0x00, 0x00, 0x42, 0x01, 0x00, 0x00, 0xa4, 0x02, 0x00, 0x00, 0x3d, 0x00, // ......B.......=.
	0x04, 0x00, 0x0d, 0x00, 0x00, 0x00, 0x84, 0x04, 0x00, 0x00, 0x83, 0x04, 0x00, 0x00, 0x4f, 0x00, // ..............O.
	0x08, 0x00, 0x1a, 0x00, 0x00, 0x00, 0x85, 0x04, 0x00, 0x00, 0x84, 0x04, 0x00, 0x00, 0x84, 0x04, // ................
	0x00, 0x00, 0x00, 0x00, 0x00, 0x00, 0x01, 0x00, 0x00, 0x00, 0x02, 0x00, 0x00, 0x00, 0x0c, 0x00, // ................
	0x07, 0x00, 0x1a, 0x00, 0x00, 0x00, 0x14, 0x0b, 0x00, 0x00, 0x01, 0x00, 0x00, 0x00, 0x28, 0x00, // ..............(.
	0x00, 0x00, 0x85, 0x04, 0x00, 0x00, 0xb8, 0x00, 0x00, 0x00, 0x0c, 0x00, 0x07, 0x00, 0x1a, 0x00, // ................
	0x00, 0x00, 0x16, 0x0b, 0x00, 0x00, 0x01, 0x00, 0x00, 0x00, 0x1a, 0x00, 0x00, 0x00, 0x14, 0x0b, // ................
	0x00, 0x00, 0x4a, 0x0d, 0x00, 0x00, 0x81, 0x00, 0x05, 0x00, 0x07, 0x00, 0x00, 0x00, 0x89, 0x04, // ..J.............
	0x00, 0x00, 0x78, 0x04, 0x00, 0x00, 0x7e, 0x04, 0x00, 0x00, 0x81, 0x00, 0x05, 0x00, 0x07, 0x00, // ..x...~.........
	0x00, 0x00, 0x8b, 0x04, 0x00, 0x00, 0x89, 0x04, 0x00, 0x00, 0xd2, 0x01, 0x00, 0x00, 0x0c, 0x00, // ................
	0x08, 0x00, 0x07, 0x00, 0x00, 0x00, 0x8c, 0x04, 0x00, 0x00, 0x01, 0x00, 0x00, 0x00, 0x2b, 0x00, // ..............+.
	0x00, 0x00, 0x8b, 0x04, 0x00, 0x00, 0x7f, 0x00, 0x00, 0x00, 0xbe, 0x00, 0x00, 0x00, 0x50, 0x00, // ..............P.
	0x06, 0x00, 0x1a, 0x00, 0x00, 0x00, 0x8d, 0x04, 0x00, 0x00, 0x8c, 0x04, 0x00, 0x00, 0x8c, 0x04, // ................
	0x00, 0x00, 0x8c, 0x04, 0x00, 0x00, 0x0c, 0x00, 0x08, 0x00, 0x1a, 0x00, 0x00, 0x00, 0x24, 0x0b, // ..............$.
	0x00, 0x00, 0x01, 0x00, 0x00, 0x00, 0x2e, 0x00, 0x00, 0x00, 0x05, 0x0b, 0x00, 0x00, 0x16, 0x0b, // ................
	0x00, 0x00, 0x8d, 0x04, 0x00, 0x00, 0x41, 0x00, 0x05, 0x00, 0x60, 0x02, 0x00, 0x00, 0x8f, 0x04, // ......A...`.....
	0x00, 0x00, 0x42, 0x01, 0x00, 0x00, 0xb6, 0x02, 0x00, 0x00, 0x3d, 0x00, 0x04, 0x00, 0x0d, 0x00, // ..B.......=.....
	0x00, 0x00, 0x90, 0x04, 0x00, 0x00, 0x8f, 0x04, 0x00, 0x00, 0x4f, 0x00, 0x08, 0x00, 0x1a, 0x00, // ..........O.....
	0x00, 0x00, 0x91, 0x04, 0x00, 0x00, 0x90, 0x04, 0x00, 0x00, 0x90, 0x04, 0x00, 0x00, 0x00, 0x00, // ................
	0x00, 0x00, 0x01, 0x00, 0x00, 0x00, 0x02, 0x00, 0x00, 0x00, 0x0c, 0x00, 0x07, 0x00, 0x1a, 0x00, // ................
	0x00, 0x00, 0x2b, 0x0b, 0x00, 0x00, 0x01, 0x00, 0x00, 0x00, 0x28, 0x00, 0x00, 0x00, 0x91, 0x04, // ..+.......(.....
	0x00, 0x00, 0xb8, 0x00, 0x00, 0x00, 0x0c, 0x00, 0x07, 0x00, 0x1a, 0x00, 0x00, 0x00, 0x2d, 0x0b, // ..............-.
	0x00, 0x00, 0x01, 0x00, 0x00, 0x00, 0x1a, 0x00, 0x00, 0x00, 0x2b, 0x0b, 0x00, 0x00, 0x4a, 0x0d, // ..........+...J.
	0x00, 0x00, 0x41, 0x00, 0x06, 0x00, 0x43, 0x01, 0x00, 0x00, 0x93, 0x04, 0x00, 0x00, 0x42, 0x01, // ..A...C.......B.
	0x00, 0x00, 0x4a, 0x01, 0x00, 0x00, 0x98, 0x01, 0x00, 0x00, 0x3d, 0x00, 0x04, 0x00, 0x07, 0x00, // ..J.......=.....
	0x00, 0x00, 0x94, 0x04, 0x00, 0x00, 0x93, 0x04, 0x00, 0x00, 0x8e, 0x00, 0x05, 0x00, 0x1a, 0x00, // ................
	0x00, 0x00, 0x95, 0x04, 0x00, 0x00, 0x2d, 0x0b, 0x00, 0x00, 0x94, 0x04, 0x00, 0x00, 0x8e, 0x00, // ......-.........
	0x05, 0x00, 0x1a, 0x00, 0x00, 0x00, 0x97, 0x04, 0x00, 0x00, 0x95, 0x04, 0x00, 0x00, 0x3e, 0x05, // ..............>.
	0x00, 0x00, 0x85, 0x00, 0x05, 0x00, 0x1a, 0x00, 0x00, 0x00, 0x9a, 0x04, 0x00, 0x00, 0x5a, 0x04, // ..............Z.
	0x00, 0x00, 0x4d, 0x0d, 0x00, 0x00, 0x0c, 0x00, 0x06, 0x00, 0x1a, 0x00, 0x00, 0x00, 0x62, 0x0b, // ..M...........b.
	0x00, 0x00, 0x01, 0x00, 0x00, 0x00, 0x08, 0x00, 0x00, 0x00, 0x9a, 0x04, 0x00, 0x00, 0x0c, 0x00, // ................
	0x06, 0x00, 0x1a, 0x00, 0x00, 0x00, 0x64, 0x0b, 0x00, 0x00, 0x01, 0x00, 0x00, 0x00, 0x0a, 0x00, // ......d.........
	0x00, 0x00, 0x9a, 0x04, 0x00, 0x00, 0x85, 0x00, 0x05, 0x00, 0x1a, 0x00, 0x00, 0x00, 0x67, 0x0b, // ..............g.
	0x00, 0x00, 0x64, 0x0b, 0x00, 0x00, 0x64, 0x0b, 0x00, 0x00, 0x8e, 0x00, 0x05, 0x00, 0x1a, 0x00, // ..d...d.........
	0x00, 0x00, 0x69, 0x0b, 0x00, 0x00, 0x64, 0x0b, 0x00, 0x00, 0xb0, 0x00, 0x00, 0x00, 0x83, 0x00, // ..i...d.........
	0x05, 0x00, 0x1a, 0x00, 0x00, 0x00, 0x6b, 0x0b, 0x00, 0x00, 0x47, 0x0d, 0x00, 0x00, 0x69, 0x0b, // ......k...G...i.
	0x00, 0x00, 0x85, 0x00, 0x05, 0x00, 0x1a, 0x00, 0x00, 0x00, 0x6c, 0x0b, 0x00, 0x00, 0x67, 0x0b, // ..........l...g.
	0x00, 0x00, 0x6b, 0x0b, 0x00, 0x00, 0x8e, 0x00, 0x05, 0x00, 0x1a, 0x00, 0x00, 0x00, 0xa7, 0x0b, // ..k.............
	0x00, 0x00, 0x62, 0x0b, 0x00, 0x00, 0x8a, 0x00, 0x00, 0x00, 0x0c, 0x00, 0x06, 0x00, 0x1a, 0x00, // ..b.............
	0x00, 0x00, 0xa8, 0x0b, 0x00, 0x00, 0x01, 0x00, 0x00, 0x00, 0x0a, 0x00, 0x00, 0x00, 0xa7, 0x0b, // ................
	0x00, 0x00, 0x4f, 0x00, 0x08, 0x00, 0x1a, 0x00, 0x00, 0x00, 0xab, 0x0b, 0x00, 0x00, 0xa8, 0x0b, // ..O.............
	0x00, 0x00, 0xa8, 0x0b, 0x00, 0x00, 0x01, 0x00, 0x00, 0x00, 0x02, 0x00, 0x00, 0x00, 0x00, 0x00, // ................
	0x00, 0x00, 0x81, 0x00, 0x05, 0x00, 0x1a, 0x00, 0x00, 0x00, 0xad, 0x0b, 0x00, 0x00, 0xab, 0x0b, // ................
	0x00, 0x00, 0x48, 0x0d, 0x00, 0x00, 0x94, 0x00, 0x05, 0x00, 0x07, 0x00, 0x00, 0x00, 0xae, 0x0b, // ..H.............
	0x00, 0x00, 0xa8, 0x0b, 0x00, 0x00, 0xad, 0x0b, 0x00, 0x00, 0x50, 0x00, 0x06, 0x00, 0x1a, 0x00, // ..........P.....
	0x00, 0x00, 0xb0, 0x0b, 0x00, 0x00, 0xae, 0x0b, 0x00, 0x00, 0xae, 0x0b, 0x00, 0x00, 0xae, 0x0b, // ................
	0x00, 0x00, 0x81, 0x00, 0x05, 0x00, 0x1a, 0x00, 0x00, 0x00, 0xb1, 0x0b, 0x00, 0x00, 0xa8, 0x0b, // ................
	0x00, 0x00, 0xb0, 0x0b, 0x00, 0x00, 0x51, 0x00, 0x05, 0x00, 0x07, 0x00, 0x00, 0x00, 0xb3, 0x0b, // ......Q.........
	0x00, 0x00, 0xb1, 0x0b, 0x00, 0x00, 0x00, 0x00, 0x00, 0x00, 0x51, 0x00, 0x05, 0x00, 0x07, 0x00, // ..........Q.....
	0x00, 0x00, 0xb5, 0x0b, 0x00, 0x00, 0xb1, 0x0b, 0x00, 0x00, 0x01, 0x00, 0x00, 0x00, 0x81, 0x00, // ................
	0x05, 0x00, 0x07, 0x00, 0x00, 0x00, 0xb6, 0x0b, 0x00, 0x00, 0xb3, 0x0b, 0x00, 0x00, 0xb5, 0x0b, // ................
	0x00, 0x00, 0x51, 0x00, 0x05, 0x00, 0x07, 0x00, 0x00, 0x00, 0xb8, 0x0b, 0x00, 0x00, 0xb1, 0x0b, // ..Q.............
	0x00, 0x00, 0x02, 0x00, 0x00, 0x00, 0x85, 0x00, 0x05, 0x00, 0x07, 0x00, 0x00, 0x00, 0xb9, 0x0b, // ................
	0x00, 0x00, 0xb6, 0x0b, 0x00, 0x00, 0xb8, 0x0b, 0x00, 0x00, 0x0c, 0x00, 0x06, 0x00, 0x07, 0x00, // ................
	0x00, 0x00, 0xba, 0x0b, 0x00, 0x00, 0x01, 0x00, 0x00, 0x00, 0x0a, 0x00, 0x00, 0x00, 0xb9, 0x0b, // ................
	0x00, 0x00, 0x81, 0x00, 0x05, 0x00, 0x1a, 0x00, 0x00, 0x00, 0x71, 0x0b, 0x00, 0x00, 0x62, 0x0b, // ..........q...b.
	0x00, 0x00, 0xbf, 0x00, 0x00, 0x00, 0x8e, 0x00, 0x05, 0x00, 0x1a, 0x00, 0x00, 0x00, 0xbe, 0x0b, // ................
	0x00, 0x00, 0x71, 0x0b, 0x00, 0x00, 0x8a, 0x00, 0x00, 0x00, 0x0c, 0x00, 0x06, 0x00, 0x1a, 0x00, // ..q.............
	0x00, 0x00, 0xbf, 0x0b, 0x00, 0x00, 0x01, 0x00, 0x00, 0x00, 0x0a, 0x00, 0x00, 0x00, 0xbe, 0x0b, // ................
	0x00, 0x00, 0x4f, 0x00, 0x08, 0x00, 0x1a, 0x00, 0x00, 0x00, 0xc2, 0x0b, 0x00, 0x00, 0xbf, 0x0b, // ..O.............
	0x00, 0x00, 0xbf, 0x0b, 0x00, 0x00, 0x01, 0x00, 0x00, 0x00, 0x02, 0x00, 0x00, 0x00, 0x00, 0x00, // ................
	0x00, 0x00, 0x81, 0x00, 0x05, 0x00, 0x1a, 0x00, 0x00, 0x00, 0xc4, 0x0b, 0x00, 0x00, 0xc2, 0x0b, // ................
	0x00, 0x00, 0x48, 0x0d, 0x00, 0x00, 0x94, 0x00, 0x05, 0x00, 0x07, 0x00, 0x00, 0x00, 0xc5, 0x0b, // ..H.............
	0x00, 0x00, 0xbf, 0x0b, 0x00, 0x00, 0xc4, 0x0b, 0x00, 0x00, 0x50, 0x00, 0x06, 0x00, 0x1a, 0x00, // ..........P.....
	0x00, 0x00, 0xc7, 0x0b, 0x00, 0x00, 0xc5, 0x0b, 0x00, 0x00, 0xc5, 0x0b, 0x00, 0x00, 0xc5, 0x0b, // ................
	0x00, 0x00, 0x81, 0x00, 0x05, 0x00, 0x1a, 0x00, 0x00, 0x00, 0xc8, 0x0b, 0x00, 0x00, 0xbf, 0x0b, // ................
	0x00, 0x00, 0xc7, 0x0b, 0x00, 0x00, 0x51, 0x00, 0x05, 0x00, 0x07, 0x00, 0x00, 0x00, 0xca, 0x0b, // ......Q.........
	0x00, 0x00, 0xc8, 0x0b, 0x00, 0x00, 0x00, 0x00, 0x00, 0x00, 0x51, 0x00, 0x05, 0x00, 0x07, 0x00, // ..........Q.....
	0x00, 0x00, 0xcc, 0x0b, 0x00, 0x00, 0xc8, 0x0b, 0x00, 0x00, 0x01, 0x00, 0x00, 0x00, 0x81, 0x00, // ................
	0x05, 0x00, 0x07, 0x00, 0x00, 0x00, 0xcd, 0x0b, 0x00, 0x00, 0xca, 0x0b, 0x00, 0x00, 0xcc, 0x0b, // ................
	0x00, 0x00, 0x51, 0x00, 0x05, 0x00, 0x07, 0x00, 0x00, 0x00, 0xcf, 0x0b, 0x00, 0x00, 0xc8, 0x0b, // ..Q.............
	0x00, 0x00, 0x02, 0x00, 0x00, 0x00, 0x85, 0x00, 0x05, 0x00, 0x07, 0x00, 0x00, 0x00, 0xd0, 0x0b, // ................
	0x00, 0x00, 0xcd, 0x0b, 0x00, 0x00, 0xcf, 0x0b, 0x00, 0x00, 0x0c, 0x00, 0x06, 0x00, 0x07, 0x00, // ................
	0x00, 0x00, 0xd1, 0x0b, 0x00, 0x00, 0x01, 0x00, 0x00, 0x00, 0x0a, 0x00, 0x00, 0x00, 0xd0, 0x0b, // ................
	0x00, 0x00, 0x81, 0x00, 0x05, 0x00, 0x1a, 0x00, 0x00, 0x00, 0x74, 0x0b, 0x00, 0x00, 0x62, 0x0b, // ..........t...b.
	0x00, 0x00, 0xc5, 0x00, 0x00, 0x00, 0x8e, 0x00, 0x05, 0x00, 0x1a, 0x00, 0x00, 0x00, 0xd5, 0x0b, // ................
	0x00, 0x00, 0x74, 0x0b, 0x00, 0x00, 0x8a, 0x00, 0x00, 0x00, 0x0c, 0x00, 0x06, 0x00, 0x1a, 0x00, // ..t.............
	0x00, 0x00, 0xd6, 0x0b, 0x00, 0x00, 0x01, 0x00, 0x00, 0x00, 0x0a, 0x00, 0x00, 0x00, 0xd5, 0x0b, // ................
	0x00, 0x00, 0x4f, 0x00, 0x08, 0x00, 0x1a, 0x00, 0x00, 0x00, 0xd9, 0x0b, 0x00, 0x00, 0xd6, 0x0b, // ..O.............
	0x00, 0x00, 0xd6, 0x0b, 0x00, 0x00, 0x01, 0x00, 0x00, 0x00, 0x02, 0x00, 0x00, 0x00, 0x00, 0x00, // ................
	0x00, 0x00, 0x81, 0x00, 0x05, 0x00, 0x1a, 0x00, 0x00, 0x00, 0xdb, 0x0b, 0x00, 0x00, 0xd9, 0x0b, // ................
	0x00, 0x00, 0x48, 0x0d, 0x00, 0x00, 0x94, 0x00, 0x05, 0x00, 0x07, 0x00, 0x00, 0x00, 0xdc, 0x0b, // ..H.............
	0x00, 0x00, 0xd6, 0x0b, 0x00, 0x00, 0xdb, 0x0b, 0x00, 0x00, 0x50, 0x00, 0x06, 0x00, 0x1a, 0x00, // ..........P.....
	0x00, 0x00, 0xde, 0x0b, 0x00, 0x00, 0xdc, 0x0b, 0x00, 0x00, 0xdc, 0x0b, 0x00, 0x00, 0xdc, 0x0b, // ................
	0x00, 0x00, 0x81, 0x00, 0x05, 0x00, 0x1a, 0x00, 0x00, 0x00, 0xdf, 0x0b, 0x00, 0x00, 0xd6, 0x0b, // ................
	0x00, 0x00, 0xde, 0x0b, 0x00, 0x00, 0x51, 0x00, 0x05, 0x00, 0x07, 0x00, 0x00, 0x00, 0xe1, 0x0b, // ......Q.........
	0x00, 0x00, 0xdf, 0x0b, 0x00, 0x00, 0x00, 0x00, 0x00, 0x00, 0x51, 0x00, 0x05, 0x00, 0x07, 0x00, // ..........Q.....
	0x00, 0x00, 0xe3, 0x0b, 0x00, 0x00, 0xdf, 0x0b, 0x00, 0x00, 0x01, 0x00, 0x00, 0x00, 0x81, 0x00, // ................
	0x05, 0x00, 0x07, 0x00, 0x00, 0x00, 0xe4, 0x0b, 0x00, 0x00, 0xe1, 0x0b, 0x00, 0x00, 0xe3, 0x0b, // ................
	0x00, 0x00, 0x51, 0x00, 0x05, 0x00, 0x07, 0x00, 0x00, 0x00, 0xe6, 0x0b, 0x00, 0x00, 0xdf, 0x0b, // ..Q.............
	0x00, 0x00, 0x02, 0x00, 0x00, 0x00, 0x85, 0x00, 0x05, 0x00, 0x07, 0x00, 0x00, 0x00, 0xe7, 0x0b, // ................
	0x00, 0x00, 0xe4, 0x0b, 0x00, 0x00, 0xe6, 0x0b, 0x00, 0x00, 0x0c, 0x00, 0x06, 0x00, 0x07, 0x00, // ................
	0x00, 0x00, 0xe8, 0x0b, 0x00, 0x00, 0x01, 0x00, 0x00, 0x00, 0x0a, 0x00, 0x00, 0x00, 0xe7, 0x0b, // ................
	0x00, 0x00, 0x81, 0x00, 0x05, 0x00, 0x1a, 0x00, 0x00, 0x00, 0x77, 0x0b, 0x00, 0x00, 0x62, 0x0b, // ..........w...b.
	0x00, 0x00, 0xcb, 0x00, 0x00, 0x00, 0x8e, 0x00, 0x05, 0x00, 0x1a, 0x00, 0x00, 0x00, 0xec, 0x0b, // ................
	0x00, 0x00, 0x77, 0x0b, 0x00, 0x00, 0x8a, 0x00, 0x00, 0x00, 0x0c, 0x00, 0x06, 0x00, 0x1a, 0x00, // ..w.............
	0x00, 0x00, 0xed, 0x0b, 0x00, 0x00, 0x01, 0x00, 0x00, 0x00, 0x0a, 0x00, 0x00, 0x00, 0xec, 0x0b, // ................
	0x00, 0x00, 0x4f, 0x00, 0x08, 0x00, 0x1a, 0x00, 0x00, 0x00, 0xf0, 0x0b, 0x00, 0x00, 0xed, 0x0b, // ..O.............
	0x00, 0x00, 0xed, 0x0b, 0x00, 0x00, 0x01, 0x00, 0x00, 0x00, 0x02, 0x00, 0x00, 0x00, 0x00, 0x00, // ................
	0x00, 0x00, 0x81, 0x00, 0x05, 0x00, 0x1a, 0x00, 0x00, 0x00, 0xf2, 0x0b, 0x00, 0x00, 0xf0, 0x0b, // ................
	0x00, 0x00, 0x48, 0x0d, 0x00, 0x00, 0x94, 0x00, 0x05, 0x00, 0x07, 0x00, 0x00, 0x00, 0xf3, 0x0b, // ..H.............
	0x00, 0x00, 0xed, 0x0b, 0x00, 0x00, 0xf2, 0x0b, 0x00, 0x00, 0x50, 0x00, 0x06, 0x00, 0x1a, 0x00, // ..........P.....
	0x00, 0x00, 0xf5, 0x0b, 0x00, 0x00, 0xf3, 0x0b, 0x00, 0x00, 0xf3, 0x0b, 0x00, 0x00, 0xf3, 0x0b, // ................
	0x00, 0x00, 0x81, 0x00, 0x05, 0x00, 0x1a, 0x00, 0x00, 0x00, 0xf6, 0x0b, 0x00, 0x00, 0xed, 0x0b, // ................
	0x00, 0x00, 0xf5, 0x0b, 0x00, 0x00, 0x51, 0x00, 0x05, 0x00, 0x07, 0x00, 0x00, 0x00, 0xf8, 0x0b, // ......Q.........
	0x00, 0x00, 0xf6, 0x0b, 0x00, 0x00, 0x00, 0x00, 0x00, 0x00, 0x51, 0x00, 0x05, 0x00, 0x07, 0x00, // ..........Q.....
	0x00, 0x00, 0xfa, 0x0b, 0x00, 0x00, 0xf6, 0x0b, 0x00, 0x00, 0x01, 0x00, 0x00, 0x00, 0x81, 0x00, // ................
	0x05, 0x00, 0x07, 0x00, 0x00, 0x00, 0xfb, 0x0b, 0x00, 0x00, 0xf8, 0x0b, 0x00, 0x00, 0xfa, 0x0b, // ................
	0x00, 0x00, 0x51, 0x00, 0x05, 0x00, 0x07, 0x00, 0x00, 0x00, 0xfd, 0x0b, 0x00, 0x00, 0xf6, 0x0b, // ..Q.............
	0x00, 0x00, 0x02, 0x00, 0x00, 0x00, 0x85, 0x00, 0x05, 0x00, 0x07, 0x00, 0x00, 0x00, 0xfe, 0x0b, // ................
	0x00, 0x00, 0xfb, 0x0b, 0x00, 0x00, 0xfd, 0x0b, 0x00, 0x00, 0x0c, 0x00, 0x06, 0x00, 0x07, 0x00, // ................
	0x00, 0x00, 0xff, 0x0b, 0x00, 0x00, 0x01, 0x00, 0x00, 0x00, 0x0a, 0x00, 0x00, 0x00, 0xfe, 0x0b, // ................
	0x00, 0x00, 0x81, 0x00, 0x05, 0x00, 0x1a, 0x00, 0x00, 0x00, 0x7a, 0x0b, 0x00, 0x00, 0x62, 0x0b, // ..........z...b.
	0x00, 0x00, 0xd1, 0x00, 0x00, 0x00, 0x8e, 0x00, 0x05, 0x00, 0x1a, 0x00, 0x00, 0x00, 0x03, 0x0c, // ................
	0x00, 0x00, 0x7a, 0x0b, 0x00, 0x00, 0x8a, 0x00, 0x00, 0x00, 0x0c, 0x00, 0x06, 0x00, 0x1a, 0x00, // ..z.............
	0x00, 0x00, 0x04, 0x0c, 0x00, 0x00, 0x01, 0x00, 0x00, 0x00, 0x0a, 0x00, 0x00, 0x00, 0x03, 0x0c, // ................
	0x00, 0x00, 0x4f, 0x00, 0x08, 0x00, 0x1a, 0x00, 0x00, 0x00, 0x07, 0x0c, 0x00, 0x00, 0x04, 0x0c, // ..O.............
	0x00, 0x00, 0x04, 0x0c, 0x00, 0x00, 0x01, 0x00, 0x00, 0x00, 0x02, 0x00, 0x00, 0x00, 0x00, 0x00, // ................
	0x00, 0x00, 0x81, 0x00, 0x05, 0x00, 0x1a, 0x00, 0x00, 0x00, 0x09, 0x0c, 0x00, 0x00, 0x07, 0x0c, // ................
	0x00, 0x00, 0x48, 0x0d, 0x00, 0x00, 0x94, 0x00, 0x05, 0x00, 0x07, 0x00, 0x00, 0x00, 0x0a, 0x0c, // ..H.............
	0x00, 0x00, 0x04, 0x0c, 0x00, 0x00, 0x09, 0x0c, 0x00, 0x00, 0x50, 0x00, 0x06, 0x00, 0x1a, 0x00, // ..........P.....
	0x00, 0x00, 0x0c, 0x0c, 0x00, 0x00, 0x0a, 0x0c, 0x00, 0x00, 0x0a, 0x0c, 0x00, 0x00, 0x0a, 0x0c, // ................
	0x00, 0x00, 0x81, 0x00, 0x05, 0x00, 0x1a, 0x00, 0x00, 0x00, 0x0d, 0x0c, 0x00, 0x00, 0x04, 0x0c, // ................
	0x00, 0x00, 0x0c, 0x0c, 0x00, 0x00, 0x51, 0x00, 0x05, 0x00, 0x07, 0x00, 0x00, 0x00, 0x0f, 0x0c, // ......Q.........
	0x00, 0x00, 0x0d, 0x0c, 0x00, 0x00, 0x00, 0x00, 0x00, 0x00, 0x51, 0x00, 0x05, 0x00, 0x07, 0x00, // ..........Q.....
	0x00, 0x00, 0x11, 0x0c, 0x00, 0x00, 0x0d, 0x0c, 0x00, 0x00, 0x01, 0x00, 0x00, 0x00, 0x81, 0x00, // ................
	0x05, 0x00, 0x07, 0x00, 0x00, 0x00, 0x12, 0x0c, 0x00, 0x00, 0x0f, 0x0c, 0x00, 0x00, 0x11, 0x0c, // ................
	0x00, 0x00, 0x51, 0x00, 0x05, 0x00, 0x07, 0x00, 0x00, 0x00, 0x14, 0x0c, 0x00, 0x00, 0x0d, 0x0c, // ..Q.............
	0x00, 0x00, 0x02, 0x00, 0x00, 0x00, 0x85, 0x00, 0x05, 0x00, 0x07, 0x00, 0x00, 0x00, 0x15, 0x0c, // ................
	0x00, 0x00, 0x12, 0x0c, 0x00, 0x00, 0x14, 0x0c, 0x00, 0x00, 0x0c, 0x00, 0x06, 0x00, 0x07, 0x00, // ................
	0x00, 0x00, 0x16, 0x0c, 0x00, 0x00, 0x01, 0x00, 0x00, 0x00, 0x0a, 0x00, 0x00, 0x00, 0x15, 0x0c, // ................
	0x00, 0x00, 0x81, 0x00, 0x05, 0x00, 0x1a, 0x00, 0x00, 0x00, 0x7d, 0x0b, 0x00, 0x00, 0x62, 0x0b, // ..........}...b.
	0x00, 0x00, 0xd7, 0x00, 0x00, 0x00, 0x8e, 0x00, 0x05, 0x00, 0x1a, 0x00, 0x00, 0x00, 0x1a, 0x0c, // ................
	0x00, 0x00, 0x7d, 0x0b, 0x00, 0x00, 0x8a, 0x00, 0x00, 0x00, 0x0c, 0x00, 0x06, 0x00, 0x1a, 0x00, // ..}.............
	0x00, 0x00, 0x1b, 0x0c, 0x00, 0x00, 0x01, 0x00, 0x00, 0x00, 0x0a, 0x00, 0x00, 0x00, 0x1a, 0x0c, // ................
	0x00, 0x00, 0x4f, 0x00, 0x08, 0x00, 0x1a, 0x00, 0x00, 0x00, 0x1e, 0x0c, 0x00, 0x00, 0x1b, 0x0c, // ..O.............
	0x00, 0x00, 0x1b, 0x0c, 0x00, 0x00, 0x01, 0x00, 0x00, 0x00, 0x02, 0x00, 0x00, 0x00, 0x00, 0x00, // ................
	0x00, 0x00, 0x81, 0x00, 0x05, 0x00, 0x1a, 0x00, 0x00, 0x00, 0x20, 0x0c, 0x00, 0x00, 0x1e, 0x0c, // .......... .....
	0x00, 0x00, 0x48, 0x0d, 0x00, 0x00, 0x94, 0x00, 0x05, 0x00, 0x07, 0x00, 0x00, 0x00, 0x21, 0x0c, // ..H...........!.
	0x00, 0x00, 0x1b, 0x0c, 0x00, 0x00, 0x20, 0x0c, 0x00, 0x00, 0x50, 0x00, 0x06, 0x00, 0x1a, 0x00, // ...... ...P.....
	0x00, 0x00, 0x23, 0x0c, 0x00, 0x00, 0x21, 0x0c, 0x00, 0x00, 0x21, 0x0c, 0x00, 0x00, 0x21, 0x0c, // ..#...!...!...!.
	0x00, 0x00, 0x81, 0x00, 0x05, 0x00, 0x1a, 0x00, 0x00, 0x00, 0x24, 0x0c, 0x00, 0x00, 0x1b, 0x0c, // ..........$.....
	0x00, 0x00, 0x23, 0x0c, 0x00, 0x00, 0x51, 0x00, 0x05, 0x00, 0x07, 0x00, 0x00, 0x00, 0x26, 0x0c, // ..#...Q.......&.
	0x00, 0x00, 0x24, 0x0c, 0x00, 0x00, 0x00, 0x00, 0x00, 0x00, 0x51, 0x00, 0x05, 0x00, 0x07, 0x00, // ..$.......Q.....
	0x00, 0x00, 0x28, 0x0c, 0x00, 0x00, 0x24, 0x0c, 0x00, 0x00, 0x01, 0x00, 0x00, 0x00, 0x81, 0x00, // ..(...$.........
	0x05, 0x00, 0x07, 0x00, 0x00, 0x00, 0x29, 0x0c, 0x00, 0x00, 0x26, 0x0c, 0x00, 0x00, 0x28, 0x0c, // ......)...&...(.
	0x00, 0x00, 0x51, 0x00, 0x05, 0x00, 0x07, 0x00, 0x00, 0x00, 0x2b, 0x0c, 0x00, 0x00, 0x24, 0x0c, // ..Q.......+...$.
	0x00, 0x00, 0x02, 0x00, 0x00, 0x00, 0x85, 0x00, 0x05, 0x00, 0x07, 0x00, 0x00, 0x00, 0x2c, 0x0c, // ..............,.
	0x00, 0x00, 0x29, 0x0c, 0x00, 0x00, 0x2b, 0x0c, 0x00, 0x00, 0x0c, 0x00, 0x06, 0x00, 0x07, 0x00, // ..)...+.........
	0x00, 0x00, 0x2d, 0x0c, 0x00, 0x00, 0x01, 0x00, 0x00, 0x00, 0x0a, 0x00, 0x00, 0x00, 0x2c, 0x0c, // ..-...........,.
	0x00, 0x00, 0x81, 0x00, 0x05, 0x00, 0x1a, 0x00, 0x00, 0x00, 0x80, 0x0b, 0x00, 0x00, 0x62, 0x0b, // ..............b.
	0x00, 0x00, 0xdd, 0x00, 0x00, 0x00, 0x8e, 0x00, 0x05, 0x00, 0x1a, 0x00, 0x00, 0x00, 0x31, 0x0c, // ..............1.
	0x00, 0x00, 0x80, 0x0b, 0x00, 0x00, 0x8a, 0x00, 0x00, 0x00, 0x0c, 0x00, 0x06, 0x00, 0x1a, 0x00, // ................
	0x00, 0x00, 0x32, 0x0c, 0x00, 0x00, 0x01, 0x00, 0x00, 0x00, 0x0a, 0x00, 0x00, 0x00, 0x31, 0x0c, // ..2...........1.
	0x00, 0x00, 0x4f, 0x00, 0x08, 0x00, 0x1a, 0x00, 0x00, 0x00, 0x35, 0x0c, 0x00, 0x00, 0x32, 0x0c, // ..O.......5...2.
	0x00, 0x00, 0x32, 0x0c, 0x00, 0x00, 0x01, 0x00, 0x00, 0x00, 0x02, 0x00, 0x00, 0x00, 0x00, 0x00, // ..2.............
	0x00, 0x00, 0x81, 0x00, 0x05, 0x00, 0x1a, 0x00, 0x00, 0x00, 0x37, 0x0c, 0x00, 0x00, 0x35, 0x0c, // ..........7...5.
	0x00, 0x00, 0x48, 0x0d, 0x00, 0x00, 0x94, 0x00, 0x05, 0x00, 0x07, 0x00, 0x00, 0x00, 0x38, 0x0c, // ..H...........8.
	0x00, 0x00, 0x32, 0x0c, 0x00, 0x00, 0x37, 0x0c, 0x00, 0x00, 0x50, 0x00, 0x06, 0x00, 0x1a, 0x00, // ..2...7...P.....
	0x00, 0x00, 0x3a, 0x0c, 0x00, 0x00, 0x38, 0x0c, 0x00, 0x00, 0x38, 0x0c, 0x00, 0x00, 0x38, 0x0c, // ..:...8...8...8.
	0x00, 0x00, 0x81, 0x00, 0x05, 0x00, 0x1a, 0x00, 0x00, 0x00, 0x3b, 0x0c, 0x00, 0x00, 0x32, 0x0c, // ..........;...2.
	0x00, 0x00, 0x3a, 0x0c, 0x00, 0x00, 0x51, 0x00, 0x05, 0x00, 0x07, 0x00, 0x00, 0x00, 0x3d, 0x0c, // ..:...Q.......=.
	0x00, 0x00, 0x3b, 0x0c, 0x00, 0x00, 0x00, 0x00, 0x00, 0x00, 0x51, 0x00, 0x05, 0x00, 0x07, 0x00, // ..;.......Q.....
	0x00, 0x00, 0x3f, 0x0c, 0x00, 0x00, 0x3b, 0x0c, 0x00, 0x00, 0x01, 0x00, 0x00, 0x00, 0x81, 0x00, // ..?...;.........
	0x05, 0x00, 0x07, 0x00, 0x00, 0x00, 0x40, 0x0c, 0x00, 0x00, 0x3d, 0x0c, 0x00, 0x00, 0x3f, 0x0c, // ......@...=...?.
	0x00, 0x00, 0x51, 0x00, 0x05, 0x00, 0x07, 0x00, 0x00, 0x00, 0x42, 0x0c, 0x00, 0x00, 0x3b, 0x0c, // ..Q.......B...;.
	0x00, 0x00, 0x02, 0x00, 0x00, 0x00, 0x85, 0x00, 0x05, 0x00, 0x07, 0x00, 0x00, 0x00, 0x43, 0x0c, // ..............C.
	0x00, 0x00, 0x40, 0x0c, 0x00, 0x00, 0x42, 0x0c, 0x00, 0x00, 0x0c, 0x00, 0x06, 0x00, 0x07, 0x00, // ..@...B.........
	0x00, 0x00, 0x44, 0x0c, 0x00, 0x00, 0x01, 0x00, 0x00, 0x00, 0x0a, 0x00, 0x00, 0x00, 0x43, 0x0c, // ..D...........C.
	0x00, 0x00, 0x81, 0x00, 0x05, 0x00, 0x1a, 0x00, 0x00, 0x00, 0x83, 0x0b, 0x00, 0x00, 0x62, 0x0b, // ..............b.
	0x00, 0x00, 0xe3, 0x00, 0x00, 0x00, 0x8e, 0x00, 0x05, 0x00, 0x1a, 0x00, 0x00, 0x00, 0x48, 0x0c, // ..............H.
	0x00, 0x00, 0x83, 0x0b, 0x00, 0x00, 0x8a, 0x00, 0x00, 0x00, 0x0c, 0x00, 0x06, 0x00, 0x1a, 0x00, // ................
	0x00, 0x00, 0x49, 0x0c, 0x00, 0x00, 0x01, 0x00, 0x00, 0x00, 0x0a, 0x00, 0x00, 0x00, 0x48, 0x0c, // ..I...........H.
	0x00, 0x00, 0x4f, 0x00, 0x08, 0x00, 0x1a, 0x00, 0x00, 0x00, 0x4c, 0x0c, 0x00, 0x00, 0x49, 0x0c, // ..O.......L...I.
	0x00, 0x00, 0x49, 0x0c, 0x00, 0x00, 0x01, 0x00, 0x00, 0x00, 0x02, 0x00, 0x00, 0x00, 0x00, 0x00, // ..I.............
	0x00, 0x00, 0x81, 0x00, 0x05, 0x00, 0x1a, 0x00, 0x00, 0x00, 0x4e, 0x0c, 0x00, 0x00, 0x4c, 0x0c, // ..........N...L.
	0x00, 0x00, 0x48, 0x0d, 0x00, 0x00, 0x94, 0x00, 0x05, 0x00, 0x07, 0x00, 0x00, 0x00, 0x4f, 0x0c, // ..H...........O.
	0x00, 0x00, 0x49, 0x0c, 0x00, 0x00, 0x4e, 0x0c, 0x00, 0x00, 0x50, 0x00, 0x06, 0x00, 0x1a, 0x00, // ..I...N...P.....
	0x00, 0x00, 0x51, 0x0c, 0x00, 0x00, 0x4f, 0x0c, 0x00, 0x00, 0x4f, 0x0c, 0x00, 0x00, 0x4f, 0x0c, // ..Q...O...O...O.
	0x00, 0x00, 0x81, 0x00, 0x05, 0x00, 0x1a, 0x00, 0x00, 0x00, 0x52, 0x0c, 0x00, 0x00, 0x49, 0x0c, // ..........R...I.
	0x00, 0x00, 0x51, 0x0c, 0x00, 0x00, 0x51, 0x00, 0x05, 0x00, 0x07, 0x00, 0x00, 0x00, 0x54, 0x0c, // ..Q...Q.......T.
	0x00, 0x00, 0x52, 0x0c, 0x00, 0x00, 0x00, 0x00, 0x00, 0x00, 0x51, 0x00, 0x05, 0x00, 0x07, 0x00, // ..R.......Q.....
	0x00, 0x00, 0x56, 0x0c, 0x00, 0x00, 0x52, 0x0c, 0x00, 0x00, 0x01, 0x00, 0x00, 0x00, 0x81, 0x00, // ..V...R.........
	0x05, 0x00, 0x07, 0x00, 0x00, 0x00, 0x57, 0x0c, 0x00, 0x00, 0x54, 0x0c, 0x00, 0x00, 0x56, 0x0c, // ......W...T...V.
	0x00, 0x00, 0x51, 0x00, 0x05, 0x00, 0x07, 0x00, 0x00, 0x00, 0x59, 0x0c, 0x00, 0x00, 0x52, 0x0c, // ..Q.......Y...R.
	0x00, 0x00, 0x02, 0x00, 0x00, 0x00, 0x85, 0x00, 0x05, 0x00, 0x07, 0x00, 0x00, 0x00, 0x5a, 0x0c, // ..............Z.
	0x00, 0x00, 0x57, 0x0c, 0x00, 0x00, 0x59, 0x0c, 0x00, 0x00, 0x0c, 0x00, 0x06, 0x00, 0x07, 0x00, // ..W...Y.........
	0x00, 0x00, 0x5b, 0x0c, 0x00, 0x00, 0x01, 0x00, 0x00, 0x00, 0x0a, 0x00, 0x00, 0x00, 0x5a, 0x0c, // ..[...........Z.
	0x00, 0x00, 0x51, 0x00, 0x05, 0x00, 0x07, 0x00, 0x00, 0x00, 0x88, 0x0b, 0x00, 0x00, 0x6c, 0x0b, // ..Q...........l.
	0x00, 0x00, 0x00, 0x00, 0x00, 0x00, 0x0c, 0x00, 0x08, 0x00, 0x07, 0x00, 0x00, 0x00, 0x61, 0x0c, // ..............a.
	0x00, 0x00, 0x01, 0x00, 0x00, 0x00, 0x2e, 0x00, 0x00, 0x00, 0xba, 0x0b, 0x00, 0x00, 0xd1, 0x0b, // ................
	0x00, 0x00, 0x88, 0x0b, 0x00, 0x00, 0x0c, 0x00, 0x08, 0x00, 0x07, 0x00, 0x00, 0x00, 0x67, 0x0c, // ..............g.
	0x00, 0x00, 0x01, 0x00, 0x00, 0x00, 0x2e, 0x00, 0x00, 0x00, 0xe8, 0x0b, 0x00, 0x00, 0xff, 0x0b, // ................
	0x00, 0x00, 0x88, 0x0b, 0x00, 0x00, 0x51, 0x00, 0x05, 0x00, 0x07, 0x00, 0x00, 0x00, 0x90, 0x0b, // ......Q.........
	0x00, 0x00, 0x6c, 0x0b, 0x00, 0x00, 0x01, 0x00, 0x00, 0x00, 0x0c, 0x00, 0x08, 0x00, 0x07, 0x00, // ..l.............
	0x00, 0x00, 0x6d, 0x0c, 0x00, 0x00, 0x01, 0x00, 0x00, 0x00, 0x2e, 0x00, 0x00, 0x00, 0x61, 0x0c, // ..m...........a.
	0x00, 0x00, 0x67, 0x0c, 0x00, 0x00, 0x90, 0x0b, 0x00, 0x00, 0x0c, 0x00, 0x08, 0x00, 0x07, 0x00, // ..g.............
	0x00, 0x00, 0x73, 0x0c, 0x00, 0x00, 0x01, 0x00, 0x00, 0x00, 0x2e, 0x00, 0x00, 0x00, 0x16, 0x0c, // ..s.............
	0x00, 0x00, 0x2d, 0x0c, 0x00, 0x00, 0x88, 0x0b, 0x00, 0x00, 0x0c, 0x00, 0x08, 0x00, 0x07, 0x00, // ..-.............
	0x00, 0x00, 0x79, 0x0c, 0x00, 0x00, 0x01, 0x00, 0x00, 0x00, 0x2e, 0x00, 0x00, 0x00, 0x44, 0x0c, // ..y...........D.
	0x00, 0x00, 0x5b, 0x0c, 0x00, 0x00, 0x88, 0x0b, 0x00, 0x00, 0x0c, 0x00, 0x08, 0x00, 0x07, 0x00, // ..[.............
	0x00, 0x00, 0x7f, 0x0c, 0x00, 0x00, 0x01, 0x00, 0x00, 0x00, 0x2e, 0x00, 0x00, 0x00, 0x73, 0x0c, // ..............s.
	0x00, 0x00, 0x79, 0x0c, 0x00, 0x00, 0x90, 0x0b, 0x00, 0x00, 0x51, 0x00, 0x05, 0x00, 0x07, 0x00, // ..y.......Q.....
	0x00, 0x00, 0xa2, 0x0b, 0x00, 0x00, 0x6c, 0x0b, 0x00, 0x00, 0x02, 0x00, 0x00, 0x00, 0x0c, 0x00, // ......l.........
	0x08, 0x00, 0x07, 0x00, 0x00, 0x00, 0x85, 0x0c, 0x00, 0x00, 0x01, 0x00, 0x00, 0x00, 0x2e, 0x00, // ................
	0x00, 0x00, 0x6d, 0x0c, 0x00, 0x00, 0x7f, 0x0c, 0x00, 0x00, 0xa2, 0x0b, 0x00, 0x00, 0x85, 0x00, // ..m.............
	0x05, 0x00, 0x07, 0x00, 0x00, 0x00, 0x9c, 0x04, 0x00, 0x00, 0xcb, 0x01, 0x00, 0x00, 0x85, 0x0c, // ................
	0x00, 0x00, 0x81, 0x00, 0x05, 0x00, 0x07, 0x00, 0x00, 0x00, 0x9d, 0x04, 0x00, 0x00, 0xd2, 0x01, // ................
	0x00, 0x00, 0x9c, 0x04, 0x00, 0x00, 0x8e, 0x00, 0x05, 0x00, 0x1a, 0x00, 0x00, 0x00, 0x9e, 0x04, // ................
	0x00, 0x00, 0x97, 0x04, 0x00, 0x00, 0x9d, 0x04, 0x00, 0x00, 0x81, 0x00, 0x05, 0x00, 0x1a, 0x00, // ................
	0x00, 0x00, 0xa1, 0x04, 0x00, 0x00, 0x24, 0x0b, 0x00, 0x00, 0x9e, 0x04, 0x00, 0x00, 0x8e, 0x00, // ......$.........
	0x05, 0x00, 0x1a, 0x00, 0x00, 0x00, 0xa3, 0x04, 0x00, 0x00, 0xa1, 0x04, 0x00, 0x00, 0x6b, 0x04, // ..............k.
	0x00, 0x00, 0x8e, 0x00, 0x05, 0x00, 0x1a, 0x00, 0x00, 0x00, 0xa5, 0x04, 0x00, 0x00, 0xa3, 0x04, // ................
	0x00, 0x00, 0x57, 0x0d, 0x00, 0x00, 0x81, 0x00, 0x05, 0x00, 0x1a, 0x00, 0x00, 0x00, 0xa7, 0x04, // ..W.............
	0x00, 0x00, 0x5a, 0x0d, 0x00, 0x00, 0xa5, 0x04, 0x00, 0x00, 0x85, 0x00, 0x05, 0x00, 0x07, 0x00, // ..Z.............
	0x00, 0x00, 0xab, 0x04, 0x00, 0x00, 0x57, 0x0d, 0x00, 0x00, 0x6a, 0x04, 0x00, 0x00, 0xb8, 0x00, // ......W...j.....
	0x05, 0x00, 0x2b, 0x01, 0x00, 0x00, 0xad, 0x04, 0x00, 0x00, 0xab, 0x04, 0x00, 0x00, 0xd8, 0x02, // ..+.............
	0x00, 0x00, 0xf7, 0x00, 0x03, 0x00, 0xaf, 0x04, 0x00, 0x00, 0x00, 0x00, 0x00, 0x00, 0xfa, 0x00, // ................
	0x04, 0x00, 0xad, 0x04, 0x00, 0x00, 0xae, 0x04, 0x00, 0x00, 0xaf, 0x04, 0x00, 0x00, 0xf8, 0x00, // ................
	0x02, 0x00, 0xae, 0x04, 0x00, 0x00, 0xf9, 0x00, 0x02, 0x00, 0xb4, 0x04, 0x00, 0x00, 0xf8, 0x00, // ................
	0x02, 0x00, 0xaf, 0x04, 0x00, 0x00, 0xf9, 0x00, 0x02, 0x00, 0xb0, 0x04, 0x00, 0x00, 0xf8, 0x00, // ................
	0x02, 0x00, 0xb0, 0x04, 0x00, 0x00, 0xf5, 0x00, 0x07, 0x00, 0x1a, 0x00, 0x00, 0x00, 0x66, 0x0d, // ..............f.
	0x00, 0x00, 0x5a, 0x0d, 0x00, 0x00, 0xc1, 0x06, 0x00, 0x00, 0xa7, 0x04, 0x00, 0x00, 0xaf, 0x04, // ..Z.............
	0x00, 0x00, 0xf5, 0x00, 0x07, 0x00, 0x07, 0x00, 0x00, 0x00, 0x65, 0x0d, 0x00, 0x00, 0x57, 0x0d, // ..........e...W.
	0x00, 0x00, 0xc1, 0x06, 0x00, 0x00, 0xab, 0x04, 0x00, 0x00, 0xaf, 0x04, 0x00, 0x00, 0xf9, 0x00, // ................
	0x02, 0x00, 0xb1, 0x04, 0x00, 0x00, 0xf8, 0x00, 0x02, 0x00, 0xb1, 0x04, 0x00, 0x00, 0x80, 0x00, // ................
	0x05, 0x00, 0x5b, 0x00, 0x00, 0x00, 0xb3, 0x04, 0x00, 0x00, 0x50, 0x0d, 0x00, 0x00, 0x5c, 0x00, // ..[.......P.....
	0x00, 0x00, 0xf9, 0x00, 0x02, 0x00, 0x42, 0x04, 0x00, 0x00, 0xf8, 0x00, 0x02, 0x00, 0xb4, 0x04, // ......B.........
	0x00, 0x00, 0xf5, 0x00, 0x09, 0x00, 0x07, 0x00, 0x00, 0x00, 0x63, 0x0d, 0x00, 0x00, 0x57, 0x0d, // ..........c...W.
	0x00, 0x00, 0x42, 0x04, 0x00, 0x00, 0x57, 0x0d, 0x00, 0x00, 0x52, 0x04, 0x00, 0x00, 0xab, 0x04, // ..B...W...R.....
	0x00, 0x00, 0xae, 0x04, 0x00, 0x00, 0xf5, 0x00, 0x09, 0x00, 0x1a, 0x00, 0x00, 0x00, 0x62, 0x0d, // ..............b.
	0x00, 0x00, 0x5a, 0x0d, 0x00, 0x00, 0x42, 0x04, 0x00, 0x00, 0x5a, 0x0d, 0x00, 0x00, 0x52, 0x04, // ..Z...B...Z...R.
	0x00, 0x00, 0xa7, 0x04, 0x00, 0x00, 0xae, 0x04, 0x00, 0x00, 0x0c, 0x00, 0x08, 0x00, 0x07, 0x00, // ................
	0x00, 0x00, 0xb7, 0x04, 0x00, 0x00, 0x01, 0x00, 0x00, 0x00, 0x31, 0x00, 0x00, 0x00, 0x04, 0x02, // ..........1.....
	0x00, 0x00, 0xe0, 0x02, 0x00, 0x00, 0x13, 0x04, 0x00, 0x00, 0x83, 0x00, 0x05, 0x00, 0x07, 0x00, // ................
	0x00, 0x00, 0xba, 0x04, 0x00, 0x00, 0xbe, 0x00, 0x00, 0x00, 0x63, 0x0d, 0x00, 0x00, 0x51, 0x00, // ..........c...Q.
	0x05, 0x00, 0x07, 0x00, 0x00, 0x00, 0xbb, 0x04, 0x00, 0x00, 0x62, 0x0d, 0x00, 0x00, 0x00, 0x00, // ..........b.....
	0x00, 0x00, 0x51, 0x00, 0x05, 0x00, 0x07, 0x00, 0x00, 0x00, 0xbc, 0x04, 0x00, 0x00, 0x62, 0x0d, // ..Q...........b.
	0x00, 0x00, 0x01, 0x00, 0x00, 0x00, 0x51, 0x00, 0x05, 0x00, 0x07, 0x00, 0x00, 0x00, 0xbd, 0x04, // ......Q.........
	0x00, 0x00, 0x62, 0x0d, 0x00, 0x00, 0x02, 0x00, 0x00, 0x00, 0x50, 0x00, 0x07, 0x00, 0x0d, 0x00, // ..b.......P.....
	0x00, 0x00, 0xbe, 0x04, 0x00, 0x00, 0xbb, 0x04, 0x00, 0x00, 0xbc, 0x04, 0x00, 0x00, 0xbd, 0x04, // ................
	0x00, 0x00, 0xba, 0x04, 0x00, 0x00, 0x8e, 0x00, 0x05, 0x00, 0x0d, 0x00, 0x00, 0x00, 0xc0, 0x04, // ................
	0x00, 0x00, 0xbe, 0x04, 0x00, 0x00, 0xb7, 0x04, 0x00, 0x00, 0xf9, 0x00, 0x02, 0x00, 0xc1, 0x04, // ................
	0x00, 0x00, 0xf8, 0x00, 0x02, 0x00, 0xc1, 0x04, 0x00, 0x00, 0xf5, 0x00, 0x09, 0x00, 0x0d, 0x00, // ................
	0x00, 0x00, 0x64, 0x0d, 0x00, 0x00, 0x09, 0x02, 0x00, 0x00, 0x16, 0x04, 0x00, 0x00, 0x09, 0x02, // ..d.............
	0x00, 0x00, 0x34, 0x04, 0x00, 0x00, 0xc0, 0x04, 0x00, 0x00, 0xb4, 0x04, 0x00, 0x00, 0x3e, 0x00, // ..4...........>.
	0x03, 0x00, 0x65, 0x03, 0x00, 0x00, 0x64, 0x0d, 0x00, 0x00, 0xfd, 0x00, 0x01, 0x00, 0x38, 0x00, // ..e...d.......8.
	0x01, 0x00, 0x00, 0x00, 0xc0, 0x00,                                                             // ......
};
