static const uint8_t fs_water_spv[23728] =
{
	0x46, 0x53, 0x48, 0x0b, 0xa4, 0x98, 0x30, 0xa7, 0x00, 0x00, 0x00, 0x00, 0x14, 0x00, 0x0e, 0x75, // FSH...0........u
	0x5f, 0x77, 0x61, 0x74, 0x65, 0x72, 0x53, 0x75, 0x72, 0x66, 0x61, 0x63, 0x65, 0x12, 0x01, 0x10, // _waterSurface...
	0x01, 0x01, 0x00, 0x00, 0x00, 0x00, 0x00, 0x0c, 0x75, 0x5f, 0x77, 0x61, 0x74, 0x65, 0x72, 0x57, // ........u_waterW
	0x61, 0x76, 0x65, 0x41, 0x12, 0x04, 0x20, 0x01, 0x04, 0x00, 0x00, 0x00, 0x00, 0x00, 0x0c, 0x75, // aveA.. ........u
	0x5f, 0x77, 0x61, 0x74, 0x65, 0x72, 0x57, 0x61, 0x76, 0x65, 0x42, 0x12, 0x04, 0x60, 0x01, 0x04, // _waterWaveB..`..
	0x00, 0x00, 0x00, 0x00, 0x00, 0x12, 0x75, 0x5f, 0x77, 0x61, 0x74, 0x65, 0x72, 0x44, 0x65, 0x70, // ......u_waterDep
	0x74, 0x68, 0x50, 0x61, 0x72, 0x61, 0x6d, 0x73, 0x12, 0x01, 0xa0, 0x00, 0x01, 0x00, 0x00, 0x00, // thParams........
	0x00, 0x00, 0x0d, 0x75, 0x5f, 0x77, 0x61, 0x74, 0x65, 0x72, 0x53, 0x75, 0x6e, 0x44, 0x69, 0x72, // ...u_waterSunDir
	0x12, 0x01, 0x50, 0x00, 0x01, 0x00, 0x00, 0x00, 0x00, 0x00, 0x0f, 0x75, 0x5f, 0x77, 0x61, 0x74, // ..P........u_wat
	0x65, 0x72, 0x53, 0x75, 0x6e, 0x43, 0x6f, 0x6c, 0x6f, 0x72, 0x12, 0x01, 0x60, 0x00, 0x01, 0x00, // erSunColor..`...
	0x00, 0x00, 0x00, 0x00, 0x0d, 0x75, 0x5f, 0x77, 0x61, 0x74, 0x65, 0x72, 0x4f, 0x70, 0x74, 0x69, // .....u_waterOpti
	0x63, 0x73, 0x12, 0x01, 0x40, 0x00, 0x01, 0x00, 0x00, 0x00, 0x00, 0x00, 0x0d, 0x75, 0x5f, 0x77, // cs..@........u_w
	0x61, 0x74, 0x65, 0x72, 0x43, 0x61, 0x6d, 0x65, 0x72, 0x61, 0x12, 0x01, 0x10, 0x00, 0x01, 0x00, // aterCamera......
	0x00, 0x00, 0x00, 0x00, 0x0f, 0x75, 0x5f, 0x77, 0x61, 0x74, 0x65, 0x72, 0x41, 0x64, 0x76, 0x61, // .....u_waterAdva
	0x6e, 0x63, 0x65, 0x64, 0x12, 0x01, 0xb0, 0x00, 0x01, 0x00, 0x00, 0x00, 0x00, 0x00, 0x0b, 0x75, // nced...........u
	0x5f, 0x77, 0x61, 0x74, 0x65, 0x72, 0x44, 0x65, 0x65, 0x70, 0x12, 0x01, 0x30, 0x00, 0x01, 0x00, // _waterDeep..0...
	0x00, 0x00, 0x00, 0x00, 0x0b, 0x75, 0x5f, 0x76, 0x69, 0x65, 0x77, 0x54, 0x65, 0x78, 0x65, 0x6c, // .....u_viewTexel
	0x12, 0x01, 0x00, 0x00, 0x01, 0x00, 0x00, 0x00, 0x00, 0x00, 0x13, 0x75, 0x5f, 0x77, 0x61, 0x74, // ...........u_wat
	0x65, 0x72, 0x50, 0x6c, 0x61, 0x6e, 0x61, 0x72, 0x50, 0x61, 0x72, 0x61, 0x6d, 0x73, 0x12, 0x01, // erPlanarParams..
	0xc0, 0x00, 0x01, 0x00, 0x00, 0x00, 0x00, 0x00, 0x15, 0x75, 0x5f, 0x77, 0x61, 0x74, 0x65, 0x72, // .........u_water
	0x50, 0x6c, 0x61, 0x6e, 0x61, 0x72, 0x56, 0x69, 0x65, 0x77, 0x50, 0x72, 0x6f, 0x6a, 0x14, 0x01, // PlanarViewProj..
	0xd0, 0x00, 0x04, 0x00, 0x00, 0x00, 0x00, 0x00, 0x11, 0x75, 0x5f, 0x77, 0x61, 0x74, 0x65, 0x72, // .........u_water
	0x53, 0x6b, 0x79, 0x48, 0x6f, 0x72, 0x69, 0x7a, 0x6f, 0x6e, 0x12, 0x01, 0x80, 0x00, 0x01, 0x00, // SkyHorizon......
	0x00, 0x00, 0x00, 0x00, 0x10, 0x75, 0x5f, 0x77, 0x61, 0x74, 0x65, 0x72, 0x53, 0x6b, 0x79, 0x5a, // .....u_waterSkyZ
	0x65, 0x6e, 0x69, 0x74, 0x68, 0x12, 0x01, 0x70, 0x00, 0x01, 0x00, 0x00, 0x00, 0x00, 0x00, 0x0e, // enith..p........
	0x75, 0x5f, 0x77, 0x61, 0x74, 0x65, 0x72, 0x53, 0x68, 0x61, 0x6c, 0x6c, 0x6f, 0x77, 0x12, 0x01, // u_waterShallow..
	0x20, 0x00, 0x01, 0x00, 0x00, 0x00, 0x00, 0x00, 0x0e, 0x75, 0x5f, 0x77, 0x61, 0x74, 0x65, 0x72, //  ........u_water
	0x41, 0x6d, 0x62, 0x69, 0x65, 0x6e, 0x74, 0x12, 0x01, 0x90, 0x00, 0x01, 0x00, 0x00, 0x00, 0x00, // Ambient.........
	0x00, 0x0c, 0x73, 0x5f, 0x77, 0x61, 0x74, 0x65, 0x72, 0x53, 0x63, 0x65, 0x6e, 0x65, 0x30, 0x00, // ..s_waterScene0.
	0x02, 0x00, 0x00, 0x00, 0x00, 0x02, 0x26, 0x00, 0x11, 0x73, 0x5f, 0x77, 0x61, 0x74, 0x65, 0x72, // ......&..s_water
	0x53, 0x63, 0x65, 0x6e, 0x65, 0x44, 0x65, 0x70, 0x74, 0x68, 0x30, 0x00, 0x03, 0x00, 0x00, 0x00, // SceneDepth0.....
	0x00, 0x02, 0x26, 0x00, 0x0d, 0x73, 0x5f, 0x77, 0x61, 0x74, 0x65, 0x72, 0x50, 0x6c, 0x61, 0x6e, // ..&..s_waterPlan
	0x61, 0x72, 0x30, 0x00, 0x04, 0x00, 0x00, 0x00, 0x00, 0x02, 0x26, 0x00, 0x9c, 0x5a, 0x00, 0x00, // ar0.......&..Z..
	0x03, 0x02, 0x23, 0x07, 0x00, 0x00, 0x01, 0x00, 0x0b, 0x00, 0x08, 0x00, 0x5d, 0x0f, 0x00, 0x00, // ..#.........]...
	0x00, 0x00, 0x00, 0x00, 0x11, 0x00, 0x02, 0x00, 0x01, 0x00, 0x00, 0x00, 0x0b, 0x00, 0x06, 0x00, // ................
	0x01, 0x00, 0x00, 0x00, 0x47, 0x4c, 0x53, 0x4c, 0x2e, 0x73, 0x74, 0x64, 0x2e, 0x34, 0x35, 0x30, // ....GLSL.std.450
	0x00, 0x00, 0x00, 0x00, 0x0e, 0x00, 0x03, 0x00, 0x00, 0x00, 0x00, 0x00, 0x01, 0x00, 0x00, 0x00, // ................
	0x0f, 0x00, 0x0a, 0x00, 0x04, 0x00, 0x00, 0x00, 0x04, 0x00, 0x00, 0x00, 0x6d, 0x61, 0x69, 0x6e, // ............main
	0x00, 0x00, 0x00, 0x00, 0x36, 0x05, 0x00, 0x00, 0x39, 0x05, 0x00, 0x00, 0x43, 0x05, 0x00, 0x00, // ....6...9...C...
	0x47, 0x05, 0x00, 0x00, 0x5a, 0x05, 0x00, 0x00, 0x10, 0x00, 0x03, 0x00, 0x04, 0x00, 0x00, 0x00, // G...Z...........
	0x07, 0x00, 0x00, 0x00, 0x03, 0x00, 0x03, 0x00, 0x05, 0x00, 0x00, 0x00, 0xf4, 0x01, 0x00, 0x00, // ................
	0x05, 0x00, 0x04, 0x00, 0x04, 0x00, 0x00, 0x00, 0x6d, 0x61, 0x69, 0x6e, 0x00, 0x00, 0x00, 0x00, // ........main....
	0x05, 0x00, 0x07, 0x00, 0x60, 0x00, 0x00, 0x00, 0x73, 0x5f, 0x77, 0x61, 0x74, 0x65, 0x72, 0x53, // ....`...s_waterS
	0x63, 0x65, 0x6e, 0x65, 0x53, 0x61, 0x6d, 0x70, 0x6c, 0x65, 0x72, 0x00, 0x05, 0x00, 0x07, 0x00, // ceneSampler.....
	0x63, 0x00, 0x00, 0x00, 0x73, 0x5f, 0x77, 0x61, 0x74, 0x65, 0x72, 0x53, 0x63, 0x65, 0x6e, 0x65, // c...s_waterScene
	0x54, 0x65, 0x78, 0x74, 0x75, 0x72, 0x65, 0x00, 0x05, 0x00, 0x09, 0x00, 0x67, 0x00, 0x00, 0x00, // Texture.....g...
	0x73, 0x5f, 0x77, 0x61, 0x74, 0x65, 0x72, 0x53, 0x63, 0x65, 0x6e, 0x65, 0x44, 0x65, 0x70, 0x74, // s_waterSceneDept
	0x68, 0x53, 0x61, 0x6d, 0x70, 0x6c, 0x65, 0x72, 0x00, 0x00, 0x00, 0x00, 0x05, 0x00, 0x09, 0x00, // hSampler........
	0x69, 0x00, 0x00, 0x00, 0x73, 0x5f, 0x77, 0x61, 0x74, 0x65, 0x72, 0x53, 0x63, 0x65, 0x6e, 0x65, // i...s_waterScene
	0x44, 0x65, 0x70, 0x74, 0x68, 0x54, 0x65, 0x78, 0x74, 0x75, 0x72, 0x65, 0x00, 0x00, 0x00, 0x00, // DepthTexture....
	0x05, 0x00, 0x08, 0x00, 0x6d, 0x00, 0x00, 0x00, 0x73, 0x5f, 0x77, 0x61, 0x74, 0x65, 0x72, 0x50, // ....m...s_waterP
	0x6c, 0x61, 0x6e, 0x61, 0x72, 0x53, 0x61, 0x6d, 0x70, 0x6c, 0x65, 0x72, 0x00, 0x00, 0x00, 0x00, // lanarSampler....
	0x05, 0x00, 0x08, 0x00, 0x6f, 0x00, 0x00, 0x00, 0x73, 0x5f, 0x77, 0x61, 0x74, 0x65, 0x72, 0x50, // ....o...s_waterP
	0x6c, 0x61, 0x6e, 0x61, 0x72, 0x54, 0x65, 0x78, 0x74, 0x75, 0x72, 0x65, 0x00, 0x00, 0x00, 0x00, // lanarTexture....
	0x05, 0x00, 0x06, 0x00, 0xf4, 0x00, 0x00, 0x00, 0x55, 0x6e, 0x69, 0x66, 0x6f, 0x72, 0x6d, 0x42, // ........UniformB
	0x6c, 0x6f, 0x63, 0x6b, 0x00, 0x00, 0x00, 0x00, 0x06, 0x00, 0x06, 0x00, 0xf4, 0x00, 0x00, 0x00, // lock............
	0x00, 0x00, 0x00, 0x00, 0x75, 0x5f, 0x76, 0x69, 0x65, 0x77, 0x54, 0x65, 0x78, 0x65, 0x6c, 0x00, // ....u_viewTexel.
	0x06, 0x00, 0x07, 0x00, 0xf4, 0x00, 0x00, 0x00, 0x01, 0x00, 0x00, 0x00, 0x75, 0x5f, 0x77, 0x61, // ............u_wa
	0x74, 0x65, 0x72, 0x43, 0x61, 0x6d, 0x65, 0x72, 0x61, 0x00, 0x00, 0x00, 0x06, 0x00, 0x07, 0x00, // terCamera.......
	0xf4, 0x00, 0x00, 0x00, 0x02, 0x00, 0x00, 0x00, 0x75, 0x5f, 0x77, 0x61, 0x74, 0x65, 0x72, 0x53, // ........u_waterS
	0x68, 0x61, 0x6c, 0x6c, 0x6f, 0x77, 0x00, 0x00, 0x06, 0x00, 0x06, 0x00, 0xf4, 0x00, 0x00, 0x00, // hallow..........
	0x03, 0x00, 0x00, 0x00, 0x75, 0x5f, 0x77, 0x61, 0x74, 0x65, 0x72, 0x44, 0x65, 0x65, 0x70, 0x00, // ....u_waterDeep.
	0x06, 0x00, 0x07, 0x00, 0xf4, 0x00, 0x00, 0x00, 0x04, 0x00, 0x00, 0x00, 0x75, 0x5f, 0x77, 0x61, // ............u_wa
	0x74, 0x65, 0x72, 0x4f, 0x70, 0x74, 0x69, 0x63, 0x73, 0x00, 0x00, 0x00, 0x06, 0x00, 0x07, 0x00, // terOptics.......
	0xf4, 0x00, 0x00, 0x00, 0x05, 0x00, 0x00, 0x00, 0x75, 0x5f, 0x77, 0x61, 0x74, 0x65, 0x72, 0x53, // ........u_waterS
	0x75, 0x6e, 0x44, 0x69, 0x72, 0x00, 0x00, 0x00, 0x06, 0x00, 0x07, 0x00, 0xf4, 0x00, 0x00, 0x00, // unDir...........
	0x06, 0x00, 0x00, 0x00, 0x75, 0x5f, 0x77, 0x61, 0x74, 0x65, 0x72, 0x53, 0x75, 0x6e, 0x43, 0x6f, // ....u_waterSunCo
	0x6c, 0x6f, 0x72, 0x00, 0x06, 0x00, 0x08, 0x00, 0xf4, 0x00, 0x00, 0x00, 0x07, 0x00, 0x00, 0x00, // lor.............
	0x75, 0x5f, 0x77, 0x61, 0x74, 0x65, 0x72, 0x53, 0x6b, 0x79, 0x5a, 0x65, 0x6e, 0x69, 0x74, 0x68, // u_waterSkyZenith
	0x00, 0x00, 0x00, 0x00, 0x06, 0x00, 0x08, 0x00, 0xf4, 0x00, 0x00, 0x00, 0x08, 0x00, 0x00, 0x00, // ................
	0x75, 0x5f, 0x77, 0x61, 0x74, 0x65, 0x72, 0x53, 0x6b, 0x79, 0x48, 0x6f, 0x72, 0x69, 0x7a, 0x6f, // u_waterSkyHorizo
	0x6e, 0x00, 0x00, 0x00, 0x06, 0x00, 0x07, 0x00, 0xf4, 0x00, 0x00, 0x00, 0x09, 0x00, 0x00, 0x00, // n...............
	0x75, 0x5f, 0x77, 0x61, 0x74, 0x65, 0x72, 0x41, 0x6d, 0x62, 0x69, 0x65, 0x6e, 0x74, 0x00, 0x00, // u_waterAmbient..
	0x06, 0x00, 0x08, 0x00, 0xf4, 0x00, 0x00, 0x00, 0x0a, 0x00, 0x00, 0x00, 0x75, 0x5f, 0x77, 0x61, // ............u_wa
	0x74, 0x65, 0x72, 0x44, 0x65, 0x70, 0x74, 0x68, 0x50, 0x61, 0x72, 0x61, 0x6d, 0x73, 0x00, 0x00, // terDepthParams..
	0x06, 0x00, 0x07, 0x00, 0xf4, 0x00, 0x00, 0x00, 0x0b, 0x00, 0x00, 0x00, 0x75, 0x5f, 0x77, 0x61, // ............u_wa
	0x74, 0x65, 0x72, 0x41, 0x64, 0x76, 0x61, 0x6e, 0x63, 0x65, 0x64, 0x00, 0x06, 0x00, 0x08, 0x00, // terAdvanced.....
	0xf4, 0x00, 0x00, 0x00, 0x0c, 0x00, 0x00, 0x00, 0x75, 0x5f, 0x77, 0x61, 0x74, 0x65, 0x72, 0x50, // ........u_waterP
	0x6c, 0x61, 0x6e, 0x61, 0x72, 0x50, 0x61, 0x72, 0x61, 0x6d, 0x73, 0x00, 0x06, 0x00, 0x09, 0x00, // lanarParams.....
	0xf4, 0x00, 0x00, 0x00, 0x0d, 0x00, 0x00, 0x00, 0x75, 0x5f, 0x77, 0x61, 0x74, 0x65, 0x72, 0x50, // ........u_waterP
	0x6c, 0x61, 0x6e, 0x61, 0x72, 0x56, 0x69, 0x65, 0x77, 0x50, 0x72, 0x6f, 0x6a, 0x00, 0x00, 0x00, // lanarViewProj...
	0x06, 0x00, 0x07, 0x00, 0xf4, 0x00, 0x00, 0x00, 0x0e, 0x00, 0x00, 0x00, 0x75, 0x5f, 0x77, 0x61, // ............u_wa
	0x74, 0x65, 0x72, 0x53, 0x75, 0x72, 0x66, 0x61, 0x63, 0x65, 0x00, 0x00, 0x06, 0x00, 0x07, 0x00, // terSurface......
	0xf4, 0x00, 0x00, 0x00, 0x0f, 0x00, 0x00, 0x00, 0x75, 0x5f, 0x77, 0x61, 0x74, 0x65, 0x72, 0x57, // ........u_waterW
	0x61, 0x76, 0x65, 0x41, 0x00, 0x00, 0x00, 0x00, 0x06, 0x00, 0x07, 0x00, 0xf4, 0x00, 0x00, 0x00, // aveA............
	0x10, 0x00, 0x00, 0x00, 0x75, 0x5f, 0x77, 0x61, 0x74, 0x65, 0x72, 0x57, 0x61, 0x76, 0x65, 0x42, // ....u_waterWaveB
	0x00, 0x00, 0x00, 0x00, 0x05, 0x00, 0x03, 0x00, 0xf6, 0x00, 0x00, 0x00, 0x00, 0x00, 0x00, 0x00, // ................
	0x05, 0x00, 0x06, 0x00, 0x36, 0x05, 0x00, 0x00, 0x67, 0x6c, 0x5f, 0x46, 0x72, 0x61, 0x67, 0x43, // ....6...gl_FragC
	0x6f, 0x6f, 0x72, 0x64, 0x00, 0x00, 0x00, 0x00, 0x05, 0x00, 0x05, 0x00, 0x39, 0x05, 0x00, 0x00, // oord........9...
	0x76, 0x5f, 0x63, 0x61, 0x73, 0x63, 0x61, 0x64, 0x65, 0x00, 0x00, 0x00, 0x05, 0x00, 0x04, 0x00, // v_cascade.......
	0x43, 0x05, 0x00, 0x00, 0x76, 0x5f, 0x77, 0x61, 0x76, 0x65, 0x00, 0x00, 0x05, 0x00, 0x04, 0x00, // C...v_wave......
	0x47, 0x05, 0x00, 0x00, 0x76, 0x5f, 0x77, 0x70, 0x6f, 0x73, 0x00, 0x00, 0x05, 0x00, 0x06, 0x00, // G...v_wpos......
	0x5a, 0x05, 0x00, 0x00, 0x62, 0x67, 0x66, 0x78, 0x5f, 0x46, 0x72, 0x61, 0x67, 0x44, 0x61, 0x74, // Z...bgfx_FragDat
	0x61, 0x30, 0x00, 0x00, 0x47, 0x00, 0x04, 0x00, 0x60, 0x00, 0x00, 0x00, 0x21, 0x00, 0x00, 0x00, // a0..G...`...!...
	0x12, 0x00, 0x00, 0x00, 0x47, 0x00, 0x04, 0x00, 0x60, 0x00, 0x00, 0x00, 0x22, 0x00, 0x00, 0x00, // ....G...`..."...
	0x00, 0x00, 0x00, 0x00, 0x47, 0x00, 0x04, 0x00, 0x63, 0x00, 0x00, 0x00, 0x21, 0x00, 0x00, 0x00, // ....G...c...!...
	0x02, 0x00, 0x00, 0x00, 0x47, 0x00, 0x04, 0x00, 0x63, 0x00, 0x00, 0x00, 0x22, 0x00, 0x00, 0x00, // ....G...c..."...
	0x00, 0x00, 0x00, 0x00, 0x47, 0x00, 0x04, 0x00, 0x67, 0x00, 0x00, 0x00, 0x21, 0x00, 0x00, 0x00, // ....G...g...!...
	0x13, 0x00, 0x00, 0x00, 0x47, 0x00, 0x04, 0x00, 0x67, 0x00, 0x00, 0x00, 0x22, 0x00, 0x00, 0x00, // ....G...g..."...
	0x00, 0x00, 0x00, 0x00, 0x47, 0x00, 0x04, 0x00, 0x69, 0x00, 0x00, 0x00, 0x21, 0x00, 0x00, 0x00, // ....G...i...!...
	0x03, 0x00, 0x00, 0x00, 0x47, 0x00, 0x04, 0x00, 0x69, 0x00, 0x00, 0x00, 0x22, 0x00, 0x00, 0x00, // ....G...i..."...
	0x00, 0x00, 0x00, 0x00, 0x47, 0x00, 0x04, 0x00, 0x6d, 0x00, 0x00, 0x00, 0x21, 0x00, 0x00, 0x00, // ....G...m...!...
	0x14, 0x00, 0x00, 0x00, 0x47, 0x00, 0x04, 0x00, 0x6d, 0x00, 0x00, 0x00, 0x22, 0x00, 0x00, 0x00, // ....G...m..."...
	0x00, 0x00, 0x00, 0x00, 0x47, 0x00, 0x04, 0x00, 0x6f, 0x00, 0x00, 0x00, 0x21, 0x00, 0x00, 0x00, // ....G...o...!...
	0x04, 0x00, 0x00, 0x00, 0x47, 0x00, 0x04, 0x00, 0x6f, 0x00, 0x00, 0x00, 0x22, 0x00, 0x00, 0x00, // ....G...o..."...
	0x00, 0x00, 0x00, 0x00, 0x47, 0x00, 0x04, 0x00, 0xf2, 0x00, 0x00, 0x00, 0x06, 0x00, 0x00, 0x00, // ....G...........
	0x10, 0x00, 0x00, 0x00, 0x47, 0x00, 0x04, 0x00, 0xf3, 0x00, 0x00, 0x00, 0x06, 0x00, 0x00, 0x00, // ....G...........
	0x10, 0x00, 0x00, 0x00, 0x47, 0x00, 0x03, 0x00, 0xf4, 0x00, 0x00, 0x00, 0x02, 0x00, 0x00, 0x00, // ....G...........
	0x48, 0x00, 0x05, 0x00, 0xf4, 0x00, 0x00, 0x00, 0x00, 0x00, 0x00, 0x00, 0x23, 0x00, 0x00, 0x00, // H...........#...
	0x00, 0x00, 0x00, 0x00, 0x48, 0x00, 0x05, 0x00, 0xf4, 0x00, 0x00, 0x00, 0x01, 0x00, 0x00, 0x00, // ....H...........
	0x23, 0x00, 0x00, 0x00, 0x10, 0x00, 0x00, 0x00, 0x48, 0x00, 0x05, 0x00, 0xf4, 0x00, 0x00, 0x00, // #.......H.......
	0x02, 0x00, 0x00, 0x00, 0x23, 0x00, 0x00, 0x00, 0x20, 0x00, 0x00, 0x00, 0x48, 0x00, 0x05, 0x00, // ....#... ...H...
	0xf4, 0x00, 0x00, 0x00, 0x03, 0x00, 0x00, 0x00, 0x23, 0x00, 0x00, 0x00, 0x30, 0x00, 0x00, 0x00, // ........#...0...
	0x48, 0x00, 0x05, 0x00, 0xf4, 0x00, 0x00, 0x00, 0x04, 0x00, 0x00, 0x00, 0x23, 0x00, 0x00, 0x00, // H...........#...
	0x40, 0x00, 0x00, 0x00, 0x48, 0x00, 0x05, 0x00, 0xf4, 0x00, 0x00, 0x00, 0x05, 0x00, 0x00, 0x00, // @...H...........
	0x23, 0x00, 0x00, 0x00, 0x50, 0x00, 0x00, 0x00, 0x48, 0x00, 0x05, 0x00, 0xf4, 0x00, 0x00, 0x00, // #...P...H.......
	0x06, 0x00, 0x00, 0x00, 0x23, 0x00, 0x00, 0x00, 0x60, 0x00, 0x00, 0x00, 0x48, 0x00, 0x05, 0x00, // ....#...`...H...
	0xf4, 0x00, 0x00, 0x00, 0x07, 0x00, 0x00, 0x00, 0x23, 0x00, 0x00, 0x00, 0x70, 0x00, 0x00, 0x00, // ........#...p...
	0x48, 0x00, 0x05, 0x00, 0xf4, 0x00, 0x00, 0x00, 0x08, 0x00, 0x00, 0x00, 0x23, 0x00, 0x00, 0x00, // H...........#...
	0x80, 0x00, 0x00, 0x00, 0x48, 0x00, 0x05, 0x00, 0xf4, 0x00, 0x00, 0x00, 0x09, 0x00, 0x00, 0x00, // ....H...........
	0x23, 0x00, 0x00, 0x00, 0x90, 0x00, 0x00, 0x00, 0x48, 0x00, 0x05, 0x00, 0xf4, 0x00, 0x00, 0x00, // #.......H.......
	0x0a, 0x00, 0x00, 0x00, 0x23, 0x00, 0x00, 0x00, 0xa0, 0x00, 0x00, 0x00, 0x48, 0x00, 0x05, 0x00, // ....#.......H...
	0xf4, 0x00, 0x00, 0x00, 0x0b, 0x00, 0x00, 0x00, 0x23, 0x00, 0x00, 0x00, 0xb0, 0x00, 0x00, 0x00, // ........#.......
	0x48, 0x00, 0x05, 0x00, 0xf4, 0x00, 0x00, 0x00, 0x0c, 0x00, 0x00, 0x00, 0x23, 0x00, 0x00, 0x00, // H...........#...
	0xc0, 0x00, 0x00, 0x00, 0x48, 0x00, 0x04, 0x00, 0xf4, 0x00, 0x00, 0x00, 0x0d, 0x00, 0x00, 0x00, // ....H...........
	0x04, 0x00, 0x00, 0x00, 0x48, 0x00, 0x05, 0x00, 0xf4, 0x00, 0x00, 0x00, 0x0d, 0x00, 0x00, 0x00, // ....H...........
	0x07, 0x00, 0x00, 0x00, 0x10, 0x00, 0x00, 0x00, 0x48, 0x00, 0x05, 0x00, 0xf4, 0x00, 0x00, 0x00, // ........H.......
	0x0d, 0x00, 0x00, 0x00, 0x23, 0x00, 0x00, 0x00, 0xd0, 0x00, 0x00, 0x00, 0x48, 0x00, 0x05, 0x00, // ....#.......H...
	0xf4, 0x00, 0x00, 0x00, 0x0e, 0x00, 0x00, 0x00, 0x23, 0x00, 0x00, 0x00, 0x10, 0x01, 0x00, 0x00, // ........#.......
	0x48, 0x00, 0x05, 0x00, 0xf4, 0x00, 0x00, 0x00, 0x0f, 0x00, 0x00, 0x00, 0x23, 0x00, 0x00, 0x00, // H...........#...
	0x20, 0x01, 0x00, 0x00, 0x48, 0x00, 0x05, 0x00, 0xf4, 0x00, 0x00, 0x00, 0x10, 0x00, 0x00, 0x00, //  ...H...........
	0x23, 0x00, 0x00, 0x00, 0x60, 0x01, 0x00, 0x00, 0x47, 0x00, 0x04, 0x00, 0xf6, 0x00, 0x00, 0x00, // #...`...G.......
	0x21, 0x00, 0x00, 0x00, 0x01, 0x00, 0x00, 0x00, 0x47, 0x00, 0x04, 0x00, 0xf6, 0x00, 0x00, 0x00, // !.......G.......
	0x22, 0x00, 0x00, 0x00, 0x00, 0x00, 0x00, 0x00, 0x47, 0x00, 0x04, 0x00, 0x36, 0x05, 0x00, 0x00, // ".......G...6...
	0x0b, 0x00, 0x00, 0x00, 0x0f, 0x00, 0x00, 0x00, 0x47, 0x00, 0x04, 0x00, 0x39, 0x05, 0x00, 0x00, // ........G...9...
	0x1e, 0x00, 0x00, 0x00, 0x00, 0x00, 0x00, 0x00, 0x47, 0x00, 0x04, 0x00, 0x43, 0x05, 0x00, 0x00, // ........G...C...
	0x1e, 0x00, 0x00, 0x00, 0x03, 0x00, 0x00, 0x00, 0x47, 0x00, 0x04, 0x00, 0x47, 0x05, 0x00, 0x00, // ........G...G...
	0x1e, 0x00, 0x00, 0x00, 0x04, 0x00, 0x00, 0x00, 0x47, 0x00, 0x04, 0x00, 0x5a, 0x05, 0x00, 0x00, // ........G...Z...
	0x1e, 0x00, 0x00, 0x00, 0x00, 0x00, 0x00, 0x00, 0x13, 0x00, 0x02, 0x00, 0x02, 0x00, 0x00, 0x00, // ................
	0x21, 0x00, 0x03, 0x00, 0x03, 0x00, 0x00, 0x00, 0x02, 0x00, 0x00, 0x00, 0x1a, 0x00, 0x02, 0x00, // !...............
	0x06, 0x00, 0x00, 0x00, 0x16, 0x00, 0x03, 0x00, 0x07, 0x00, 0x00, 0x00, 0x20, 0x00, 0x00, 0x00, // ............ ...
	0x19, 0x00, 0x09, 0x00, 0x08, 0x00, 0x00, 0x00, 0x07, 0x00, 0x00, 0x00, 0x01, 0x00, 0x00, 0x00, // ................
	0x00, 0x00, 0x00, 0x00, 0x00, 0x00, 0x00, 0x00, 0x00, 0x00, 0x00, 0x00, 0x01, 0x00, 0x00, 0x00, // ................
	0x00, 0x00, 0x00, 0x00, 0x17, 0x00, 0x04, 0x00, 0x0b, 0x00, 0x00, 0x00, 0x07, 0x00, 0x00, 0x00, // ................
	0x02, 0x00, 0x00, 0x00, 0x17, 0x00, 0x04, 0x00, 0x0d, 0x00, 0x00, 0x00, 0x07, 0x00, 0x00, 0x00, // ................
	0x04, 0x00, 0x00, 0x00, 0x17, 0x00, 0x04, 0x00, 0x1a, 0x00, 0x00, 0x00, 0x07, 0x00, 0x00, 0x00, // ................
	0x03, 0x00, 0x00, 0x00, 0x20, 0x00, 0x04, 0x00, 0x5f, 0x00, 0x00, 0x00, 0x00, 0x00, 0x00, 0x00, // .... ..._.......
	0x06, 0x00, 0x00, 0x00, 0x3b, 0x00, 0x04, 0x00, 0x5f, 0x00, 0x00, 0x00, 0x60, 0x00, 0x00, 0x00, // ....;..._...`...
	0x00, 0x00, 0x00, 0x00, 0x20, 0x00, 0x04, 0x00, 0x62, 0x00, 0x00, 0x00, 0x00, 0x00, 0x00, 0x00, // .... ...b.......
	0x08, 0x00, 0x00, 0x00, 0x3b, 0x00, 0x04, 0x00, 0x62, 0x00, 0x00, 0x00, 0x63, 0x00, 0x00, 0x00, // ....;...b...c...
	0x00, 0x00, 0x00, 0x00, 0x3b, 0x00, 0x04, 0x00, 0x5f, 0x00, 0x00, 0x00, 0x67, 0x00, 0x00, 0x00, // ....;..._...g...
	0x00, 0x00, 0x00, 0x00, 0x3b, 0x00, 0x04, 0x00, 0x62, 0x00, 0x00, 0x00, 0x69, 0x00, 0x00, 0x00, // ....;...b...i...
	0x00, 0x00, 0x00, 0x00, 0x3b, 0x00, 0x04, 0x00, 0x5f, 0x00, 0x00, 0x00, 0x6d, 0x00, 0x00, 0x00, // ....;..._...m...
	0x00, 0x00, 0x00, 0x00, 0x3b, 0x00, 0x04, 0x00, 0x62, 0x00, 0x00, 0x00, 0x6f, 0x00, 0x00, 0x00, // ....;...b...o...
	0x00, 0x00, 0x00, 0x00, 0x15, 0x00, 0x04, 0x00, 0x78, 0x00, 0x00, 0x00, 0x20, 0x00, 0x00, 0x00, // ........x... ...
	0x01, 0x00, 0x00, 0x00, 0x2b, 0x00, 0x04, 0x00, 0x78, 0x00, 0x00, 0x00, 0x79, 0x00, 0x00, 0x00, // ....+...x...y...
	0x01, 0x00, 0x00, 0x00, 0x2b, 0x00, 0x04, 0x00, 0x78, 0x00, 0x00, 0x00, 0x7d, 0x00, 0x00, 0x00, // ....+...x...}...
	0x00, 0x00, 0x00, 0x00, 0x1b, 0x00, 0x03, 0x00, 0x81, 0x00, 0x00, 0x00, 0x08, 0x00, 0x00, 0x00, // ................
	0x2b, 0x00, 0x04, 0x00, 0x07, 0x00, 0x00, 0x00, 0xaa, 0x00, 0x00, 0x00, 0x33, 0x33, 0xfe, 0x42, // +...........33.B
	0x2b, 0x00, 0x04, 0x00, 0x07, 0x00, 0x00, 0x00, 0xab, 0x00, 0x00, 0x00, 0x9a, 0xd9, 0x9b, 0x43, // +..............C
	0x2c, 0x00, 0x05, 0x00, 0x0b, 0x00, 0x00, 0x00, 0xac, 0x00, 0x00, 0x00, 0xaa, 0x00, 0x00, 0x00, // ,...............
	0xab, 0x00, 0x00, 0x00, 0x2b, 0x00, 0x04, 0x00, 0x07, 0x00, 0x00, 0x00, 0xaf, 0x00, 0x00, 0x00, // ....+...........
	0x8c, 0xee, 0x2a, 0x47, 0x2b, 0x00, 0x04, 0x00, 0x07, 0x00, 0x00, 0x00, 0xbd, 0x00, 0x00, 0x00, // ..*G+...........
	0x00, 0x00, 0x40, 0x40, 0x2b, 0x00, 0x04, 0x00, 0x07, 0x00, 0x00, 0x00, 0xbe, 0x00, 0x00, 0x00, // ..@@+...........
	0x00, 0x00, 0x00, 0x40, 0x2b, 0x00, 0x04, 0x00, 0x07, 0x00, 0x00, 0x00, 0xc8, 0x00, 0x00, 0x00, // ...@+...........
	0x00, 0x00, 0x80, 0x3f, 0x2b, 0x00, 0x04, 0x00, 0x07, 0x00, 0x00, 0x00, 0xc9, 0x00, 0x00, 0x00, // ...?+...........
	0x00, 0x00, 0x00, 0x00, 0x2c, 0x00, 0x05, 0x00, 0x0b, 0x00, 0x00, 0x00, 0xca, 0x00, 0x00, 0x00, // ....,...........
	0xc8, 0x00, 0x00, 0x00, 0xc9, 0x00, 0x00, 0x00, 0x15, 0x00, 0x04, 0x00, 0xd1, 0x00, 0x00, 0x00, // ................
	0x20, 0x00, 0x00, 0x00, 0x00, 0x00, 0x00, 0x00, 0x2b, 0x00, 0x04, 0x00, 0xd1, 0x00, 0x00, 0x00, //  .......+.......
	0xd2, 0x00, 0x00, 0x00, 0x00, 0x00, 0x00, 0x00, 0x2c, 0x00, 0x05, 0x00, 0x0b, 0x00, 0x00, 0x00, // ........,.......
	0xd7, 0x00, 0x00, 0x00, 0xc9, 0x00, 0x00, 0x00, 0xc8, 0x00, 0x00, 0x00, 0x2c, 0x00, 0x05, 0x00, // ............,...
	0x0b, 0x00, 0x00, 0x00, 0xdc, 0x00, 0x00, 0x00, 0xc8, 0x00, 0x00, 0x00, 0xc8, 0x00, 0x00, 0x00, // ................
	0x2b, 0x00, 0x04, 0x00, 0xd1, 0x00, 0x00, 0x00, 0xe9, 0x00, 0x00, 0x00, 0x01, 0x00, 0x00, 0x00, // +...............
	0x18, 0x00, 0x04, 0x00, 0xf0, 0x00, 0x00, 0x00, 0x0d, 0x00, 0x00, 0x00, 0x04, 0x00, 0x00, 0x00, // ................
	0x2b, 0x00, 0x04, 0x00, 0xd1, 0x00, 0x00, 0x00, 0xf1, 0x00, 0x00, 0x00, 0x04, 0x00, 0x00, 0x00, // +...............
	0x1c, 0x00, 0x04, 0x00, 0xf2, 0x00, 0x00, 0x00, 0x0d, 0x00, 0x00, 0x00, 0xf1, 0x00, 0x00, 0x00, // ................
	0x1c, 0x00, 0x04, 0x00, 0xf3, 0x00, 0x00, 0x00, 0x0d, 0x00, 0x00, 0x00, 0xf1, 0x00, 0x00, 0x00, // ................
	0x1e, 0x00, 0x13, 0x00, 0xf4, 0x00, 0x00, 0x00, 0x0d, 0x00, 0x00, 0x00, 0x0d, 0x00, 0x00, 0x00, // ................
	0x0d, 0x00, 0x00, 0x00, 0x0d, 0x00, 0x00, 0x00, 0x0d, 0x00, 0x00, 0x00, 0x0d, 0x00, 0x00, 0x00, // ................
	0x0d, 0x00, 0x00, 0x00, 0x0d, 0x00, 0x00, 0x00, 0x0d, 0x00, 0x00, 0x00, 0x0d, 0x00, 0x00, 0x00, // ................
	0x0d, 0x00, 0x00, 0x00, 0x0d, 0x00, 0x00, 0x00, 0x0d, 0x00, 0x00, 0x00, 0xf0, 0x00, 0x00, 0x00, // ................
	0x0d, 0x00, 0x00, 0x00, 0xf2, 0x00, 0x00, 0x00, 0xf3, 0x00, 0x00, 0x00, 0x20, 0x00, 0x04, 0x00, // ............ ...
	0xf5, 0x00, 0x00, 0x00, 0x02, 0x00, 0x00, 0x00, 0xf4, 0x00, 0x00, 0x00, 0x3b, 0x00, 0x04, 0x00, // ............;...
	0xf5, 0x00, 0x00, 0x00, 0xf6, 0x00, 0x00, 0x00, 0x02, 0x00, 0x00, 0x00, 0x2b, 0x00, 0x04, 0x00, // ............+...
	0x78, 0x00, 0x00, 0x00, 0xf7, 0x00, 0x00, 0x00, 0x0e, 0x00, 0x00, 0x00, 0x20, 0x00, 0x04, 0x00, // x........... ...
	0xf8, 0x00, 0x00, 0x00, 0x02, 0x00, 0x00, 0x00, 0x07, 0x00, 0x00, 0x00, 0x2b, 0x00, 0x04, 0x00, // ............+...
	0x07, 0x00, 0x00, 0x00, 0xfe, 0x00, 0x00, 0x00, 0xcd, 0xcc, 0x4c, 0x3f, 0x2b, 0x00, 0x04, 0x00, // ..........L?+...
	0x07, 0x00, 0x00, 0x00, 0x02, 0x01, 0x00, 0x00, 0x9a, 0x99, 0x19, 0x3f, 0x2b, 0x00, 0x04, 0x00, // ...........?+...
	0x07, 0x00, 0x00, 0x00, 0x10, 0x01, 0x00, 0x00, 0xdf, 0x37, 0x9e, 0x3e, 0x2b, 0x00, 0x04, 0x00, // .........7.>+...
	0x07, 0x00, 0x00, 0x00, 0x14, 0x01, 0x00, 0x00, 0xab, 0x78, 0x73, 0x3f, 0x2b, 0x00, 0x04, 0x00, // .........xs?+...
	0x07, 0x00, 0x00, 0x00, 0x23, 0x01, 0x00, 0x00, 0x00, 0x00, 0x00, 0x3f, 0x2b, 0x00, 0x04, 0x00, // ....#......?+...
	0x07, 0x00, 0x00, 0x00, 0x27, 0x01, 0x00, 0x00, 0x24, 0xb4, 0x5d, 0x3f, 0x2b, 0x00, 0x04, 0x00, // ....'...$.]?+...
	0x07, 0x00, 0x00, 0x00, 0x84, 0x01, 0x00, 0x00, 0xcd, 0xcc, 0x0c, 0x3f, 0x2b, 0x00, 0x04, 0x00, // ...........?+...
	0x07, 0x00, 0x00, 0x00, 0xa1, 0x01, 0x00, 0x00, 0x00, 0x00, 0x80, 0x40, 0x2b, 0x00, 0x04, 0x00, // ...........@+...
	0xd1, 0x00, 0x00, 0x00, 0xa6, 0x01, 0x00, 0x00, 0x02, 0x00, 0x00, 0x00, 0x14, 0x00, 0x02, 0x00, // ................
	0xa9, 0x01, 0x00, 0x00, 0x2b, 0x00, 0x04, 0x00, 0x78, 0x00, 0x00, 0x00, 0xb4, 0x01, 0x00, 0x00, // ....+...x.......
	0x04, 0x00, 0x00, 0x00, 0x2b, 0x00, 0x04, 0x00, 0x78, 0x00, 0x00, 0x00, 0xbd, 0x01, 0x00, 0x00, // ....+...x.......
	0x0f, 0x00, 0x00, 0x00, 0x20, 0x00, 0x04, 0x00, 0xbf, 0x01, 0x00, 0x00, 0x02, 0x00, 0x00, 0x00, // .... ...........
	0x0d, 0x00, 0x00, 0x00, 0x2b, 0x00, 0x04, 0x00, 0x78, 0x00, 0x00, 0x00, 0xc3, 0x01, 0x00, 0x00, // ....+...x.......
	0x10, 0x00, 0x00, 0x00, 0x2b, 0x00, 0x04, 0x00, 0x07, 0x00, 0x00, 0x00, 0xc8, 0x01, 0x00, 0x00, // ....+...........
	0xdb, 0x0f, 0xc9, 0x40, 0x2b, 0x00, 0x04, 0x00, 0xd1, 0x00, 0x00, 0x00, 0xc9, 0x01, 0x00, 0x00, // ...@+...........
	0x03, 0x00, 0x00, 0x00, 0x2b, 0x00, 0x04, 0x00, 0x07, 0x00, 0x00, 0x00, 0xcc, 0x01, 0x00, 0x00, // ....+...........
	0x6f, 0x12, 0x83, 0x3a, 0x2b, 0x00, 0x04, 0x00, 0x07, 0x00, 0x00, 0x00, 0xd2, 0x01, 0x00, 0x00, // o..:+...........
	0xac, 0xc5, 0x27, 0x37, 0x2c, 0x00, 0x05, 0x00, 0x0b, 0x00, 0x00, 0x00, 0xd3, 0x01, 0x00, 0x00, // ..'7,...........
	0xd2, 0x01, 0x00, 0x00, 0xc9, 0x00, 0x00, 0x00, 0x2b, 0x00, 0x04, 0x00, 0x78, 0x00, 0x00, 0x00, // ........+...x...
	0x03, 0x02, 0x00, 0x00, 0x0a, 0x00, 0x00, 0x00, 0x2b, 0x00, 0x04, 0x00, 0x07, 0x00, 0x00, 0x00, // ........+.......
	0x06, 0x02, 0x00, 0x00, 0x17, 0xb7, 0xd1, 0x38, 0x2b, 0x00, 0x04, 0x00, 0x07, 0x00, 0x00, 0x00, // .......8+.......
	0x2a, 0x02, 0x00, 0x00, 0x00, 0x00, 0x80, 0x43, 0x2b, 0x00, 0x04, 0x00, 0x07, 0x00, 0x00, 0x00, // *......C+.......
	0x41, 0x02, 0x00, 0x00, 0xcd, 0xcc, 0x0c, 0x40, 0x2b, 0x00, 0x04, 0x00, 0x78, 0x00, 0x00, 0x00, // A......@+...x...
	0x48, 0x02, 0x00, 0x00, 0x05, 0x00, 0x00, 0x00, 0x2b, 0x00, 0x04, 0x00, 0x78, 0x00, 0x00, 0x00, // H.......+...x...
	0x5a, 0x02, 0x00, 0x00, 0x06, 0x00, 0x00, 0x00, 0x2b, 0x00, 0x04, 0x00, 0x07, 0x00, 0x00, 0x00, // Z.......+.......
	0x7a, 0x02, 0x00, 0x00, 0x00, 0x00, 0x96, 0x43, 0x2b, 0x00, 0x04, 0x00, 0x07, 0x00, 0x00, 0x00, // z......C+.......
	0x83, 0x02, 0x00, 0x00, 0x00, 0x00, 0xaf, 0x44, 0x2b, 0x00, 0x04, 0x00, 0x07, 0x00, 0x00, 0x00, // .......D+.......
	0x85, 0x02, 0x00, 0x00, 0x00, 0x00, 0x14, 0x42, 0x2b, 0x00, 0x04, 0x00, 0x07, 0x00, 0x00, 0x00, // .......B+.......
	0x86, 0x02, 0x00, 0x00, 0x00, 0x00, 0xb6, 0x42, 0x2c, 0x00, 0x05, 0x00, 0x0b, 0x00, 0x00, 0x00, // .......B,.......
	0x87, 0x02, 0x00, 0x00, 0x85, 0x02, 0x00, 0x00, 0x86, 0x02, 0x00, 0x00, 0x2b, 0x00, 0x04, 0x00, // ............+...
	0x07, 0x00, 0x00, 0x00, 0x8e, 0x02, 0x00, 0x00, 0xcd, 0xcc, 0xcc, 0x3e, 0x2b, 0x00, 0x04, 0x00, // ...........>+...
	0x07, 0x00, 0x00, 0x00, 0x95, 0x02, 0x00, 0x00, 0x00, 0x00, 0xc0, 0x3f, 0x2c, 0x00, 0x06, 0x00, // ...........?,...
	0x1a, 0x00, 0x00, 0x00, 0x96, 0x02, 0x00, 0x00, 0x95, 0x02, 0x00, 0x00, 0xc8, 0x00, 0x00, 0x00, // ................
	0x95, 0x02, 0x00, 0x00, 0x2b, 0x00, 0x04, 0x00, 0x07, 0x00, 0x00, 0x00, 0xa6, 0x02, 0x00, 0x00, // ....+...........
	0x00, 0x00, 0x20, 0x42, 0x2b, 0x00, 0x04, 0x00, 0x07, 0x00, 0x00, 0x00, 0xa7, 0x02, 0x00, 0x00, // .. B+...........
	0x00, 0x00, 0x82, 0x43, 0x2c, 0x00, 0x06, 0x00, 0x1a, 0x00, 0x00, 0x00, 0xb4, 0x02, 0x00, 0x00, // ...C,...........
	0xc9, 0x00, 0x00, 0x00, 0xc8, 0x00, 0x00, 0x00, 0xc9, 0x00, 0x00, 0x00, 0x2b, 0x00, 0x04, 0x00, // ............+...
	0x07, 0x00, 0x00, 0x00, 0xb6, 0x02, 0x00, 0x00, 0x9a, 0x99, 0x59, 0x3f, 0x2c, 0x00, 0x06, 0x00, // ..........Y?,...
	0x1a, 0x00, 0x00, 0x00, 0xc0, 0x02, 0x00, 0x00, 0xc9, 0x00, 0x00, 0x00, 0xc9, 0x00, 0x00, 0x00, // ................
	0xc9, 0x00, 0x00, 0x00, 0x2b, 0x00, 0x04, 0x00, 0x07, 0x00, 0x00, 0x00, 0xcd, 0x02, 0x00, 0x00, // ....+...........
	0x00, 0x00, 0x70, 0x43, 0x2b, 0x00, 0x04, 0x00, 0x07, 0x00, 0x00, 0x00, 0xce, 0x02, 0x00, 0x00, // ..pC+...........
	0x8f, 0xc2, 0xf5, 0x3d, 0x2b, 0x00, 0x04, 0x00, 0x78, 0x00, 0x00, 0x00, 0xd9, 0x02, 0x00, 0x00, // ...=+...x.......
	0x0b, 0x00, 0x00, 0x00, 0x2b, 0x00, 0x04, 0x00, 0x07, 0x00, 0x00, 0x00, 0xe9, 0x02, 0x00, 0x00, // ....+...........
	0xcd, 0xcc, 0x4c, 0x3d, 0x2b, 0x00, 0x04, 0x00, 0x07, 0x00, 0x00, 0x00, 0xee, 0x02, 0x00, 0x00, // ..L=+...........
	0x6f, 0x12, 0x03, 0x3c, 0x2b, 0x00, 0x04, 0x00, 0x78, 0x00, 0x00, 0x00, 0x10, 0x03, 0x00, 0x00, // o..<+...x.......
	0x03, 0x00, 0x00, 0x00, 0x2b, 0x00, 0x04, 0x00, 0x07, 0x00, 0x00, 0x00, 0x5b, 0x03, 0x00, 0x00, // ....+.......[...
	0xcd, 0xcc, 0x4c, 0x3e, 0x2b, 0x00, 0x04, 0x00, 0x07, 0x00, 0x00, 0x00, 0x68, 0x03, 0x00, 0x00, // ..L>+.......h...
	0x00, 0x00, 0x40, 0x3f, 0x2b, 0x00, 0x04, 0x00, 0x07, 0x00, 0x00, 0x00, 0x85, 0x03, 0x00, 0x00, // ..@?+...........
	0x33, 0x33, 0xb3, 0x3e, 0x2b, 0x00, 0x04, 0x00, 0x07, 0x00, 0x00, 0x00, 0x91, 0x03, 0x00, 0x00, // 33.>+...........
	0x77, 0xbe, 0x7f, 0x3f, 0x17, 0x00, 0x04, 0x00, 0xa5, 0x03, 0x00, 0x00, 0xa9, 0x01, 0x00, 0x00, // w..?............
	0x02, 0x00, 0x00, 0x00, 0x2b, 0x00, 0x04, 0x00, 0x07, 0x00, 0x00, 0x00, 0xad, 0x03, 0x00, 0x00, // ....+...........
	0x00, 0x00, 0x40, 0xbf, 0x2b, 0x00, 0x04, 0x00, 0x07, 0x00, 0x00, 0x00, 0xae, 0x03, 0x00, 0x00, // ..@.+...........
	0x00, 0x00, 0x80, 0xbe, 0x2c, 0x00, 0x05, 0x00, 0x0b, 0x00, 0x00, 0x00, 0xaf, 0x03, 0x00, 0x00, // ....,...........
	0xad, 0x03, 0x00, 0x00, 0xae, 0x03, 0x00, 0x00, 0x2b, 0x00, 0x04, 0x00, 0x07, 0x00, 0x00, 0x00, // ........+.......
	0xb9, 0x03, 0x00, 0x00, 0x00, 0x00, 0x80, 0x3e, 0x2c, 0x00, 0x05, 0x00, 0x0b, 0x00, 0x00, 0x00, // .......>,.......
	0xba, 0x03, 0x00, 0x00, 0xb9, 0x03, 0x00, 0x00, 0xad, 0x03, 0x00, 0x00, 0x2c, 0x00, 0x05, 0x00, // ............,...
	0x0b, 0x00, 0x00, 0x00, 0xc5, 0x03, 0x00, 0x00, 0x68, 0x03, 0x00, 0x00, 0xb9, 0x03, 0x00, 0x00, // ........h.......
	0x2c, 0x00, 0x05, 0x00, 0x0b, 0x00, 0x00, 0x00, 0xd0, 0x03, 0x00, 0x00, 0xae, 0x03, 0x00, 0x00, // ,...............
	0x68, 0x03, 0x00, 0x00, 0x2b, 0x00, 0x04, 0x00, 0x78, 0x00, 0x00, 0x00, 0xe5, 0x03, 0x00, 0x00, // h...+...x.......
	0x0c, 0x00, 0x00, 0x00, 0x2b, 0x00, 0x04, 0x00, 0x78, 0x00, 0x00, 0x00, 0xf1, 0x03, 0x00, 0x00, // ....+...x.......
	0x0d, 0x00, 0x00, 0x00, 0x20, 0x00, 0x04, 0x00, 0xf2, 0x03, 0x00, 0x00, 0x02, 0x00, 0x00, 0x00, // .... ...........
	0xf0, 0x00, 0x00, 0x00, 0x2b, 0x00, 0x04, 0x00, 0x78, 0x00, 0x00, 0x00, 0x28, 0x04, 0x00, 0x00, // ....+...x...(...
	0x08, 0x00, 0x00, 0x00, 0x2b, 0x00, 0x04, 0x00, 0x78, 0x00, 0x00, 0x00, 0x29, 0x04, 0x00, 0x00, // ....+...x...)...
	0x07, 0x00, 0x00, 0x00, 0x2b, 0x00, 0x04, 0x00, 0x07, 0x00, 0x00, 0x00, 0x41, 0x04, 0x00, 0x00, // ....+.......A...
	0x0a, 0xd7, 0xa3, 0x3c, 0x2b, 0x00, 0x04, 0x00, 0x07, 0x00, 0x00, 0x00, 0x44, 0x04, 0x00, 0x00, // ...<+.......D...
	0x85, 0xeb, 0x51, 0x3f, 0x2b, 0x00, 0x04, 0x00, 0x07, 0x00, 0x00, 0x00, 0x49, 0x04, 0x00, 0x00, // ..Q?+.......I...
	0x00, 0x00, 0xa0, 0x40, 0x2b, 0x00, 0x04, 0x00, 0x78, 0x00, 0x00, 0x00, 0x58, 0x04, 0x00, 0x00, // ...@+...x...X...
	0x02, 0x00, 0x00, 0x00, 0x2b, 0x00, 0x04, 0x00, 0x78, 0x00, 0x00, 0x00, 0x66, 0x04, 0x00, 0x00, // ....+...x...f...
	0x09, 0x00, 0x00, 0x00, 0x2b, 0x00, 0x04, 0x00, 0x07, 0x00, 0x00, 0x00, 0xb8, 0x04, 0x00, 0x00, // ....+...........
	0x66, 0x66, 0x66, 0x3f, 0x2c, 0x00, 0x06, 0x00, 0x1a, 0x00, 0x00, 0x00, 0xbb, 0x04, 0x00, 0x00, // fff?,...........
	0x68, 0x03, 0x00, 0x00, 0x68, 0x03, 0x00, 0x00, 0x68, 0x03, 0x00, 0x00, 0x2b, 0x00, 0x04, 0x00, // h...h...h...+...
	0x07, 0x00, 0x00, 0x00, 0xc6, 0x04, 0x00, 0x00, 0xcd, 0xcc, 0xcc, 0x3d, 0x2b, 0x00, 0x04, 0x00, // ...........=+...
	0x07, 0x00, 0x00, 0x00, 0xd5, 0x04, 0x00, 0x00, 0xec, 0x51, 0x38, 0x3f, 0x2b, 0x00, 0x04, 0x00, // .........Q8?+...
	0x07, 0x00, 0x00, 0x00, 0xd6, 0x04, 0x00, 0x00, 0x33, 0x33, 0x73, 0x3f, 0x2b, 0x00, 0x04, 0x00, // ........33s?+...
	0x07, 0x00, 0x00, 0x00, 0xf3, 0x04, 0x00, 0x00, 0x9a, 0x99, 0x99, 0x3e, 0x2b, 0x00, 0x04, 0x00, // ...........>+...
	0x07, 0x00, 0x00, 0x00, 0x0c, 0x05, 0x00, 0x00, 0x52, 0xb8, 0x7e, 0x3f, 0x2b, 0x00, 0x04, 0x00, // ........R.~?+...
	0x07, 0x00, 0x00, 0x00, 0x0f, 0x05, 0x00, 0x00, 0x00, 0x00, 0xf0, 0x41, 0x2b, 0x00, 0x04, 0x00, // ...........A+...
	0x07, 0x00, 0x00, 0x00, 0x10, 0x05, 0x00, 0x00, 0x00, 0x00, 0x16, 0x43, 0x2b, 0x00, 0x04, 0x00, // ...........C+...
	0x07, 0x00, 0x00, 0x00, 0x15, 0x05, 0x00, 0x00, 0x9a, 0x99, 0x19, 0x3e, 0x2c, 0x00, 0x06, 0x00, // ...........>,...
	0x1a, 0x00, 0x00, 0x00, 0x16, 0x05, 0x00, 0x00, 0x15, 0x05, 0x00, 0x00, 0x15, 0x05, 0x00, 0x00, // ................
	0x15, 0x05, 0x00, 0x00, 0x2b, 0x00, 0x04, 0x00, 0x07, 0x00, 0x00, 0x00, 0x23, 0x05, 0x00, 0x00, // ....+.......#...
	0x9a, 0x99, 0x99, 0x3f, 0x20, 0x00, 0x04, 0x00, 0x35, 0x05, 0x00, 0x00, 0x01, 0x00, 0x00, 0x00, // ...? ...5.......
	0x0d, 0x00, 0x00, 0x00, 0x3b, 0x00, 0x04, 0x00, 0x35, 0x05, 0x00, 0x00, 0x36, 0x05, 0x00, 0x00, // ....;...5...6...
	0x01, 0x00, 0x00, 0x00, 0x3b, 0x00, 0x04, 0x00, 0x35, 0x05, 0x00, 0x00, 0x39, 0x05, 0x00, 0x00, // ....;...5...9...
	0x01, 0x00, 0x00, 0x00, 0x3b, 0x00, 0x04, 0x00, 0x35, 0x05, 0x00, 0x00, 0x43, 0x05, 0x00, 0x00, // ....;...5...C...
	0x01, 0x00, 0x00, 0x00, 0x20, 0x00, 0x04, 0x00, 0x46, 0x05, 0x00, 0x00, 0x01, 0x00, 0x00, 0x00, // .... ...F.......
	0x1a, 0x00, 0x00, 0x00, 0x3b, 0x00, 0x04, 0x00, 0x46, 0x05, 0x00, 0x00, 0x47, 0x05, 0x00, 0x00, // ....;...F...G...
	0x01, 0x00, 0x00, 0x00, 0x20, 0x00, 0x04, 0x00, 0x59, 0x05, 0x00, 0x00, 0x03, 0x00, 0x00, 0x00, // .... ...Y.......
	0x0d, 0x00, 0x00, 0x00, 0x3b, 0x00, 0x04, 0x00, 0x59, 0x05, 0x00, 0x00, 0x5a, 0x05, 0x00, 0x00, // ....;...Y...Z...
	0x03, 0x00, 0x00, 0x00, 0x2b, 0x00, 0x04, 0x00, 0x07, 0x00, 0x00, 0x00, 0x20, 0x0f, 0x00, 0x00, // ....+....... ...
	0x00, 0x00, 0x00, 0xbf, 0x2b, 0x00, 0x04, 0x00, 0x07, 0x00, 0x00, 0x00, 0x22, 0x0f, 0x00, 0x00, // ....+......."...
	0x66, 0x11, 0x1f, 0x3c, 0x2c, 0x00, 0x05, 0x00, 0x0b, 0x00, 0x00, 0x00, 0x23, 0x0f, 0x00, 0x00, // f..<,.......#...
	0x22, 0x0f, 0x00, 0x00, 0x22, 0x0f, 0x00, 0x00, 0x2b, 0x00, 0x04, 0x00, 0x07, 0x00, 0x00, 0x00, // "..."...+.......
	0x24, 0x0f, 0x00, 0x00, 0xf1, 0xf0, 0x70, 0x3d, 0x2b, 0x00, 0x04, 0x00, 0x07, 0x00, 0x00, 0x00, // $.....p=+.......
	0x25, 0x0f, 0x00, 0x00, 0xcb, 0x3d, 0x0d, 0x3d, 0x2b, 0x00, 0x04, 0x00, 0x07, 0x00, 0x00, 0x00, // %....=.=+.......
	0x27, 0x0f, 0x00, 0x00, 0x1a, 0x1f, 0x19, 0x3c, 0x2c, 0x00, 0x05, 0x00, 0x0b, 0x00, 0x00, 0x00, // '......<,.......
	0x28, 0x0f, 0x00, 0x00, 0x27, 0x0f, 0x00, 0x00, 0x27, 0x0f, 0x00, 0x00, 0x2b, 0x00, 0x04, 0x00, // (...'...'...+...
	0x07, 0x00, 0x00, 0x00, 0x29, 0x0f, 0x00, 0x00, 0x36, 0x94, 0x57, 0xbd, 0x2b, 0x00, 0x04, 0x00, // ....)...6.W.+...
	0x07, 0x00, 0x00, 0x00, 0x2a, 0x0f, 0x00, 0x00, 0x08, 0x21, 0x04, 0x3d, 0x2b, 0x00, 0x04, 0x00, // ....*....!.=+...
	0x07, 0x00, 0x00, 0x00, 0x2b, 0x0f, 0x00, 0x00, 0x65, 0x1f, 0x92, 0x3a, 0x2b, 0x00, 0x04, 0x00, // ....+...e..:+...
	0x07, 0x00, 0x00, 0x00, 0x2c, 0x0f, 0x00, 0x00, 0xb9, 0x56, 0x85, 0x3a, 0x2c, 0x00, 0x05, 0x00, // ....,....V.:,...
	0x0b, 0x00, 0x00, 0x00, 0x2d, 0x0f, 0x00, 0x00, 0x2b, 0x0f, 0x00, 0x00, 0x2c, 0x0f, 0x00, 0x00, // ....-...+...,...
	0x2b, 0x00, 0x04, 0x00, 0x07, 0x00, 0x00, 0x00, 0x2e, 0x0f, 0x00, 0x00, 0xc3, 0x37, 0x22, 0x3c, // +............7"<
	0x2b, 0x00, 0x04, 0x00, 0x07, 0x00, 0x00, 0x00, 0x2f, 0x0f, 0x00, 0x00, 0x3f, 0xe8, 0x28, 0x3c, // +......./...?.(<
	0x2b, 0x00, 0x04, 0x00, 0x07, 0x00, 0x00, 0x00, 0x30, 0x0f, 0x00, 0x00, 0x6a, 0x8f, 0xab, 0x3b, // +.......0...j..;
	0x2b, 0x00, 0x04, 0x00, 0x07, 0x00, 0x00, 0x00, 0x31, 0x0f, 0x00, 0x00, 0x04, 0x02, 0x01, 0x3c, // +.......1......<
	0x2c, 0x00, 0x05, 0x00, 0x0b, 0x00, 0x00, 0x00, 0x32, 0x0f, 0x00, 0x00, 0x30, 0x0f, 0x00, 0x00, // ,.......2...0...
	0x31, 0x0f, 0x00, 0x00, 0x2b, 0x00, 0x04, 0x00, 0x07, 0x00, 0x00, 0x00, 0x33, 0x0f, 0x00, 0x00, // 1...+.......3...
	0xda, 0x4f, 0x16, 0x3c, 0x2b, 0x00, 0x04, 0x00, 0x07, 0x00, 0x00, 0x00, 0x34, 0x0f, 0x00, 0x00, // .O.<+.......4...
	0xbc, 0xfd, 0x10, 0xbc, 0x2c, 0x00, 0x05, 0x00, 0x0b, 0x00, 0x00, 0x00, 0x35, 0x0f, 0x00, 0x00, // ....,.......5...
	0xbd, 0x00, 0x00, 0x00, 0xbd, 0x00, 0x00, 0x00, 0x2b, 0x00, 0x04, 0x00, 0x07, 0x00, 0x00, 0x00, // ........+.......
	0x36, 0x0f, 0x00, 0x00, 0x48, 0xe1, 0x9a, 0x3e, 0x2c, 0x00, 0x05, 0x00, 0x0b, 0x00, 0x00, 0x00, // 6...H..>,.......
	0x3b, 0x0f, 0x00, 0x00, 0xcc, 0x01, 0x00, 0x00, 0xcc, 0x01, 0x00, 0x00, 0x2c, 0x00, 0x05, 0x00, // ;...........,...
	0x0b, 0x00, 0x00, 0x00, 0x3c, 0x0f, 0x00, 0x00, 0x91, 0x03, 0x00, 0x00, 0x91, 0x03, 0x00, 0x00, // ....<...........
	0x2c, 0x00, 0x05, 0x00, 0x0b, 0x00, 0x00, 0x00, 0x3d, 0x0f, 0x00, 0x00, 0x23, 0x01, 0x00, 0x00, // ,.......=...#...
	0x23, 0x01, 0x00, 0x00, 0x2b, 0x00, 0x04, 0x00, 0x07, 0x00, 0x00, 0x00, 0x3e, 0x0f, 0x00, 0x00, // #...+.......>...
	0x00, 0x00, 0x40, 0xc0, 0x2b, 0x00, 0x04, 0x00, 0x07, 0x00, 0x00, 0x00, 0x3f, 0x0f, 0x00, 0x00, // ..@.+.......?...
	0x00, 0x00, 0x80, 0x37, 0x2b, 0x00, 0x04, 0x00, 0x07, 0x00, 0x00, 0x00, 0x40, 0x0f, 0x00, 0x00, // ...7+.......@...
	0x00, 0x00, 0x80, 0x3b, 0x2b, 0x00, 0x04, 0x00, 0x07, 0x00, 0x00, 0x00, 0x42, 0x0f, 0x00, 0x00, // ...;+.......B...
	0x81, 0x80, 0x80, 0x3b, 0x2c, 0x00, 0x06, 0x00, 0x1a, 0x00, 0x00, 0x00, 0x43, 0x0f, 0x00, 0x00, // ...;,.......C...
	0x42, 0x0f, 0x00, 0x00, 0x42, 0x0f, 0x00, 0x00, 0x42, 0x0f, 0x00, 0x00, 0x2c, 0x00, 0x06, 0x00, // B...B...B...,...
	0x1a, 0x00, 0x00, 0x00, 0x44, 0x0f, 0x00, 0x00, 0x41, 0x02, 0x00, 0x00, 0x41, 0x02, 0x00, 0x00, // ....D...A...A...
	0x41, 0x02, 0x00, 0x00, 0x2c, 0x00, 0x06, 0x00, 0x1a, 0x00, 0x00, 0x00, 0x45, 0x0f, 0x00, 0x00, // A...,.......E...
	0xc8, 0x00, 0x00, 0x00, 0xc8, 0x00, 0x00, 0x00, 0xc8, 0x00, 0x00, 0x00, 0x2c, 0x00, 0x06, 0x00, // ............,...
	0x1a, 0x00, 0x00, 0x00, 0x46, 0x0f, 0x00, 0x00, 0xb8, 0x04, 0x00, 0x00, 0xb8, 0x04, 0x00, 0x00, // ....F...........
	0xb8, 0x04, 0x00, 0x00, 0x36, 0x00, 0x05, 0x00, 0x02, 0x00, 0x00, 0x00, 0x04, 0x00, 0x00, 0x00, // ....6...........
	0x00, 0x00, 0x00, 0x00, 0x03, 0x00, 0x00, 0x00, 0xf8, 0x00, 0x02, 0x00, 0x05, 0x00, 0x00, 0x00, // ................
	0x3d, 0x00, 0x04, 0x00, 0x06, 0x00, 0x00, 0x00, 0x61, 0x00, 0x00, 0x00, 0x60, 0x00, 0x00, 0x00, // =.......a...`...
	0x3d, 0x00, 0x04, 0x00, 0x08, 0x00, 0x00, 0x00, 0x64, 0x00, 0x00, 0x00, 0x63, 0x00, 0x00, 0x00, // =.......d...c...
	0x3d, 0x00, 0x04, 0x00, 0x06, 0x00, 0x00, 0x00, 0x68, 0x00, 0x00, 0x00, 0x67, 0x00, 0x00, 0x00, // =.......h...g...
	0x3d, 0x00, 0x04, 0x00, 0x08, 0x00, 0x00, 0x00, 0x6a, 0x00, 0x00, 0x00, 0x69, 0x00, 0x00, 0x00, // =.......j...i...
	0x3d, 0x00, 0x04, 0x00, 0x06, 0x00, 0x00, 0x00, 0x6e, 0x00, 0x00, 0x00, 0x6d, 0x00, 0x00, 0x00, // =.......n...m...
	0x3d, 0x00, 0x04, 0x00, 0x08, 0x00, 0x00, 0x00, 0x70, 0x00, 0x00, 0x00, 0x6f, 0x00, 0x00, 0x00, // =.......p...o...
	0x3d, 0x00, 0x04, 0x00, 0x0d, 0x00, 0x00, 0x00, 0x37, 0x05, 0x00, 0x00, 0x36, 0x05, 0x00, 0x00, // =.......7...6...
	0x3d, 0x00, 0x04, 0x00, 0x0d, 0x00, 0x00, 0x00, 0x3a, 0x05, 0x00, 0x00, 0x39, 0x05, 0x00, 0x00, // =.......:...9...
	0x3d, 0x00, 0x04, 0x00, 0x0d, 0x00, 0x00, 0x00, 0x44, 0x05, 0x00, 0x00, 0x43, 0x05, 0x00, 0x00, // =.......D...C...
	0x3d, 0x00, 0x04, 0x00, 0x1a, 0x00, 0x00, 0x00, 0x48, 0x05, 0x00, 0x00, 0x47, 0x05, 0x00, 0x00, // =.......H...G...
	0x41, 0x00, 0x06, 0x00, 0xf8, 0x00, 0x00, 0x00, 0xf8, 0x05, 0x00, 0x00, 0xf6, 0x00, 0x00, 0x00, // A...............
	0xb4, 0x01, 0x00, 0x00, 0xd2, 0x00, 0x00, 0x00, 0x3d, 0x00, 0x04, 0x00, 0x07, 0x00, 0x00, 0x00, // ........=.......
	0xf9, 0x05, 0x00, 0x00, 0xf8, 0x05, 0x00, 0x00, 0x0c, 0x00, 0x07, 0x00, 0x07, 0x00, 0x00, 0x00, // ................
	0xfa, 0x05, 0x00, 0x00, 0x01, 0x00, 0x00, 0x00, 0x28, 0x00, 0x00, 0x00, 0xf9, 0x05, 0x00, 0x00, // ........(.......
	0x06, 0x02, 0x00, 0x00, 0x4f, 0x00, 0x07, 0x00, 0x0b, 0x00, 0x00, 0x00, 0xfc, 0x05, 0x00, 0x00, // ....O...........
	0x48, 0x05, 0x00, 0x00, 0x48, 0x05, 0x00, 0x00, 0x00, 0x00, 0x00, 0x00, 0x02, 0x00, 0x00, 0x00, // H...H...........
	0x8e, 0x00, 0x05, 0x00, 0x0b, 0x00, 0x00, 0x00, 0xfe, 0x05, 0x00, 0x00, 0xfc, 0x05, 0x00, 0x00, // ................
	0xfa, 0x05, 0x00, 0x00, 0x8e, 0x00, 0x05, 0x00, 0x0b, 0x00, 0x00, 0x00, 0xff, 0x05, 0x00, 0x00, // ................
	0xfe, 0x05, 0x00, 0x00, 0x7a, 0x02, 0x00, 0x00, 0x41, 0x00, 0x06, 0x00, 0xf8, 0x00, 0x00, 0x00, // ....z...A.......
	0x19, 0x08, 0x00, 0x00, 0xf6, 0x00, 0x00, 0x00, 0xf7, 0x00, 0x00, 0x00, 0xd2, 0x00, 0x00, 0x00, // ................
	0x3d, 0x00, 0x04, 0x00, 0x07, 0x00, 0x00, 0x00, 0x1a, 0x08, 0x00, 0x00, 0x19, 0x08, 0x00, 0x00, // =...............
	0x51, 0x00, 0x05, 0x00, 0x07, 0x00, 0x00, 0x00, 0x1c, 0x08, 0x00, 0x00, 0xff, 0x05, 0x00, 0x00, // Q...............
	0x00, 0x00, 0x00, 0x00, 0x85, 0x00, 0x05, 0x00, 0x07, 0x00, 0x00, 0x00, 0x1d, 0x08, 0x00, 0x00, // ................
	0x1c, 0x08, 0x00, 0x00, 0xfe, 0x00, 0x00, 0x00, 0x51, 0x00, 0x05, 0x00, 0x07, 0x00, 0x00, 0x00, // ........Q.......
	0x1f, 0x08, 0x00, 0x00, 0xff, 0x05, 0x00, 0x00, 0x01, 0x00, 0x00, 0x00, 0x85, 0x00, 0x05, 0x00, // ................
	0x07, 0x00, 0x00, 0x00, 0x20, 0x08, 0x00, 0x00, 0x1f, 0x08, 0x00, 0x00, 0x02, 0x01, 0x00, 0x00, // .... ...........
	0x83, 0x00, 0x05, 0x00, 0x07, 0x00, 0x00, 0x00, 0x21, 0x08, 0x00, 0x00, 0x1d, 0x08, 0x00, 0x00, // ........!.......
	0x20, 0x08, 0x00, 0x00, 0x85, 0x00, 0x05, 0x00, 0x07, 0x00, 0x00, 0x00, 0x24, 0x08, 0x00, 0x00, //  ...........$...
	0x1c, 0x08, 0x00, 0x00, 0x02, 0x01, 0x00, 0x00, 0x85, 0x00, 0x05, 0x00, 0x07, 0x00, 0x00, 0x00, // ................
	0x27, 0x08, 0x00, 0x00, 0x1f, 0x08, 0x00, 0x00, 0xfe, 0x00, 0x00, 0x00, 0x81, 0x00, 0x05, 0x00, // '...............
	0x07, 0x00, 0x00, 0x00, 0x28, 0x08, 0x00, 0x00, 0x24, 0x08, 0x00, 0x00, 0x27, 0x08, 0x00, 0x00, // ....(...$...'...
	0x50, 0x00, 0x05, 0x00, 0x0b, 0x00, 0x00, 0x00, 0x29, 0x08, 0x00, 0x00, 0x21, 0x08, 0x00, 0x00, // P.......)...!...
	0x28, 0x08, 0x00, 0x00, 0x85, 0x00, 0x05, 0x00, 0x07, 0x00, 0x00, 0x00, 0x2c, 0x08, 0x00, 0x00, // (...........,...
	0x1c, 0x08, 0x00, 0x00, 0x10, 0x01, 0x00, 0x00, 0x85, 0x00, 0x05, 0x00, 0x07, 0x00, 0x00, 0x00, // ................
	0x2f, 0x08, 0x00, 0x00, 0x1f, 0x08, 0x00, 0x00, 0x14, 0x01, 0x00, 0x00, 0x83, 0x00, 0x05, 0x00, // /...............
	0x07, 0x00, 0x00, 0x00, 0x30, 0x08, 0x00, 0x00, 0x2c, 0x08, 0x00, 0x00, 0x2f, 0x08, 0x00, 0x00, // ....0...,.../...
	0x85, 0x00, 0x05, 0x00, 0x07, 0x00, 0x00, 0x00, 0x33, 0x08, 0x00, 0x00, 0x1c, 0x08, 0x00, 0x00, // ........3.......
	0x14, 0x01, 0x00, 0x00, 0x85, 0x00, 0x05, 0x00, 0x07, 0x00, 0x00, 0x00, 0x36, 0x08, 0x00, 0x00, // ............6...
	0x1f, 0x08, 0x00, 0x00, 0x10, 0x01, 0x00, 0x00, 0x81, 0x00, 0x05, 0x00, 0x07, 0x00, 0x00, 0x00, // ................
	0x37, 0x08, 0x00, 0x00, 0x33, 0x08, 0x00, 0x00, 0x36, 0x08, 0x00, 0x00, 0x50, 0x00, 0x05, 0x00, // 7...3...6...P...
	0x0b, 0x00, 0x00, 0x00, 0x38, 0x08, 0x00, 0x00, 0x30, 0x08, 0x00, 0x00, 0x37, 0x08, 0x00, 0x00, // ....8...0...7...
	0x85, 0x00, 0x05, 0x00, 0x07, 0x00, 0x00, 0x00, 0x3c, 0x08, 0x00, 0x00, 0x1c, 0x08, 0x00, 0x00, // ........<.......
	0x20, 0x0f, 0x00, 0x00, 0x85, 0x00, 0x05, 0x00, 0x07, 0x00, 0x00, 0x00, 0x3f, 0x08, 0x00, 0x00, //  ...........?...
	0x1f, 0x08, 0x00, 0x00, 0x27, 0x01, 0x00, 0x00, 0x83, 0x00, 0x05, 0x00, 0x07, 0x00, 0x00, 0x00, // ....'...........
	0x40, 0x08, 0x00, 0x00, 0x3c, 0x08, 0x00, 0x00, 0x3f, 0x08, 0x00, 0x00, 0x85, 0x00, 0x05, 0x00, // @...<...?.......
	0x07, 0x00, 0x00, 0x00, 0x43, 0x08, 0x00, 0x00, 0x1c, 0x08, 0x00, 0x00, 0x27, 0x01, 0x00, 0x00, // ....C.......'...
	0x85, 0x00, 0x05, 0x00, 0x07, 0x00, 0x00, 0x00, 0x46, 0x08, 0x00, 0x00, 0x1f, 0x08, 0x00, 0x00, // ........F.......
	0x23, 0x01, 0x00, 0x00, 0x83, 0x00, 0x05, 0x00, 0x07, 0x00, 0x00, 0x00, 0x47, 0x08, 0x00, 0x00, // #...........G...
	0x43, 0x08, 0x00, 0x00, 0x46, 0x08, 0x00, 0x00, 0x50, 0x00, 0x05, 0x00, 0x0b, 0x00, 0x00, 0x00, // C...F...P.......
	0x48, 0x08, 0x00, 0x00, 0x40, 0x08, 0x00, 0x00, 0x47, 0x08, 0x00, 0x00, 0x85, 0x00, 0x05, 0x00, // H...@...G.......
	0x0b, 0x00, 0x00, 0x00, 0x4b, 0x08, 0x00, 0x00, 0xff, 0x05, 0x00, 0x00, 0x23, 0x0f, 0x00, 0x00, // ....K.......#...
	0x85, 0x00, 0x05, 0x00, 0x07, 0x00, 0x00, 0x00, 0x4d, 0x08, 0x00, 0x00, 0x1a, 0x08, 0x00, 0x00, // ........M.......
	0x24, 0x0f, 0x00, 0x00, 0x85, 0x00, 0x05, 0x00, 0x07, 0x00, 0x00, 0x00, 0x4f, 0x08, 0x00, 0x00, // $...........O...
	0x1a, 0x08, 0x00, 0x00, 0x25, 0x0f, 0x00, 0x00, 0x50, 0x00, 0x05, 0x00, 0x0b, 0x00, 0x00, 0x00, // ....%...P.......
	0x50, 0x08, 0x00, 0x00, 0x4d, 0x08, 0x00, 0x00, 0x4f, 0x08, 0x00, 0x00, 0x81, 0x00, 0x05, 0x00, // P...M...O.......
	0x0b, 0x00, 0x00, 0x00, 0x51, 0x08, 0x00, 0x00, 0x4b, 0x08, 0x00, 0x00, 0x50, 0x08, 0x00, 0x00, // ....Q...K...P...
	0x85, 0x00, 0x05, 0x00, 0x0b, 0x00, 0x00, 0x00, 0x54, 0x08, 0x00, 0x00, 0x29, 0x08, 0x00, 0x00, // ........T...)...
	0x28, 0x0f, 0x00, 0x00, 0x85, 0x00, 0x05, 0x00, 0x07, 0x00, 0x00, 0x00, 0x56, 0x08, 0x00, 0x00, // (...........V...
	0x1a, 0x08, 0x00, 0x00, 0x29, 0x0f, 0x00, 0x00, 0x85, 0x00, 0x05, 0x00, 0x07, 0x00, 0x00, 0x00, // ....)...........
	0x58, 0x08, 0x00, 0x00, 0x1a, 0x08, 0x00, 0x00, 0x2a, 0x0f, 0x00, 0x00, 0x50, 0x00, 0x05, 0x00, // X.......*...P...
	0x0b, 0x00, 0x00, 0x00, 0x59, 0x08, 0x00, 0x00, 0x56, 0x08, 0x00, 0x00, 0x58, 0x08, 0x00, 0x00, // ....Y...V...X...
	0x83, 0x00, 0x05, 0x00, 0x0b, 0x00, 0x00, 0x00, 0x5a, 0x08, 0x00, 0x00, 0x54, 0x08, 0x00, 0x00, // ........Z...T...
	0x59, 0x08, 0x00, 0x00, 0x85, 0x00, 0x05, 0x00, 0x0b, 0x00, 0x00, 0x00, 0x5c, 0x08, 0x00, 0x00, // Y...............
	0x38, 0x08, 0x00, 0x00, 0x2d, 0x0f, 0x00, 0x00, 0x85, 0x00, 0x05, 0x00, 0x07, 0x00, 0x00, 0x00, // 8...-...........
	0x5e, 0x08, 0x00, 0x00, 0x1a, 0x08, 0x00, 0x00, 0x2e, 0x0f, 0x00, 0x00, 0x85, 0x00, 0x05, 0x00, // ^...............
	0x07, 0x00, 0x00, 0x00, 0x60, 0x08, 0x00, 0x00, 0x1a, 0x08, 0x00, 0x00, 0x2f, 0x0f, 0x00, 0x00, // ....`......./...
	0x50, 0x00, 0x05, 0x00, 0x0b, 0x00, 0x00, 0x00, 0x61, 0x08, 0x00, 0x00, 0x5e, 0x08, 0x00, 0x00, // P.......a...^...
	0x60, 0x08, 0x00, 0x00, 0x81, 0x00, 0x05, 0x00, 0x0b, 0x00, 0x00, 0x00, 0x62, 0x08, 0x00, 0x00, // `...........b...
	0x5c, 0x08, 0x00, 0x00, 0x61, 0x08, 0x00, 0x00, 0x85, 0x00, 0x05, 0x00, 0x0b, 0x00, 0x00, 0x00, // ....a...........
	0x64, 0x08, 0x00, 0x00, 0x48, 0x08, 0x00, 0x00, 0x32, 0x0f, 0x00, 0x00, 0x85, 0x00, 0x05, 0x00, // d...H...2.......
	0x07, 0x00, 0x00, 0x00, 0x66, 0x08, 0x00, 0x00, 0x1a, 0x08, 0x00, 0x00, 0x33, 0x0f, 0x00, 0x00, // ....f.......3...
	0x85, 0x00, 0x05, 0x00, 0x07, 0x00, 0x00, 0x00, 0x68, 0x08, 0x00, 0x00, 0x1a, 0x08, 0x00, 0x00, // ........h.......
	0x34, 0x0f, 0x00, 0x00, 0x50, 0x00, 0x05, 0x00, 0x0b, 0x00, 0x00, 0x00, 0x69, 0x08, 0x00, 0x00, // 4...P.......i...
	0x66, 0x08, 0x00, 0x00, 0x68, 0x08, 0x00, 0x00, 0x83, 0x00, 0x05, 0x00, 0x0b, 0x00, 0x00, 0x00, // f...h...........
	0x6a, 0x08, 0x00, 0x00, 0x64, 0x08, 0x00, 0x00, 0x69, 0x08, 0x00, 0x00, 0x0c, 0x00, 0x06, 0x00, // j...d...i.......
	0x0b, 0x00, 0x00, 0x00, 0x9f, 0x08, 0x00, 0x00, 0x01, 0x00, 0x00, 0x00, 0x08, 0x00, 0x00, 0x00, // ................
	0x51, 0x08, 0x00, 0x00, 0x0c, 0x00, 0x06, 0x00, 0x0b, 0x00, 0x00, 0x00, 0xa1, 0x08, 0x00, 0x00, // Q...............
	0x01, 0x00, 0x00, 0x00, 0x0a, 0x00, 0x00, 0x00, 0x51, 0x08, 0x00, 0x00, 0x85, 0x00, 0x05, 0x00, // ........Q.......
	0x0b, 0x00, 0x00, 0x00, 0xa4, 0x08, 0x00, 0x00, 0xa1, 0x08, 0x00, 0x00, 0xa1, 0x08, 0x00, 0x00, // ................
	0x8e, 0x00, 0x05, 0x00, 0x0b, 0x00, 0x00, 0x00, 0xa6, 0x08, 0x00, 0x00, 0xa1, 0x08, 0x00, 0x00, // ................
	0xbe, 0x00, 0x00, 0x00, 0x83, 0x00, 0x05, 0x00, 0x0b, 0x00, 0x00, 0x00, 0xa8, 0x08, 0x00, 0x00, // ................
	0x35, 0x0f, 0x00, 0x00, 0xa6, 0x08, 0x00, 0x00, 0x85, 0x00, 0x05, 0x00, 0x0b, 0x00, 0x00, 0x00, // 5...............
	0xa9, 0x08, 0x00, 0x00, 0xa4, 0x08, 0x00, 0x00, 0xa8, 0x08, 0x00, 0x00, 0x94, 0x00, 0x05, 0x00, // ................
	0x07, 0x00, 0x00, 0x00, 0xc1, 0x08, 0x00, 0x00, 0x9f, 0x08, 0x00, 0x00, 0xac, 0x00, 0x00, 0x00, // ................
	0x0c, 0x00, 0x06, 0x00, 0x07, 0x00, 0x00, 0x00, 0xc2, 0x08, 0x00, 0x00, 0x01, 0x00, 0x00, 0x00, // ................
	0x0d, 0x00, 0x00, 0x00, 0xc1, 0x08, 0x00, 0x00, 0x85, 0x00, 0x05, 0x00, 0x07, 0x00, 0x00, 0x00, // ................
	0xc3, 0x08, 0x00, 0x00, 0xc2, 0x08, 0x00, 0x00, 0xaf, 0x00, 0x00, 0x00, 0x0c, 0x00, 0x06, 0x00, // ................
	0x07, 0x00, 0x00, 0x00, 0xc4, 0x08, 0x00, 0x00, 0x01, 0x00, 0x00, 0x00, 0x0a, 0x00, 0x00, 0x00, // ................
	0xc3, 0x08, 0x00, 0x00, 0x81, 0x00, 0x05, 0x00, 0x0b, 0x00, 0x00, 0x00, 0xad, 0x08, 0x00, 0x00, // ................
	0x9f, 0x08, 0x00, 0x00, 0xca, 0x00, 0x00, 0x00, 0x94, 0x00, 0x05, 0x00, 0x07, 0x00, 0x00, 0x00, // ................
	0xc8, 0x08, 0x00, 0x00, 0xad, 0x08, 0x00, 0x00, 0xac, 0x00, 0x00, 0x00, 0x0c, 0x00, 0x06, 0x00, // ................
	0x07, 0x00, 0x00, 0x00, 0xc9, 0x08, 0x00, 0x00, 0x01, 0x00, 0x00, 0x00, 0x0d, 0x00, 0x00, 0x00, // ................
	0xc8, 0x08, 0x00, 0x00, 0x85, 0x00, 0x05, 0x00, 0x07, 0x00, 0x00, 0x00, 0xca, 0x08, 0x00, 0x00, // ................
	0xc9, 0x08, 0x00, 0x00, 0xaf, 0x00, 0x00, 0x00, 0x0c, 0x00, 0x06, 0x00, 0x07, 0x00, 0x00, 0x00, // ................
	0xcb, 0x08, 0x00, 0x00, 0x01, 0x00, 0x00, 0x00, 0x0a, 0x00, 0x00, 0x00, 0xca, 0x08, 0x00, 0x00, // ................
	0x51, 0x00, 0x05, 0x00, 0x07, 0x00, 0x00, 0x00, 0xb0, 0x08, 0x00, 0x00, 0xa9, 0x08, 0x00, 0x00, // Q...............
	0x00, 0x00, 0x00, 0x00, 0x0c, 0x00, 0x08, 0x00, 0x07, 0x00, 0x00, 0x00, 0xd1, 0x08, 0x00, 0x00, // ................
	0x01, 0x00, 0x00, 0x00, 0x2e, 0x00, 0x00, 0x00, 0xc4, 0x08, 0x00, 0x00, 0xcb, 0x08, 0x00, 0x00, // ................
	0xb0, 0x08, 0x00, 0x00, 0x81, 0x00, 0x05, 0x00, 0x0b, 0x00, 0x00, 0x00, 0xb3, 0x08, 0x00, 0x00, // ................
	0x9f, 0x08, 0x00, 0x00, 0xd7, 0x00, 0x00, 0x00, 0x94, 0x00, 0x05, 0x00, 0x07, 0x00, 0x00, 0x00, // ................
	0xd5, 0x08, 0x00, 0x00, 0xb3, 0x08, 0x00, 0x00, 0xac, 0x00, 0x00, 0x00, 0x0c, 0x00, 0x06, 0x00, // ................
	0x07, 0x00, 0x00, 0x00, 0xd6, 0x08, 0x00, 0x00, 0x01, 0x00, 0x00, 0x00, 0x0d, 0x00, 0x00, 0x00, // ................
	0xd5, 0x08, 0x00, 0x00, 0x85, 0x00, 0x05, 0x00, 0x07, 0x00, 0x00, 0x00, 0xd7, 0x08, 0x00, 0x00, // ................
	0xd6, 0x08, 0x00, 0x00, 0xaf, 0x00, 0x00, 0x00, 0x0c, 0x00, 0x06, 0x00, 0x07, 0x00, 0x00, 0x00, // ................
	0xd8, 0x08, 0x00, 0x00, 0x01, 0x00, 0x00, 0x00, 0x0a, 0x00, 0x00, 0x00, 0xd7, 0x08, 0x00, 0x00, // ................
	0x81, 0x00, 0x05, 0x00, 0x0b, 0x00, 0x00, 0x00, 0xb6, 0x08, 0x00, 0x00, 0x9f, 0x08, 0x00, 0x00, // ................
	0xdc, 0x00, 0x00, 0x00, 0x94, 0x00, 0x05, 0x00, 0x07, 0x00, 0x00, 0x00, 0xdc, 0x08, 0x00, 0x00, // ................
	0xb6, 0x08, 0x00, 0x00, 0xac, 0x00, 0x00, 0x00, 0x0c, 0x00, 0x06, 0x00, 0x07, 0x00, 0x00, 0x00, // ................
	0xdd, 0x08, 0x00, 0x00, 0x01, 0x00, 0x00, 0x00, 0x0d, 0x00, 0x00, 0x00, 0xdc, 0x08, 0x00, 0x00, // ................
	0x85, 0x00, 0x05, 0x00, 0x07, 0x00, 0x00, 0x00, 0xde, 0x08, 0x00, 0x00, 0xdd, 0x08, 0x00, 0x00, // ................
	0xaf, 0x00, 0x00, 0x00, 0x0c, 0x00, 0x06, 0x00, 0x07, 0x00, 0x00, 0x00, 0xdf, 0x08, 0x00, 0x00, // ................
	0x01, 0x00, 0x00, 0x00, 0x0a, 0x00, 0x00, 0x00, 0xde, 0x08, 0x00, 0x00, 0x0c, 0x00, 0x08, 0x00, // ................
	0x07, 0x00, 0x00, 0x00, 0xe5, 0x08, 0x00, 0x00, 0x01, 0x00, 0x00, 0x00, 0x2e, 0x00, 0x00, 0x00, // ................
	0xd8, 0x08, 0x00, 0x00, 0xdf, 0x08, 0x00, 0x00, 0xb0, 0x08, 0x00, 0x00, 0x51, 0x00, 0x05, 0x00, // ............Q...
	0x07, 0x00, 0x00, 0x00, 0xbc, 0x08, 0x00, 0x00, 0xa9, 0x08, 0x00, 0x00, 0x01, 0x00, 0x00, 0x00, // ................
	0x0c, 0x00, 0x08, 0x00, 0x07, 0x00, 0x00, 0x00, 0xeb, 0x08, 0x00, 0x00, 0x01, 0x00, 0x00, 0x00, // ................
	0x2e, 0x00, 0x00, 0x00, 0xd1, 0x08, 0x00, 0x00, 0xe5, 0x08, 0x00, 0x00, 0xbc, 0x08, 0x00, 0x00, // ................
	0x0c, 0x00, 0x06, 0x00, 0x0b, 0x00, 0x00, 0x00, 0xfe, 0x08, 0x00, 0x00, 0x01, 0x00, 0x00, 0x00, // ................
	0x08, 0x00, 0x00, 0x00, 0x5a, 0x08, 0x00, 0x00, 0x0c, 0x00, 0x06, 0x00, 0x0b, 0x00, 0x00, 0x00, // ....Z...........
	0x00, 0x09, 0x00, 0x00, 0x01, 0x00, 0x00, 0x00, 0x0a, 0x00, 0x00, 0x00, 0x5a, 0x08, 0x00, 0x00, // ............Z...
	0x85, 0x00, 0x05, 0x00, 0x0b, 0x00, 0x00, 0x00, 0x03, 0x09, 0x00, 0x00, 0x00, 0x09, 0x00, 0x00, // ................
	0x00, 0x09, 0x00, 0x00, 0x8e, 0x00, 0x05, 0x00, 0x0b, 0x00, 0x00, 0x00, 0x05, 0x09, 0x00, 0x00, // ................
	0x00, 0x09, 0x00, 0x00, 0xbe, 0x00, 0x00, 0x00, 0x83, 0x00, 0x05, 0x00, 0x0b, 0x00, 0x00, 0x00, // ................
	0x07, 0x09, 0x00, 0x00, 0x35, 0x0f, 0x00, 0x00, 0x05, 0x09, 0x00, 0x00, 0x85, 0x00, 0x05, 0x00, // ....5...........
	0x0b, 0x00, 0x00, 0x00, 0x08, 0x09, 0x00, 0x00, 0x03, 0x09, 0x00, 0x00, 0x07, 0x09, 0x00, 0x00, // ................
	0x94, 0x00, 0x05, 0x00, 0x07, 0x00, 0x00, 0x00, 0x20, 0x09, 0x00, 0x00, 0xfe, 0x08, 0x00, 0x00, // ........ .......
	0xac, 0x00, 0x00, 0x00, 0x0c, 0x00, 0x06, 0x00, 0x07, 0x00, 0x00, 0x00, 0x21, 0x09, 0x00, 0x00, // ............!...
	0x01, 0x00, 0x00, 0x00, 0x0d, 0x00, 0x00, 0x00, 0x20, 0x09, 0x00, 0x00, 0x85, 0x00, 0x05, 0x00, // ........ .......
	0x07, 0x00, 0x00, 0x00, 0x22, 0x09, 0x00, 0x00, 0x21, 0x09, 0x00, 0x00, 0xaf, 0x00, 0x00, 0x00, // ...."...!.......
	0x0c, 0x00, 0x06, 0x00, 0x07, 0x00, 0x00, 0x00, 0x23, 0x09, 0x00, 0x00, 0x01, 0x00, 0x00, 0x00, // ........#.......
	0x0a, 0x00, 0x00, 0x00, 0x22, 0x09, 0x00, 0x00, 0x81, 0x00, 0x05, 0x00, 0x0b, 0x00, 0x00, 0x00, // ...."...........
	0x0c, 0x09, 0x00, 0x00, 0xfe, 0x08, 0x00, 0x00, 0xca, 0x00, 0x00, 0x00, 0x94, 0x00, 0x05, 0x00, // ................
	0x07, 0x00, 0x00, 0x00, 0x27, 0x09, 0x00, 0x00, 0x0c, 0x09, 0x00, 0x00, 0xac, 0x00, 0x00, 0x00, // ....'...........
	0x0c, 0x00, 0x06, 0x00, 0x07, 0x00, 0x00, 0x00, 0x28, 0x09, 0x00, 0x00, 0x01, 0x00, 0x00, 0x00, // ........(.......
	0x0d, 0x00, 0x00, 0x00, 0x27, 0x09, 0x00, 0x00, 0x85, 0x00, 0x05, 0x00, 0x07, 0x00, 0x00, 0x00, // ....'...........
	0x29, 0x09, 0x00, 0x00, 0x28, 0x09, 0x00, 0x00, 0xaf, 0x00, 0x00, 0x00, 0x0c, 0x00, 0x06, 0x00, // )...(...........
	0x07, 0x00, 0x00, 0x00, 0x2a, 0x09, 0x00, 0x00, 0x01, 0x00, 0x00, 0x00, 0x0a, 0x00, 0x00, 0x00, // ....*...........
	0x29, 0x09, 0x00, 0x00, 0x51, 0x00, 0x05, 0x00, 0x07, 0x00, 0x00, 0x00, 0x0f, 0x09, 0x00, 0x00, // )...Q...........
	0x08, 0x09, 0x00, 0x00, 0x00, 0x00, 0x00, 0x00, 0x0c, 0x00, 0x08, 0x00, 0x07, 0x00, 0x00, 0x00, // ................
	0x30, 0x09, 0x00, 0x00, 0x01, 0x00, 0x00, 0x00, 0x2e, 0x00, 0x00, 0x00, 0x23, 0x09, 0x00, 0x00, // 0...........#...
	0x2a, 0x09, 0x00, 0x00, 0x0f, 0x09, 0x00, 0x00, 0x81, 0x00, 0x05, 0x00, 0x0b, 0x00, 0x00, 0x00, // *...............
	0x12, 0x09, 0x00, 0x00, 0xfe, 0x08, 0x00, 0x00, 0xd7, 0x00, 0x00, 0x00, 0x94, 0x00, 0x05, 0x00, // ................
	0x07, 0x00, 0x00, 0x00, 0x34, 0x09, 0x00, 0x00, 0x12, 0x09, 0x00, 0x00, 0xac, 0x00, 0x00, 0x00, // ....4...........
	0x0c, 0x00, 0x06, 0x00, 0x07, 0x00, 0x00, 0x00, 0x35, 0x09, 0x00, 0x00, 0x01, 0x00, 0x00, 0x00, // ........5.......
	0x0d, 0x00, 0x00, 0x00, 0x34, 0x09, 0x00, 0x00, 0x85, 0x00, 0x05, 0x00, 0x07, 0x00, 0x00, 0x00, // ....4...........
	0x36, 0x09, 0x00, 0x00, 0x35, 0x09, 0x00, 0x00, 0xaf, 0x00, 0x00, 0x00, 0x0c, 0x00, 0x06, 0x00, // 6...5...........
	0x07, 0x00, 0x00, 0x00, 0x37, 0x09, 0x00, 0x00, 0x01, 0x00, 0x00, 0x00, 0x0a, 0x00, 0x00, 0x00, // ....7...........
	0x36, 0x09, 0x00, 0x00, 0x81, 0x00, 0x05, 0x00, 0x0b, 0x00, 0x00, 0x00, 0x15, 0x09, 0x00, 0x00, // 6...............
	0xfe, 0x08, 0x00, 0x00, 0xdc, 0x00, 0x00, 0x00, 0x94, 0x00, 0x05, 0x00, 0x07, 0x00, 0x00, 0x00, // ................
	0x3b, 0x09, 0x00, 0x00, 0x15, 0x09, 0x00, 0x00, 0xac, 0x00, 0x00, 0x00, 0x0c, 0x00, 0x06, 0x00, // ;...............
	0x07, 0x00, 0x00, 0x00, 0x3c, 0x09, 0x00, 0x00, 0x01, 0x00, 0x00, 0x00, 0x0d, 0x00, 0x00, 0x00, // ....<...........
	0x3b, 0x09, 0x00, 0x00, 0x85, 0x00, 0x05, 0x00, 0x07, 0x00, 0x00, 0x00, 0x3d, 0x09, 0x00, 0x00, // ;...........=...
	0x3c, 0x09, 0x00, 0x00, 0xaf, 0x00, 0x00, 0x00, 0x0c, 0x00, 0x06, 0x00, 0x07, 0x00, 0x00, 0x00, // <...............
	0x3e, 0x09, 0x00, 0x00, 0x01, 0x00, 0x00, 0x00, 0x0a, 0x00, 0x00, 0x00, 0x3d, 0x09, 0x00, 0x00, // >...........=...
	0x0c, 0x00, 0x08, 0x00, 0x07, 0x00, 0x00, 0x00, 0x44, 0x09, 0x00, 0x00, 0x01, 0x00, 0x00, 0x00, // ........D.......
	0x2e, 0x00, 0x00, 0x00, 0x37, 0x09, 0x00, 0x00, 0x3e, 0x09, 0x00, 0x00, 0x0f, 0x09, 0x00, 0x00, // ....7...>.......
	0x51, 0x00, 0x05, 0x00, 0x07, 0x00, 0x00, 0x00, 0x1b, 0x09, 0x00, 0x00, 0x08, 0x09, 0x00, 0x00, // Q...............
	0x01, 0x00, 0x00, 0x00, 0x0c, 0x00, 0x08, 0x00, 0x07, 0x00, 0x00, 0x00, 0x4a, 0x09, 0x00, 0x00, // ............J...
	0x01, 0x00, 0x00, 0x00, 0x2e, 0x00, 0x00, 0x00, 0x30, 0x09, 0x00, 0x00, 0x44, 0x09, 0x00, 0x00, // ........0...D...
	0x1b, 0x09, 0x00, 0x00, 0x0c, 0x00, 0x06, 0x00, 0x0b, 0x00, 0x00, 0x00, 0x5d, 0x09, 0x00, 0x00, // ............]...
	0x01, 0x00, 0x00, 0x00, 0x08, 0x00, 0x00, 0x00, 0x62, 0x08, 0x00, 0x00, 0x0c, 0x00, 0x06, 0x00, // ........b.......
	0x0b, 0x00, 0x00, 0x00, 0x5f, 0x09, 0x00, 0x00, 0x01, 0x00, 0x00, 0x00, 0x0a, 0x00, 0x00, 0x00, // ...._...........
	0x62, 0x08, 0x00, 0x00, 0x85, 0x00, 0x05, 0x00, 0x0b, 0x00, 0x00, 0x00, 0x62, 0x09, 0x00, 0x00, // b...........b...
	0x5f, 0x09, 0x00, 0x00, 0x5f, 0x09, 0x00, 0x00, 0x8e, 0x00, 0x05, 0x00, 0x0b, 0x00, 0x00, 0x00, // _..._...........
	0x64, 0x09, 0x00, 0x00, 0x5f, 0x09, 0x00, 0x00, 0xbe, 0x00, 0x00, 0x00, 0x83, 0x00, 0x05, 0x00, // d..._...........
	0x0b, 0x00, 0x00, 0x00, 0x66, 0x09, 0x00, 0x00, 0x35, 0x0f, 0x00, 0x00, 0x64, 0x09, 0x00, 0x00, // ....f...5...d...
	0x85, 0x00, 0x05, 0x00, 0x0b, 0x00, 0x00, 0x00, 0x67, 0x09, 0x00, 0x00, 0x62, 0x09, 0x00, 0x00, // ........g...b...
	0x66, 0x09, 0x00, 0x00, 0x94, 0x00, 0x05, 0x00, 0x07, 0x00, 0x00, 0x00, 0x7f, 0x09, 0x00, 0x00, // f...............
	0x5d, 0x09, 0x00, 0x00, 0xac, 0x00, 0x00, 0x00, 0x0c, 0x00, 0x06, 0x00, 0x07, 0x00, 0x00, 0x00, // ]...............
	0x80, 0x09, 0x00, 0x00, 0x01, 0x00, 0x00, 0x00, 0x0d, 0x00, 0x00, 0x00, 0x7f, 0x09, 0x00, 0x00, // ................
	0x85, 0x00, 0x05, 0x00, 0x07, 0x00, 0x00, 0x00, 0x81, 0x09, 0x00, 0x00, 0x80, 0x09, 0x00, 0x00, // ................
	0xaf, 0x00, 0x00, 0x00, 0x0c, 0x00, 0x06, 0x00, 0x07, 0x00, 0x00, 0x00, 0x82, 0x09, 0x00, 0x00, // ................
	0x01, 0x00, 0x00, 0x00, 0x0a, 0x00, 0x00, 0x00, 0x81, 0x09, 0x00, 0x00, 0x81, 0x00, 0x05, 0x00, // ................
	0x0b, 0x00, 0x00, 0x00, 0x6b, 0x09, 0x00, 0x00, 0x5d, 0x09, 0x00, 0x00, 0xca, 0x00, 0x00, 0x00, // ....k...].......
	0x94, 0x00, 0x05, 0x00, 0x07, 0x00, 0x00, 0x00, 0x86, 0x09, 0x00, 0x00, 0x6b, 0x09, 0x00, 0x00, // ............k...
	0xac, 0x00, 0x00, 0x00, 0x0c, 0x00, 0x06, 0x00, 0x07, 0x00, 0x00, 0x00, 0x87, 0x09, 0x00, 0x00, // ................
	0x01, 0x00, 0x00, 0x00, 0x0d, 0x00, 0x00, 0x00, 0x86, 0x09, 0x00, 0x00, 0x85, 0x00, 0x05, 0x00, // ................
	0x07, 0x00, 0x00, 0x00, 0x88, 0x09, 0x00, 0x00, 0x87, 0x09, 0x00, 0x00, 0xaf, 0x00, 0x00, 0x00, // ................
	0x0c, 0x00, 0x06, 0x00, 0x07, 0x00, 0x00, 0x00, 0x89, 0x09, 0x00, 0x00, 0x01, 0x00, 0x00, 0x00, // ................
	0x0a, 0x00, 0x00, 0x00, 0x88, 0x09, 0x00, 0x00, 0x51, 0x00, 0x05, 0x00, 0x07, 0x00, 0x00, 0x00, // ........Q.......
	0x6e, 0x09, 0x00, 0x00, 0x67, 0x09, 0x00, 0x00, 0x00, 0x00, 0x00, 0x00, 0x0c, 0x00, 0x08, 0x00, // n...g...........
	0x07, 0x00, 0x00, 0x00, 0x8f, 0x09, 0x00, 0x00, 0x01, 0x00, 0x00, 0x00, 0x2e, 0x00, 0x00, 0x00, // ................
	0x82, 0x09, 0x00, 0x00, 0x89, 0x09, 0x00, 0x00, 0x6e, 0x09, 0x00, 0x00, 0x81, 0x00, 0x05, 0x00, // ........n.......
	0x0b, 0x00, 0x00, 0x00, 0x71, 0x09, 0x00, 0x00, 0x5d, 0x09, 0x00, 0x00, 0xd7, 0x00, 0x00, 0x00, // ....q...].......
	0x94, 0x00, 0x05, 0x00, 0x07, 0x00, 0x00, 0x00, 0x93, 0x09, 0x00, 0x00, 0x71, 0x09, 0x00, 0x00, // ............q...
	0xac, 0x00, 0x00, 0x00, 0x0c, 0x00, 0x06, 0x00, 0x07, 0x00, 0x00, 0x00, 0x94, 0x09, 0x00, 0x00, // ................
	0x01, 0x00, 0x00, 0x00, 0x0d, 0x00, 0x00, 0x00, 0x93, 0x09, 0x00, 0x00, 0x85, 0x00, 0x05, 0x00, // ................
	0x07, 0x00, 0x00, 0x00, 0x95, 0x09, 0x00, 0x00, 0x94, 0x09, 0x00, 0x00, 0xaf, 0x00, 0x00, 0x00, // ................
	0x0c, 0x00, 0x06, 0x00, 0x07, 0x00, 0x00, 0x00, 0x96, 0x09, 0x00, 0x00, 0x01, 0x00, 0x00, 0x00, // ................
	0x0a, 0x00, 0x00, 0x00, 0x95, 0x09, 0x00, 0x00, 0x81, 0x00, 0x05, 0x00, 0x0b, 0x00, 0x00, 0x00, // ................
	0x74, 0x09, 0x00, 0x00, 0x5d, 0x09, 0x00, 0x00, 0xdc, 0x00, 0x00, 0x00, 0x94, 0x00, 0x05, 0x00, // t...]...........
	0x07, 0x00, 0x00, 0x00, 0x9a, 0x09, 0x00, 0x00, 0x74, 0x09, 0x00, 0x00, 0xac, 0x00, 0x00, 0x00, // ........t.......
	0x0c, 0x00, 0x06, 0x00, 0x07, 0x00, 0x00, 0x00, 0x9b, 0x09, 0x00, 0x00, 0x01, 0x00, 0x00, 0x00, // ................
	0x0d, 0x00, 0x00, 0x00, 0x9a, 0x09, 0x00, 0x00, 0x85, 0x00, 0x05, 0x00, 0x07, 0x00, 0x00, 0x00, // ................
	0x9c, 0x09, 0x00, 0x00, 0x9b, 0x09, 0x00, 0x00, 0xaf, 0x00, 0x00, 0x00, 0x0c, 0x00, 0x06, 0x00, // ................
	0x07, 0x00, 0x00, 0x00, 0x9d, 0x09, 0x00, 0x00, 0x01, 0x00, 0x00, 0x00, 0x0a, 0x00, 0x00, 0x00, // ................
	0x9c, 0x09, 0x00, 0x00, 0x0c, 0x00, 0x08, 0x00, 0x07, 0x00, 0x00, 0x00, 0xa3, 0x09, 0x00, 0x00, // ................
	0x01, 0x00, 0x00, 0x00, 0x2e, 0x00, 0x00, 0x00, 0x96, 0x09, 0x00, 0x00, 0x9d, 0x09, 0x00, 0x00, // ................
	0x6e, 0x09, 0x00, 0x00, 0x51, 0x00, 0x05, 0x00, 0x07, 0x00, 0x00, 0x00, 0x7a, 0x09, 0x00, 0x00, // n...Q.......z...
	0x67, 0x09, 0x00, 0x00, 0x01, 0x00, 0x00, 0x00, 0x0c, 0x00, 0x08, 0x00, 0x07, 0x00, 0x00, 0x00, // g...............
	0xa9, 0x09, 0x00, 0x00, 0x01, 0x00, 0x00, 0x00, 0x2e, 0x00, 0x00, 0x00, 0x8f, 0x09, 0x00, 0x00, // ................
	0xa3, 0x09, 0x00, 0x00, 0x7a, 0x09, 0x00, 0x00, 0x0c, 0x00, 0x06, 0x00, 0x0b, 0x00, 0x00, 0x00, // ....z...........
	0xbc, 0x09, 0x00, 0x00, 0x01, 0x00, 0x00, 0x00, 0x08, 0x00, 0x00, 0x00, 0x6a, 0x08, 0x00, 0x00, // ............j...
	0x0c, 0x00, 0x06, 0x00, 0x0b, 0x00, 0x00, 0x00, 0xbe, 0x09, 0x00, 0x00, 0x01, 0x00, 0x00, 0x00, // ................
	0x0a, 0x00, 0x00, 0x00, 0x6a, 0x08, 0x00, 0x00, 0x85, 0x00, 0x05, 0x00, 0x0b, 0x00, 0x00, 0x00, // ....j...........
	0xc1, 0x09, 0x00, 0x00, 0xbe, 0x09, 0x00, 0x00, 0xbe, 0x09, 0x00, 0x00, 0x8e, 0x00, 0x05, 0x00, // ................
	0x0b, 0x00, 0x00, 0x00, 0xc3, 0x09, 0x00, 0x00, 0xbe, 0x09, 0x00, 0x00, 0xbe, 0x00, 0x00, 0x00, // ................
	0x83, 0x00, 0x05, 0x00, 0x0b, 0x00, 0x00, 0x00, 0xc5, 0x09, 0x00, 0x00, 0x35, 0x0f, 0x00, 0x00, // ............5...
	0xc3, 0x09, 0x00, 0x00, 0x85, 0x00, 0x05, 0x00, 0x0b, 0x00, 0x00, 0x00, 0xc6, 0x09, 0x00, 0x00, // ................
	0xc1, 0x09, 0x00, 0x00, 0xc5, 0x09, 0x00, 0x00, 0x94, 0x00, 0x05, 0x00, 0x07, 0x00, 0x00, 0x00, // ................
	0xde, 0x09, 0x00, 0x00, 0xbc, 0x09, 0x00, 0x00, 0xac, 0x00, 0x00, 0x00, 0x0c, 0x00, 0x06, 0x00, // ................
	0x07, 0x00, 0x00, 0x00, 0xdf, 0x09, 0x00, 0x00, 0x01, 0x00, 0x00, 0x00, 0x0d, 0x00, 0x00, 0x00, // ................
	0xde, 0x09, 0x00, 0x00, 0x85, 0x00, 0x05, 0x00, 0x07, 0x00, 0x00, 0x00, 0xe0, 0x09, 0x00, 0x00, // ................
	0xdf, 0x09, 0x00, 0x00, 0xaf, 0x00, 0x00, 0x00, 0x0c, 0x00, 0x06, 0x00, 0x07, 0x00, 0x00, 0x00, // ................
	0xe1, 0x09, 0x00, 0x00, 0x01, 0x00, 0x00, 0x00, 0x0a, 0x00, 0x00, 0x00, 0xe0, 0x09, 0x00, 0x00, // ................
	0x81, 0x00, 0x05, 0x00, 0x0b, 0x00, 0x00, 0x00, 0xca, 0x09, 0x00, 0x00, 0xbc, 0x09, 0x00, 0x00, // ................
	0xca, 0x00, 0x00, 0x00, 0x94, 0x00, 0x05, 0x00, 0x07, 0x00, 0x00, 0x00, 0xe5, 0x09, 0x00, 0x00, // ................
	0xca, 0x09, 0x00, 0x00, 0xac, 0x00, 0x00, 0x00, 0x0c, 0x00, 0x06, 0x00, 0x07, 0x00, 0x00, 0x00, // ................
	0xe6, 0x09, 0x00, 0x00, 0x01, 0x00, 0x00, 0x00, 0x0d, 0x00, 0x00, 0x00, 0xe5, 0x09, 0x00, 0x00, // ................
	0x85, 0x00, 0x05, 0x00, 0x07, 0x00, 0x00, 0x00, 0xe7, 0x09, 0x00, 0x00, 0xe6, 0x09, 0x00, 0x00, // ................
	0xaf, 0x00, 0x00, 0x00, 0x0c, 0x00, 0x06, 0x00, 0x07, 0x00, 0x00, 0x00, 0xe8, 0x09, 0x00, 0x00, // ................
	0x01, 0x00, 0x00, 0x00, 0x0a, 0x00, 0x00, 0x00, 0xe7, 0x09, 0x00, 0x00, 0x51, 0x00, 0x05, 0x00, // ............Q...
	0x07, 0x00, 0x00, 0x00, 0xcd, 0x09, 0x00, 0x00, 0xc6, 0x09, 0x00, 0x00, 0x00, 0x00, 0x00, 0x00, // ................
	0x0c, 0x00, 0x08, 0x00, 0x07, 0x00, 0x00, 0x00, 0xee, 0x09, 0x00, 0x00, 0x01, 0x00, 0x00, 0x00, // ................
	0x2e, 0x00, 0x00, 0x00, 0xe1, 0x09, 0x00, 0x00, 0xe8, 0x09, 0x00, 0x00, 0xcd, 0x09, 0x00, 0x00, // ................
	0x81, 0x00, 0x05, 0x00, 0x0b, 0x00, 0x00, 0x00, 0xd0, 0x09, 0x00, 0x00, 0xbc, 0x09, 0x00, 0x00, // ................
	0xd7, 0x00, 0x00, 0x00, 0x94, 0x00, 0x05, 0x00, 0x07, 0x00, 0x00, 0x00, 0xf2, 0x09, 0x00, 0x00, // ................
	0xd0, 0x09, 0x00, 0x00, 0xac, 0x00, 0x00, 0x00, 0x0c, 0x00, 0x06, 0x00, 0x07, 0x00, 0x00, 0x00, // ................
	0xf3, 0x09, 0x00, 0x00, 0x01, 0x00, 0x00, 0x00, 0x0d, 0x00, 0x00, 0x00, 0xf2, 0x09, 0x00, 0x00, // ................
	0x85, 0x00, 0x05, 0x00, 0x07, 0x00, 0x00, 0x00, 0xf4, 0x09, 0x00, 0x00, 0xf3, 0x09, 0x00, 0x00, // ................
	0xaf, 0x00, 0x00, 0x00, 0x0c, 0x00, 0x06, 0x00, 0x07, 0x00, 0x00, 0x00, 0xf5, 0x09, 0x00, 0x00, // ................
	0x01, 0x00, 0x00, 0x00, 0x0a, 0x00, 0x00, 0x00, 0xf4, 0x09, 0x00, 0x00, 0x81, 0x00, 0x05, 0x00, // ................
	0x0b, 0x00, 0x00, 0x00, 0xd3, 0x09, 0x00, 0x00, 0xbc, 0x09, 0x00, 0x00, 0xdc, 0x00, 0x00, 0x00, // ................
	0x94, 0x00, 0x05, 0x00, 0x07, 0x00, 0x00, 0x00, 0xf9, 0x09, 0x00, 0x00, 0xd3, 0x09, 0x00, 0x00, // ................
	0xac, 0x00, 0x00, 0x00, 0x0c, 0x00, 0x06, 0x00, 0x07, 0x00, 0x00, 0x00, 0xfa, 0x09, 0x00, 0x00, // ................
	0x01, 0x00, 0x00, 0x00, 0x0d, 0x00, 0x00, 0x00, 0xf9, 0x09, 0x00, 0x00, 0x85, 0x00, 0x05, 0x00, // ................
	0x07, 0x00, 0x00, 0x00, 0xfb, 0x09, 0x00, 0x00, 0xfa, 0x09, 0x00, 0x00, 0xaf, 0x00, 0x00, 0x00, // ................
	0x0c, 0x00, 0x06, 0x00, 0x07, 0x00, 0x00, 0x00, 0xfc, 0x09, 0x00, 0x00, 0x01, 0x00, 0x00, 0x00, // ................
	0x0a, 0x00, 0x00, 0x00, 0xfb, 0x09, 0x00, 0x00, 0x0c, 0x00, 0x08, 0x00, 0x07, 0x00, 0x00, 0x00, // ................
	0x02, 0x0a, 0x00, 0x00, 0x01, 0x00, 0x00, 0x00, 0x2e, 0x00, 0x00, 0x00, 0xf5, 0x09, 0x00, 0x00, // ................
	0xfc, 0x09, 0x00, 0x00, 0xcd, 0x09, 0x00, 0x00, 0x51, 0x00, 0x05, 0x00, 0x07, 0x00, 0x00, 0x00, // ........Q.......
	0xd9, 0x09, 0x00, 0x00, 0xc6, 0x09, 0x00, 0x00, 0x01, 0x00, 0x00, 0x00, 0x0c, 0x00, 0x08, 0x00, // ................
	0x07, 0x00, 0x00, 0x00, 0x08, 0x0a, 0x00, 0x00, 0x01, 0x00, 0x00, 0x00, 0x2e, 0x00, 0x00, 0x00, // ................
	0xee, 0x09, 0x00, 0x00, 0x02, 0x0a, 0x00, 0x00, 0xd9, 0x09, 0x00, 0x00, 0x81, 0x00, 0x05, 0x00, // ................
	0x07, 0x00, 0x00, 0x00, 0x75, 0x08, 0x00, 0x00, 0xeb, 0x08, 0x00, 0x00, 0xa9, 0x09, 0x00, 0x00, // ....u...........
	0x83, 0x00, 0x05, 0x00, 0x07, 0x00, 0x00, 0x00, 0x76, 0x08, 0x00, 0x00, 0x75, 0x08, 0x00, 0x00, // ........v...u...
	0xc8, 0x00, 0x00, 0x00, 0x81, 0x00, 0x05, 0x00, 0x07, 0x00, 0x00, 0x00, 0x79, 0x08, 0x00, 0x00, // ............y...
	0x4a, 0x09, 0x00, 0x00, 0x08, 0x0a, 0x00, 0x00, 0x83, 0x00, 0x05, 0x00, 0x07, 0x00, 0x00, 0x00, // J...............
	0x7a, 0x08, 0x00, 0x00, 0x79, 0x08, 0x00, 0x00, 0xc8, 0x00, 0x00, 0x00, 0x85, 0x00, 0x05, 0x00, // z...y...........
	0x07, 0x00, 0x00, 0x00, 0x7c, 0x08, 0x00, 0x00, 0x76, 0x08, 0x00, 0x00, 0x84, 0x01, 0x00, 0x00, // ....|...v.......
	0x85, 0x00, 0x05, 0x00, 0x07, 0x00, 0x00, 0x00, 0x7e, 0x08, 0x00, 0x00, 0x7a, 0x08, 0x00, 0x00, // ........~...z...
	0x84, 0x01, 0x00, 0x00, 0x85, 0x00, 0x05, 0x00, 0x07, 0x00, 0x00, 0x00, 0x37, 0x0f, 0x00, 0x00, // ............7...
	0x76, 0x08, 0x00, 0x00, 0x76, 0x08, 0x00, 0x00, 0x85, 0x00, 0x05, 0x00, 0x07, 0x00, 0x00, 0x00, // v...v...........
	0x81, 0x08, 0x00, 0x00, 0x36, 0x0f, 0x00, 0x00, 0x37, 0x0f, 0x00, 0x00, 0x83, 0x00, 0x05, 0x00, // ....6...7.......
	0x07, 0x00, 0x00, 0x00, 0x82, 0x08, 0x00, 0x00, 0xc8, 0x00, 0x00, 0x00, 0x81, 0x08, 0x00, 0x00, // ................
	0x85, 0x00, 0x05, 0x00, 0x07, 0x00, 0x00, 0x00, 0x38, 0x0f, 0x00, 0x00, 0x7a, 0x08, 0x00, 0x00, // ........8...z...
	0x7a, 0x08, 0x00, 0x00, 0x85, 0x00, 0x05, 0x00, 0x07, 0x00, 0x00, 0x00, 0x85, 0x08, 0x00, 0x00, // z...............
	0x36, 0x0f, 0x00, 0x00, 0x38, 0x0f, 0x00, 0x00, 0x83, 0x00, 0x05, 0x00, 0x07, 0x00, 0x00, 0x00, // 6...8...........
	0x86, 0x08, 0x00, 0x00, 0x82, 0x08, 0x00, 0x00, 0x85, 0x08, 0x00, 0x00, 0x0c, 0x00, 0x07, 0x00, // ................
	0x07, 0x00, 0x00, 0x00, 0x87, 0x08, 0x00, 0x00, 0x01, 0x00, 0x00, 0x00, 0x28, 0x00, 0x00, 0x00, // ............(...
	0x86, 0x08, 0x00, 0x00, 0xc9, 0x00, 0x00, 0x00, 0x0c, 0x00, 0x06, 0x00, 0x07, 0x00, 0x00, 0x00, // ................
	0x88, 0x08, 0x00, 0x00, 0x01, 0x00, 0x00, 0x00, 0x1f, 0x00, 0x00, 0x00, 0x87, 0x08, 0x00, 0x00, // ................
	0x50, 0x00, 0x06, 0x00, 0x1a, 0x00, 0x00, 0x00, 0x8c, 0x08, 0x00, 0x00, 0x7c, 0x08, 0x00, 0x00, // P...........|...
	0x88, 0x08, 0x00, 0x00, 0x7e, 0x08, 0x00, 0x00, 0x8e, 0x00, 0x05, 0x00, 0x0b, 0x00, 0x00, 0x00, // ....~...........
	0x05, 0x06, 0x00, 0x00, 0xfe, 0x05, 0x00, 0x00, 0x83, 0x02, 0x00, 0x00, 0x81, 0x00, 0x05, 0x00, // ................
	0x0b, 0x00, 0x00, 0x00, 0x06, 0x06, 0x00, 0x00, 0x05, 0x06, 0x00, 0x00, 0x87, 0x02, 0x00, 0x00, // ................
	0x51, 0x00, 0x05, 0x00, 0x07, 0x00, 0x00, 0x00, 0x23, 0x0a, 0x00, 0x00, 0x06, 0x06, 0x00, 0x00, // Q.......#.......
	0x00, 0x00, 0x00, 0x00, 0x85, 0x00, 0x05, 0x00, 0x07, 0x00, 0x00, 0x00, 0x24, 0x0a, 0x00, 0x00, // ............$...
	0x23, 0x0a, 0x00, 0x00, 0xfe, 0x00, 0x00, 0x00, 0x51, 0x00, 0x05, 0x00, 0x07, 0x00, 0x00, 0x00, // #.......Q.......
	0x26, 0x0a, 0x00, 0x00, 0x06, 0x06, 0x00, 0x00, 0x01, 0x00, 0x00, 0x00, 0x85, 0x00, 0x05, 0x00, // &...............
	0x07, 0x00, 0x00, 0x00, 0x27, 0x0a, 0x00, 0x00, 0x26, 0x0a, 0x00, 0x00, 0x02, 0x01, 0x00, 0x00, // ....'...&.......
	0x83, 0x00, 0x05, 0x00, 0x07, 0x00, 0x00, 0x00, 0x28, 0x0a, 0x00, 0x00, 0x24, 0x0a, 0x00, 0x00, // ........(...$...
	0x27, 0x0a, 0x00, 0x00, 0x85, 0x00, 0x05, 0x00, 0x07, 0x00, 0x00, 0x00, 0x2b, 0x0a, 0x00, 0x00, // '...........+...
	0x23, 0x0a, 0x00, 0x00, 0x02, 0x01, 0x00, 0x00, 0x85, 0x00, 0x05, 0x00, 0x07, 0x00, 0x00, 0x00, // #...............
	0x2e, 0x0a, 0x00, 0x00, 0x26, 0x0a, 0x00, 0x00, 0xfe, 0x00, 0x00, 0x00, 0x81, 0x00, 0x05, 0x00, // ....&...........
	0x07, 0x00, 0x00, 0x00, 0x2f, 0x0a, 0x00, 0x00, 0x2b, 0x0a, 0x00, 0x00, 0x2e, 0x0a, 0x00, 0x00, // ..../...+.......
	0x50, 0x00, 0x05, 0x00, 0x0b, 0x00, 0x00, 0x00, 0x30, 0x0a, 0x00, 0x00, 0x28, 0x0a, 0x00, 0x00, // P.......0...(...
	0x2f, 0x0a, 0x00, 0x00, 0x85, 0x00, 0x05, 0x00, 0x07, 0x00, 0x00, 0x00, 0x33, 0x0a, 0x00, 0x00, // /...........3...
	0x23, 0x0a, 0x00, 0x00, 0x10, 0x01, 0x00, 0x00, 0x85, 0x00, 0x05, 0x00, 0x07, 0x00, 0x00, 0x00, // #...............
	0x36, 0x0a, 0x00, 0x00, 0x26, 0x0a, 0x00, 0x00, 0x14, 0x01, 0x00, 0x00, 0x83, 0x00, 0x05, 0x00, // 6...&...........
	0x07, 0x00, 0x00, 0x00, 0x37, 0x0a, 0x00, 0x00, 0x33, 0x0a, 0x00, 0x00, 0x36, 0x0a, 0x00, 0x00, // ....7...3...6...
	0x85, 0x00, 0x05, 0x00, 0x07, 0x00, 0x00, 0x00, 0x3a, 0x0a, 0x00, 0x00, 0x23, 0x0a, 0x00, 0x00, // ........:...#...
	0x14, 0x01, 0x00, 0x00, 0x85, 0x00, 0x05, 0x00, 0x07, 0x00, 0x00, 0x00, 0x3d, 0x0a, 0x00, 0x00, // ............=...
	0x26, 0x0a, 0x00, 0x00, 0x10, 0x01, 0x00, 0x00, 0x81, 0x00, 0x05, 0x00, 0x07, 0x00, 0x00, 0x00, // &...............
	0x3e, 0x0a, 0x00, 0x00, 0x3a, 0x0a, 0x00, 0x00, 0x3d, 0x0a, 0x00, 0x00, 0x50, 0x00, 0x05, 0x00, // >...:...=...P...
	0x0b, 0x00, 0x00, 0x00, 0x3f, 0x0a, 0x00, 0x00, 0x37, 0x0a, 0x00, 0x00, 0x3e, 0x0a, 0x00, 0x00, // ....?...7...>...
	0x85, 0x00, 0x05, 0x00, 0x07, 0x00, 0x00, 0x00, 0x43, 0x0a, 0x00, 0x00, 0x23, 0x0a, 0x00, 0x00, // ........C...#...
	0x20, 0x0f, 0x00, 0x00, 0x85, 0x00, 0x05, 0x00, 0x07, 0x00, 0x00, 0x00, 0x46, 0x0a, 0x00, 0x00, //  ...........F...
	0x26, 0x0a, 0x00, 0x00, 0x27, 0x01, 0x00, 0x00, 0x83, 0x00, 0x05, 0x00, 0x07, 0x00, 0x00, 0x00, // &...'...........
	0x47, 0x0a, 0x00, 0x00, 0x43, 0x0a, 0x00, 0x00, 0x46, 0x0a, 0x00, 0x00, 0x85, 0x00, 0x05, 0x00, // G...C...F.......
	0x07, 0x00, 0x00, 0x00, 0x4a, 0x0a, 0x00, 0x00, 0x23, 0x0a, 0x00, 0x00, 0x27, 0x01, 0x00, 0x00, // ....J...#...'...
	0x85, 0x00, 0x05, 0x00, 0x07, 0x00, 0x00, 0x00, 0x4d, 0x0a, 0x00, 0x00, 0x26, 0x0a, 0x00, 0x00, // ........M...&...
	0x23, 0x01, 0x00, 0x00, 0x83, 0x00, 0x05, 0x00, 0x07, 0x00, 0x00, 0x00, 0x4e, 0x0a, 0x00, 0x00, // #...........N...
	0x4a, 0x0a, 0x00, 0x00, 0x4d, 0x0a, 0x00, 0x00, 0x50, 0x00, 0x05, 0x00, 0x0b, 0x00, 0x00, 0x00, // J...M...P.......
	0x4f, 0x0a, 0x00, 0x00, 0x47, 0x0a, 0x00, 0x00, 0x4e, 0x0a, 0x00, 0x00, 0x85, 0x00, 0x05, 0x00, // O...G...N.......
	0x0b, 0x00, 0x00, 0x00, 0x52, 0x0a, 0x00, 0x00, 0x06, 0x06, 0x00, 0x00, 0x23, 0x0f, 0x00, 0x00, // ....R.......#...
	0x81, 0x00, 0x05, 0x00, 0x0b, 0x00, 0x00, 0x00, 0x58, 0x0a, 0x00, 0x00, 0x52, 0x0a, 0x00, 0x00, // ........X...R...
	0x50, 0x08, 0x00, 0x00, 0x85, 0x00, 0x05, 0x00, 0x0b, 0x00, 0x00, 0x00, 0x5b, 0x0a, 0x00, 0x00, // P...........[...
	0x30, 0x0a, 0x00, 0x00, 0x28, 0x0f, 0x00, 0x00, 0x83, 0x00, 0x05, 0x00, 0x0b, 0x00, 0x00, 0x00, // 0...(...........
	0x61, 0x0a, 0x00, 0x00, 0x5b, 0x0a, 0x00, 0x00, 0x59, 0x08, 0x00, 0x00, 0x85, 0x00, 0x05, 0x00, // a...[...Y.......
	0x0b, 0x00, 0x00, 0x00, 0x63, 0x0a, 0x00, 0x00, 0x3f, 0x0a, 0x00, 0x00, 0x2d, 0x0f, 0x00, 0x00, // ....c...?...-...
	0x81, 0x00, 0x05, 0x00, 0x0b, 0x00, 0x00, 0x00, 0x69, 0x0a, 0x00, 0x00, 0x63, 0x0a, 0x00, 0x00, // ........i...c...
	0x61, 0x08, 0x00, 0x00, 0x85, 0x00, 0x05, 0x00, 0x0b, 0x00, 0x00, 0x00, 0x6b, 0x0a, 0x00, 0x00, // a...........k...
	0x4f, 0x0a, 0x00, 0x00, 0x32, 0x0f, 0x00, 0x00, 0x83, 0x00, 0x05, 0x00, 0x0b, 0x00, 0x00, 0x00, // O...2...........
	0x71, 0x0a, 0x00, 0x00, 0x6b, 0x0a, 0x00, 0x00, 0x69, 0x08, 0x00, 0x00, 0x0c, 0x00, 0x06, 0x00, // q...k...i.......
	0x0b, 0x00, 0x00, 0x00, 0xa6, 0x0a, 0x00, 0x00, 0x01, 0x00, 0x00, 0x00, 0x08, 0x00, 0x00, 0x00, // ................
	0x58, 0x0a, 0x00, 0x00, 0x0c, 0x00, 0x06, 0x00, 0x0b, 0x00, 0x00, 0x00, 0xa8, 0x0a, 0x00, 0x00, // X...............
	0x01, 0x00, 0x00, 0x00, 0x0a, 0x00, 0x00, 0x00, 0x58, 0x0a, 0x00, 0x00, 0x85, 0x00, 0x05, 0x00, // ........X.......
	0x0b, 0x00, 0x00, 0x00, 0xab, 0x0a, 0x00, 0x00, 0xa8, 0x0a, 0x00, 0x00, 0xa8, 0x0a, 0x00, 0x00, // ................
	0x8e, 0x00, 0x05, 0x00, 0x0b, 0x00, 0x00, 0x00, 0xad, 0x0a, 0x00, 0x00, 0xa8, 0x0a, 0x00, 0x00, // ................
	0xbe, 0x00, 0x00, 0x00, 0x83, 0x00, 0x05, 0x00, 0x0b, 0x00, 0x00, 0x00, 0xaf, 0x0a, 0x00, 0x00, // ................
	0x35, 0x0f, 0x00, 0x00, 0xad, 0x0a, 0x00, 0x00, 0x85, 0x00, 0x05, 0x00, 0x0b, 0x00, 0x00, 0x00, // 5...............
	0xb0, 0x0a, 0x00, 0x00, 0xab, 0x0a, 0x00, 0x00, 0xaf, 0x0a, 0x00, 0x00, 0x94, 0x00, 0x05, 0x00, // ................
	0x07, 0x00, 0x00, 0x00, 0xc8, 0x0a, 0x00, 0x00, 0xa6, 0x0a, 0x00, 0x00, 0xac, 0x00, 0x00, 0x00, // ................
	0x0c, 0x00, 0x06, 0x00, 0x07, 0x00, 0x00, 0x00, 0xc9, 0x0a, 0x00, 0x00, 0x01, 0x00, 0x00, 0x00, // ................
	0x0d, 0x00, 0x00, 0x00, 0xc8, 0x0a, 0x00, 0x00, 0x85, 0x00, 0x05, 0x00, 0x07, 0x00, 0x00, 0x00, // ................
	0xca, 0x0a, 0x00, 0x00, 0xc9, 0x0a, 0x00, 0x00, 0xaf, 0x00, 0x00, 0x00, 0x0c, 0x00, 0x06, 0x00, // ................
	0x07, 0x00, 0x00, 0x00, 0xcb, 0x0a, 0x00, 0x00, 0x01, 0x00, 0x00, 0x00, 0x0a, 0x00, 0x00, 0x00, // ................
	0xca, 0x0a, 0x00, 0x00, 0x81, 0x00, 0x05, 0x00, 0x0b, 0x00, 0x00, 0x00, 0xb4, 0x0a, 0x00, 0x00, // ................
	0xa6, 0x0a, 0x00, 0x00, 0xca, 0x00, 0x00, 0x00, 0x94, 0x00, 0x05, 0x00, 0x07, 0x00, 0x00, 0x00, // ................
	0xcf, 0x0a, 0x00, 0x00, 0xb4, 0x0a, 0x00, 0x00, 0xac, 0x00, 0x00, 0x00, 0x0c, 0x00, 0x06, 0x00, // ................
	0x07, 0x00, 0x00, 0x00, 0xd0, 0x0a, 0x00, 0x00, 0x01, 0x00, 0x00, 0x00, 0x0d, 0x00, 0x00, 0x00, // ................
	0xcf, 0x0a, 0x00, 0x00, 0x85, 0x00, 0x05, 0x00, 0x07, 0x00, 0x00, 0x00, 0xd1, 0x0a, 0x00, 0x00, // ................
	0xd0, 0x0a, 0x00, 0x00, 0xaf, 0x00, 0x00, 0x00, 0x0c, 0x00, 0x06, 0x00, 0x07, 0x00, 0x00, 0x00, // ................
	0xd2, 0x0a, 0x00, 0x00, 0x01, 0x00, 0x00, 0x00, 0x0a, 0x00, 0x00, 0x00, 0xd1, 0x0a, 0x00, 0x00, // ................
	0x51, 0x00, 0x05, 0x00, 0x07, 0x00, 0x00, 0x00, 0xb7, 0x0a, 0x00, 0x00, 0xb0, 0x0a, 0x00, 0x00, // Q...............
	0x00, 0x00, 0x00, 0x00, 0x0c, 0x00, 0x08, 0x00, 0x07, 0x00, 0x00, 0x00, 0xd8, 0x0a, 0x00, 0x00, // ................
	0x01, 0x00, 0x00, 0x00, 0x2e, 0x00, 0x00, 0x00, 0xcb, 0x0a, 0x00, 0x00, 0xd2, 0x0a, 0x00, 0x00, // ................
	0xb7, 0x0a, 0x00, 0x00, 0x81, 0x00, 0x05, 0x00, 0x0b, 0x00, 0x00, 0x00, 0xba, 0x0a, 0x00, 0x00, // ................
	0xa6, 0x0a, 0x00, 0x00, 0xd7, 0x00, 0x00, 0x00, 0x94, 0x00, 0x05, 0x00, 0x07, 0x00, 0x00, 0x00, // ................
	0xdc, 0x0a, 0x00, 0x00, 0xba, 0x0a, 0x00, 0x00, 0xac, 0x00, 0x00, 0x00, 0x0c, 0x00, 0x06, 0x00, // ................
	0x07, 0x00, 0x00, 0x00, 0xdd, 0x0a, 0x00, 0x00, 0x01, 0x00, 0x00, 0x00, 0x0d, 0x00, 0x00, 0x00, // ................
	0xdc, 0x0a, 0x00, 0x00, 0x85, 0x00, 0x05, 0x00, 0x07, 0x00, 0x00, 0x00, 0xde, 0x0a, 0x00, 0x00, // ................
	0xdd, 0x0a, 0x00, 0x00, 0xaf, 0x00, 0x00, 0x00, 0x0c, 0x00, 0x06, 0x00, 0x07, 0x00, 0x00, 0x00, // ................
	0xdf, 0x0a, 0x00, 0x00, 0x01, 0x00, 0x00, 0x00, 0x0a, 0x00, 0x00, 0x00, 0xde, 0x0a, 0x00, 0x00, // ................
	0x81, 0x00, 0x05, 0x00, 0x0b, 0x00, 0x00, 0x00, 0xbd, 0x0a, 0x00, 0x00, 0xa6, 0x0a, 0x00, 0x00, // ................
	0xdc, 0x00, 0x00, 0x00, 0x94, 0x00, 0x05, 0x00, 0x07, 0x00, 0x00, 0x00, 0xe3, 0x0a, 0x00, 0x00, // ................
	0xbd, 0x0a, 0x00, 0x00, 0xac, 0x00, 0x00, 0x00, 0x0c, 0x00, 0x06, 0x00, 0x07, 0x00, 0x00, 0x00, // ................
	0xe4, 0x0a, 0x00, 0x00, 0x01, 0x00, 0x00, 0x00, 0x0d, 0x00, 0x00, 0x00, 0xe3, 0x0a, 0x00, 0x00, // ................
	0x85, 0x00, 0x05, 0x00, 0x07, 0x00, 0x00, 0x00, 0xe5, 0x0a, 0x00, 0x00, 0xe4, 0x0a, 0x00, 0x00, // ................
	0xaf, 0x00, 0x00, 0x00, 0x0c, 0x00, 0x06, 0x00, 0x07, 0x00, 0x00, 0x00, 0xe6, 0x0a, 0x00, 0x00, // ................
	0x01, 0x00, 0x00, 0x00, 0x0a, 0x00, 0x00, 0x00, 0xe5, 0x0a, 0x00, 0x00, 0x0c, 0x00, 0x08, 0x00, // ................
	0x07, 0x00, 0x00, 0x00, 0xec, 0x0a, 0x00, 0x00, 0x01, 0x00, 0x00, 0x00, 0x2e, 0x00, 0x00, 0x00, // ................
	0xdf, 0x0a, 0x00, 0x00, 0xe6, 0x0a, 0x00, 0x00, 0xb7, 0x0a, 0x00, 0x00, 0x51, 0x00, 0x05, 0x00, // ............Q...
	0x07, 0x00, 0x00, 0x00, 0xc3, 0x0a, 0x00, 0x00, 0xb0, 0x0a, 0x00, 0x00, 0x01, 0x00, 0x00, 0x00, // ................
	0x0c, 0x00, 0x08, 0x00, 0x07, 0x00, 0x00, 0x00, 0xf2, 0x0a, 0x00, 0x00, 0x01, 0x00, 0x00, 0x00, // ................
	0x2e, 0x00, 0x00, 0x00, 0xd8, 0x0a, 0x00, 0x00, 0xec, 0x0a, 0x00, 0x00, 0xc3, 0x0a, 0x00, 0x00, // ................
	0x0c, 0x00, 0x06, 0x00, 0x0b, 0x00, 0x00, 0x00, 0x05, 0x0b, 0x00, 0x00, 0x01, 0x00, 0x00, 0x00, // ................
	0x08, 0x00, 0x00, 0x00, 0x61, 0x0a, 0x00, 0x00, 0x0c, 0x00, 0x06, 0x00, 0x0b, 0x00, 0x00, 0x00, // ....a...........
	0x07, 0x0b, 0x00, 0x00, 0x01, 0x00, 0x00, 0x00, 0x0a, 0x00, 0x00, 0x00, 0x61, 0x0a, 0x00, 0x00, // ............a...
	0x85, 0x00, 0x05, 0x00, 0x0b, 0x00, 0x00, 0x00, 0x0a, 0x0b, 0x00, 0x00, 0x07, 0x0b, 0x00, 0x00, // ................
	0x07, 0x0b, 0x00, 0x00, 0x8e, 0x00, 0x05, 0x00, 0x0b, 0x00, 0x00, 0x00, 0x0c, 0x0b, 0x00, 0x00, // ................
	0x07, 0x0b, 0x00, 0x00, 0xbe, 0x00, 0x00, 0x00, 0x83, 0x00, 0x05, 0x00, 0x0b, 0x00, 0x00, 0x00, // ................
	0x0e, 0x0b, 0x00, 0x00, 0x35, 0x0f, 0x00, 0x00, 0x0c, 0x0b, 0x00, 0x00, 0x85, 0x00, 0x05, 0x00, // ....5...........
	0x0b, 0x00, 0x00, 0x00, 0x0f, 0x0b, 0x00, 0x00, 0x0a, 0x0b, 0x00, 0x00, 0x0e, 0x0b, 0x00, 0x00, // ................
	0x94, 0x00, 0x05, 0x00, 0x07, 0x00, 0x00, 0x00, 0x27, 0x0b, 0x00, 0x00, 0x05, 0x0b, 0x00, 0x00, // ........'.......
	0xac, 0x00, 0x00, 0x00, 0x0c, 0x00, 0x06, 0x00, 0x07, 0x00, 0x00, 0x00, 0x28, 0x0b, 0x00, 0x00, // ............(...
	0x01, 0x00, 0x00, 0x00, 0x0d, 0x00, 0x00, 0x00, 0x27, 0x0b, 0x00, 0x00, 0x85, 0x00, 0x05, 0x00, // ........'.......
	0x07, 0x00, 0x00, 0x00, 0x29, 0x0b, 0x00, 0x00, 0x28, 0x0b, 0x00, 0x00, 0xaf, 0x00, 0x00, 0x00, // ....)...(.......
	0x0c, 0x00, 0x06, 0x00, 0x07, 0x00, 0x00, 0x00, 0x2a, 0x0b, 0x00, 0x00, 0x01, 0x00, 0x00, 0x00, // ........*.......
	0x0a, 0x00, 0x00, 0x00, 0x29, 0x0b, 0x00, 0x00, 0x81, 0x00, 0x05, 0x00, 0x0b, 0x00, 0x00, 0x00, // ....)...........
	0x13, 0x0b, 0x00, 0x00, 0x05, 0x0b, 0x00, 0x00, 0xca, 0x00, 0x00, 0x00, 0x94, 0x00, 0x05, 0x00, // ................
	0x07, 0x00, 0x00, 0x00, 0x2e, 0x0b, 0x00, 0x00, 0x13, 0x0b, 0x00, 0x00, 0xac, 0x00, 0x00, 0x00, // ................
	0x0c, 0x00, 0x06, 0x00, 0x07, 0x00, 0x00, 0x00, 0x2f, 0x0b, 0x00, 0x00, 0x01, 0x00, 0x00, 0x00, // ......../.......
	0x0d, 0x00, 0x00, 0x00, 0x2e, 0x0b, 0x00, 0x00, 0x85, 0x00, 0x05, 0x00, 0x07, 0x00, 0x00, 0x00, // ................
	0x30, 0x0b, 0x00, 0x00, 0x2f, 0x0b, 0x00, 0x00, 0xaf, 0x00, 0x00, 0x00, 0x0c, 0x00, 0x06, 0x00, // 0.../...........
	0x07, 0x00, 0x00, 0x00, 0x31, 0x0b, 0x00, 0x00, 0x01, 0x00, 0x00, 0x00, 0x0a, 0x00, 0x00, 0x00, // ....1...........
	0x30, 0x0b, 0x00, 0x00, 0x51, 0x00, 0x05, 0x00, 0x07, 0x00, 0x00, 0x00, 0x16, 0x0b, 0x00, 0x00, // 0...Q...........
	0x0f, 0x0b, 0x00, 0x00, 0x00, 0x00, 0x00, 0x00, 0x0c, 0x00, 0x08, 0x00, 0x07, 0x00, 0x00, 0x00, // ................
	0x37, 0x0b, 0x00, 0x00, 0x01, 0x00, 0x00, 0x00, 0x2e, 0x00, 0x00, 0x00, 0x2a, 0x0b, 0x00, 0x00, // 7...........*...
	0x31, 0x0b, 0x00, 0x00, 0x16, 0x0b, 0x00, 0x00, 0x81, 0x00, 0x05, 0x00, 0x0b, 0x00, 0x00, 0x00, // 1...............
	0x19, 0x0b, 0x00, 0x00, 0x05, 0x0b, 0x00, 0x00, 0xd7, 0x00, 0x00, 0x00, 0x94, 0x00, 0x05, 0x00, // ................
	0x07, 0x00, 0x00, 0x00, 0x3b, 0x0b, 0x00, 0x00, 0x19, 0x0b, 0x00, 0x00, 0xac, 0x00, 0x00, 0x00, // ....;...........
	0x0c, 0x00, 0x06, 0x00, 0x07, 0x00, 0x00, 0x00, 0x3c, 0x0b, 0x00, 0x00, 0x01, 0x00, 0x00, 0x00, // ........<.......
	0x0d, 0x00, 0x00, 0x00, 0x3b, 0x0b, 0x00, 0x00, 0x85, 0x00, 0x05, 0x00, 0x07, 0x00, 0x00, 0x00, // ....;...........
	0x3d, 0x0b, 0x00, 0x00, 0x3c, 0x0b, 0x00, 0x00, 0xaf, 0x00, 0x00, 0x00, 0x0c, 0x00, 0x06, 0x00, // =...<...........
	0x07, 0x00, 0x00, 0x00, 0x3e, 0x0b, 0x00, 0x00, 0x01, 0x00, 0x00, 0x00, 0x0a, 0x00, 0x00, 0x00, // ....>...........
	0x3d, 0x0b, 0x00, 0x00, 0x81, 0x00, 0x05, 0x00, 0x0b, 0x00, 0x00, 0x00, 0x1c, 0x0b, 0x00, 0x00, // =...............
	0x05, 0x0b, 0x00, 0x00, 0xdc, 0x00, 0x00, 0x00, 0x94, 0x00, 0x05, 0x00, 0x07, 0x00, 0x00, 0x00, // ................
	0x42, 0x0b, 0x00, 0x00, 0x1c, 0x0b, 0x00, 0x00, 0xac, 0x00, 0x00, 0x00, 0x0c, 0x00, 0x06, 0x00, // B...............
	0x07, 0x00, 0x00, 0x00, 0x43, 0x0b, 0x00, 0x00, 0x01, 0x00, 0x00, 0x00, 0x0d, 0x00, 0x00, 0x00, // ....C...........
	0x42, 0x0b, 0x00, 0x00, 0x85, 0x00, 0x05, 0x00, 0x07, 0x00, 0x00, 0x00, 0x44, 0x0b, 0x00, 0x00, // B...........D...
	0x43, 0x0b, 0x00, 0x00, 0xaf, 0x00, 0x00, 0x00, 0x0c, 0x00, 0x06, 0x00, 0x07, 0x00, 0x00, 0x00, // C...............
	0x45, 0x0b, 0x00, 0x00, 0x01, 0x00, 0x00, 0x00, 0x0a, 0x00, 0x00, 0x00, 0x44, 0x0b, 0x00, 0x00, // E...........D...
	0x0c, 0x00, 0x08, 0x00, 0x07, 0x00, 0x00, 0x00, 0x4b, 0x0b, 0x00, 0x00, 0x01, 0x00, 0x00, 0x00, // ........K.......
	0x2e, 0x00, 0x00, 0x00, 0x3e, 0x0b, 0x00, 0x00, 0x45, 0x0b, 0x00, 0x00, 0x16, 0x0b, 0x00, 0x00, // ....>...E.......
	0x51, 0x00, 0x05, 0x00, 0x07, 0x00, 0x00, 0x00, 0x22, 0x0b, 0x00, 0x00, 0x0f, 0x0b, 0x00, 0x00, // Q.......".......
	0x01, 0x00, 0x00, 0x00, 0x0c, 0x00, 0x08, 0x00, 0x07, 0x00, 0x00, 0x00, 0x51, 0x0b, 0x00, 0x00, // ............Q...
	0x01, 0x00, 0x00, 0x00, 0x2e, 0x00, 0x00, 0x00, 0x37, 0x0b, 0x00, 0x00, 0x4b, 0x0b, 0x00, 0x00, // ........7...K...
	0x22, 0x0b, 0x00, 0x00, 0x0c, 0x00, 0x06, 0x00, 0x0b, 0x00, 0x00, 0x00, 0x64, 0x0b, 0x00, 0x00, // "...........d...
	0x01, 0x00, 0x00, 0x00, 0x08, 0x00, 0x00, 0x00, 0x69, 0x0a, 0x00, 0x00, 0x0c, 0x00, 0x06, 0x00, // ........i.......
	0x0b, 0x00, 0x00, 0x00, 0x66, 0x0b, 0x00, 0x00, 0x01, 0x00, 0x00, 0x00, 0x0a, 0x00, 0x00, 0x00, // ....f...........
	0x69, 0x0a, 0x00, 0x00, 0x85, 0x00, 0x05, 0x00, 0x0b, 0x00, 0x00, 0x00, 0x69, 0x0b, 0x00, 0x00, // i...........i...
	0x66, 0x0b, 0x00, 0x00, 0x66, 0x0b, 0x00, 0x00, 0x8e, 0x00, 0x05, 0x00, 0x0b, 0x00, 0x00, 0x00, // f...f...........
	0x6b, 0x0b, 0x00, 0x00, 0x66, 0x0b, 0x00, 0x00, 0xbe, 0x00, 0x00, 0x00, 0x83, 0x00, 0x05, 0x00, // k...f...........
	0x0b, 0x00, 0x00, 0x00, 0x6d, 0x0b, 0x00, 0x00, 0x35, 0x0f, 0x00, 0x00, 0x6b, 0x0b, 0x00, 0x00, // ....m...5...k...
	0x85, 0x00, 0x05, 0x00, 0x0b, 0x00, 0x00, 0x00, 0x6e, 0x0b, 0x00, 0x00, 0x69, 0x0b, 0x00, 0x00, // ........n...i...
	0x6d, 0x0b, 0x00, 0x00, 0x94, 0x00, 0x05, 0x00, 0x07, 0x00, 0x00, 0x00, 0x86, 0x0b, 0x00, 0x00, // m...............
	0x64, 0x0b, 0x00, 0x00, 0xac, 0x00, 0x00, 0x00, 0x0c, 0x00, 0x06, 0x00, 0x07, 0x00, 0x00, 0x00, // d...............
	0x87, 0x0b, 0x00, 0x00, 0x01, 0x00, 0x00, 0x00, 0x0d, 0x00, 0x00, 0x00, 0x86, 0x0b, 0x00, 0x00, // ................
	0x85, 0x00, 0x05, 0x00, 0x07, 0x00, 0x00, 0x00, 0x88, 0x0b, 0x00, 0x00, 0x87, 0x0b, 0x00, 0x00, // ................
	0xaf, 0x00, 0x00, 0x00, 0x0c, 0x00, 0x06, 0x00, 0x07, 0x00, 0x00, 0x00, 0x89, 0x0b, 0x00, 0x00, // ................
	0x01, 0x00, 0x00, 0x00, 0x0a, 0x00, 0x00, 0x00, 0x88, 0x0b, 0x00, 0x00, 0x81, 0x00, 0x05, 0x00, // ................
	0x0b, 0x00, 0x00, 0x00, 0x72, 0x0b, 0x00, 0x00, 0x64, 0x0b, 0x00, 0x00, 0xca, 0x00, 0x00, 0x00, // ....r...d.......
	0x94, 0x00, 0x05, 0x00, 0x07, 0x00, 0x00, 0x00, 0x8d, 0x0b, 0x00, 0x00, 0x72, 0x0b, 0x00, 0x00, // ............r...
	0xac, 0x00, 0x00, 0x00, 0x0c, 0x00, 0x06, 0x00, 0x07, 0x00, 0x00, 0x00, 0x8e, 0x0b, 0x00, 0x00, // ................
	0x01, 0x00, 0x00, 0x00, 0x0d, 0x00, 0x00, 0x00, 0x8d, 0x0b, 0x00, 0x00, 0x85, 0x00, 0x05, 0x00, // ................
	0x07, 0x00, 0x00, 0x00, 0x8f, 0x0b, 0x00, 0x00, 0x8e, 0x0b, 0x00, 0x00, 0xaf, 0x00, 0x00, 0x00, // ................
	0x0c, 0x00, 0x06, 0x00, 0x07, 0x00, 0x00, 0x00, 0x90, 0x0b, 0x00, 0x00, 0x01, 0x00, 0x00, 0x00, // ................
	0x0a, 0x00, 0x00, 0x00, 0x8f, 0x0b, 0x00, 0x00, 0x51, 0x00, 0x05, 0x00, 0x07, 0x00, 0x00, 0x00, // ........Q.......
	0x75, 0x0b, 0x00, 0x00, 0x6e, 0x0b, 0x00, 0x00, 0x00, 0x00, 0x00, 0x00, 0x0c, 0x00, 0x08, 0x00, // u...n...........
	0x07, 0x00, 0x00, 0x00, 0x96, 0x0b, 0x00, 0x00, 0x01, 0x00, 0x00, 0x00, 0x2e, 0x00, 0x00, 0x00, // ................
	0x89, 0x0b, 0x00, 0x00, 0x90, 0x0b, 0x00, 0x00, 0x75, 0x0b, 0x00, 0x00, 0x81, 0x00, 0x05, 0x00, // ........u.......
	0x0b, 0x00, 0x00, 0x00, 0x78, 0x0b, 0x00, 0x00, 0x64, 0x0b, 0x00, 0x00, 0xd7, 0x00, 0x00, 0x00, // ....x...d.......
	0x94, 0x00, 0x05, 0x00, 0x07, 0x00, 0x00, 0x00, 0x9a, 0x0b, 0x00, 0x00, 0x78, 0x0b, 0x00, 0x00, // ............x...
	0xac, 0x00, 0x00, 0x00, 0x0c, 0x00, 0x06, 0x00, 0x07, 0x00, 0x00, 0x00, 0x9b, 0x0b, 0x00, 0x00, // ................
	0x01, 0x00, 0x00, 0x00, 0x0d, 0x00, 0x00, 0x00, 0x9a, 0x0b, 0x00, 0x00, 0x85, 0x00, 0x05, 0x00, // ................
	0x07, 0x00, 0x00, 0x00, 0x9c, 0x0b, 0x00, 0x00, 0x9b, 0x0b, 0x00, 0x00, 0xaf, 0x00, 0x00, 0x00, // ................
	0x0c, 0x00, 0x06, 0x00, 0x07, 0x00, 0x00, 0x00, 0x9d, 0x0b, 0x00, 0x00, 0x01, 0x00, 0x00, 0x00, // ................
	0x0a, 0x00, 0x00, 0x00, 0x9c, 0x0b, 0x00, 0x00, 0x81, 0x00, 0x05, 0x00, 0x0b, 0x00, 0x00, 0x00, // ................
	0x7b, 0x0b, 0x00, 0x00, 0x64, 0x0b, 0x00, 0x00, 0xdc, 0x00, 0x00, 0x00, 0x94, 0x00, 0x05, 0x00, // {...d...........
	0x07, 0x00, 0x00, 0x00, 0xa1, 0x0b, 0x00, 0x00, 0x7b, 0x0b, 0x00, 0x00, 0xac, 0x00, 0x00, 0x00, // ........{.......
	0x0c, 0x00, 0x06, 0x00, 0x07, 0x00, 0x00, 0x00, 0xa2, 0x0b, 0x00, 0x00, 0x01, 0x00, 0x00, 0x00, // ................
	0x0d, 0x00, 0x00, 0x00, 0xa1, 0x0b, 0x00, 0x00, 0x85, 0x00, 0x05, 0x00, 0x07, 0x00, 0x00, 0x00, // ................
	0xa3, 0x0b, 0x00, 0x00, 0xa2, 0x0b, 0x00, 0x00, 0xaf, 0x00, 0x00, 0x00, 0x0c, 0x00, 0x06, 0x00, // ................
	0x07, 0x00, 0x00, 0x00, 0xa4, 0x0b, 0x00, 0x00, 0x01, 0x00, 0x00, 0x00, 0x0a, 0x00, 0x00, 0x00, // ................
	0xa3, 0x0b, 0x00, 0x00, 0x0c, 0x00, 0x08, 0x00, 0x07, 0x00, 0x00, 0x00, 0xaa, 0x0b, 0x00, 0x00, // ................
	0x01, 0x00, 0x00, 0x00, 0x2e, 0x00, 0x00, 0x00, 0x9d, 0x0b, 0x00, 0x00, 0xa4, 0x0b, 0x00, 0x00, // ................
	0x75, 0x0b, 0x00, 0x00, 0x51, 0x00, 0x05, 0x00, 0x07, 0x00, 0x00, 0x00, 0x81, 0x0b, 0x00, 0x00, // u...Q...........
	0x6e, 0x0b, 0x00, 0x00, 0x01, 0x00, 0x00, 0x00, 0x0c, 0x00, 0x08, 0x00, 0x07, 0x00, 0x00, 0x00, // n...............
	0xb0, 0x0b, 0x00, 0x00, 0x01, 0x00, 0x00, 0x00, 0x2e, 0x00, 0x00, 0x00, 0x96, 0x0b, 0x00, 0x00, // ................
	0xaa, 0x0b, 0x00, 0x00, 0x81, 0x0b, 0x00, 0x00, 0x0c, 0x00, 0x06, 0x00, 0x0b, 0x00, 0x00, 0x00, // ................
	0xc3, 0x0b, 0x00, 0x00, 0x01, 0x00, 0x00, 0x00, 0x08, 0x00, 0x00, 0x00, 0x71, 0x0a, 0x00, 0x00, // ............q...
	0x0c, 0x00, 0x06, 0x00, 0x0b, 0x00, 0x00, 0x00, 0xc5, 0x0b, 0x00, 0x00, 0x01, 0x00, 0x00, 0x00, // ................
	0x0a, 0x00, 0x00, 0x00, 0x71, 0x0a, 0x00, 0x00, 0x85, 0x00, 0x05, 0x00, 0x0b, 0x00, 0x00, 0x00, // ....q...........
	0xc8, 0x0b, 0x00, 0x00, 0xc5, 0x0b, 0x00, 0x00, 0xc5, 0x0b, 0x00, 0x00, 0x8e, 0x00, 0x05, 0x00, // ................
	0x0b, 0x00, 0x00, 0x00, 0xca, 0x0b, 0x00, 0x00, 0xc5, 0x0b, 0x00, 0x00, 0xbe, 0x00, 0x00, 0x00, // ................
	0x83, 0x00, 0x05, 0x00, 0x0b, 0x00, 0x00, 0x00, 0xcc, 0x0b, 0x00, 0x00, 0x35, 0x0f, 0x00, 0x00, // ............5...
	0xca, 0x0b, 0x00, 0x00, 0x85, 0x00, 0x05, 0x00, 0x0b, 0x00, 0x00, 0x00, 0xcd, 0x0b, 0x00, 0x00, // ................
	0xc8, 0x0b, 0x00, 0x00, 0xcc, 0x0b, 0x00, 0x00, 0x94, 0x00, 0x05, 0x00, 0x07, 0x00, 0x00, 0x00, // ................
	0xe5, 0x0b, 0x00, 0x00, 0xc3, 0x0b, 0x00, 0x00, 0xac, 0x00, 0x00, 0x00, 0x0c, 0x00, 0x06, 0x00, // ................
	0x07, 0x00, 0x00, 0x00, 0xe6, 0x0b, 0x00, 0x00, 0x01, 0x00, 0x00, 0x00, 0x0d, 0x00, 0x00, 0x00, // ................
	0xe5, 0x0b, 0x00, 0x00, 0x85, 0x00, 0x05, 0x00, 0x07, 0x00, 0x00, 0x00, 0xe7, 0x0b, 0x00, 0x00, // ................
	0xe6, 0x0b, 0x00, 0x00, 0xaf, 0x00, 0x00, 0x00, 0x0c, 0x00, 0x06, 0x00, 0x07, 0x00, 0x00, 0x00, // ................
	0xe8, 0x0b, 0x00, 0x00, 0x01, 0x00, 0x00, 0x00, 0x0a, 0x00, 0x00, 0x00, 0xe7, 0x0b, 0x00, 0x00, // ................
	0x81, 0x00, 0x05, 0x00, 0x0b, 0x00, 0x00, 0x00, 0xd1, 0x0b, 0x00, 0x00, 0xc3, 0x0b, 0x00, 0x00, // ................
	0xca, 0x00, 0x00, 0x00, 0x94, 0x00, 0x05, 0x00, 0x07, 0x00, 0x00, 0x00, 0xec, 0x0b, 0x00, 0x00, // ................
	0xd1, 0x0b, 0x00, 0x00, 0xac, 0x00, 0x00, 0x00, 0x0c, 0x00, 0x06, 0x00, 0x07, 0x00, 0x00, 0x00, // ................
	0xed, 0x0b, 0x00, 0x00, 0x01, 0x00, 0x00, 0x00, 0x0d, 0x00, 0x00, 0x00, 0xec, 0x0b, 0x00, 0x00, // ................
	0x85, 0x00, 0x05, 0x00, 0x07, 0x00, 0x00, 0x00, 0xee, 0x0b, 0x00, 0x00, 0xed, 0x0b, 0x00, 0x00, // ................
	0xaf, 0x00, 0x00, 0x00, 0x0c, 0x00, 0x06, 0x00, 0x07, 0x00, 0x00, 0x00, 0xef, 0x0b, 0x00, 0x00, // ................
	0x01, 0x00, 0x00, 0x00, 0x0a, 0x00, 0x00, 0x00, 0xee, 0x0b, 0x00, 0x00, 0x51, 0x00, 0x05, 0x00, // ............Q...
	0x07, 0x00, 0x00, 0x00, 0xd4, 0x0b, 0x00, 0x00, 0xcd, 0x0b, 0x00, 0x00, 0x00, 0x00, 0x00, 0x00, // ................
	0x0c, 0x00, 0x08, 0x00, 0x07, 0x00, 0x00, 0x00, 0xf5, 0x0b, 0x00, 0x00, 0x01, 0x00, 0x00, 0x00, // ................
	0x2e, 0x00, 0x00, 0x00, 0xe8, 0x0b, 0x00, 0x00, 0xef, 0x0b, 0x00, 0x00, 0xd4, 0x0b, 0x00, 0x00, // ................
	0x81, 0x00, 0x05, 0x00, 0x0b, 0x00, 0x00, 0x00, 0xd7, 0x0b, 0x00, 0x00, 0xc3, 0x0b, 0x00, 0x00, // ................
	0xd7, 0x00, 0x00, 0x00, 0x94, 0x00, 0x05, 0x00, 0x07, 0x00, 0x00, 0x00, 0xf9, 0x0b, 0x00, 0x00, // ................
	0xd7, 0x0b, 0x00, 0x00, 0xac, 0x00, 0x00, 0x00, 0x0c, 0x00, 0x06, 0x00, 0x07, 0x00, 0x00, 0x00, // ................
	0xfa, 0x0b, 0x00, 0x00, 0x01, 0x00, 0x00, 0x00, 0x0d, 0x00, 0x00, 0x00, 0xf9, 0x0b, 0x00, 0x00, // ................
	0x85, 0x00, 0x05, 0x00, 0x07, 0x00, 0x00, 0x00, 0xfb, 0x0b, 0x00, 0x00, 0xfa, 0x0b, 0x00, 0x00, // ................
	0xaf, 0x00, 0x00, 0x00, 0x0c, 0x00, 0x06, 0x00, 0x07, 0x00, 0x00, 0x00, 0xfc, 0x0b, 0x00, 0x00, // ................
	0x01, 0x00, 0x00, 0x00, 0x0a, 0x00, 0x00, 0x00, 0xfb, 0x0b, 0x00, 0x00, 0x81, 0x00, 0x05, 0x00, // ................
	0x0b, 0x00, 0x00, 0x00, 0xda, 0x0b, 0x00, 0x00, 0xc3, 0x0b, 0x00, 0x00, 0xdc, 0x00, 0x00, 0x00, // ................
	0x94, 0x00, 0x05, 0x00, 0x07, 0x00, 0x00, 0x00, 0x00, 0x0c, 0x00, 0x00, 0xda, 0x0b, 0x00, 0x00, // ................
	0xac, 0x00, 0x00, 0x00, 0x0c, 0x00, 0x06, 0x00, 0x07, 0x00, 0x00, 0x00, 0x01, 0x0c, 0x00, 0x00, // ................
	0x01, 0x00, 0x00, 0x00, 0x0d, 0x00, 0x00, 0x00, 0x00, 0x0c, 0x00, 0x00, 0x85, 0x00, 0x05, 0x00, // ................
	0x07, 0x00, 0x00, 0x00, 0x02, 0x0c, 0x00, 0x00, 0x01, 0x0c, 0x00, 0x00, 0xaf, 0x00, 0x00, 0x00, // ................
	0x0c, 0x00, 0x06, 0x00, 0x07, 0x00, 0x00, 0x00, 0x03, 0x0c, 0x00, 0x00, 0x01, 0x00, 0x00, 0x00, // ................
	0x0a, 0x00, 0x00, 0x00, 0x02, 0x0c, 0x00, 0x00, 0x0c, 0x00, 0x08, 0x00, 0x07, 0x00, 0x00, 0x00, // ................
	0x09, 0x0c, 0x00, 0x00, 0x01, 0x00, 0x00, 0x00, 0x2e, 0x00, 0x00, 0x00, 0xfc, 0x0b, 0x00, 0x00, // ................
	0x03, 0x0c, 0x00, 0x00, 0xd4, 0x0b, 0x00, 0x00, 0x51, 0x00, 0x05, 0x00, 0x07, 0x00, 0x00, 0x00, // ........Q.......
	0xe0, 0x0b, 0x00, 0x00, 0xcd, 0x0b, 0x00, 0x00, 0x01, 0x00, 0x00, 0x00, 0x0c, 0x00, 0x08, 0x00, // ................
	0x07, 0x00, 0x00, 0x00, 0x0f, 0x0c, 0x00, 0x00, 0x01, 0x00, 0x00, 0x00, 0x2e, 0x00, 0x00, 0x00, // ................
	0xf5, 0x0b, 0x00, 0x00, 0x09, 0x0c, 0x00, 0x00, 0xe0, 0x0b, 0x00, 0x00, 0x81, 0x00, 0x05, 0x00, // ................
	0x07, 0x00, 0x00, 0x00, 0x7c, 0x0a, 0x00, 0x00, 0xf2, 0x0a, 0x00, 0x00, 0xb0, 0x0b, 0x00, 0x00, // ....|...........
	0x83, 0x00, 0x05, 0x00, 0x07, 0x00, 0x00, 0x00, 0x7d, 0x0a, 0x00, 0x00, 0x7c, 0x0a, 0x00, 0x00, // ........}...|...
	0xc8, 0x00, 0x00, 0x00, 0x81, 0x00, 0x05, 0x00, 0x07, 0x00, 0x00, 0x00, 0x80, 0x0a, 0x00, 0x00, // ................
	0x51, 0x0b, 0x00, 0x00, 0x0f, 0x0c, 0x00, 0x00, 0x83, 0x00, 0x05, 0x00, 0x07, 0x00, 0x00, 0x00, // Q...............
	0x81, 0x0a, 0x00, 0x00, 0x80, 0x0a, 0x00, 0x00, 0xc8, 0x00, 0x00, 0x00, 0x85, 0x00, 0x05, 0x00, // ................
	0x07, 0x00, 0x00, 0x00, 0x83, 0x0a, 0x00, 0x00, 0x7d, 0x0a, 0x00, 0x00, 0x84, 0x01, 0x00, 0x00, // ........}.......
	0x85, 0x00, 0x05, 0x00, 0x07, 0x00, 0x00, 0x00, 0x85, 0x0a, 0x00, 0x00, 0x81, 0x0a, 0x00, 0x00, // ................
	0x84, 0x01, 0x00, 0x00, 0x85, 0x00, 0x05, 0x00, 0x07, 0x00, 0x00, 0x00, 0x39, 0x0f, 0x00, 0x00, // ............9...
	0x7d, 0x0a, 0x00, 0x00, 0x7d, 0x0a, 0x00, 0x00, 0x85, 0x00, 0x05, 0x00, 0x07, 0x00, 0x00, 0x00, // }...}...........
	0x88, 0x0a, 0x00, 0x00, 0x36, 0x0f, 0x00, 0x00, 0x39, 0x0f, 0x00, 0x00, 0x83, 0x00, 0x05, 0x00, // ....6...9.......
	0x07, 0x00, 0x00, 0x00, 0x89, 0x0a, 0x00, 0x00, 0xc8, 0x00, 0x00, 0x00, 0x88, 0x0a, 0x00, 0x00, // ................
	0x85, 0x00, 0x05, 0x00, 0x07, 0x00, 0x00, 0x00, 0x3a, 0x0f, 0x00, 0x00, 0x81, 0x0a, 0x00, 0x00, // ........:.......
	0x81, 0x0a, 0x00, 0x00, 0x85, 0x00, 0x05, 0x00, 0x07, 0x00, 0x00, 0x00, 0x8c, 0x0a, 0x00, 0x00, // ................
	0x36, 0x0f, 0x00, 0x00, 0x3a, 0x0f, 0x00, 0x00, 0x83, 0x00, 0x05, 0x00, 0x07, 0x00, 0x00, 0x00, // 6...:...........
	0x8d, 0x0a, 0x00, 0x00, 0x89, 0x0a, 0x00, 0x00, 0x8c, 0x0a, 0x00, 0x00, 0x0c, 0x00, 0x07, 0x00, // ................
	0x07, 0x00, 0x00, 0x00, 0x8e, 0x0a, 0x00, 0x00, 0x01, 0x00, 0x00, 0x00, 0x28, 0x00, 0x00, 0x00, // ............(...
	0x8d, 0x0a, 0x00, 0x00, 0xc9, 0x00, 0x00, 0x00, 0x0c, 0x00, 0x06, 0x00, 0x07, 0x00, 0x00, 0x00, // ................
	0x8f, 0x0a, 0x00, 0x00, 0x01, 0x00, 0x00, 0x00, 0x1f, 0x00, 0x00, 0x00, 0x8e, 0x0a, 0x00, 0x00, // ................
	0x50, 0x00, 0x06, 0x00, 0x1a, 0x00, 0x00, 0x00, 0x93, 0x0a, 0x00, 0x00, 0x83, 0x0a, 0x00, 0x00, // P...............
	0x8f, 0x0a, 0x00, 0x00, 0x85, 0x0a, 0x00, 0x00, 0x8e, 0x00, 0x05, 0x00, 0x1a, 0x00, 0x00, 0x00, // ................
	0x0a, 0x06, 0x00, 0x00, 0x93, 0x0a, 0x00, 0x00, 0x8e, 0x02, 0x00, 0x00, 0x81, 0x00, 0x05, 0x00, // ................
	0x1a, 0x00, 0x00, 0x00, 0x0b, 0x06, 0x00, 0x00, 0x8c, 0x08, 0x00, 0x00, 0x0a, 0x06, 0x00, 0x00, // ................
	0x0c, 0x00, 0x06, 0x00, 0x1a, 0x00, 0x00, 0x00, 0x0c, 0x06, 0x00, 0x00, 0x01, 0x00, 0x00, 0x00, // ................
	0x45, 0x00, 0x00, 0x00, 0x0b, 0x06, 0x00, 0x00, 0x4f, 0x00, 0x08, 0x00, 0x1a, 0x00, 0x00, 0x00, // E.......O.......
	0x0e, 0x06, 0x00, 0x00, 0x0c, 0x06, 0x00, 0x00, 0x0c, 0x06, 0x00, 0x00, 0x00, 0x00, 0x00, 0x00, // ................
	0x02, 0x00, 0x00, 0x00, 0x01, 0x00, 0x00, 0x00, 0x85, 0x00, 0x05, 0x00, 0x1a, 0x00, 0x00, 0x00, // ................
	0x0f, 0x06, 0x00, 0x00, 0x0e, 0x06, 0x00, 0x00, 0x96, 0x02, 0x00, 0x00, 0x0c, 0x00, 0x06, 0x00, // ................
	0x1a, 0x00, 0x00, 0x00, 0x10, 0x06, 0x00, 0x00, 0x01, 0x00, 0x00, 0x00, 0x45, 0x00, 0x00, 0x00, // ............E...
	0x0f, 0x06, 0x00, 0x00, 0x41, 0x00, 0x06, 0x00, 0xf8, 0x00, 0x00, 0x00, 0x1e, 0x0c, 0x00, 0x00, // ....A...........
	0xf6, 0x00, 0x00, 0x00, 0xf7, 0x00, 0x00, 0x00, 0xe9, 0x00, 0x00, 0x00, 0x3d, 0x00, 0x04, 0x00, // ............=...
	0x07, 0x00, 0x00, 0x00, 0x1f, 0x0c, 0x00, 0x00, 0x1e, 0x0c, 0x00, 0x00, 0x0c, 0x00, 0x07, 0x00, // ................
	0x07, 0x00, 0x00, 0x00, 0x20, 0x0c, 0x00, 0x00, 0x01, 0x00, 0x00, 0x00, 0x25, 0x00, 0x00, 0x00, // .... .......%...
	0x1f, 0x0c, 0x00, 0x00, 0xa1, 0x01, 0x00, 0x00, 0x6e, 0x00, 0x04, 0x00, 0x78, 0x00, 0x00, 0x00, // ........n...x...
	0x21, 0x0c, 0x00, 0x00, 0x20, 0x0c, 0x00, 0x00, 0x41, 0x00, 0x06, 0x00, 0xf8, 0x00, 0x00, 0x00, // !... ...A.......
	0x22, 0x0c, 0x00, 0x00, 0xf6, 0x00, 0x00, 0x00, 0xf7, 0x00, 0x00, 0x00, 0xa6, 0x01, 0x00, 0x00, // "...............
	0x3d, 0x00, 0x04, 0x00, 0x07, 0x00, 0x00, 0x00, 0x23, 0x0c, 0x00, 0x00, 0x22, 0x0c, 0x00, 0x00, // =.......#..."...
	0xba, 0x00, 0x05, 0x00, 0xa9, 0x01, 0x00, 0x00, 0x24, 0x0c, 0x00, 0x00, 0x23, 0x0c, 0x00, 0x00, // ........$...#...
	0x23, 0x01, 0x00, 0x00, 0xf7, 0x00, 0x03, 0x00, 0x63, 0x0c, 0x00, 0x00, 0x00, 0x00, 0x00, 0x00, // #.......c.......
	0xfa, 0x00, 0x04, 0x00, 0x24, 0x0c, 0x00, 0x00, 0x25, 0x0c, 0x00, 0x00, 0x63, 0x0c, 0x00, 0x00, // ....$...%...c...
	0xf8, 0x00, 0x02, 0x00, 0x25, 0x0c, 0x00, 0x00, 0xf9, 0x00, 0x02, 0x00, 0x26, 0x0c, 0x00, 0x00, // ....%.......&...
	0xf8, 0x00, 0x02, 0x00, 0x26, 0x0c, 0x00, 0x00, 0xf5, 0x00, 0x07, 0x00, 0x07, 0x00, 0x00, 0x00, // ....&...........
	0x49, 0x0f, 0x00, 0x00, 0xc9, 0x00, 0x00, 0x00, 0x25, 0x0c, 0x00, 0x00, 0x5e, 0x0c, 0x00, 0x00, // I.......%...^...
	0x5f, 0x0c, 0x00, 0x00, 0xf5, 0x00, 0x07, 0x00, 0x07, 0x00, 0x00, 0x00, 0x48, 0x0f, 0x00, 0x00, // _...........H...
	0xc9, 0x00, 0x00, 0x00, 0x25, 0x0c, 0x00, 0x00, 0x53, 0x0c, 0x00, 0x00, 0x5f, 0x0c, 0x00, 0x00, // ....%...S..._...
	0xf5, 0x00, 0x07, 0x00, 0x78, 0x00, 0x00, 0x00, 0x47, 0x0f, 0x00, 0x00, 0x7d, 0x00, 0x00, 0x00, // ....x...G...}...
	0x25, 0x0c, 0x00, 0x00, 0x61, 0x0c, 0x00, 0x00, 0x5f, 0x0c, 0x00, 0x00, 0xb1, 0x00, 0x05, 0x00, // %...a..._.......
	0xa9, 0x01, 0x00, 0x00, 0x29, 0x0c, 0x00, 0x00, 0x47, 0x0f, 0x00, 0x00, 0xb4, 0x01, 0x00, 0x00, // ....)...G.......
	0xf6, 0x00, 0x04, 0x00, 0x62, 0x0c, 0x00, 0x00, 0x5f, 0x0c, 0x00, 0x00, 0x00, 0x00, 0x00, 0x00, // ....b..._.......
	0xfa, 0x00, 0x04, 0x00, 0x29, 0x0c, 0x00, 0x00, 0x2a, 0x0c, 0x00, 0x00, 0x62, 0x0c, 0x00, 0x00, // ....)...*...b...
	0xf8, 0x00, 0x02, 0x00, 0x2a, 0x0c, 0x00, 0x00, 0xaf, 0x00, 0x05, 0x00, 0xa9, 0x01, 0x00, 0x00, // ....*...........
	0x2d, 0x0c, 0x00, 0x00, 0x47, 0x0f, 0x00, 0x00, 0x21, 0x0c, 0x00, 0x00, 0xf7, 0x00, 0x03, 0x00, // -...G...!.......
	0x2f, 0x0c, 0x00, 0x00, 0x00, 0x00, 0x00, 0x00, 0xfa, 0x00, 0x04, 0x00, 0x2d, 0x0c, 0x00, 0x00, // /...........-...
	0x2e, 0x0c, 0x00, 0x00, 0x2f, 0x0c, 0x00, 0x00, 0xf8, 0x00, 0x02, 0x00, 0x2e, 0x0c, 0x00, 0x00, // ..../...........
	0xf9, 0x00, 0x02, 0x00, 0x62, 0x0c, 0x00, 0x00, 0xf8, 0x00, 0x02, 0x00, 0x2f, 0x0c, 0x00, 0x00, // ....b......./...
	0x41, 0x00, 0x06, 0x00, 0xbf, 0x01, 0x00, 0x00, 0x31, 0x0c, 0x00, 0x00, 0xf6, 0x00, 0x00, 0x00, // A.......1.......
	0xbd, 0x01, 0x00, 0x00, 0x47, 0x0f, 0x00, 0x00, 0x3d, 0x00, 0x04, 0x00, 0x0d, 0x00, 0x00, 0x00, // ....G...=.......
	0x32, 0x0c, 0x00, 0x00, 0x31, 0x0c, 0x00, 0x00, 0x41, 0x00, 0x06, 0x00, 0xbf, 0x01, 0x00, 0x00, // 2...1...A.......
	0x34, 0x0c, 0x00, 0x00, 0xf6, 0x00, 0x00, 0x00, 0xc3, 0x01, 0x00, 0x00, 0x47, 0x0f, 0x00, 0x00, // 4...........G...
	0x3d, 0x00, 0x04, 0x00, 0x0d, 0x00, 0x00, 0x00, 0x35, 0x0c, 0x00, 0x00, 0x34, 0x0c, 0x00, 0x00, // =.......5...4...
	0x51, 0x00, 0x05, 0x00, 0x07, 0x00, 0x00, 0x00, 0x37, 0x0c, 0x00, 0x00, 0x32, 0x0c, 0x00, 0x00, // Q.......7...2...
	0x03, 0x00, 0x00, 0x00, 0x0c, 0x00, 0x07, 0x00, 0x07, 0x00, 0x00, 0x00, 0x38, 0x0c, 0x00, 0x00, // ............8...
	0x01, 0x00, 0x00, 0x00, 0x28, 0x00, 0x00, 0x00, 0x37, 0x0c, 0x00, 0x00, 0xcc, 0x01, 0x00, 0x00, // ....(...7.......
	0x88, 0x00, 0x05, 0x00, 0x07, 0x00, 0x00, 0x00, 0x39, 0x0c, 0x00, 0x00, 0xc8, 0x01, 0x00, 0x00, // ........9.......
	0x38, 0x0c, 0x00, 0x00, 0x4f, 0x00, 0x07, 0x00, 0x0b, 0x00, 0x00, 0x00, 0x3b, 0x0c, 0x00, 0x00, // 8...O.......;...
	0x32, 0x0c, 0x00, 0x00, 0x32, 0x0c, 0x00, 0x00, 0x00, 0x00, 0x00, 0x00, 0x01, 0x00, 0x00, 0x00, // 2...2...........
	0x81, 0x00, 0x05, 0x00, 0x0b, 0x00, 0x00, 0x00, 0x3c, 0x0c, 0x00, 0x00, 0x3b, 0x0c, 0x00, 0x00, // ........<...;...
	0xd3, 0x01, 0x00, 0x00, 0x0c, 0x00, 0x06, 0x00, 0x0b, 0x00, 0x00, 0x00, 0x3d, 0x0c, 0x00, 0x00, // ............=...
	0x01, 0x00, 0x00, 0x00, 0x45, 0x00, 0x00, 0x00, 0x3c, 0x0c, 0x00, 0x00, 0x94, 0x00, 0x05, 0x00, // ....E...<.......
	0x07, 0x00, 0x00, 0x00, 0x41, 0x0c, 0x00, 0x00, 0x3d, 0x0c, 0x00, 0x00, 0xfc, 0x05, 0x00, 0x00, // ....A...=.......
	0x51, 0x00, 0x05, 0x00, 0x07, 0x00, 0x00, 0x00, 0x43, 0x0c, 0x00, 0x00, 0x35, 0x0c, 0x00, 0x00, // Q.......C...5...
	0x00, 0x00, 0x00, 0x00, 0x85, 0x00, 0x05, 0x00, 0x07, 0x00, 0x00, 0x00, 0x45, 0x0c, 0x00, 0x00, // ............E...
	0x43, 0x0c, 0x00, 0x00, 0x1a, 0x08, 0x00, 0x00, 0x83, 0x00, 0x05, 0x00, 0x07, 0x00, 0x00, 0x00, // C...............
	0x46, 0x0c, 0x00, 0x00, 0x41, 0x0c, 0x00, 0x00, 0x45, 0x0c, 0x00, 0x00, 0x85, 0x00, 0x05, 0x00, // F...A...E.......
	0x07, 0x00, 0x00, 0x00, 0x47, 0x0c, 0x00, 0x00, 0x39, 0x0c, 0x00, 0x00, 0x46, 0x0c, 0x00, 0x00, // ....G...9...F...
	0x0c, 0x00, 0x06, 0x00, 0x07, 0x00, 0x00, 0x00, 0x48, 0x0c, 0x00, 0x00, 0x01, 0x00, 0x00, 0x00, // ........H.......
	0x0e, 0x00, 0x00, 0x00, 0x47, 0x0c, 0x00, 0x00, 0x51, 0x00, 0x05, 0x00, 0x07, 0x00, 0x00, 0x00, // ....G...Q.......
	0x4a, 0x0c, 0x00, 0x00, 0x3d, 0x0c, 0x00, 0x00, 0x00, 0x00, 0x00, 0x00, 0x85, 0x00, 0x05, 0x00, // J...=...........
	0x07, 0x00, 0x00, 0x00, 0x4c, 0x0c, 0x00, 0x00, 0x4a, 0x0c, 0x00, 0x00, 0x39, 0x0c, 0x00, 0x00, // ....L...J...9...
	0x51, 0x00, 0x05, 0x00, 0x07, 0x00, 0x00, 0x00, 0x4e, 0x0c, 0x00, 0x00, 0x32, 0x0c, 0x00, 0x00, // Q.......N...2...
	0x02, 0x00, 0x00, 0x00, 0x85, 0x00, 0x05, 0x00, 0x07, 0x00, 0x00, 0x00, 0x4f, 0x0c, 0x00, 0x00, // ............O...
	0x4c, 0x0c, 0x00, 0x00, 0x4e, 0x0c, 0x00, 0x00, 0x85, 0x00, 0x05, 0x00, 0x07, 0x00, 0x00, 0x00, // L...N...........
	0x51, 0x0c, 0x00, 0x00, 0x4f, 0x0c, 0x00, 0x00, 0x48, 0x0c, 0x00, 0x00, 0x81, 0x00, 0x05, 0x00, // Q...O...H.......
	0x07, 0x00, 0x00, 0x00, 0x53, 0x0c, 0x00, 0x00, 0x48, 0x0f, 0x00, 0x00, 0x51, 0x0c, 0x00, 0x00, // ....S...H...Q...
	0x51, 0x00, 0x05, 0x00, 0x07, 0x00, 0x00, 0x00, 0x55, 0x0c, 0x00, 0x00, 0x3d, 0x0c, 0x00, 0x00, // Q.......U...=...
	0x01, 0x00, 0x00, 0x00, 0x85, 0x00, 0x05, 0x00, 0x07, 0x00, 0x00, 0x00, 0x57, 0x0c, 0x00, 0x00, // ............W...
	0x55, 0x0c, 0x00, 0x00, 0x39, 0x0c, 0x00, 0x00, 0x85, 0x00, 0x05, 0x00, 0x07, 0x00, 0x00, 0x00, // U...9...........
	0x5a, 0x0c, 0x00, 0x00, 0x57, 0x0c, 0x00, 0x00, 0x4e, 0x0c, 0x00, 0x00, 0x85, 0x00, 0x05, 0x00, // Z...W...N.......
	0x07, 0x00, 0x00, 0x00, 0x5c, 0x0c, 0x00, 0x00, 0x5a, 0x0c, 0x00, 0x00, 0x48, 0x0c, 0x00, 0x00, // ........Z...H...
	0x81, 0x00, 0x05, 0x00, 0x07, 0x00, 0x00, 0x00, 0x5e, 0x0c, 0x00, 0x00, 0x49, 0x0f, 0x00, 0x00, // ........^...I...
	0x5c, 0x0c, 0x00, 0x00, 0xf9, 0x00, 0x02, 0x00, 0x5f, 0x0c, 0x00, 0x00, 0xf8, 0x00, 0x02, 0x00, // ........_.......
	0x5f, 0x0c, 0x00, 0x00, 0x80, 0x00, 0x05, 0x00, 0x78, 0x00, 0x00, 0x00, 0x61, 0x0c, 0x00, 0x00, // _.......x...a...
	0x47, 0x0f, 0x00, 0x00, 0x79, 0x00, 0x00, 0x00, 0xf9, 0x00, 0x02, 0x00, 0x26, 0x0c, 0x00, 0x00, // G...y.......&...
	0xf8, 0x00, 0x02, 0x00, 0x62, 0x0c, 0x00, 0x00, 0xf9, 0x00, 0x02, 0x00, 0x63, 0x0c, 0x00, 0x00, // ....b.......c...
	0xf8, 0x00, 0x02, 0x00, 0x63, 0x0c, 0x00, 0x00, 0xf5, 0x00, 0x07, 0x00, 0x07, 0x00, 0x00, 0x00, // ....c...........
	0x4c, 0x0f, 0x00, 0x00, 0xc9, 0x00, 0x00, 0x00, 0x05, 0x00, 0x00, 0x00, 0x49, 0x0f, 0x00, 0x00, // L...........I...
	0x62, 0x0c, 0x00, 0x00, 0xf5, 0x00, 0x07, 0x00, 0x07, 0x00, 0x00, 0x00, 0x4a, 0x0f, 0x00, 0x00, // b...........J...
	0xc9, 0x00, 0x00, 0x00, 0x05, 0x00, 0x00, 0x00, 0x48, 0x0f, 0x00, 0x00, 0x62, 0x0c, 0x00, 0x00, // ........H...b...
	0x7f, 0x00, 0x04, 0x00, 0x07, 0x00, 0x00, 0x00, 0x65, 0x0c, 0x00, 0x00, 0x4a, 0x0f, 0x00, 0x00, // ........e...J...
	0x7f, 0x00, 0x04, 0x00, 0x07, 0x00, 0x00, 0x00, 0x67, 0x0c, 0x00, 0x00, 0x4c, 0x0f, 0x00, 0x00, // ........g...L...
	0x50, 0x00, 0x06, 0x00, 0x1a, 0x00, 0x00, 0x00, 0x68, 0x0c, 0x00, 0x00, 0x65, 0x0c, 0x00, 0x00, // P.......h...e...
	0xc8, 0x00, 0x00, 0x00, 0x67, 0x0c, 0x00, 0x00, 0x0c, 0x00, 0x06, 0x00, 0x1a, 0x00, 0x00, 0x00, // ....g...........
	0x69, 0x0c, 0x00, 0x00, 0x01, 0x00, 0x00, 0x00, 0x45, 0x00, 0x00, 0x00, 0x68, 0x0c, 0x00, 0x00, // i.......E...h...
	0x41, 0x00, 0x05, 0x00, 0xbf, 0x01, 0x00, 0x00, 0x14, 0x06, 0x00, 0x00, 0xf6, 0x00, 0x00, 0x00, // A...............
	0x79, 0x00, 0x00, 0x00, 0x3d, 0x00, 0x04, 0x00, 0x0d, 0x00, 0x00, 0x00, 0x15, 0x06, 0x00, 0x00, // y...=...........
	0x14, 0x06, 0x00, 0x00, 0x4f, 0x00, 0x08, 0x00, 0x1a, 0x00, 0x00, 0x00, 0x16, 0x06, 0x00, 0x00, // ....O...........
	0x15, 0x06, 0x00, 0x00, 0x15, 0x06, 0x00, 0x00, 0x00, 0x00, 0x00, 0x00, 0x01, 0x00, 0x00, 0x00, // ................
	0x02, 0x00, 0x00, 0x00, 0x83, 0x00, 0x05, 0x00, 0x1a, 0x00, 0x00, 0x00, 0x18, 0x06, 0x00, 0x00, // ................
	0x16, 0x06, 0x00, 0x00, 0x48, 0x05, 0x00, 0x00, 0x0c, 0x00, 0x06, 0x00, 0x07, 0x00, 0x00, 0x00, // ....H...........
	0x19, 0x06, 0x00, 0x00, 0x01, 0x00, 0x00, 0x00, 0x42, 0x00, 0x00, 0x00, 0x18, 0x06, 0x00, 0x00, // ........B.......
	0x0c, 0x00, 0x08, 0x00, 0x07, 0x00, 0x00, 0x00, 0x1b, 0x06, 0x00, 0x00, 0x01, 0x00, 0x00, 0x00, // ................
	0x31, 0x00, 0x00, 0x00, 0xa6, 0x02, 0x00, 0x00, 0xa7, 0x02, 0x00, 0x00, 0x19, 0x06, 0x00, 0x00, // 1...............
	0x51, 0x00, 0x05, 0x00, 0x07, 0x00, 0x00, 0x00, 0x1e, 0x06, 0x00, 0x00, 0x10, 0x06, 0x00, 0x00, // Q...............
	0x00, 0x00, 0x00, 0x00, 0x51, 0x00, 0x05, 0x00, 0x07, 0x00, 0x00, 0x00, 0x20, 0x06, 0x00, 0x00, // ....Q....... ...
	0x10, 0x06, 0x00, 0x00, 0x02, 0x00, 0x00, 0x00, 0x50, 0x00, 0x06, 0x00, 0x1a, 0x00, 0x00, 0x00, // ........P.......
	0x21, 0x06, 0x00, 0x00, 0x1e, 0x06, 0x00, 0x00, 0xc9, 0x00, 0x00, 0x00, 0x20, 0x06, 0x00, 0x00, // !........... ...
	0x8e, 0x00, 0x05, 0x00, 0x1a, 0x00, 0x00, 0x00, 0x22, 0x06, 0x00, 0x00, 0x21, 0x06, 0x00, 0x00, // ........"...!...
	0x84, 0x01, 0x00, 0x00, 0x81, 0x00, 0x05, 0x00, 0x1a, 0x00, 0x00, 0x00, 0x23, 0x06, 0x00, 0x00, // ............#...
	0x69, 0x0c, 0x00, 0x00, 0x22, 0x06, 0x00, 0x00, 0x0c, 0x00, 0x06, 0x00, 0x1a, 0x00, 0x00, 0x00, // i..."...........
	0x24, 0x06, 0x00, 0x00, 0x01, 0x00, 0x00, 0x00, 0x45, 0x00, 0x00, 0x00, 0x23, 0x06, 0x00, 0x00, // $.......E...#...
	0x85, 0x00, 0x05, 0x00, 0x07, 0x00, 0x00, 0x00, 0x26, 0x06, 0x00, 0x00, 0x1b, 0x06, 0x00, 0x00, // ........&.......
	0xb6, 0x02, 0x00, 0x00, 0x50, 0x00, 0x06, 0x00, 0x1a, 0x00, 0x00, 0x00, 0x27, 0x06, 0x00, 0x00, // ....P.......'...
	0x26, 0x06, 0x00, 0x00, 0x26, 0x06, 0x00, 0x00, 0x26, 0x06, 0x00, 0x00, 0x0c, 0x00, 0x08, 0x00, // &...&...&.......
	0x1a, 0x00, 0x00, 0x00, 0x6f, 0x0c, 0x00, 0x00, 0x01, 0x00, 0x00, 0x00, 0x2e, 0x00, 0x00, 0x00, // ....o...........
	0x24, 0x06, 0x00, 0x00, 0xb4, 0x02, 0x00, 0x00, 0x27, 0x06, 0x00, 0x00, 0x0c, 0x00, 0x06, 0x00, // $.......'.......
	0x1a, 0x00, 0x00, 0x00, 0x2a, 0x06, 0x00, 0x00, 0x01, 0x00, 0x00, 0x00, 0x45, 0x00, 0x00, 0x00, // ....*.......E...
	0x6f, 0x0c, 0x00, 0x00, 0x0c, 0x00, 0x06, 0x00, 0x1a, 0x00, 0x00, 0x00, 0x31, 0x06, 0x00, 0x00, // o...........1...
	0x01, 0x00, 0x00, 0x00, 0x45, 0x00, 0x00, 0x00, 0x18, 0x06, 0x00, 0x00, 0x41, 0x00, 0x05, 0x00, // ....E.......A...
	0xbf, 0x01, 0x00, 0x00, 0x74, 0x0c, 0x00, 0x00, 0xf6, 0x00, 0x00, 0x00, 0x48, 0x02, 0x00, 0x00, // ....t.......H...
	0x3d, 0x00, 0x04, 0x00, 0x0d, 0x00, 0x00, 0x00, 0x75, 0x0c, 0x00, 0x00, 0x74, 0x0c, 0x00, 0x00, // =.......u...t...
	0x4f, 0x00, 0x08, 0x00, 0x1a, 0x00, 0x00, 0x00, 0x76, 0x0c, 0x00, 0x00, 0x75, 0x0c, 0x00, 0x00, // O.......v...u...
	0x75, 0x0c, 0x00, 0x00, 0x00, 0x00, 0x00, 0x00, 0x01, 0x00, 0x00, 0x00, 0x02, 0x00, 0x00, 0x00, // u...............
	0x0c, 0x00, 0x06, 0x00, 0x1a, 0x00, 0x00, 0x00, 0x77, 0x0c, 0x00, 0x00, 0x01, 0x00, 0x00, 0x00, // ........w.......
	0x45, 0x00, 0x00, 0x00, 0x76, 0x0c, 0x00, 0x00, 0x7f, 0x00, 0x04, 0x00, 0x1a, 0x00, 0x00, 0x00, // E...v...........
	0x78, 0x0c, 0x00, 0x00, 0x77, 0x0c, 0x00, 0x00, 0x0c, 0x00, 0x07, 0x00, 0x1a, 0x00, 0x00, 0x00, // x...w...........
	0x7b, 0x0c, 0x00, 0x00, 0x01, 0x00, 0x00, 0x00, 0x47, 0x00, 0x00, 0x00, 0x77, 0x0c, 0x00, 0x00, // {.......G...w...
	0x2a, 0x06, 0x00, 0x00, 0x0c, 0x00, 0x06, 0x00, 0x1a, 0x00, 0x00, 0x00, 0x7c, 0x0c, 0x00, 0x00, // *...........|...
	0x01, 0x00, 0x00, 0x00, 0x45, 0x00, 0x00, 0x00, 0x7b, 0x0c, 0x00, 0x00, 0x94, 0x00, 0x05, 0x00, // ....E...{.......
	0x07, 0x00, 0x00, 0x00, 0x7e, 0x0c, 0x00, 0x00, 0x31, 0x06, 0x00, 0x00, 0x7c, 0x0c, 0x00, 0x00, // ....~...1...|...
	0x0c, 0x00, 0x07, 0x00, 0x07, 0x00, 0x00, 0x00, 0x7f, 0x0c, 0x00, 0x00, 0x01, 0x00, 0x00, 0x00, // ................
	0x28, 0x00, 0x00, 0x00, 0xc9, 0x00, 0x00, 0x00, 0x7e, 0x0c, 0x00, 0x00, 0x0c, 0x00, 0x07, 0x00, // (.......~.......
	0x07, 0x00, 0x00, 0x00, 0x82, 0x0c, 0x00, 0x00, 0x01, 0x00, 0x00, 0x00, 0x1a, 0x00, 0x00, 0x00, // ................
	0x7f, 0x0c, 0x00, 0x00, 0xcd, 0x02, 0x00, 0x00, 0x41, 0x00, 0x05, 0x00, 0xbf, 0x01, 0x00, 0x00, // ........A.......
	0x83, 0x0c, 0x00, 0x00, 0xf6, 0x00, 0x00, 0x00, 0x5a, 0x02, 0x00, 0x00, 0x3d, 0x00, 0x04, 0x00, // ........Z...=...
	0x0d, 0x00, 0x00, 0x00, 0x84, 0x0c, 0x00, 0x00, 0x83, 0x0c, 0x00, 0x00, 0x4f, 0x00, 0x08, 0x00, // ............O...
	0x1a, 0x00, 0x00, 0x00, 0x85, 0x0c, 0x00, 0x00, 0x84, 0x0c, 0x00, 0x00, 0x84, 0x0c, 0x00, 0x00, // ................
	0x00, 0x00, 0x00, 0x00, 0x01, 0x00, 0x00, 0x00, 0x02, 0x00, 0x00, 0x00, 0x8e, 0x00, 0x05, 0x00, // ................
	0x1a, 0x00, 0x00, 0x00, 0x86, 0x0c, 0x00, 0x00, 0x85, 0x0c, 0x00, 0x00, 0x82, 0x0c, 0x00, 0x00, // ................
	0x8e, 0x00, 0x05, 0x00, 0x1a, 0x00, 0x00, 0x00, 0x88, 0x0c, 0x00, 0x00, 0x86, 0x0c, 0x00, 0x00, // ................
	0xc8, 0x00, 0x00, 0x00, 0x94, 0x00, 0x05, 0x00, 0x07, 0x00, 0x00, 0x00, 0x8c, 0x0c, 0x00, 0x00, // ................
	0x78, 0x0c, 0x00, 0x00, 0x2a, 0x06, 0x00, 0x00, 0x0c, 0x00, 0x07, 0x00, 0x07, 0x00, 0x00, 0x00, // x...*...........
	0x8d, 0x0c, 0x00, 0x00, 0x01, 0x00, 0x00, 0x00, 0x28, 0x00, 0x00, 0x00, 0x8c, 0x0c, 0x00, 0x00, // ........(.......
	0xc9, 0x00, 0x00, 0x00, 0x8e, 0x00, 0x05, 0x00, 0x1a, 0x00, 0x00, 0x00, 0x91, 0x0c, 0x00, 0x00, // ................
	0x85, 0x0c, 0x00, 0x00, 0x8d, 0x0c, 0x00, 0x00, 0x8e, 0x00, 0x05, 0x00, 0x1a, 0x00, 0x00, 0x00, // ................
	0x93, 0x0c, 0x00, 0x00, 0x91, 0x0c, 0x00, 0x00, 0xce, 0x02, 0x00, 0x00, 0x41, 0x00, 0x06, 0x00, // ............A...
	0xf8, 0x00, 0x00, 0x00, 0x39, 0x06, 0x00, 0x00, 0xf6, 0x00, 0x00, 0x00, 0xd9, 0x02, 0x00, 0x00, // ....9...........
	0xa6, 0x01, 0x00, 0x00, 0x3d, 0x00, 0x04, 0x00, 0x07, 0x00, 0x00, 0x00, 0x3a, 0x06, 0x00, 0x00, // ....=.......:...
	0x39, 0x06, 0x00, 0x00, 0x0c, 0x00, 0x08, 0x00, 0x07, 0x00, 0x00, 0x00, 0x3b, 0x06, 0x00, 0x00, // 9...........;...
	0x01, 0x00, 0x00, 0x00, 0x2b, 0x00, 0x00, 0x00, 0x3a, 0x06, 0x00, 0x00, 0xc9, 0x00, 0x00, 0x00, // ....+...:.......
	0xbe, 0x00, 0x00, 0x00, 0x41, 0x00, 0x06, 0x00, 0xf8, 0x00, 0x00, 0x00, 0x3c, 0x06, 0x00, 0x00, // ....A.......<...
	0xf6, 0x00, 0x00, 0x00, 0x48, 0x02, 0x00, 0x00, 0xc9, 0x01, 0x00, 0x00, 0x3d, 0x00, 0x04, 0x00, // ....H.......=...
	0x07, 0x00, 0x00, 0x00, 0x3d, 0x06, 0x00, 0x00, 0x3c, 0x06, 0x00, 0x00, 0x0c, 0x00, 0x08, 0x00, // ....=...<.......
	0x07, 0x00, 0x00, 0x00, 0x3e, 0x06, 0x00, 0x00, 0x01, 0x00, 0x00, 0x00, 0x2b, 0x00, 0x00, 0x00, // ....>.......+...
	0x3d, 0x06, 0x00, 0x00, 0xc9, 0x00, 0x00, 0x00, 0x95, 0x02, 0x00, 0x00, 0x85, 0x00, 0x05, 0x00, // =...............
	0x07, 0x00, 0x00, 0x00, 0x3f, 0x06, 0x00, 0x00, 0x3b, 0x06, 0x00, 0x00, 0x3e, 0x06, 0x00, 0x00, // ....?...;...>...
	0x8e, 0x00, 0x05, 0x00, 0x1a, 0x00, 0x00, 0x00, 0x41, 0x06, 0x00, 0x00, 0x88, 0x0c, 0x00, 0x00, // ........A.......
	0x3f, 0x06, 0x00, 0x00, 0x41, 0x00, 0x06, 0x00, 0xf8, 0x00, 0x00, 0x00, 0x44, 0x06, 0x00, 0x00, // ?...A.......D...
	0xf6, 0x00, 0x00, 0x00, 0xb4, 0x01, 0x00, 0x00, 0xe9, 0x00, 0x00, 0x00, 0x3d, 0x00, 0x04, 0x00, // ............=...
	0x07, 0x00, 0x00, 0x00, 0x45, 0x06, 0x00, 0x00, 0x44, 0x06, 0x00, 0x00, 0x0c, 0x00, 0x08, 0x00, // ....E...D.......
	0x07, 0x00, 0x00, 0x00, 0x46, 0x06, 0x00, 0x00, 0x01, 0x00, 0x00, 0x00, 0x2b, 0x00, 0x00, 0x00, // ....F.......+...
	0x45, 0x06, 0x00, 0x00, 0xe9, 0x02, 0x00, 0x00, 0x95, 0x02, 0x00, 0x00, 0x4f, 0x00, 0x07, 0x00, // E...........O...
	0x0b, 0x00, 0x00, 0x00, 0x48, 0x06, 0x00, 0x00, 0x2a, 0x06, 0x00, 0x00, 0x2a, 0x06, 0x00, 0x00, // ....H...*...*...
	0x00, 0x00, 0x00, 0x00, 0x02, 0x00, 0x00, 0x00, 0x0c, 0x00, 0x07, 0x00, 0x07, 0x00, 0x00, 0x00, // ................
	0x4a, 0x06, 0x00, 0x00, 0x01, 0x00, 0x00, 0x00, 0x28, 0x00, 0x00, 0x00, 0x19, 0x06, 0x00, 0x00, // J.......(.......
	0xc8, 0x00, 0x00, 0x00, 0x88, 0x00, 0x05, 0x00, 0x07, 0x00, 0x00, 0x00, 0x4b, 0x06, 0x00, 0x00, // ............K...
	0xe9, 0x02, 0x00, 0x00, 0x4a, 0x06, 0x00, 0x00, 0x81, 0x00, 0x05, 0x00, 0x07, 0x00, 0x00, 0x00, // ....J...........
	0x4c, 0x06, 0x00, 0x00, 0xee, 0x02, 0x00, 0x00, 0x4b, 0x06, 0x00, 0x00, 0x8e, 0x00, 0x05, 0x00, // L.......K.......
	0x0b, 0x00, 0x00, 0x00, 0x4d, 0x06, 0x00, 0x00, 0x48, 0x06, 0x00, 0x00, 0x4c, 0x06, 0x00, 0x00, // ....M...H...L...
	0x8e, 0x00, 0x05, 0x00, 0x0b, 0x00, 0x00, 0x00, 0x4f, 0x06, 0x00, 0x00, 0x4d, 0x06, 0x00, 0x00, // ........O...M...
	0x46, 0x06, 0x00, 0x00, 0x4f, 0x00, 0x07, 0x00, 0x0b, 0x00, 0x00, 0x00, 0x51, 0x06, 0x00, 0x00, // F...O.......Q...
	0x3a, 0x05, 0x00, 0x00, 0x3a, 0x05, 0x00, 0x00, 0x00, 0x00, 0x00, 0x00, 0x01, 0x00, 0x00, 0x00, // :...:...........
	0x51, 0x00, 0x05, 0x00, 0x07, 0x00, 0x00, 0x00, 0x53, 0x06, 0x00, 0x00, 0x3a, 0x05, 0x00, 0x00, // Q.......S...:...
	0x03, 0x00, 0x00, 0x00, 0x0c, 0x00, 0x07, 0x00, 0x07, 0x00, 0x00, 0x00, 0x54, 0x06, 0x00, 0x00, // ............T...
	0x01, 0x00, 0x00, 0x00, 0x28, 0x00, 0x00, 0x00, 0x53, 0x06, 0x00, 0x00, 0x06, 0x02, 0x00, 0x00, // ....(...S.......
	0x50, 0x00, 0x05, 0x00, 0x0b, 0x00, 0x00, 0x00, 0x55, 0x06, 0x00, 0x00, 0x54, 0x06, 0x00, 0x00, // P.......U...T...
	0x54, 0x06, 0x00, 0x00, 0x88, 0x00, 0x05, 0x00, 0x0b, 0x00, 0x00, 0x00, 0x56, 0x06, 0x00, 0x00, // T...........V...
	0x51, 0x06, 0x00, 0x00, 0x55, 0x06, 0x00, 0x00, 0x51, 0x00, 0x05, 0x00, 0x07, 0x00, 0x00, 0x00, // Q...U...Q.......
	0x58, 0x06, 0x00, 0x00, 0x56, 0x06, 0x00, 0x00, 0x00, 0x00, 0x00, 0x00, 0x85, 0x00, 0x05, 0x00, // X...V...........
	0x07, 0x00, 0x00, 0x00, 0x59, 0x06, 0x00, 0x00, 0x58, 0x06, 0x00, 0x00, 0x23, 0x01, 0x00, 0x00, // ....Y...X...#...
	0x81, 0x00, 0x05, 0x00, 0x07, 0x00, 0x00, 0x00, 0x5a, 0x06, 0x00, 0x00, 0x59, 0x06, 0x00, 0x00, // ........Z...Y...
	0x23, 0x01, 0x00, 0x00, 0x51, 0x00, 0x05, 0x00, 0x07, 0x00, 0x00, 0x00, 0x5c, 0x06, 0x00, 0x00, // #...Q...........
	0x56, 0x06, 0x00, 0x00, 0x01, 0x00, 0x00, 0x00, 0x85, 0x00, 0x05, 0x00, 0x07, 0x00, 0x00, 0x00, // V...............
	0x5d, 0x06, 0x00, 0x00, 0x5c, 0x06, 0x00, 0x00, 0x23, 0x01, 0x00, 0x00, 0x83, 0x00, 0x05, 0x00, // ].......#.......
	0x07, 0x00, 0x00, 0x00, 0x5e, 0x06, 0x00, 0x00, 0x23, 0x01, 0x00, 0x00, 0x5d, 0x06, 0x00, 0x00, // ....^...#...]...
	0x50, 0x00, 0x05, 0x00, 0x0b, 0x00, 0x00, 0x00, 0x5f, 0x06, 0x00, 0x00, 0x5a, 0x06, 0x00, 0x00, // P......._...Z...
	0x5e, 0x06, 0x00, 0x00, 0x51, 0x00, 0x05, 0x00, 0x07, 0x00, 0x00, 0x00, 0x61, 0x06, 0x00, 0x00, // ^...Q.......a...
	0x37, 0x05, 0x00, 0x00, 0x02, 0x00, 0x00, 0x00, 0x41, 0x00, 0x06, 0x00, 0xf8, 0x00, 0x00, 0x00, // 7.......A.......
	0x9b, 0x0c, 0x00, 0x00, 0xf6, 0x00, 0x00, 0x00, 0x03, 0x02, 0x00, 0x00, 0xd2, 0x00, 0x00, 0x00, // ................
	0x3d, 0x00, 0x04, 0x00, 0x07, 0x00, 0x00, 0x00, 0x9c, 0x0c, 0x00, 0x00, 0x9b, 0x0c, 0x00, 0x00, // =...............
	0x0c, 0x00, 0x07, 0x00, 0x07, 0x00, 0x00, 0x00, 0x9d, 0x0c, 0x00, 0x00, 0x01, 0x00, 0x00, 0x00, // ................
	0x28, 0x00, 0x00, 0x00, 0x9c, 0x0c, 0x00, 0x00, 0x06, 0x02, 0x00, 0x00, 0x41, 0x00, 0x06, 0x00, // (...........A...
	0xf8, 0x00, 0x00, 0x00, 0x9e, 0x0c, 0x00, 0x00, 0xf6, 0x00, 0x00, 0x00, 0x03, 0x02, 0x00, 0x00, // ................
	0xe9, 0x00, 0x00, 0x00, 0x3d, 0x00, 0x04, 0x00, 0x07, 0x00, 0x00, 0x00, 0x9f, 0x0c, 0x00, 0x00, // ....=...........
	0x9e, 0x0c, 0x00, 0x00, 0x81, 0x00, 0x05, 0x00, 0x07, 0x00, 0x00, 0x00, 0xa1, 0x0c, 0x00, 0x00, // ................
	0x9d, 0x0c, 0x00, 0x00, 0x06, 0x02, 0x00, 0x00, 0x0c, 0x00, 0x07, 0x00, 0x07, 0x00, 0x00, 0x00, // ................
	0xa2, 0x0c, 0x00, 0x00, 0x01, 0x00, 0x00, 0x00, 0x28, 0x00, 0x00, 0x00, 0x9f, 0x0c, 0x00, 0x00, // ........(.......
	0xa1, 0x0c, 0x00, 0x00, 0x0c, 0x00, 0x08, 0x00, 0x07, 0x00, 0x00, 0x00, 0xa4, 0x0c, 0x00, 0x00, // ................
	0x01, 0x00, 0x00, 0x00, 0x2b, 0x00, 0x00, 0x00, 0x61, 0x06, 0x00, 0x00, 0xc9, 0x00, 0x00, 0x00, // ....+...a.......
	0xc8, 0x00, 0x00, 0x00, 0x85, 0x00, 0x05, 0x00, 0x07, 0x00, 0x00, 0x00, 0xa7, 0x0c, 0x00, 0x00, // ................
	0x9d, 0x0c, 0x00, 0x00, 0xa2, 0x0c, 0x00, 0x00, 0x83, 0x00, 0x05, 0x00, 0x07, 0x00, 0x00, 0x00, // ................
	0xac, 0x0c, 0x00, 0x00, 0xa2, 0x0c, 0x00, 0x00, 0x9d, 0x0c, 0x00, 0x00, 0x85, 0x00, 0x05, 0x00, // ................
	0x07, 0x00, 0x00, 0x00, 0xad, 0x0c, 0x00, 0x00, 0xa4, 0x0c, 0x00, 0x00, 0xac, 0x0c, 0x00, 0x00, // ................
	0x83, 0x00, 0x05, 0x00, 0x07, 0x00, 0x00, 0x00, 0xae, 0x0c, 0x00, 0x00, 0xa2, 0x0c, 0x00, 0x00, // ................
	0xad, 0x0c, 0x00, 0x00, 0x0c, 0x00, 0x07, 0x00, 0x07, 0x00, 0x00, 0x00, 0xaf, 0x0c, 0x00, 0x00, // ................
	0x01, 0x00, 0x00, 0x00, 0x28, 0x00, 0x00, 0x00, 0xae, 0x0c, 0x00, 0x00, 0x06, 0x02, 0x00, 0x00, // ....(...........
	0x88, 0x00, 0x05, 0x00, 0x07, 0x00, 0x00, 0x00, 0xb0, 0x0c, 0x00, 0x00, 0xa7, 0x0c, 0x00, 0x00, // ................
	0xaf, 0x0c, 0x00, 0x00, 0x41, 0x00, 0x06, 0x00, 0xf8, 0x00, 0x00, 0x00, 0x63, 0x06, 0x00, 0x00, // ....A.......c...
	0xf6, 0x00, 0x00, 0x00, 0x10, 0x03, 0x00, 0x00, 0xc9, 0x01, 0x00, 0x00, 0x3d, 0x00, 0x04, 0x00, // ............=...
	0x07, 0x00, 0x00, 0x00, 0x64, 0x06, 0x00, 0x00, 0x63, 0x06, 0x00, 0x00, 0x41, 0x00, 0x06, 0x00, // ....d...c...A...
	0xf8, 0x00, 0x00, 0x00, 0x65, 0x06, 0x00, 0x00, 0xf6, 0x00, 0x00, 0x00, 0x03, 0x02, 0x00, 0x00, // ....e...........
	0xc9, 0x01, 0x00, 0x00, 0x3d, 0x00, 0x04, 0x00, 0x07, 0x00, 0x00, 0x00, 0x66, 0x06, 0x00, 0x00, // ....=.......f...
	0x65, 0x06, 0x00, 0x00, 0xba, 0x00, 0x05, 0x00, 0xa9, 0x01, 0x00, 0x00, 0x67, 0x06, 0x00, 0x00, // e...........g...
	0x66, 0x06, 0x00, 0x00, 0x23, 0x01, 0x00, 0x00, 0xf7, 0x00, 0x03, 0x00, 0x00, 0x07, 0x00, 0x00, // f...#...........
	0x00, 0x00, 0x00, 0x00, 0xfa, 0x00, 0x04, 0x00, 0x67, 0x06, 0x00, 0x00, 0x68, 0x06, 0x00, 0x00, // ........g...h...
	0x00, 0x07, 0x00, 0x00, 0xf8, 0x00, 0x02, 0x00, 0x68, 0x06, 0x00, 0x00, 0x41, 0x00, 0x05, 0x00, // ........h...A...
	0xbf, 0x01, 0x00, 0x00, 0x69, 0x06, 0x00, 0x00, 0xf6, 0x00, 0x00, 0x00, 0x7d, 0x00, 0x00, 0x00, // ....i.......}...
	0x3d, 0x00, 0x04, 0x00, 0x0d, 0x00, 0x00, 0x00, 0x6a, 0x06, 0x00, 0x00, 0x69, 0x06, 0x00, 0x00, // =.......j...i...
	0x4f, 0x00, 0x07, 0x00, 0x0b, 0x00, 0x00, 0x00, 0x6b, 0x06, 0x00, 0x00, 0x6a, 0x06, 0x00, 0x00, // O.......k...j...
	0x6a, 0x06, 0x00, 0x00, 0x00, 0x00, 0x00, 0x00, 0x01, 0x00, 0x00, 0x00, 0x8e, 0x00, 0x05, 0x00, // j...............
	0x0b, 0x00, 0x00, 0x00, 0x6c, 0x06, 0x00, 0x00, 0x6b, 0x06, 0x00, 0x00, 0x95, 0x02, 0x00, 0x00, // ....l...k.......
	0x56, 0x00, 0x05, 0x00, 0x81, 0x00, 0x00, 0x00, 0xb7, 0x0c, 0x00, 0x00, 0x6a, 0x00, 0x00, 0x00, // V...........j...
	0x68, 0x00, 0x00, 0x00, 0x57, 0x00, 0x05, 0x00, 0x0d, 0x00, 0x00, 0x00, 0xb9, 0x0c, 0x00, 0x00, // h...W...........
	0xb7, 0x0c, 0x00, 0x00, 0x5f, 0x06, 0x00, 0x00, 0x51, 0x00, 0x05, 0x00, 0x07, 0x00, 0x00, 0x00, // ...._...Q.......
	0x70, 0x06, 0x00, 0x00, 0xb9, 0x0c, 0x00, 0x00, 0x00, 0x00, 0x00, 0x00, 0x0c, 0x00, 0x08, 0x00, // p...............
	0x07, 0x00, 0x00, 0x00, 0xc8, 0x0c, 0x00, 0x00, 0x01, 0x00, 0x00, 0x00, 0x2b, 0x00, 0x00, 0x00, // ............+...
	0x70, 0x06, 0x00, 0x00, 0xc9, 0x00, 0x00, 0x00, 0xc8, 0x00, 0x00, 0x00, 0x85, 0x00, 0x05, 0x00, // p...............
	0x07, 0x00, 0x00, 0x00, 0xd1, 0x0c, 0x00, 0x00, 0xc8, 0x0c, 0x00, 0x00, 0xac, 0x0c, 0x00, 0x00, // ................
	0x83, 0x00, 0x05, 0x00, 0x07, 0x00, 0x00, 0x00, 0xd2, 0x0c, 0x00, 0x00, 0xa2, 0x0c, 0x00, 0x00, // ................
	0xd1, 0x0c, 0x00, 0x00, 0x0c, 0x00, 0x07, 0x00, 0x07, 0x00, 0x00, 0x00, 0xd3, 0x0c, 0x00, 0x00, // ................
	0x01, 0x00, 0x00, 0x00, 0x28, 0x00, 0x00, 0x00, 0xd2, 0x0c, 0x00, 0x00, 0x06, 0x02, 0x00, 0x00, // ....(...........
	0x88, 0x00, 0x05, 0x00, 0x07, 0x00, 0x00, 0x00, 0xd4, 0x0c, 0x00, 0x00, 0xa7, 0x0c, 0x00, 0x00, // ................
	0xd3, 0x0c, 0x00, 0x00, 0x51, 0x00, 0x05, 0x00, 0x07, 0x00, 0x00, 0x00, 0x74, 0x06, 0x00, 0x00, // ....Q.......t...
	0x6c, 0x06, 0x00, 0x00, 0x00, 0x00, 0x00, 0x00, 0x50, 0x00, 0x05, 0x00, 0x0b, 0x00, 0x00, 0x00, // l.......P.......
	0x75, 0x06, 0x00, 0x00, 0x74, 0x06, 0x00, 0x00, 0xc9, 0x00, 0x00, 0x00, 0x81, 0x00, 0x05, 0x00, // u...t...........
	0x0b, 0x00, 0x00, 0x00, 0x76, 0x06, 0x00, 0x00, 0x5f, 0x06, 0x00, 0x00, 0x75, 0x06, 0x00, 0x00, // ....v..._...u...
	0x56, 0x00, 0x05, 0x00, 0x81, 0x00, 0x00, 0x00, 0xdb, 0x0c, 0x00, 0x00, 0x6a, 0x00, 0x00, 0x00, // V...........j...
	0x68, 0x00, 0x00, 0x00, 0x57, 0x00, 0x05, 0x00, 0x0d, 0x00, 0x00, 0x00, 0xdd, 0x0c, 0x00, 0x00, // h...W...........
	0xdb, 0x0c, 0x00, 0x00, 0x76, 0x06, 0x00, 0x00, 0x51, 0x00, 0x05, 0x00, 0x07, 0x00, 0x00, 0x00, // ....v...Q.......
	0x79, 0x06, 0x00, 0x00, 0xdd, 0x0c, 0x00, 0x00, 0x00, 0x00, 0x00, 0x00, 0x0c, 0x00, 0x08, 0x00, // y...............
	0x07, 0x00, 0x00, 0x00, 0xec, 0x0c, 0x00, 0x00, 0x01, 0x00, 0x00, 0x00, 0x2b, 0x00, 0x00, 0x00, // ............+...
	0x79, 0x06, 0x00, 0x00, 0xc9, 0x00, 0x00, 0x00, 0xc8, 0x00, 0x00, 0x00, 0x85, 0x00, 0x05, 0x00, // y...............
	0x07, 0x00, 0x00, 0x00, 0xf5, 0x0c, 0x00, 0x00, 0xec, 0x0c, 0x00, 0x00, 0xac, 0x0c, 0x00, 0x00, // ................
	0x83, 0x00, 0x05, 0x00, 0x07, 0x00, 0x00, 0x00, 0xf6, 0x0c, 0x00, 0x00, 0xa2, 0x0c, 0x00, 0x00, // ................
	0xf5, 0x0c, 0x00, 0x00, 0x0c, 0x00, 0x07, 0x00, 0x07, 0x00, 0x00, 0x00, 0xf7, 0x0c, 0x00, 0x00, // ................
	0x01, 0x00, 0x00, 0x00, 0x28, 0x00, 0x00, 0x00, 0xf6, 0x0c, 0x00, 0x00, 0x06, 0x02, 0x00, 0x00, // ....(...........
	0x88, 0x00, 0x05, 0x00, 0x07, 0x00, 0x00, 0x00, 0xf8, 0x0c, 0x00, 0x00, 0xa7, 0x0c, 0x00, 0x00, // ................
	0xf7, 0x0c, 0x00, 0x00, 0x81, 0x00, 0x05, 0x00, 0x07, 0x00, 0x00, 0x00, 0x7b, 0x06, 0x00, 0x00, // ............{...
	0xd4, 0x0c, 0x00, 0x00, 0xf8, 0x0c, 0x00, 0x00, 0x83, 0x00, 0x05, 0x00, 0x0b, 0x00, 0x00, 0x00, // ................
	0x80, 0x06, 0x00, 0x00, 0x5f, 0x06, 0x00, 0x00, 0x75, 0x06, 0x00, 0x00, 0x56, 0x00, 0x05, 0x00, // ...._...u...V...
	0x81, 0x00, 0x00, 0x00, 0xff, 0x0c, 0x00, 0x00, 0x6a, 0x00, 0x00, 0x00, 0x68, 0x00, 0x00, 0x00, // ........j...h...
	0x57, 0x00, 0x05, 0x00, 0x0d, 0x00, 0x00, 0x00, 0x01, 0x0d, 0x00, 0x00, 0xff, 0x0c, 0x00, 0x00, // W...............
	0x80, 0x06, 0x00, 0x00, 0x51, 0x00, 0x05, 0x00, 0x07, 0x00, 0x00, 0x00, 0x83, 0x06, 0x00, 0x00, // ....Q...........
	0x01, 0x0d, 0x00, 0x00, 0x00, 0x00, 0x00, 0x00, 0x0c, 0x00, 0x08, 0x00, 0x07, 0x00, 0x00, 0x00, // ................
	0x10, 0x0d, 0x00, 0x00, 0x01, 0x00, 0x00, 0x00, 0x2b, 0x00, 0x00, 0x00, 0x83, 0x06, 0x00, 0x00, // ........+.......
	0xc9, 0x00, 0x00, 0x00, 0xc8, 0x00, 0x00, 0x00, 0x85, 0x00, 0x05, 0x00, 0x07, 0x00, 0x00, 0x00, // ................
	0x19, 0x0d, 0x00, 0x00, 0x10, 0x0d, 0x00, 0x00, 0xac, 0x0c, 0x00, 0x00, 0x83, 0x00, 0x05, 0x00, // ................
	0x07, 0x00, 0x00, 0x00, 0x1a, 0x0d, 0x00, 0x00, 0xa2, 0x0c, 0x00, 0x00, 0x19, 0x0d, 0x00, 0x00, // ................
	0x0c, 0x00, 0x07, 0x00, 0x07, 0x00, 0x00, 0x00, 0x1b, 0x0d, 0x00, 0x00, 0x01, 0x00, 0x00, 0x00, // ................
	0x28, 0x00, 0x00, 0x00, 0x1a, 0x0d, 0x00, 0x00, 0x06, 0x02, 0x00, 0x00, 0x88, 0x00, 0x05, 0x00, // (...............
	0x07, 0x00, 0x00, 0x00, 0x1c, 0x0d, 0x00, 0x00, 0xa7, 0x0c, 0x00, 0x00, 0x1b, 0x0d, 0x00, 0x00, // ................
	0x81, 0x00, 0x05, 0x00, 0x07, 0x00, 0x00, 0x00, 0x85, 0x06, 0x00, 0x00, 0x7b, 0x06, 0x00, 0x00, // ............{...
	0x1c, 0x0d, 0x00, 0x00, 0x51, 0x00, 0x05, 0x00, 0x07, 0x00, 0x00, 0x00, 0x88, 0x06, 0x00, 0x00, // ....Q...........
	0x6c, 0x06, 0x00, 0x00, 0x01, 0x00, 0x00, 0x00, 0x50, 0x00, 0x05, 0x00, 0x0b, 0x00, 0x00, 0x00, // l.......P.......
	0x89, 0x06, 0x00, 0x00, 0xc9, 0x00, 0x00, 0x00, 0x88, 0x06, 0x00, 0x00, 0x81, 0x00, 0x05, 0x00, // ................
	0x0b, 0x00, 0x00, 0x00, 0x8a, 0x06, 0x00, 0x00, 0x5f, 0x06, 0x00, 0x00, 0x89, 0x06, 0x00, 0x00, // ........_.......
	0x56, 0x00, 0x05, 0x00, 0x81, 0x00, 0x00, 0x00, 0x23, 0x0d, 0x00, 0x00, 0x6a, 0x00, 0x00, 0x00, // V.......#...j...
	0x68, 0x00, 0x00, 0x00, 0x57, 0x00, 0x05, 0x00, 0x0d, 0x00, 0x00, 0x00, 0x25, 0x0d, 0x00, 0x00, // h...W.......%...
	0x23, 0x0d, 0x00, 0x00, 0x8a, 0x06, 0x00, 0x00, 0x51, 0x00, 0x05, 0x00, 0x07, 0x00, 0x00, 0x00, // #.......Q.......
	0x8d, 0x06, 0x00, 0x00, 0x25, 0x0d, 0x00, 0x00, 0x00, 0x00, 0x00, 0x00, 0x0c, 0x00, 0x08, 0x00, // ....%...........
	0x07, 0x00, 0x00, 0x00, 0x34, 0x0d, 0x00, 0x00, 0x01, 0x00, 0x00, 0x00, 0x2b, 0x00, 0x00, 0x00, // ....4.......+...
	0x8d, 0x06, 0x00, 0x00, 0xc9, 0x00, 0x00, 0x00, 0xc8, 0x00, 0x00, 0x00, 0x85, 0x00, 0x05, 0x00, // ................
	0x07, 0x00, 0x00, 0x00, 0x3d, 0x0d, 0x00, 0x00, 0x34, 0x0d, 0x00, 0x00, 0xac, 0x0c, 0x00, 0x00, // ....=...4.......
	0x83, 0x00, 0x05, 0x00, 0x07, 0x00, 0x00, 0x00, 0x3e, 0x0d, 0x00, 0x00, 0xa2, 0x0c, 0x00, 0x00, // ........>.......
	0x3d, 0x0d, 0x00, 0x00, 0x0c, 0x00, 0x07, 0x00, 0x07, 0x00, 0x00, 0x00, 0x3f, 0x0d, 0x00, 0x00, // =...........?...
	0x01, 0x00, 0x00, 0x00, 0x28, 0x00, 0x00, 0x00, 0x3e, 0x0d, 0x00, 0x00, 0x06, 0x02, 0x00, 0x00, // ....(...>.......
	0x88, 0x00, 0x05, 0x00, 0x07, 0x00, 0x00, 0x00, 0x40, 0x0d, 0x00, 0x00, 0xa7, 0x0c, 0x00, 0x00, // ........@.......
	0x3f, 0x0d, 0x00, 0x00, 0x81, 0x00, 0x05, 0x00, 0x07, 0x00, 0x00, 0x00, 0x8f, 0x06, 0x00, 0x00, // ?...............
	0x85, 0x06, 0x00, 0x00, 0x40, 0x0d, 0x00, 0x00, 0x83, 0x00, 0x05, 0x00, 0x0b, 0x00, 0x00, 0x00, // ....@...........
	0x94, 0x06, 0x00, 0x00, 0x5f, 0x06, 0x00, 0x00, 0x89, 0x06, 0x00, 0x00, 0x56, 0x00, 0x05, 0x00, // ...._.......V...
	0x81, 0x00, 0x00, 0x00, 0x47, 0x0d, 0x00, 0x00, 0x6a, 0x00, 0x00, 0x00, 0x68, 0x00, 0x00, 0x00, // ....G...j...h...
	0x57, 0x00, 0x05, 0x00, 0x0d, 0x00, 0x00, 0x00, 0x49, 0x0d, 0x00, 0x00, 0x47, 0x0d, 0x00, 0x00, // W.......I...G...
	0x94, 0x06, 0x00, 0x00, 0x51, 0x00, 0x05, 0x00, 0x07, 0x00, 0x00, 0x00, 0x97, 0x06, 0x00, 0x00, // ....Q...........
	0x49, 0x0d, 0x00, 0x00, 0x00, 0x00, 0x00, 0x00, 0x0c, 0x00, 0x08, 0x00, 0x07, 0x00, 0x00, 0x00, // I...............
	0x58, 0x0d, 0x00, 0x00, 0x01, 0x00, 0x00, 0x00, 0x2b, 0x00, 0x00, 0x00, 0x97, 0x06, 0x00, 0x00, // X.......+.......
	0xc9, 0x00, 0x00, 0x00, 0xc8, 0x00, 0x00, 0x00, 0x85, 0x00, 0x05, 0x00, 0x07, 0x00, 0x00, 0x00, // ................
	0x61, 0x0d, 0x00, 0x00, 0x58, 0x0d, 0x00, 0x00, 0xac, 0x0c, 0x00, 0x00, 0x83, 0x00, 0x05, 0x00, // a...X...........
	0x07, 0x00, 0x00, 0x00, 0x62, 0x0d, 0x00, 0x00, 0xa2, 0x0c, 0x00, 0x00, 0x61, 0x0d, 0x00, 0x00, // ....b.......a...
	0x0c, 0x00, 0x07, 0x00, 0x07, 0x00, 0x00, 0x00, 0x63, 0x0d, 0x00, 0x00, 0x01, 0x00, 0x00, 0x00, // ........c.......
	0x28, 0x00, 0x00, 0x00, 0x62, 0x0d, 0x00, 0x00, 0x06, 0x02, 0x00, 0x00, 0x88, 0x00, 0x05, 0x00, // (...b...........
	0x07, 0x00, 0x00, 0x00, 0x64, 0x0d, 0x00, 0x00, 0xa7, 0x0c, 0x00, 0x00, 0x63, 0x0d, 0x00, 0x00, // ....d.......c...
	0x81, 0x00, 0x05, 0x00, 0x07, 0x00, 0x00, 0x00, 0x99, 0x06, 0x00, 0x00, 0x8f, 0x06, 0x00, 0x00, // ................
	0x64, 0x0d, 0x00, 0x00, 0x85, 0x00, 0x05, 0x00, 0x07, 0x00, 0x00, 0x00, 0x9a, 0x06, 0x00, 0x00, // d...............
	0x99, 0x06, 0x00, 0x00, 0x5b, 0x03, 0x00, 0x00, 0x83, 0x00, 0x05, 0x00, 0x07, 0x00, 0x00, 0x00, // ....[...........
	0x9d, 0x06, 0x00, 0x00, 0x9a, 0x06, 0x00, 0x00, 0xb0, 0x0c, 0x00, 0x00, 0x0c, 0x00, 0x07, 0x00, // ................
	0x07, 0x00, 0x00, 0x00, 0xa0, 0x06, 0x00, 0x00, 0x01, 0x00, 0x00, 0x00, 0x28, 0x00, 0x00, 0x00, // ............(...
	0x64, 0x06, 0x00, 0x00, 0xcc, 0x01, 0x00, 0x00, 0x0c, 0x00, 0x08, 0x00, 0x07, 0x00, 0x00, 0x00, // d...............
	0xa1, 0x06, 0x00, 0x00, 0x01, 0x00, 0x00, 0x00, 0x2b, 0x00, 0x00, 0x00, 0x9d, 0x06, 0x00, 0x00, // ........+.......
	0xc9, 0x00, 0x00, 0x00, 0xa0, 0x06, 0x00, 0x00, 0x7f, 0x00, 0x04, 0x00, 0x1a, 0x00, 0x00, 0x00, // ................
	0xa3, 0x06, 0x00, 0x00, 0x31, 0x06, 0x00, 0x00, 0x0c, 0x00, 0x08, 0x00, 0x1a, 0x00, 0x00, 0x00, // ....1...........
	0xa5, 0x06, 0x00, 0x00, 0x01, 0x00, 0x00, 0x00, 0x48, 0x00, 0x00, 0x00, 0xa3, 0x06, 0x00, 0x00, // ........H.......
	0x2a, 0x06, 0x00, 0x00, 0x68, 0x03, 0x00, 0x00, 0x0c, 0x00, 0x08, 0x00, 0x07, 0x00, 0x00, 0x00, // *...h...........
	0xa7, 0x06, 0x00, 0x00, 0x01, 0x00, 0x00, 0x00, 0x2b, 0x00, 0x00, 0x00, 0xa1, 0x06, 0x00, 0x00, // ........+.......
	0xc9, 0x00, 0x00, 0x00, 0xbd, 0x00, 0x00, 0x00, 0x0c, 0x00, 0x07, 0x00, 0x07, 0x00, 0x00, 0x00, // ................
	0xa9, 0x06, 0x00, 0x00, 0x01, 0x00, 0x00, 0x00, 0x28, 0x00, 0x00, 0x00, 0x19, 0x06, 0x00, 0x00, // ........(.......
	0xbe, 0x00, 0x00, 0x00, 0x88, 0x00, 0x05, 0x00, 0x07, 0x00, 0x00, 0x00, 0xaa, 0x06, 0x00, 0x00, // ................
	0xa7, 0x06, 0x00, 0x00, 0xa9, 0x06, 0x00, 0x00, 0x85, 0x00, 0x05, 0x00, 0x07, 0x00, 0x00, 0x00, // ................
	0xab, 0x06, 0x00, 0x00, 0xaa, 0x06, 0x00, 0x00, 0xbe, 0x00, 0x00, 0x00, 0x83, 0x00, 0x05, 0x00, // ................
	0x0b, 0x00, 0x00, 0x00, 0xaf, 0x06, 0x00, 0x00, 0xdc, 0x00, 0x00, 0x00, 0x5f, 0x06, 0x00, 0x00, // ............_...
	0x0c, 0x00, 0x07, 0x00, 0x0b, 0x00, 0x00, 0x00, 0xb0, 0x06, 0x00, 0x00, 0x01, 0x00, 0x00, 0x00, // ................
	0x25, 0x00, 0x00, 0x00, 0x5f, 0x06, 0x00, 0x00, 0xaf, 0x06, 0x00, 0x00, 0x51, 0x00, 0x05, 0x00, // %..._.......Q...
	0x07, 0x00, 0x00, 0x00, 0xb2, 0x06, 0x00, 0x00, 0xb0, 0x06, 0x00, 0x00, 0x00, 0x00, 0x00, 0x00, // ................
	0x51, 0x00, 0x05, 0x00, 0x07, 0x00, 0x00, 0x00, 0xb4, 0x06, 0x00, 0x00, 0xb0, 0x06, 0x00, 0x00, // Q...............
	0x01, 0x00, 0x00, 0x00, 0x0c, 0x00, 0x07, 0x00, 0x07, 0x00, 0x00, 0x00, 0xb5, 0x06, 0x00, 0x00, // ................
	0x01, 0x00, 0x00, 0x00, 0x25, 0x00, 0x00, 0x00, 0xb2, 0x06, 0x00, 0x00, 0xb4, 0x06, 0x00, 0x00, // ....%...........
	0x0c, 0x00, 0x08, 0x00, 0x07, 0x00, 0x00, 0x00, 0xb6, 0x06, 0x00, 0x00, 0x01, 0x00, 0x00, 0x00, // ................
	0x31, 0x00, 0x00, 0x00, 0xc9, 0x00, 0x00, 0x00, 0xce, 0x02, 0x00, 0x00, 0xb5, 0x06, 0x00, 0x00, // 1...............
	0x4f, 0x00, 0x07, 0x00, 0x0b, 0x00, 0x00, 0x00, 0xb9, 0x06, 0x00, 0x00, 0xa5, 0x06, 0x00, 0x00, // O...............
	0xa5, 0x06, 0x00, 0x00, 0x00, 0x00, 0x00, 0x00, 0x02, 0x00, 0x00, 0x00, 0x8e, 0x00, 0x05, 0x00, // ................
	0x0b, 0x00, 0x00, 0x00, 0xbb, 0x06, 0x00, 0x00, 0xb9, 0x06, 0x00, 0x00, 0xab, 0x06, 0x00, 0x00, // ................
	0x8e, 0x00, 0x05, 0x00, 0x0b, 0x00, 0x00, 0x00, 0xbc, 0x06, 0x00, 0x00, 0xbb, 0x06, 0x00, 0x00, // ................
	0x85, 0x03, 0x00, 0x00, 0x81, 0x00, 0x05, 0x00, 0x0b, 0x00, 0x00, 0x00, 0xbe, 0x06, 0x00, 0x00, // ................
	0xbc, 0x06, 0x00, 0x00, 0x4f, 0x06, 0x00, 0x00, 0x41, 0x00, 0x06, 0x00, 0xf8, 0x00, 0x00, 0x00, // ....O...A.......
	0xbf, 0x06, 0x00, 0x00, 0xf6, 0x00, 0x00, 0x00, 0x79, 0x00, 0x00, 0x00, 0xc9, 0x01, 0x00, 0x00, // ........y.......
	0x3d, 0x00, 0x04, 0x00, 0x07, 0x00, 0x00, 0x00, 0xc0, 0x06, 0x00, 0x00, 0xbf, 0x06, 0x00, 0x00, // =...............
	0x8e, 0x00, 0x05, 0x00, 0x0b, 0x00, 0x00, 0x00, 0xc1, 0x06, 0x00, 0x00, 0xbe, 0x06, 0x00, 0x00, // ................
	0xc0, 0x06, 0x00, 0x00, 0x8e, 0x00, 0x05, 0x00, 0x0b, 0x00, 0x00, 0x00, 0xc3, 0x06, 0x00, 0x00, // ................
	0xc1, 0x06, 0x00, 0x00, 0xb6, 0x06, 0x00, 0x00, 0x81, 0x00, 0x05, 0x00, 0x0b, 0x00, 0x00, 0x00, // ................
	0xc4, 0x06, 0x00, 0x00, 0x5f, 0x06, 0x00, 0x00, 0xc3, 0x06, 0x00, 0x00, 0x0c, 0x00, 0x08, 0x00, // ...._...........
	0x0b, 0x00, 0x00, 0x00, 0xc7, 0x06, 0x00, 0x00, 0x01, 0x00, 0x00, 0x00, 0x2b, 0x00, 0x00, 0x00, // ............+...
	0xc4, 0x06, 0x00, 0x00, 0x3b, 0x0f, 0x00, 0x00, 0x3c, 0x0f, 0x00, 0x00, 0x56, 0x00, 0x05, 0x00, // ....;...<...V...
	0x81, 0x00, 0x00, 0x00, 0x77, 0x0d, 0x00, 0x00, 0x6a, 0x00, 0x00, 0x00, 0x68, 0x00, 0x00, 0x00, // ....w...j...h...
	0x57, 0x00, 0x05, 0x00, 0x0d, 0x00, 0x00, 0x00, 0x79, 0x0d, 0x00, 0x00, 0x77, 0x0d, 0x00, 0x00, // W.......y...w...
	0xc7, 0x06, 0x00, 0x00, 0x51, 0x00, 0x05, 0x00, 0x07, 0x00, 0x00, 0x00, 0xcb, 0x06, 0x00, 0x00, // ....Q...........
	0x79, 0x0d, 0x00, 0x00, 0x00, 0x00, 0x00, 0x00, 0x0c, 0x00, 0x08, 0x00, 0x07, 0x00, 0x00, 0x00, // y...............
	0x88, 0x0d, 0x00, 0x00, 0x01, 0x00, 0x00, 0x00, 0x2b, 0x00, 0x00, 0x00, 0xcb, 0x06, 0x00, 0x00, // ........+.......
	0xc9, 0x00, 0x00, 0x00, 0xc8, 0x00, 0x00, 0x00, 0x85, 0x00, 0x05, 0x00, 0x07, 0x00, 0x00, 0x00, // ................
	0x91, 0x0d, 0x00, 0x00, 0x88, 0x0d, 0x00, 0x00, 0xac, 0x0c, 0x00, 0x00, 0x83, 0x00, 0x05, 0x00, // ................
	0x07, 0x00, 0x00, 0x00, 0x92, 0x0d, 0x00, 0x00, 0xa2, 0x0c, 0x00, 0x00, 0x91, 0x0d, 0x00, 0x00, // ................
	0x0c, 0x00, 0x07, 0x00, 0x07, 0x00, 0x00, 0x00, 0x93, 0x0d, 0x00, 0x00, 0x01, 0x00, 0x00, 0x00, // ................
	0x28, 0x00, 0x00, 0x00, 0x92, 0x0d, 0x00, 0x00, 0x06, 0x02, 0x00, 0x00, 0x88, 0x00, 0x05, 0x00, // (...............
	0x07, 0x00, 0x00, 0x00, 0x94, 0x0d, 0x00, 0x00, 0xa7, 0x0c, 0x00, 0x00, 0x93, 0x0d, 0x00, 0x00, // ................
	0x83, 0x00, 0x05, 0x00, 0x07, 0x00, 0x00, 0x00, 0xcf, 0x06, 0x00, 0x00, 0xb0, 0x0c, 0x00, 0x00, // ................
	0xe9, 0x02, 0x00, 0x00, 0xb8, 0x00, 0x05, 0x00, 0xa9, 0x01, 0x00, 0x00, 0xd0, 0x06, 0x00, 0x00, // ................
	0x94, 0x0d, 0x00, 0x00, 0xcf, 0x06, 0x00, 0x00, 0x50, 0x00, 0x05, 0x00, 0xa5, 0x03, 0x00, 0x00, // ........P.......
	0xd3, 0x06, 0x00, 0x00, 0xd0, 0x06, 0x00, 0x00, 0xd0, 0x06, 0x00, 0x00, 0xa9, 0x00, 0x06, 0x00, // ................
	0x0b, 0x00, 0x00, 0x00, 0xd4, 0x06, 0x00, 0x00, 0xd3, 0x06, 0x00, 0x00, 0x5f, 0x06, 0x00, 0x00, // ............_...
	0xc7, 0x06, 0x00, 0x00, 0x85, 0x00, 0x05, 0x00, 0x0b, 0x00, 0x00, 0x00, 0xda, 0x06, 0x00, 0x00, // ................
	0xaf, 0x03, 0x00, 0x00, 0x6b, 0x06, 0x00, 0x00, 0x81, 0x00, 0x05, 0x00, 0x0b, 0x00, 0x00, 0x00, // ....k...........
	0xdb, 0x06, 0x00, 0x00, 0xd4, 0x06, 0x00, 0x00, 0xda, 0x06, 0x00, 0x00, 0x56, 0x00, 0x05, 0x00, // ............V...
	0x81, 0x00, 0x00, 0x00, 0x9b, 0x0d, 0x00, 0x00, 0x64, 0x00, 0x00, 0x00, 0x61, 0x00, 0x00, 0x00, // ........d...a...
	0x57, 0x00, 0x05, 0x00, 0x0d, 0x00, 0x00, 0x00, 0x9d, 0x0d, 0x00, 0x00, 0x9b, 0x0d, 0x00, 0x00, // W...............
	0xdb, 0x06, 0x00, 0x00, 0x4f, 0x00, 0x08, 0x00, 0x1a, 0x00, 0x00, 0x00, 0xde, 0x06, 0x00, 0x00, // ....O...........
	0x9d, 0x0d, 0x00, 0x00, 0x9d, 0x0d, 0x00, 0x00, 0x00, 0x00, 0x00, 0x00, 0x01, 0x00, 0x00, 0x00, // ................
	0x02, 0x00, 0x00, 0x00, 0x85, 0x00, 0x05, 0x00, 0x0b, 0x00, 0x00, 0x00, 0xe1, 0x06, 0x00, 0x00, // ................
	0xba, 0x03, 0x00, 0x00, 0x6b, 0x06, 0x00, 0x00, 0x81, 0x00, 0x05, 0x00, 0x0b, 0x00, 0x00, 0x00, // ....k...........
	0xe2, 0x06, 0x00, 0x00, 0xd4, 0x06, 0x00, 0x00, 0xe1, 0x06, 0x00, 0x00, 0x56, 0x00, 0x05, 0x00, // ............V...
	0x81, 0x00, 0x00, 0x00, 0xa4, 0x0d, 0x00, 0x00, 0x64, 0x00, 0x00, 0x00, 0x61, 0x00, 0x00, 0x00, // ........d...a...
	0x57, 0x00, 0x05, 0x00, 0x0d, 0x00, 0x00, 0x00, 0xa6, 0x0d, 0x00, 0x00, 0xa4, 0x0d, 0x00, 0x00, // W...............
	0xe2, 0x06, 0x00, 0x00, 0x4f, 0x00, 0x08, 0x00, 0x1a, 0x00, 0x00, 0x00, 0xe5, 0x06, 0x00, 0x00, // ....O...........
	0xa6, 0x0d, 0x00, 0x00, 0xa6, 0x0d, 0x00, 0x00, 0x00, 0x00, 0x00, 0x00, 0x01, 0x00, 0x00, 0x00, // ................
	0x02, 0x00, 0x00, 0x00, 0x81, 0x00, 0x05, 0x00, 0x1a, 0x00, 0x00, 0x00, 0xe6, 0x06, 0x00, 0x00, // ................
	0xde, 0x06, 0x00, 0x00, 0xe5, 0x06, 0x00, 0x00, 0x85, 0x00, 0x05, 0x00, 0x0b, 0x00, 0x00, 0x00, // ................
	0xe9, 0x06, 0x00, 0x00, 0xc5, 0x03, 0x00, 0x00, 0x6b, 0x06, 0x00, 0x00, 0x81, 0x00, 0x05, 0x00, // ........k.......
	0x0b, 0x00, 0x00, 0x00, 0xea, 0x06, 0x00, 0x00, 0xd4, 0x06, 0x00, 0x00, 0xe9, 0x06, 0x00, 0x00, // ................
	0x56, 0x00, 0x05, 0x00, 0x81, 0x00, 0x00, 0x00, 0xad, 0x0d, 0x00, 0x00, 0x64, 0x00, 0x00, 0x00, // V...........d...
	0x61, 0x00, 0x00, 0x00, 0x57, 0x00, 0x05, 0x00, 0x0d, 0x00, 0x00, 0x00, 0xaf, 0x0d, 0x00, 0x00, // a...W...........
	0xad, 0x0d, 0x00, 0x00, 0xea, 0x06, 0x00, 0x00, 0x4f, 0x00, 0x08, 0x00, 0x1a, 0x00, 0x00, 0x00, // ........O.......
	0xed, 0x06, 0x00, 0x00, 0xaf, 0x0d, 0x00, 0x00, 0xaf, 0x0d, 0x00, 0x00, 0x00, 0x00, 0x00, 0x00, // ................
	0x01, 0x00, 0x00, 0x00, 0x02, 0x00, 0x00, 0x00, 0x81, 0x00, 0x05, 0x00, 0x1a, 0x00, 0x00, 0x00, // ................
	0xee, 0x06, 0x00, 0x00, 0xe6, 0x06, 0x00, 0x00, 0xed, 0x06, 0x00, 0x00, 0x85, 0x00, 0x05, 0x00, // ................
	0x0b, 0x00, 0x00, 0x00, 0xf1, 0x06, 0x00, 0x00, 0xd0, 0x03, 0x00, 0x00, 0x6b, 0x06, 0x00, 0x00, // ............k...
	0x81, 0x00, 0x05, 0x00, 0x0b, 0x00, 0x00, 0x00, 0xf2, 0x06, 0x00, 0x00, 0xd4, 0x06, 0x00, 0x00, // ................
	0xf1, 0x06, 0x00, 0x00, 0x56, 0x00, 0x05, 0x00, 0x81, 0x00, 0x00, 0x00, 0xb6, 0x0d, 0x00, 0x00, // ....V...........
	0x64, 0x00, 0x00, 0x00, 0x61, 0x00, 0x00, 0x00, 0x57, 0x00, 0x05, 0x00, 0x0d, 0x00, 0x00, 0x00, // d...a...W.......
	0xb8, 0x0d, 0x00, 0x00, 0xb6, 0x0d, 0x00, 0x00, 0xf2, 0x06, 0x00, 0x00, 0x4f, 0x00, 0x08, 0x00, // ............O...
	0x1a, 0x00, 0x00, 0x00, 0xf5, 0x06, 0x00, 0x00, 0xb8, 0x0d, 0x00, 0x00, 0xb8, 0x0d, 0x00, 0x00, // ................
	0x00, 0x00, 0x00, 0x00, 0x01, 0x00, 0x00, 0x00, 0x02, 0x00, 0x00, 0x00, 0x81, 0x00, 0x05, 0x00, // ................
	0x1a, 0x00, 0x00, 0x00, 0xf6, 0x06, 0x00, 0x00, 0xee, 0x06, 0x00, 0x00, 0xf5, 0x06, 0x00, 0x00, // ................
	0x8e, 0x00, 0x05, 0x00, 0x1a, 0x00, 0x00, 0x00, 0xf7, 0x06, 0x00, 0x00, 0xf6, 0x06, 0x00, 0x00, // ................
	0xb9, 0x03, 0x00, 0x00, 0x85, 0x00, 0x05, 0x00, 0x07, 0x00, 0x00, 0x00, 0xfa, 0x06, 0x00, 0x00, // ................
	0x45, 0x06, 0x00, 0x00, 0x23, 0x01, 0x00, 0x00, 0x0c, 0x00, 0x07, 0x00, 0x07, 0x00, 0x00, 0x00, // E...#...........
	0xfb, 0x06, 0x00, 0x00, 0x01, 0x00, 0x00, 0x00, 0x28, 0x00, 0x00, 0x00, 0xfa, 0x06, 0x00, 0x00, // ........(.......
	0xe9, 0x02, 0x00, 0x00, 0x0c, 0x00, 0x08, 0x00, 0x07, 0x00, 0x00, 0x00, 0xfe, 0x06, 0x00, 0x00, // ................
	0x01, 0x00, 0x00, 0x00, 0x31, 0x00, 0x00, 0x00, 0xc9, 0x00, 0x00, 0x00, 0xfb, 0x06, 0x00, 0x00, // ....1...........
	0xa1, 0x06, 0x00, 0x00, 0x83, 0x00, 0x05, 0x00, 0x07, 0x00, 0x00, 0x00, 0xff, 0x06, 0x00, 0x00, // ................
	0xc8, 0x00, 0x00, 0x00, 0xfe, 0x06, 0x00, 0x00, 0xf9, 0x00, 0x02, 0x00, 0x00, 0x07, 0x00, 0x00, // ................
	0xf8, 0x00, 0x02, 0x00, 0x00, 0x07, 0x00, 0x00, 0xf5, 0x00, 0x07, 0x00, 0x07, 0x00, 0x00, 0x00, // ................
	0x59, 0x0f, 0x00, 0x00, 0xc9, 0x00, 0x00, 0x00, 0x63, 0x0c, 0x00, 0x00, 0xff, 0x06, 0x00, 0x00, // Y.......c.......
	0x68, 0x06, 0x00, 0x00, 0xf5, 0x00, 0x07, 0x00, 0x1a, 0x00, 0x00, 0x00, 0x55, 0x0f, 0x00, 0x00, // h...........U...
	0xc0, 0x02, 0x00, 0x00, 0x63, 0x0c, 0x00, 0x00, 0xf7, 0x06, 0x00, 0x00, 0x68, 0x06, 0x00, 0x00, // ....c.......h...
	0xf5, 0x00, 0x07, 0x00, 0x07, 0x00, 0x00, 0x00, 0x51, 0x0f, 0x00, 0x00, 0x64, 0x06, 0x00, 0x00, // ........Q...d...
	0x63, 0x0c, 0x00, 0x00, 0xa1, 0x06, 0x00, 0x00, 0x68, 0x06, 0x00, 0x00, 0x41, 0x00, 0x06, 0x00, // c.......h...A...
	0xf8, 0x00, 0x00, 0x00, 0x01, 0x07, 0x00, 0x00, 0xf6, 0x00, 0x00, 0x00, 0xe5, 0x03, 0x00, 0x00, // ................
	0xd2, 0x00, 0x00, 0x00, 0x3d, 0x00, 0x04, 0x00, 0x07, 0x00, 0x00, 0x00, 0x02, 0x07, 0x00, 0x00, // ....=...........
	0x01, 0x07, 0x00, 0x00, 0xba, 0x00, 0x05, 0x00, 0xa9, 0x01, 0x00, 0x00, 0x03, 0x07, 0x00, 0x00, // ................
	0x02, 0x07, 0x00, 0x00, 0x23, 0x01, 0x00, 0x00, 0xf7, 0x00, 0x03, 0x00, 0x46, 0x07, 0x00, 0x00, // ....#.......F...
	0x00, 0x00, 0x00, 0x00, 0xfa, 0x00, 0x04, 0x00, 0x03, 0x07, 0x00, 0x00, 0x04, 0x07, 0x00, 0x00, // ................
	0x2e, 0x07, 0x00, 0x00, 0xf8, 0x00, 0x02, 0x00, 0x04, 0x07, 0x00, 0x00, 0x51, 0x00, 0x05, 0x00, // ............Q...
	0x07, 0x00, 0x00, 0x00, 0x06, 0x07, 0x00, 0x00, 0x48, 0x05, 0x00, 0x00, 0x00, 0x00, 0x00, 0x00, // ........H.......
	0x51, 0x00, 0x05, 0x00, 0x07, 0x00, 0x00, 0x00, 0x07, 0x07, 0x00, 0x00, 0x48, 0x05, 0x00, 0x00, // Q...........H...
	0x01, 0x00, 0x00, 0x00, 0x51, 0x00, 0x05, 0x00, 0x07, 0x00, 0x00, 0x00, 0x08, 0x07, 0x00, 0x00, // ....Q...........
	0x48, 0x05, 0x00, 0x00, 0x02, 0x00, 0x00, 0x00, 0x50, 0x00, 0x07, 0x00, 0x0d, 0x00, 0x00, 0x00, // H.......P.......
	0x09, 0x07, 0x00, 0x00, 0x06, 0x07, 0x00, 0x00, 0x07, 0x07, 0x00, 0x00, 0x08, 0x07, 0x00, 0x00, // ................
	0xc8, 0x00, 0x00, 0x00, 0x41, 0x00, 0x05, 0x00, 0xf2, 0x03, 0x00, 0x00, 0x0a, 0x07, 0x00, 0x00, // ....A...........
	0xf6, 0x00, 0x00, 0x00, 0xf1, 0x03, 0x00, 0x00, 0x3d, 0x00, 0x04, 0x00, 0xf0, 0x00, 0x00, 0x00, // ........=.......
	0x0b, 0x07, 0x00, 0x00, 0x0a, 0x07, 0x00, 0x00, 0x90, 0x00, 0x05, 0x00, 0x0d, 0x00, 0x00, 0x00, // ................
	0x0c, 0x07, 0x00, 0x00, 0x09, 0x07, 0x00, 0x00, 0x0b, 0x07, 0x00, 0x00, 0x51, 0x00, 0x05, 0x00, // ............Q...
	0x07, 0x00, 0x00, 0x00, 0x0e, 0x07, 0x00, 0x00, 0x0c, 0x07, 0x00, 0x00, 0x03, 0x00, 0x00, 0x00, // ................
	0xba, 0x00, 0x05, 0x00, 0xa9, 0x01, 0x00, 0x00, 0x0f, 0x07, 0x00, 0x00, 0x0e, 0x07, 0x00, 0x00, // ................
	0x06, 0x02, 0x00, 0x00, 0xf7, 0x00, 0x03, 0x00, 0x2d, 0x07, 0x00, 0x00, 0x00, 0x00, 0x00, 0x00, // ........-.......
	0xfa, 0x00, 0x04, 0x00, 0x0f, 0x07, 0x00, 0x00, 0x10, 0x07, 0x00, 0x00, 0x2d, 0x07, 0x00, 0x00, // ............-...
	0xf8, 0x00, 0x02, 0x00, 0x10, 0x07, 0x00, 0x00, 0x4f, 0x00, 0x07, 0x00, 0x0b, 0x00, 0x00, 0x00, // ........O.......
	0x12, 0x07, 0x00, 0x00, 0x0c, 0x07, 0x00, 0x00, 0x0c, 0x07, 0x00, 0x00, 0x00, 0x00, 0x00, 0x00, // ................
	0x01, 0x00, 0x00, 0x00, 0x50, 0x00, 0x05, 0x00, 0x0b, 0x00, 0x00, 0x00, 0x15, 0x07, 0x00, 0x00, // ....P...........
	0x0e, 0x07, 0x00, 0x00, 0x0e, 0x07, 0x00, 0x00, 0x88, 0x00, 0x05, 0x00, 0x0b, 0x00, 0x00, 0x00, // ................
	0x16, 0x07, 0x00, 0x00, 0x12, 0x07, 0x00, 0x00, 0x15, 0x07, 0x00, 0x00, 0x8e, 0x00, 0x05, 0x00, // ................
	0x0b, 0x00, 0x00, 0x00, 0x17, 0x07, 0x00, 0x00, 0x16, 0x07, 0x00, 0x00, 0x23, 0x01, 0x00, 0x00, // ............#...
	0x81, 0x00, 0x05, 0x00, 0x0b, 0x00, 0x00, 0x00, 0x19, 0x07, 0x00, 0x00, 0x17, 0x07, 0x00, 0x00, // ................
	0x3d, 0x0f, 0x00, 0x00, 0x41, 0x00, 0x06, 0x00, 0xf8, 0x00, 0x00, 0x00, 0x1a, 0x07, 0x00, 0x00, // =...A...........
	0xf6, 0x00, 0x00, 0x00, 0xe5, 0x03, 0x00, 0x00, 0xe9, 0x00, 0x00, 0x00, 0x3d, 0x00, 0x04, 0x00, // ............=...
	0x07, 0x00, 0x00, 0x00, 0x1b, 0x07, 0x00, 0x00, 0x1a, 0x07, 0x00, 0x00, 0xba, 0x00, 0x05, 0x00, // ................
	0xa9, 0x01, 0x00, 0x00, 0x1c, 0x07, 0x00, 0x00, 0x1b, 0x07, 0x00, 0x00, 0x23, 0x01, 0x00, 0x00, // ............#...
	0xf7, 0x00, 0x03, 0x00, 0x22, 0x07, 0x00, 0x00, 0x00, 0x00, 0x00, 0x00, 0xfa, 0x00, 0x04, 0x00, // ...."...........
	0x1c, 0x07, 0x00, 0x00, 0x1d, 0x07, 0x00, 0x00, 0x22, 0x07, 0x00, 0x00, 0xf8, 0x00, 0x02, 0x00, // ........".......
	0x1d, 0x07, 0x00, 0x00, 0x51, 0x00, 0x05, 0x00, 0x07, 0x00, 0x00, 0x00, 0x1f, 0x07, 0x00, 0x00, // ....Q...........
	0x19, 0x07, 0x00, 0x00, 0x01, 0x00, 0x00, 0x00, 0x83, 0x00, 0x05, 0x00, 0x07, 0x00, 0x00, 0x00, // ................
	0x20, 0x07, 0x00, 0x00, 0xc8, 0x00, 0x00, 0x00, 0x1f, 0x07, 0x00, 0x00, 0x52, 0x00, 0x06, 0x00, //  ...........R...
	0x0b, 0x00, 0x00, 0x00, 0x19, 0x0f, 0x00, 0x00, 0x20, 0x07, 0x00, 0x00, 0x19, 0x07, 0x00, 0x00, // ........ .......
	0x01, 0x00, 0x00, 0x00, 0xf9, 0x00, 0x02, 0x00, 0x22, 0x07, 0x00, 0x00, 0xf8, 0x00, 0x02, 0x00, // ........".......
	0x22, 0x07, 0x00, 0x00, 0xf5, 0x00, 0x07, 0x00, 0x0b, 0x00, 0x00, 0x00, 0x4e, 0x0f, 0x00, 0x00, // "...........N...
	0x19, 0x07, 0x00, 0x00, 0x10, 0x07, 0x00, 0x00, 0x19, 0x0f, 0x00, 0x00, 0x1d, 0x07, 0x00, 0x00, // ................
	0x81, 0x00, 0x05, 0x00, 0x0b, 0x00, 0x00, 0x00, 0x25, 0x07, 0x00, 0x00, 0x4e, 0x0f, 0x00, 0x00, // ........%...N...
	0x4f, 0x06, 0x00, 0x00, 0x0c, 0x00, 0x08, 0x00, 0x0b, 0x00, 0x00, 0x00, 0x28, 0x07, 0x00, 0x00, // O...........(...
	0x01, 0x00, 0x00, 0x00, 0x2b, 0x00, 0x00, 0x00, 0x25, 0x07, 0x00, 0x00, 0x3b, 0x0f, 0x00, 0x00, // ....+...%...;...
	0x3c, 0x0f, 0x00, 0x00, 0x56, 0x00, 0x05, 0x00, 0x81, 0x00, 0x00, 0x00, 0xc7, 0x0d, 0x00, 0x00, // <...V...........
	0x70, 0x00, 0x00, 0x00, 0x6e, 0x00, 0x00, 0x00, 0x57, 0x00, 0x05, 0x00, 0x0d, 0x00, 0x00, 0x00, // p...n...W.......
	0xc9, 0x0d, 0x00, 0x00, 0xc7, 0x0d, 0x00, 0x00, 0x28, 0x07, 0x00, 0x00, 0x4f, 0x00, 0x08, 0x00, // ........(...O...
	0x1a, 0x00, 0x00, 0x00, 0x2c, 0x07, 0x00, 0x00, 0xc9, 0x0d, 0x00, 0x00, 0xc9, 0x0d, 0x00, 0x00, // ....,...........
	0x00, 0x00, 0x00, 0x00, 0x01, 0x00, 0x00, 0x00, 0x02, 0x00, 0x00, 0x00, 0xf9, 0x00, 0x02, 0x00, // ................
	0x2d, 0x07, 0x00, 0x00, 0xf8, 0x00, 0x02, 0x00, 0x2d, 0x07, 0x00, 0x00, 0xf5, 0x00, 0x07, 0x00, // -.......-.......
	0x1a, 0x00, 0x00, 0x00, 0x5c, 0x0f, 0x00, 0x00, 0xc0, 0x02, 0x00, 0x00, 0x04, 0x07, 0x00, 0x00, // ................
	0x2c, 0x07, 0x00, 0x00, 0x22, 0x07, 0x00, 0x00, 0xf9, 0x00, 0x02, 0x00, 0x46, 0x07, 0x00, 0x00, // ,...".......F...
	0xf8, 0x00, 0x02, 0x00, 0x2e, 0x07, 0x00, 0x00, 0x7f, 0x00, 0x04, 0x00, 0x1a, 0x00, 0x00, 0x00, // ................
	0x30, 0x07, 0x00, 0x00, 0x31, 0x06, 0x00, 0x00, 0x0c, 0x00, 0x07, 0x00, 0x1a, 0x00, 0x00, 0x00, // 0...1...........
	0x32, 0x07, 0x00, 0x00, 0x01, 0x00, 0x00, 0x00, 0x47, 0x00, 0x00, 0x00, 0x30, 0x07, 0x00, 0x00, // 2.......G...0...
	0x2a, 0x06, 0x00, 0x00, 0x51, 0x00, 0x05, 0x00, 0x07, 0x00, 0x00, 0x00, 0x34, 0x07, 0x00, 0x00, // *...Q.......4...
	0x32, 0x07, 0x00, 0x00, 0x01, 0x00, 0x00, 0x00, 0x85, 0x00, 0x05, 0x00, 0x07, 0x00, 0x00, 0x00, // 2...............
	0x35, 0x07, 0x00, 0x00, 0x34, 0x07, 0x00, 0x00, 0x23, 0x01, 0x00, 0x00, 0x81, 0x00, 0x05, 0x00, // 5...4...#.......
	0x07, 0x00, 0x00, 0x00, 0x36, 0x07, 0x00, 0x00, 0x35, 0x07, 0x00, 0x00, 0x23, 0x01, 0x00, 0x00, // ....6...5...#...
	0x0c, 0x00, 0x08, 0x00, 0x07, 0x00, 0x00, 0x00, 0x37, 0x07, 0x00, 0x00, 0x01, 0x00, 0x00, 0x00, // ........7.......
	0x2b, 0x00, 0x00, 0x00, 0x36, 0x07, 0x00, 0x00, 0xc9, 0x00, 0x00, 0x00, 0xc8, 0x00, 0x00, 0x00, // +...6...........
	0x85, 0x00, 0x05, 0x00, 0x07, 0x00, 0x00, 0x00, 0x3a, 0x07, 0x00, 0x00, 0x37, 0x07, 0x00, 0x00, // ........:...7...
	0x37, 0x07, 0x00, 0x00, 0x50, 0x00, 0x06, 0x00, 0x1a, 0x00, 0x00, 0x00, 0x3b, 0x07, 0x00, 0x00, // 7...P.......;...
	0x3a, 0x07, 0x00, 0x00, 0x3a, 0x07, 0x00, 0x00, 0x3a, 0x07, 0x00, 0x00, 0x41, 0x00, 0x05, 0x00, // :...:...:...A...
	0xbf, 0x01, 0x00, 0x00, 0x3c, 0x07, 0x00, 0x00, 0xf6, 0x00, 0x00, 0x00, 0x28, 0x04, 0x00, 0x00, // ....<.......(...
	0x3d, 0x00, 0x04, 0x00, 0x0d, 0x00, 0x00, 0x00, 0x3d, 0x07, 0x00, 0x00, 0x3c, 0x07, 0x00, 0x00, // =.......=...<...
	0x4f, 0x00, 0x08, 0x00, 0x1a, 0x00, 0x00, 0x00, 0x3e, 0x07, 0x00, 0x00, 0x3d, 0x07, 0x00, 0x00, // O.......>...=...
	0x3d, 0x07, 0x00, 0x00, 0x00, 0x00, 0x00, 0x00, 0x01, 0x00, 0x00, 0x00, 0x02, 0x00, 0x00, 0x00, // =...............
	0x41, 0x00, 0x05, 0x00, 0xbf, 0x01, 0x00, 0x00, 0x3f, 0x07, 0x00, 0x00, 0xf6, 0x00, 0x00, 0x00, // A.......?.......
	0x29, 0x04, 0x00, 0x00, 0x3d, 0x00, 0x04, 0x00, 0x0d, 0x00, 0x00, 0x00, 0x40, 0x07, 0x00, 0x00, // )...=.......@...
	0x3f, 0x07, 0x00, 0x00, 0x4f, 0x00, 0x08, 0x00, 0x1a, 0x00, 0x00, 0x00, 0x41, 0x07, 0x00, 0x00, // ?...O.......A...
	0x40, 0x07, 0x00, 0x00, 0x40, 0x07, 0x00, 0x00, 0x00, 0x00, 0x00, 0x00, 0x01, 0x00, 0x00, 0x00, // @...@...........
	0x02, 0x00, 0x00, 0x00, 0x0c, 0x00, 0x08, 0x00, 0x1a, 0x00, 0x00, 0x00, 0xcf, 0x0d, 0x00, 0x00, // ................
	0x01, 0x00, 0x00, 0x00, 0x2e, 0x00, 0x00, 0x00, 0x3e, 0x07, 0x00, 0x00, 0x41, 0x07, 0x00, 0x00, // ........>...A...
	0x3b, 0x07, 0x00, 0x00, 0x41, 0x00, 0x06, 0x00, 0xf8, 0x00, 0x00, 0x00, 0x43, 0x07, 0x00, 0x00, // ;...A.......C...
	0xf6, 0x00, 0x00, 0x00, 0x29, 0x04, 0x00, 0x00, 0xc9, 0x01, 0x00, 0x00, 0x3d, 0x00, 0x04, 0x00, // ....).......=...
	0x07, 0x00, 0x00, 0x00, 0x44, 0x07, 0x00, 0x00, 0x43, 0x07, 0x00, 0x00, 0x8e, 0x00, 0x05, 0x00, // ....D...C.......
	0x1a, 0x00, 0x00, 0x00, 0x45, 0x07, 0x00, 0x00, 0xcf, 0x0d, 0x00, 0x00, 0x44, 0x07, 0x00, 0x00, // ....E.......D...
	0xf9, 0x00, 0x02, 0x00, 0x46, 0x07, 0x00, 0x00, 0xf8, 0x00, 0x02, 0x00, 0x46, 0x07, 0x00, 0x00, // ....F.......F...
	0xf5, 0x00, 0x07, 0x00, 0x1a, 0x00, 0x00, 0x00, 0x5b, 0x0f, 0x00, 0x00, 0x5c, 0x0f, 0x00, 0x00, // ........[.......
	0x2d, 0x07, 0x00, 0x00, 0x45, 0x07, 0x00, 0x00, 0x2e, 0x07, 0x00, 0x00, 0x94, 0x00, 0x05, 0x00, // -...E...........
	0x07, 0x00, 0x00, 0x00, 0x49, 0x07, 0x00, 0x00, 0x31, 0x06, 0x00, 0x00, 0x2a, 0x06, 0x00, 0x00, // ....I...1...*...
	0x0c, 0x00, 0x07, 0x00, 0x07, 0x00, 0x00, 0x00, 0x4a, 0x07, 0x00, 0x00, 0x01, 0x00, 0x00, 0x00, // ........J.......
	0x28, 0x00, 0x00, 0x00, 0x49, 0x07, 0x00, 0x00, 0xc9, 0x00, 0x00, 0x00, 0x83, 0x00, 0x05, 0x00, // (...I...........
	0x07, 0x00, 0x00, 0x00, 0x4f, 0x07, 0x00, 0x00, 0xc8, 0x00, 0x00, 0x00, 0x4a, 0x07, 0x00, 0x00, // ....O.......J...
	0x0c, 0x00, 0x07, 0x00, 0x07, 0x00, 0x00, 0x00, 0x50, 0x07, 0x00, 0x00, 0x01, 0x00, 0x00, 0x00, // ........P.......
	0x1a, 0x00, 0x00, 0x00, 0x4f, 0x07, 0x00, 0x00, 0x49, 0x04, 0x00, 0x00, 0x85, 0x00, 0x05, 0x00, // ....O...I.......
	0x07, 0x00, 0x00, 0x00, 0x51, 0x07, 0x00, 0x00, 0xfe, 0x00, 0x00, 0x00, 0x50, 0x07, 0x00, 0x00, // ....Q.......P...
	0x81, 0x00, 0x05, 0x00, 0x07, 0x00, 0x00, 0x00, 0x52, 0x07, 0x00, 0x00, 0x41, 0x04, 0x00, 0x00, // ........R...A...
	0x51, 0x07, 0x00, 0x00, 0x85, 0x00, 0x05, 0x00, 0x07, 0x00, 0x00, 0x00, 0x55, 0x07, 0x00, 0x00, // Q...........U...
	0x51, 0x0f, 0x00, 0x00, 0x3e, 0x0f, 0x00, 0x00, 0x0c, 0x00, 0x07, 0x00, 0x07, 0x00, 0x00, 0x00, // Q...>...........
	0x58, 0x07, 0x00, 0x00, 0x01, 0x00, 0x00, 0x00, 0x28, 0x00, 0x00, 0x00, 0x64, 0x06, 0x00, 0x00, // X.......(...d...
	0xcc, 0x01, 0x00, 0x00, 0x88, 0x00, 0x05, 0x00, 0x07, 0x00, 0x00, 0x00, 0x59, 0x07, 0x00, 0x00, // ............Y...
	0x55, 0x07, 0x00, 0x00, 0x58, 0x07, 0x00, 0x00, 0x0c, 0x00, 0x06, 0x00, 0x07, 0x00, 0x00, 0x00, // U...X...........
	0x5a, 0x07, 0x00, 0x00, 0x01, 0x00, 0x00, 0x00, 0x1b, 0x00, 0x00, 0x00, 0x59, 0x07, 0x00, 0x00, // Z...........Y...
	0x83, 0x00, 0x05, 0x00, 0x07, 0x00, 0x00, 0x00, 0x5b, 0x07, 0x00, 0x00, 0xc8, 0x00, 0x00, 0x00, // ........[.......
	0x5a, 0x07, 0x00, 0x00, 0x50, 0x00, 0x06, 0x00, 0x1a, 0x00, 0x00, 0x00, 0x5d, 0x07, 0x00, 0x00, // Z...P.......]...
	0x5b, 0x07, 0x00, 0x00, 0x5b, 0x07, 0x00, 0x00, 0x5b, 0x07, 0x00, 0x00, 0x41, 0x00, 0x05, 0x00, // [...[...[...A...
	0xbf, 0x01, 0x00, 0x00, 0x5e, 0x07, 0x00, 0x00, 0xf6, 0x00, 0x00, 0x00, 0x58, 0x04, 0x00, 0x00, // ....^.......X...
	0x3d, 0x00, 0x04, 0x00, 0x0d, 0x00, 0x00, 0x00, 0x5f, 0x07, 0x00, 0x00, 0x5e, 0x07, 0x00, 0x00, // =......._...^...
	0x4f, 0x00, 0x08, 0x00, 0x1a, 0x00, 0x00, 0x00, 0x60, 0x07, 0x00, 0x00, 0x5f, 0x07, 0x00, 0x00, // O.......`..._...
	0x5f, 0x07, 0x00, 0x00, 0x00, 0x00, 0x00, 0x00, 0x01, 0x00, 0x00, 0x00, 0x02, 0x00, 0x00, 0x00, // _...............
	0x41, 0x00, 0x05, 0x00, 0xbf, 0x01, 0x00, 0x00, 0x61, 0x07, 0x00, 0x00, 0xf6, 0x00, 0x00, 0x00, // A.......a.......
	0x10, 0x03, 0x00, 0x00, 0x3d, 0x00, 0x04, 0x00, 0x0d, 0x00, 0x00, 0x00, 0x62, 0x07, 0x00, 0x00, // ....=.......b...
	0x61, 0x07, 0x00, 0x00, 0x4f, 0x00, 0x08, 0x00, 0x1a, 0x00, 0x00, 0x00, 0x63, 0x07, 0x00, 0x00, // a...O.......c...
	0x62, 0x07, 0x00, 0x00, 0x62, 0x07, 0x00, 0x00, 0x00, 0x00, 0x00, 0x00, 0x01, 0x00, 0x00, 0x00, // b...b...........
	0x02, 0x00, 0x00, 0x00, 0x0c, 0x00, 0x08, 0x00, 0x1a, 0x00, 0x00, 0x00, 0xd5, 0x0d, 0x00, 0x00, // ................
	0x01, 0x00, 0x00, 0x00, 0x2e, 0x00, 0x00, 0x00, 0x60, 0x07, 0x00, 0x00, 0x63, 0x07, 0x00, 0x00, // ........`...c...
	0x5d, 0x07, 0x00, 0x00, 0x41, 0x00, 0x05, 0x00, 0xbf, 0x01, 0x00, 0x00, 0x65, 0x07, 0x00, 0x00, // ]...A.......e...
	0xf6, 0x00, 0x00, 0x00, 0x66, 0x04, 0x00, 0x00, 0x3d, 0x00, 0x04, 0x00, 0x0d, 0x00, 0x00, 0x00, // ....f...=.......
	0x66, 0x07, 0x00, 0x00, 0x65, 0x07, 0x00, 0x00, 0x4f, 0x00, 0x08, 0x00, 0x1a, 0x00, 0x00, 0x00, // f...e...O.......
	0x67, 0x07, 0x00, 0x00, 0x66, 0x07, 0x00, 0x00, 0x66, 0x07, 0x00, 0x00, 0x00, 0x00, 0x00, 0x00, // g...f...f.......
	0x01, 0x00, 0x00, 0x00, 0x02, 0x00, 0x00, 0x00, 0x41, 0x00, 0x06, 0x00, 0xf8, 0x00, 0x00, 0x00, // ........A.......
	0x68, 0x07, 0x00, 0x00, 0xf6, 0x00, 0x00, 0x00, 0x66, 0x04, 0x00, 0x00, 0xc9, 0x01, 0x00, 0x00, // h.......f.......
	0x3d, 0x00, 0x04, 0x00, 0x07, 0x00, 0x00, 0x00, 0x69, 0x07, 0x00, 0x00, 0x68, 0x07, 0x00, 0x00, // =.......i...h...
	0x8e, 0x00, 0x05, 0x00, 0x1a, 0x00, 0x00, 0x00, 0x6a, 0x07, 0x00, 0x00, 0x67, 0x07, 0x00, 0x00, // ........j...g...
	0x69, 0x07, 0x00, 0x00, 0x41, 0x00, 0x06, 0x00, 0xf8, 0x00, 0x00, 0x00, 0x6b, 0x07, 0x00, 0x00, // i...A.......k...
	0xf6, 0x00, 0x00, 0x00, 0xd9, 0x02, 0x00, 0x00, 0xc9, 0x01, 0x00, 0x00, 0x3d, 0x00, 0x04, 0x00, // ............=...
	0x07, 0x00, 0x00, 0x00, 0x6c, 0x07, 0x00, 0x00, 0x6b, 0x07, 0x00, 0x00, 0x81, 0x00, 0x05, 0x00, // ....l...k.......
	0x07, 0x00, 0x00, 0x00, 0xe4, 0x0d, 0x00, 0x00, 0x6c, 0x07, 0x00, 0x00, 0x23, 0x01, 0x00, 0x00, // ........l...#...
	0x0c, 0x00, 0x06, 0x00, 0x07, 0x00, 0x00, 0x00, 0xe5, 0x0d, 0x00, 0x00, 0x01, 0x00, 0x00, 0x00, // ................
	0x08, 0x00, 0x00, 0x00, 0xe4, 0x0d, 0x00, 0x00, 0x85, 0x00, 0x05, 0x00, 0x07, 0x00, 0x00, 0x00, // ................
	0xe7, 0x0d, 0x00, 0x00, 0xe5, 0x0d, 0x00, 0x00, 0x3f, 0x0f, 0x00, 0x00, 0x0c, 0x00, 0x06, 0x00, // ........?.......
	0x07, 0x00, 0x00, 0x00, 0xe8, 0x0d, 0x00, 0x00, 0x01, 0x00, 0x00, 0x00, 0x08, 0x00, 0x00, 0x00, // ................
	0xe7, 0x0d, 0x00, 0x00, 0x85, 0x00, 0x05, 0x00, 0x07, 0x00, 0x00, 0x00, 0xea, 0x0d, 0x00, 0x00, // ................
	0xe5, 0x0d, 0x00, 0x00, 0x40, 0x0f, 0x00, 0x00, 0x85, 0x00, 0x05, 0x00, 0x07, 0x00, 0x00, 0x00, // ....@...........
	0x02, 0x0e, 0x00, 0x00, 0x2a, 0x02, 0x00, 0x00, 0xe8, 0x0d, 0x00, 0x00, 0x83, 0x00, 0x05, 0x00, // ....*...........
	0x07, 0x00, 0x00, 0x00, 0x03, 0x0e, 0x00, 0x00, 0xea, 0x0d, 0x00, 0x00, 0x02, 0x0e, 0x00, 0x00, // ................
	0x0c, 0x00, 0x06, 0x00, 0x07, 0x00, 0x00, 0x00, 0xec, 0x0d, 0x00, 0x00, 0x01, 0x00, 0x00, 0x00, // ................
	0x08, 0x00, 0x00, 0x00, 0x03, 0x0e, 0x00, 0x00, 0x0c, 0x00, 0x06, 0x00, 0x07, 0x00, 0x00, 0x00, // ................
	0x0b, 0x0e, 0x00, 0x00, 0x01, 0x00, 0x00, 0x00, 0x08, 0x00, 0x00, 0x00, 0xea, 0x0d, 0x00, 0x00, // ................
	0x85, 0x00, 0x05, 0x00, 0x07, 0x00, 0x00, 0x00, 0x0c, 0x0e, 0x00, 0x00, 0x2a, 0x02, 0x00, 0x00, // ............*...
	0x0b, 0x0e, 0x00, 0x00, 0x83, 0x00, 0x05, 0x00, 0x07, 0x00, 0x00, 0x00, 0x0d, 0x0e, 0x00, 0x00, // ................
	0xe5, 0x0d, 0x00, 0x00, 0x0c, 0x0e, 0x00, 0x00, 0x50, 0x00, 0x06, 0x00, 0x1a, 0x00, 0x00, 0x00, // ........P.......
	0xf2, 0x0d, 0x00, 0x00, 0xe8, 0x0d, 0x00, 0x00, 0xec, 0x0d, 0x00, 0x00, 0x0d, 0x0e, 0x00, 0x00, // ................
	0x85, 0x00, 0x05, 0x00, 0x1a, 0x00, 0x00, 0x00, 0xf4, 0x0d, 0x00, 0x00, 0xf2, 0x0d, 0x00, 0x00, // ................
	0x43, 0x0f, 0x00, 0x00, 0x0c, 0x00, 0x07, 0x00, 0x1a, 0x00, 0x00, 0x00, 0xf7, 0x0d, 0x00, 0x00, // C...............
	0x01, 0x00, 0x00, 0x00, 0x28, 0x00, 0x00, 0x00, 0xf4, 0x0d, 0x00, 0x00, 0xc0, 0x02, 0x00, 0x00, // ....(...........
	0x0c, 0x00, 0x07, 0x00, 0x1a, 0x00, 0x00, 0x00, 0xf9, 0x0d, 0x00, 0x00, 0x01, 0x00, 0x00, 0x00, // ................
	0x1a, 0x00, 0x00, 0x00, 0xf7, 0x0d, 0x00, 0x00, 0x44, 0x0f, 0x00, 0x00, 0x41, 0x00, 0x06, 0x00, // ........D...A...
	0xf8, 0x00, 0x00, 0x00, 0x6e, 0x07, 0x00, 0x00, 0xf6, 0x00, 0x00, 0x00, 0x58, 0x04, 0x00, 0x00, // ....n.......X...
	0xc9, 0x01, 0x00, 0x00, 0x3d, 0x00, 0x04, 0x00, 0x07, 0x00, 0x00, 0x00, 0x6f, 0x07, 0x00, 0x00, // ....=.......o...
	0x6e, 0x07, 0x00, 0x00, 0x0c, 0x00, 0x07, 0x00, 0x07, 0x00, 0x00, 0x00, 0x70, 0x07, 0x00, 0x00, // n...........p...
	0x01, 0x00, 0x00, 0x00, 0x28, 0x00, 0x00, 0x00, 0x6f, 0x07, 0x00, 0x00, 0xc9, 0x00, 0x00, 0x00, // ....(...o.......
	0x83, 0x00, 0x05, 0x00, 0x1a, 0x00, 0x00, 0x00, 0x74, 0x07, 0x00, 0x00, 0xd5, 0x0d, 0x00, 0x00, // ........t.......
	0x45, 0x0f, 0x00, 0x00, 0x8e, 0x00, 0x05, 0x00, 0x1a, 0x00, 0x00, 0x00, 0x76, 0x07, 0x00, 0x00, // E...........v...
	0x74, 0x07, 0x00, 0x00, 0x70, 0x07, 0x00, 0x00, 0x8e, 0x00, 0x05, 0x00, 0x1a, 0x00, 0x00, 0x00, // t...p...........
	0x78, 0x07, 0x00, 0x00, 0x76, 0x07, 0x00, 0x00, 0x51, 0x0f, 0x00, 0x00, 0x8e, 0x00, 0x05, 0x00, // x...v...Q.......
	0x1a, 0x00, 0x00, 0x00, 0x79, 0x07, 0x00, 0x00, 0x78, 0x07, 0x00, 0x00, 0xbe, 0x00, 0x00, 0x00, // ....y...x.......
	0x0c, 0x00, 0x06, 0x00, 0x1a, 0x00, 0x00, 0x00, 0x7a, 0x07, 0x00, 0x00, 0x01, 0x00, 0x00, 0x00, // ........z.......
	0x1b, 0x00, 0x00, 0x00, 0x79, 0x07, 0x00, 0x00, 0x85, 0x00, 0x05, 0x00, 0x07, 0x00, 0x00, 0x00, // ....y...........
	0x80, 0x07, 0x00, 0x00, 0x23, 0x01, 0x00, 0x00, 0x4a, 0x07, 0x00, 0x00, 0x81, 0x00, 0x05, 0x00, // ....#...J.......
	0x07, 0x00, 0x00, 0x00, 0x81, 0x07, 0x00, 0x00, 0x23, 0x01, 0x00, 0x00, 0x80, 0x07, 0x00, 0x00, // ........#.......
	0x8e, 0x00, 0x05, 0x00, 0x1a, 0x00, 0x00, 0x00, 0x82, 0x07, 0x00, 0x00, 0xd5, 0x0d, 0x00, 0x00, // ................
	0x81, 0x07, 0x00, 0x00, 0x81, 0x00, 0x05, 0x00, 0x1a, 0x00, 0x00, 0x00, 0x84, 0x07, 0x00, 0x00, // ................
	0x82, 0x07, 0x00, 0x00, 0x6a, 0x07, 0x00, 0x00, 0x83, 0x00, 0x05, 0x00, 0x07, 0x00, 0x00, 0x00, // ....j...........
	0x8d, 0x07, 0x00, 0x00, 0xc8, 0x00, 0x00, 0x00, 0x8d, 0x0c, 0x00, 0x00, 0x0c, 0x00, 0x08, 0x00, // ................
	0x07, 0x00, 0x00, 0x00, 0x8e, 0x07, 0x00, 0x00, 0x01, 0x00, 0x00, 0x00, 0x2b, 0x00, 0x00, 0x00, // ............+...
	0x8d, 0x07, 0x00, 0x00, 0xc9, 0x00, 0x00, 0x00, 0xc8, 0x00, 0x00, 0x00, 0x0c, 0x00, 0x07, 0x00, // ................
	0x07, 0x00, 0x00, 0x00, 0x8f, 0x07, 0x00, 0x00, 0x01, 0x00, 0x00, 0x00, 0x1a, 0x00, 0x00, 0x00, // ................
	0x8e, 0x07, 0x00, 0x00, 0xbe, 0x00, 0x00, 0x00, 0x41, 0x00, 0x06, 0x00, 0xf8, 0x00, 0x00, 0x00, // ........A.......
	0x91, 0x07, 0x00, 0x00, 0xf6, 0x00, 0x00, 0x00, 0xd9, 0x02, 0x00, 0x00, 0xd2, 0x00, 0x00, 0x00, // ................
	0x3d, 0x00, 0x04, 0x00, 0x07, 0x00, 0x00, 0x00, 0x92, 0x07, 0x00, 0x00, 0x91, 0x07, 0x00, 0x00, // =...............
	0x8e, 0x00, 0x05, 0x00, 0x1a, 0x00, 0x00, 0x00, 0x93, 0x07, 0x00, 0x00, 0xf9, 0x0d, 0x00, 0x00, // ................
	0x92, 0x07, 0x00, 0x00, 0x8e, 0x00, 0x05, 0x00, 0x1a, 0x00, 0x00, 0x00, 0x95, 0x07, 0x00, 0x00, // ................
	0x93, 0x07, 0x00, 0x00, 0x8f, 0x07, 0x00, 0x00, 0x8e, 0x00, 0x05, 0x00, 0x1a, 0x00, 0x00, 0x00, // ................
	0x98, 0x07, 0x00, 0x00, 0x95, 0x07, 0x00, 0x00, 0x5a, 0x07, 0x00, 0x00, 0x81, 0x00, 0x05, 0x00, // ........Z.......
	0x1a, 0x00, 0x00, 0x00, 0x9a, 0x07, 0x00, 0x00, 0x84, 0x07, 0x00, 0x00, 0x98, 0x07, 0x00, 0x00, // ................
	0x41, 0x00, 0x06, 0x00, 0xf8, 0x00, 0x00, 0x00, 0x9b, 0x07, 0x00, 0x00, 0xf6, 0x00, 0x00, 0x00, // A...............
	0x79, 0x00, 0x00, 0x00, 0xc9, 0x01, 0x00, 0x00, 0x3d, 0x00, 0x04, 0x00, 0x07, 0x00, 0x00, 0x00, // y.......=.......
	0x9c, 0x07, 0x00, 0x00, 0x9b, 0x07, 0x00, 0x00, 0x0c, 0x00, 0x08, 0x00, 0x07, 0x00, 0x00, 0x00, // ................
	0x9d, 0x07, 0x00, 0x00, 0x01, 0x00, 0x00, 0x00, 0x2b, 0x00, 0x00, 0x00, 0x9c, 0x07, 0x00, 0x00, // ........+.......
	0xc9, 0x00, 0x00, 0x00, 0xc8, 0x00, 0x00, 0x00, 0x50, 0x00, 0x06, 0x00, 0x1a, 0x00, 0x00, 0x00, // ........P.......
	0x9e, 0x07, 0x00, 0x00, 0x9d, 0x07, 0x00, 0x00, 0x9d, 0x07, 0x00, 0x00, 0x9d, 0x07, 0x00, 0x00, // ................
	0x0c, 0x00, 0x08, 0x00, 0x1a, 0x00, 0x00, 0x00, 0x1f, 0x0e, 0x00, 0x00, 0x01, 0x00, 0x00, 0x00, // ................
	0x2e, 0x00, 0x00, 0x00, 0xd5, 0x0d, 0x00, 0x00, 0x55, 0x0f, 0x00, 0x00, 0x9e, 0x07, 0x00, 0x00, // ........U.......
	0x0c, 0x00, 0x08, 0x00, 0x1a, 0x00, 0x00, 0x00, 0x25, 0x0e, 0x00, 0x00, 0x01, 0x00, 0x00, 0x00, // ........%.......
	0x2e, 0x00, 0x00, 0x00, 0x9a, 0x07, 0x00, 0x00, 0x1f, 0x0e, 0x00, 0x00, 0x7a, 0x07, 0x00, 0x00, // ............z...
	0x0c, 0x00, 0x08, 0x00, 0x1a, 0x00, 0x00, 0x00, 0x2f, 0x0e, 0x00, 0x00, 0x01, 0x00, 0x00, 0x00, // ......../.......
	0x2e, 0x00, 0x00, 0x00, 0x25, 0x0e, 0x00, 0x00, 0x46, 0x0f, 0x00, 0x00, 0xbb, 0x04, 0x00, 0x00, // ....%...F.......
	0x41, 0x00, 0x06, 0x00, 0xf8, 0x00, 0x00, 0x00, 0xab, 0x07, 0x00, 0x00, 0xf6, 0x00, 0x00, 0x00, // A...............
	0xd9, 0x02, 0x00, 0x00, 0xe9, 0x00, 0x00, 0x00, 0x3d, 0x00, 0x04, 0x00, 0x07, 0x00, 0x00, 0x00, // ........=.......
	0xac, 0x07, 0x00, 0x00, 0xab, 0x07, 0x00, 0x00, 0x0c, 0x00, 0x07, 0x00, 0x07, 0x00, 0x00, 0x00, // ................
	0xad, 0x07, 0x00, 0x00, 0x01, 0x00, 0x00, 0x00, 0x28, 0x00, 0x00, 0x00, 0xac, 0x07, 0x00, 0x00, // ........(.......
	0xc6, 0x04, 0x00, 0x00, 0x85, 0x00, 0x05, 0x00, 0x07, 0x00, 0x00, 0x00, 0xae, 0x07, 0x00, 0x00, // ................
	0x85, 0x03, 0x00, 0x00, 0xad, 0x07, 0x00, 0x00, 0x8e, 0x00, 0x05, 0x00, 0x0b, 0x00, 0x00, 0x00, // ................
	0xaf, 0x07, 0x00, 0x00, 0xfc, 0x05, 0x00, 0x00, 0xae, 0x07, 0x00, 0x00, 0x85, 0x00, 0x05, 0x00, // ................
	0x07, 0x00, 0x00, 0x00, 0xb2, 0x07, 0x00, 0x00, 0x1a, 0x08, 0x00, 0x00, 0xe9, 0x02, 0x00, 0x00, // ................
	0x50, 0x00, 0x05, 0x00, 0x0b, 0x00, 0x00, 0x00, 0xb6, 0x07, 0x00, 0x00, 0xb2, 0x07, 0x00, 0x00, // P...............
	0xb2, 0x07, 0x00, 0x00, 0x81, 0x00, 0x05, 0x00, 0x0b, 0x00, 0x00, 0x00, 0xb7, 0x07, 0x00, 0x00, // ................
	0xaf, 0x07, 0x00, 0x00, 0xb6, 0x07, 0x00, 0x00, 0x0c, 0x00, 0x06, 0x00, 0x0b, 0x00, 0x00, 0x00, // ................
	0x42, 0x0e, 0x00, 0x00, 0x01, 0x00, 0x00, 0x00, 0x08, 0x00, 0x00, 0x00, 0xb7, 0x07, 0x00, 0x00, // B...............
	0x0c, 0x00, 0x06, 0x00, 0x0b, 0x00, 0x00, 0x00, 0x44, 0x0e, 0x00, 0x00, 0x01, 0x00, 0x00, 0x00, // ........D.......
	0x0a, 0x00, 0x00, 0x00, 0xb7, 0x07, 0x00, 0x00, 0x85, 0x00, 0x05, 0x00, 0x0b, 0x00, 0x00, 0x00, // ................
	0x47, 0x0e, 0x00, 0x00, 0x44, 0x0e, 0x00, 0x00, 0x44, 0x0e, 0x00, 0x00, 0x8e, 0x00, 0x05, 0x00, // G...D...D.......
	0x0b, 0x00, 0x00, 0x00, 0x49, 0x0e, 0x00, 0x00, 0x44, 0x0e, 0x00, 0x00, 0xbe, 0x00, 0x00, 0x00, // ....I...D.......
	0x83, 0x00, 0x05, 0x00, 0x0b, 0x00, 0x00, 0x00, 0x4b, 0x0e, 0x00, 0x00, 0x35, 0x0f, 0x00, 0x00, // ........K...5...
	0x49, 0x0e, 0x00, 0x00, 0x85, 0x00, 0x05, 0x00, 0x0b, 0x00, 0x00, 0x00, 0x4c, 0x0e, 0x00, 0x00, // I...........L...
	0x47, 0x0e, 0x00, 0x00, 0x4b, 0x0e, 0x00, 0x00, 0x94, 0x00, 0x05, 0x00, 0x07, 0x00, 0x00, 0x00, // G...K...........
	0x64, 0x0e, 0x00, 0x00, 0x42, 0x0e, 0x00, 0x00, 0xac, 0x00, 0x00, 0x00, 0x0c, 0x00, 0x06, 0x00, // d...B...........
	0x07, 0x00, 0x00, 0x00, 0x65, 0x0e, 0x00, 0x00, 0x01, 0x00, 0x00, 0x00, 0x0d, 0x00, 0x00, 0x00, // ....e...........
	0x64, 0x0e, 0x00, 0x00, 0x85, 0x00, 0x05, 0x00, 0x07, 0x00, 0x00, 0x00, 0x66, 0x0e, 0x00, 0x00, // d...........f...
	0x65, 0x0e, 0x00, 0x00, 0xaf, 0x00, 0x00, 0x00, 0x0c, 0x00, 0x06, 0x00, 0x07, 0x00, 0x00, 0x00, // e...............
	0x67, 0x0e, 0x00, 0x00, 0x01, 0x00, 0x00, 0x00, 0x0a, 0x00, 0x00, 0x00, 0x66, 0x0e, 0x00, 0x00, // g...........f...
	0x81, 0x00, 0x05, 0x00, 0x0b, 0x00, 0x00, 0x00, 0x50, 0x0e, 0x00, 0x00, 0x42, 0x0e, 0x00, 0x00, // ........P...B...
	0xca, 0x00, 0x00, 0x00, 0x94, 0x00, 0x05, 0x00, 0x07, 0x00, 0x00, 0x00, 0x6b, 0x0e, 0x00, 0x00, // ............k...
	0x50, 0x0e, 0x00, 0x00, 0xac, 0x00, 0x00, 0x00, 0x0c, 0x00, 0x06, 0x00, 0x07, 0x00, 0x00, 0x00, // P...............
	0x6c, 0x0e, 0x00, 0x00, 0x01, 0x00, 0x00, 0x00, 0x0d, 0x00, 0x00, 0x00, 0x6b, 0x0e, 0x00, 0x00, // l...........k...
	0x85, 0x00, 0x05, 0x00, 0x07, 0x00, 0x00, 0x00, 0x6d, 0x0e, 0x00, 0x00, 0x6c, 0x0e, 0x00, 0x00, // ........m...l...
	0xaf, 0x00, 0x00, 0x00, 0x0c, 0x00, 0x06, 0x00, 0x07, 0x00, 0x00, 0x00, 0x6e, 0x0e, 0x00, 0x00, // ............n...
	0x01, 0x00, 0x00, 0x00, 0x0a, 0x00, 0x00, 0x00, 0x6d, 0x0e, 0x00, 0x00, 0x51, 0x00, 0x05, 0x00, // ........m...Q...
	0x07, 0x00, 0x00, 0x00, 0x53, 0x0e, 0x00, 0x00, 0x4c, 0x0e, 0x00, 0x00, 0x00, 0x00, 0x00, 0x00, // ....S...L.......
	0x0c, 0x00, 0x08, 0x00, 0x07, 0x00, 0x00, 0x00, 0x74, 0x0e, 0x00, 0x00, 0x01, 0x00, 0x00, 0x00, // ........t.......
	0x2e, 0x00, 0x00, 0x00, 0x67, 0x0e, 0x00, 0x00, 0x6e, 0x0e, 0x00, 0x00, 0x53, 0x0e, 0x00, 0x00, // ....g...n...S...
	0x81, 0x00, 0x05, 0x00, 0x0b, 0x00, 0x00, 0x00, 0x56, 0x0e, 0x00, 0x00, 0x42, 0x0e, 0x00, 0x00, // ........V...B...
	0xd7, 0x00, 0x00, 0x00, 0x94, 0x00, 0x05, 0x00, 0x07, 0x00, 0x00, 0x00, 0x78, 0x0e, 0x00, 0x00, // ............x...
	0x56, 0x0e, 0x00, 0x00, 0xac, 0x00, 0x00, 0x00, 0x0c, 0x00, 0x06, 0x00, 0x07, 0x00, 0x00, 0x00, // V...............
	0x79, 0x0e, 0x00, 0x00, 0x01, 0x00, 0x00, 0x00, 0x0d, 0x00, 0x00, 0x00, 0x78, 0x0e, 0x00, 0x00, // y...........x...
	0x85, 0x00, 0x05, 0x00, 0x07, 0x00, 0x00, 0x00, 0x7a, 0x0e, 0x00, 0x00, 0x79, 0x0e, 0x00, 0x00, // ........z...y...
	0xaf, 0x00, 0x00, 0x00, 0x0c, 0x00, 0x06, 0x00, 0x07, 0x00, 0x00, 0x00, 0x7b, 0x0e, 0x00, 0x00, // ............{...
	0x01, 0x00, 0x00, 0x00, 0x0a, 0x00, 0x00, 0x00, 0x7a, 0x0e, 0x00, 0x00, 0x81, 0x00, 0x05, 0x00, // ........z.......
	0x0b, 0x00, 0x00, 0x00, 0x59, 0x0e, 0x00, 0x00, 0x42, 0x0e, 0x00, 0x00, 0xdc, 0x00, 0x00, 0x00, // ....Y...B.......
	0x94, 0x00, 0x05, 0x00, 0x07, 0x00, 0x00, 0x00, 0x7f, 0x0e, 0x00, 0x00, 0x59, 0x0e, 0x00, 0x00, // ............Y...
	0xac, 0x00, 0x00, 0x00, 0x0c, 0x00, 0x06, 0x00, 0x07, 0x00, 0x00, 0x00, 0x80, 0x0e, 0x00, 0x00, // ................
	0x01, 0x00, 0x00, 0x00, 0x0d, 0x00, 0x00, 0x00, 0x7f, 0x0e, 0x00, 0x00, 0x85, 0x00, 0x05, 0x00, // ................
	0x07, 0x00, 0x00, 0x00, 0x81, 0x0e, 0x00, 0x00, 0x80, 0x0e, 0x00, 0x00, 0xaf, 0x00, 0x00, 0x00, // ................
	0x0c, 0x00, 0x06, 0x00, 0x07, 0x00, 0x00, 0x00, 0x82, 0x0e, 0x00, 0x00, 0x01, 0x00, 0x00, 0x00, // ................
	0x0a, 0x00, 0x00, 0x00, 0x81, 0x0e, 0x00, 0x00, 0x0c, 0x00, 0x08, 0x00, 0x07, 0x00, 0x00, 0x00, // ................
	0x88, 0x0e, 0x00, 0x00, 0x01, 0x00, 0x00, 0x00, 0x2e, 0x00, 0x00, 0x00, 0x7b, 0x0e, 0x00, 0x00, // ............{...
	0x82, 0x0e, 0x00, 0x00, 0x53, 0x0e, 0x00, 0x00, 0x51, 0x00, 0x05, 0x00, 0x07, 0x00, 0x00, 0x00, // ....S...Q.......
	0x5f, 0x0e, 0x00, 0x00, 0x4c, 0x0e, 0x00, 0x00, 0x01, 0x00, 0x00, 0x00, 0x0c, 0x00, 0x08, 0x00, // _...L...........
	0x07, 0x00, 0x00, 0x00, 0x8e, 0x0e, 0x00, 0x00, 0x01, 0x00, 0x00, 0x00, 0x2e, 0x00, 0x00, 0x00, // ................
	0x74, 0x0e, 0x00, 0x00, 0x88, 0x0e, 0x00, 0x00, 0x5f, 0x0e, 0x00, 0x00, 0x51, 0x00, 0x05, 0x00, // t......._...Q...
	0x07, 0x00, 0x00, 0x00, 0xba, 0x07, 0x00, 0x00, 0x44, 0x05, 0x00, 0x00, 0x03, 0x00, 0x00, 0x00, // ........D.......
	0x0c, 0x00, 0x08, 0x00, 0x07, 0x00, 0x00, 0x00, 0xbb, 0x07, 0x00, 0x00, 0x01, 0x00, 0x00, 0x00, // ................
	0x31, 0x00, 0x00, 0x00, 0xd5, 0x04, 0x00, 0x00, 0xd6, 0x04, 0x00, 0x00, 0xba, 0x07, 0x00, 0x00, // 1...............
	0x0c, 0x00, 0x08, 0x00, 0x07, 0x00, 0x00, 0x00, 0xbd, 0x07, 0x00, 0x00, 0x01, 0x00, 0x00, 0x00, // ................
	0x31, 0x00, 0x00, 0x00, 0x85, 0x03, 0x00, 0x00, 0x68, 0x03, 0x00, 0x00, 0x8e, 0x0e, 0x00, 0x00, // 1.......h.......
	0x85, 0x00, 0x05, 0x00, 0x07, 0x00, 0x00, 0x00, 0xbe, 0x07, 0x00, 0x00, 0xbb, 0x07, 0x00, 0x00, // ................
	0xbd, 0x07, 0x00, 0x00, 0x41, 0x00, 0x06, 0x00, 0xf8, 0x00, 0x00, 0x00, 0xc0, 0x07, 0x00, 0x00, // ....A...........
	0xf6, 0x00, 0x00, 0x00, 0xb4, 0x01, 0x00, 0x00, 0xa6, 0x01, 0x00, 0x00, 0x3d, 0x00, 0x04, 0x00, // ............=...
	0x07, 0x00, 0x00, 0x00, 0xc1, 0x07, 0x00, 0x00, 0xc0, 0x07, 0x00, 0x00, 0x85, 0x00, 0x05, 0x00, // ................
	0x07, 0x00, 0x00, 0x00, 0xc2, 0x07, 0x00, 0x00, 0x59, 0x0f, 0x00, 0x00, 0xc1, 0x07, 0x00, 0x00, // ........Y.......
	0x85, 0x00, 0x05, 0x00, 0x07, 0x00, 0x00, 0x00, 0xc4, 0x07, 0x00, 0x00, 0xc2, 0x07, 0x00, 0x00, // ................
	0x8e, 0x0e, 0x00, 0x00, 0x85, 0x00, 0x05, 0x00, 0x07, 0x00, 0x00, 0x00, 0xc5, 0x07, 0x00, 0x00, // ................
	0xc4, 0x07, 0x00, 0x00, 0x23, 0x01, 0x00, 0x00, 0x85, 0x00, 0x05, 0x00, 0x07, 0x00, 0x00, 0x00, // ....#...........
	0xca, 0x07, 0x00, 0x00, 0xbe, 0x07, 0x00, 0x00, 0xc1, 0x07, 0x00, 0x00, 0x85, 0x00, 0x05, 0x00, // ................
	0x07, 0x00, 0x00, 0x00, 0xcb, 0x07, 0x00, 0x00, 0xca, 0x07, 0x00, 0x00, 0x02, 0x01, 0x00, 0x00, // ................
	0x0c, 0x00, 0x07, 0x00, 0x07, 0x00, 0x00, 0x00, 0xcc, 0x07, 0x00, 0x00, 0x01, 0x00, 0x00, 0x00, // ................
	0x28, 0x00, 0x00, 0x00, 0xc5, 0x07, 0x00, 0x00, 0xcb, 0x07, 0x00, 0x00, 0x0c, 0x00, 0x08, 0x00, // (...............
	0x07, 0x00, 0x00, 0x00, 0xcd, 0x07, 0x00, 0x00, 0x01, 0x00, 0x00, 0x00, 0x2b, 0x00, 0x00, 0x00, // ............+...
	0xcc, 0x07, 0x00, 0x00, 0xc9, 0x00, 0x00, 0x00, 0xc8, 0x00, 0x00, 0x00, 0x85, 0x00, 0x05, 0x00, // ................
	0x1a, 0x00, 0x00, 0x00, 0xd2, 0x07, 0x00, 0x00, 0x85, 0x0c, 0x00, 0x00, 0x93, 0x0c, 0x00, 0x00, // ................
	0x8e, 0x00, 0x05, 0x00, 0x1a, 0x00, 0x00, 0x00, 0xd3, 0x07, 0x00, 0x00, 0xd2, 0x07, 0x00, 0x00, // ................
	0xf3, 0x04, 0x00, 0x00, 0x81, 0x00, 0x05, 0x00, 0x1a, 0x00, 0x00, 0x00, 0xd5, 0x07, 0x00, 0x00, // ................
	0xd3, 0x07, 0x00, 0x00, 0x25, 0x0e, 0x00, 0x00, 0x81, 0x00, 0x05, 0x00, 0x1a, 0x00, 0x00, 0x00, // ....%...........
	0xd8, 0x07, 0x00, 0x00, 0x5b, 0x0f, 0x00, 0x00, 0x41, 0x06, 0x00, 0x00, 0x50, 0x00, 0x06, 0x00, // ....[...A...P...
	0x1a, 0x00, 0x00, 0x00, 0xda, 0x07, 0x00, 0x00, 0x52, 0x07, 0x00, 0x00, 0x52, 0x07, 0x00, 0x00, // ........R...R...
	0x52, 0x07, 0x00, 0x00, 0x0c, 0x00, 0x08, 0x00, 0x1a, 0x00, 0x00, 0x00, 0x94, 0x0e, 0x00, 0x00, // R...............
	0x01, 0x00, 0x00, 0x00, 0x2e, 0x00, 0x00, 0x00, 0xd5, 0x07, 0x00, 0x00, 0xd8, 0x07, 0x00, 0x00, // ................
	0xda, 0x07, 0x00, 0x00, 0x50, 0x00, 0x06, 0x00, 0x1a, 0x00, 0x00, 0x00, 0xdd, 0x07, 0x00, 0x00, // ....P...........
	0xcd, 0x07, 0x00, 0x00, 0xcd, 0x07, 0x00, 0x00, 0xcd, 0x07, 0x00, 0x00, 0x0c, 0x00, 0x08, 0x00, // ................
	0x1a, 0x00, 0x00, 0x00, 0x9a, 0x0e, 0x00, 0x00, 0x01, 0x00, 0x00, 0x00, 0x2e, 0x00, 0x00, 0x00, // ................
	0x94, 0x0e, 0x00, 0x00, 0x2f, 0x0e, 0x00, 0x00, 0xdd, 0x07, 0x00, 0x00, 0x0c, 0x00, 0x08, 0x00, // ..../...........
	0x07, 0x00, 0x00, 0x00, 0xe4, 0x07, 0x00, 0x00, 0x01, 0x00, 0x00, 0x00, 0x31, 0x00, 0x00, 0x00, // ............1...
	0x44, 0x04, 0x00, 0x00, 0x0c, 0x05, 0x00, 0x00, 0x4f, 0x07, 0x00, 0x00, 0x0c, 0x00, 0x08, 0x00, // D.......O.......
	0x07, 0x00, 0x00, 0x00, 0xe6, 0x07, 0x00, 0x00, 0x01, 0x00, 0x00, 0x00, 0x31, 0x00, 0x00, 0x00, // ............1...
	0x0f, 0x05, 0x00, 0x00, 0x10, 0x05, 0x00, 0x00, 0x19, 0x06, 0x00, 0x00, 0x85, 0x00, 0x05, 0x00, // ................
	0x07, 0x00, 0x00, 0x00, 0xe7, 0x07, 0x00, 0x00, 0xe4, 0x07, 0x00, 0x00, 0xe6, 0x07, 0x00, 0x00, // ................
	0x41, 0x00, 0x05, 0x00, 0xbf, 0x01, 0x00, 0x00, 0xe8, 0x07, 0x00, 0x00, 0xf6, 0x00, 0x00, 0x00, // A...............
	0x28, 0x04, 0x00, 0x00, 0x3d, 0x00, 0x04, 0x00, 0x0d, 0x00, 0x00, 0x00, 0xe9, 0x07, 0x00, 0x00, // (...=...........
	0xe8, 0x07, 0x00, 0x00, 0x4f, 0x00, 0x08, 0x00, 0x1a, 0x00, 0x00, 0x00, 0xea, 0x07, 0x00, 0x00, // ....O...........
	0xe9, 0x07, 0x00, 0x00, 0xe9, 0x07, 0x00, 0x00, 0x00, 0x00, 0x00, 0x00, 0x01, 0x00, 0x00, 0x00, // ................
	0x02, 0x00, 0x00, 0x00, 0x41, 0x00, 0x05, 0x00, 0xbf, 0x01, 0x00, 0x00, 0xeb, 0x07, 0x00, 0x00, // ....A...........
	0xf6, 0x00, 0x00, 0x00, 0x29, 0x04, 0x00, 0x00, 0x3d, 0x00, 0x04, 0x00, 0x0d, 0x00, 0x00, 0x00, // ....)...=.......
	0xec, 0x07, 0x00, 0x00, 0xeb, 0x07, 0x00, 0x00, 0x4f, 0x00, 0x08, 0x00, 0x1a, 0x00, 0x00, 0x00, // ........O.......
	0xed, 0x07, 0x00, 0x00, 0xec, 0x07, 0x00, 0x00, 0xec, 0x07, 0x00, 0x00, 0x00, 0x00, 0x00, 0x00, // ................
	0x01, 0x00, 0x00, 0x00, 0x02, 0x00, 0x00, 0x00, 0x0c, 0x00, 0x08, 0x00, 0x1a, 0x00, 0x00, 0x00, // ................
	0xa0, 0x0e, 0x00, 0x00, 0x01, 0x00, 0x00, 0x00, 0x2e, 0x00, 0x00, 0x00, 0xea, 0x07, 0x00, 0x00, // ................
	0xed, 0x07, 0x00, 0x00, 0x16, 0x05, 0x00, 0x00, 0x41, 0x00, 0x06, 0x00, 0xf8, 0x00, 0x00, 0x00, // ........A.......
	0xef, 0x07, 0x00, 0x00, 0xf6, 0x00, 0x00, 0x00, 0x29, 0x04, 0x00, 0x00, 0xc9, 0x01, 0x00, 0x00, // ........).......
	0x3d, 0x00, 0x04, 0x00, 0x07, 0x00, 0x00, 0x00, 0xf0, 0x07, 0x00, 0x00, 0xef, 0x07, 0x00, 0x00, // =...............
	0x0c, 0x00, 0x08, 0x00, 0x07, 0x00, 0x00, 0x00, 0xf1, 0x07, 0x00, 0x00, 0x01, 0x00, 0x00, 0x00, // ................
	0x2b, 0x00, 0x00, 0x00, 0xf0, 0x07, 0x00, 0x00, 0xc9, 0x00, 0x00, 0x00, 0x23, 0x05, 0x00, 0x00, // +...........#...
	0x8e, 0x00, 0x05, 0x00, 0x1a, 0x00, 0x00, 0x00, 0xf2, 0x07, 0x00, 0x00, 0xa0, 0x0e, 0x00, 0x00, // ................
	0xf1, 0x07, 0x00, 0x00, 0x85, 0x00, 0x05, 0x00, 0x07, 0x00, 0x00, 0x00, 0xf4, 0x07, 0x00, 0x00, // ................
	0xe7, 0x07, 0x00, 0x00, 0xb8, 0x04, 0x00, 0x00, 0x50, 0x00, 0x06, 0x00, 0x1a, 0x00, 0x00, 0x00, // ........P.......
	0xf5, 0x07, 0x00, 0x00, 0xf4, 0x07, 0x00, 0x00, 0xf4, 0x07, 0x00, 0x00, 0xf4, 0x07, 0x00, 0x00, // ................
	0x0c, 0x00, 0x08, 0x00, 0x1a, 0x00, 0x00, 0x00, 0xa6, 0x0e, 0x00, 0x00, 0x01, 0x00, 0x00, 0x00, // ................
	0x2e, 0x00, 0x00, 0x00, 0x9a, 0x0e, 0x00, 0x00, 0xf2, 0x07, 0x00, 0x00, 0xf5, 0x07, 0x00, 0x00, // ................
	0x51, 0x00, 0x05, 0x00, 0x07, 0x00, 0x00, 0x00, 0xfa, 0x07, 0x00, 0x00, 0xa6, 0x0e, 0x00, 0x00, // Q...............
	0x00, 0x00, 0x00, 0x00, 0x51, 0x00, 0x05, 0x00, 0x07, 0x00, 0x00, 0x00, 0xfb, 0x07, 0x00, 0x00, // ....Q...........
	0xa6, 0x0e, 0x00, 0x00, 0x01, 0x00, 0x00, 0x00, 0x51, 0x00, 0x05, 0x00, 0x07, 0x00, 0x00, 0x00, // ........Q.......
	0xfc, 0x07, 0x00, 0x00, 0xa6, 0x0e, 0x00, 0x00, 0x02, 0x00, 0x00, 0x00, 0x50, 0x00, 0x07, 0x00, // ............P...
	0x0d, 0x00, 0x00, 0x00, 0xfd, 0x07, 0x00, 0x00, 0xfa, 0x07, 0x00, 0x00, 0xfb, 0x07, 0x00, 0x00, // ................
	0xfc, 0x07, 0x00, 0x00, 0xc8, 0x00, 0x00, 0x00, 0x3e, 0x00, 0x03, 0x00, 0x5a, 0x05, 0x00, 0x00, // ........>...Z...
	0xfd, 0x07, 0x00, 0x00, 0xfd, 0x00, 0x01, 0x00, 0x38, 0x00, 0x01, 0x00, 0x00, 0x00, 0xa0, 0x01, // ........8.......
};
